ISO-10303-21;
HEADER;
FILE_DESCRIPTION(('Open CASCADE Model'),'2;1');
FILE_NAME('Open CASCADE Shape Model','2026-09-22T02:43:58',('Author'),(
    'Open CASCADE'),'Open CASCADE STEP processor 7.9','Open CASCADE 7.9'
  ,'Unknown');
FILE_SCHEMA(('AUTOMOTIVE_DESIGN { 1 0 10303 214 1 1 1 1 }'));
ENDSEC;
DATA;
#1 = APPLICATION_PROTOCOL_DEFINITION('international standard',
  'automotive_design',2000,#2);
#2 = APPLICATION_CONTEXT(
  'core data for automotive mechanical design processes');
#3 = SHAPE_DEFINITION_REPRESENTATION(#4,#10);
#4 = PRODUCT_DEFINITION_SHAPE('','',#5);
#5 = PRODUCT_DEFINITION('design','',#6,#9);
#6 = PRODUCT_DEFINITION_FORMATION('','',#7);
#7 = PRODUCT('Open CASCADE STEP translator 7.9 2',
  'Open CASCADE STEP translator 7.9 2','',(#8));
#8 = PRODUCT_CONTEXT('',#2,'mechanical');
#9 = PRODUCT_DEFINITION_CONTEXT('part definition',#2,'design');
#10 = ADVANCED_BREP_SHAPE_REPRESENTATION('',(#11,#15),#11637);
#11 = AXIS2_PLACEMENT_3D('',#12,#13,#14);
#12 = CARTESIAN_POINT('',(0.,0.,0.));
#13 = DIRECTION('',(0.,0.,1.));
#14 = DIRECTION('',(1.,0.,-0.));
#15 = MANIFOLD_SOLID_BREP('',#16);
#16 = CLOSED_SHELL('',(#17,#137,#218,#317,#4188,#4237,#4269,#4327,#4376,
    #4412,#4488,#4538,#4587,#4636,#4685,#4734,#4788,#4837,#4886,#4936,
    #4985,#5034,#5083,#5132,#5186,#5213,#5282,#5336,#5390,#5415,#5484,
    #5538,#5592,#5617,#5686,#5740,#5794,#5819,#5888,#5942,#5996,#6021,
    #6090,#6144,#6198,#6223,#6292,#6346,#6400,#6425,#6494,#6548,#6602,
    #6627,#6696,#6750,#6804,#6829,#6898,#6952,#7006,#7031,#7100,#7154,
    #7208,#7233,#7302,#7356,#7410,#7435,#7504,#7558,#7612,#7637,#7706,
    #7760,#7814,#7839,#7908,#7962,#8016,#8041,#8110,#8164,#8218,#8243,
    #8312,#8366,#8420,#8445,#8514,#8568,#8622,#8647,#8716,#8770,#8824,
    #8849,#8918,#8972,#9026,#9051,#9120,#9174,#9228,#9253,#9322,#9376,
    #9430,#9455,#9524,#9578,#9632,#9657,#9726,#9780,#9834,#9859,#9928,
    #9982,#10036,#10061,#10130,#10184,#10238,#10263,#10332,#10386,#10440
    ,#10465,#10534,#10588,#10642,#10667,#10736,#10790,#10837,#10869,
    #10876,#11177,#11253,#11307,#11361,#11393,#11487,#11545,#11603,
    #11630));
#17 = ADVANCED_FACE('',(#18),#32,.T.);
#18 = FACE_BOUND('',#19,.T.);
#19 = EDGE_LOOP('',(#20,#55,#83,#111));
#20 = ORIENTED_EDGE('',*,*,#21,.F.);
#21 = EDGE_CURVE('',#22,#24,#26,.T.);
#22 = VERTEX_POINT('',#23);
#23 = CARTESIAN_POINT('',(-15.,-15.,-1.5));
#24 = VERTEX_POINT('',#25);
#25 = CARTESIAN_POINT('',(-15.,-15.,-1.49875));
#26 = SURFACE_CURVE('',#27,(#31,#43),.PCURVE_S1.);
#27 = LINE('',#28,#29);
#28 = CARTESIAN_POINT('',(-15.,-15.,-1.5));
#29 = VECTOR('',#30,1.);
#30 = DIRECTION('',(0.,0.,1.));
#31 = PCURVE('',#32,#37);
#32 = PLANE('',#33);
#33 = AXIS2_PLACEMENT_3D('',#34,#35,#36);
#34 = CARTESIAN_POINT('',(-15.,-15.,-1.5));
#35 = DIRECTION('',(1.,0.,0.));
#36 = DIRECTION('',(0.,0.,1.));
#37 = DEFINITIONAL_REPRESENTATION('',(#38),#42);
#38 = LINE('',#39,#40);
#39 = CARTESIAN_POINT('',(0.,0.));
#40 = VECTOR('',#41,1.);
#41 = DIRECTION('',(1.,0.));
#42 = ( GEOMETRIC_REPRESENTATION_CONTEXT(2) 
PARAMETRIC_REPRESENTATION_CONTEXT() REPRESENTATION_CONTEXT('2D SPACE',''
  ) );
#43 = PCURVE('',#44,#49);
#44 = PLANE('',#45);
#45 = AXIS2_PLACEMENT_3D('',#46,#47,#48);
#46 = CARTESIAN_POINT('',(-15.,-15.,-1.5));
#47 = DIRECTION('',(0.,1.,0.));
#48 = DIRECTION('',(0.,0.,1.));
#49 = DEFINITIONAL_REPRESENTATION('',(#50),#54);
#50 = LINE('',#51,#52);
#51 = CARTESIAN_POINT('',(0.,0.));
#52 = VECTOR('',#53,1.);
#53 = DIRECTION('',(1.,0.));
#54 = ( GEOMETRIC_REPRESENTATION_CONTEXT(2) 
PARAMETRIC_REPRESENTATION_CONTEXT() REPRESENTATION_CONTEXT('2D SPACE',''
  ) );
#55 = ORIENTED_EDGE('',*,*,#56,.T.);
#56 = EDGE_CURVE('',#22,#57,#59,.T.);
#57 = VERTEX_POINT('',#58);
#58 = CARTESIAN_POINT('',(-15.,15.,-1.5));
#59 = SURFACE_CURVE('',#60,(#64,#71),.PCURVE_S1.);
#60 = LINE('',#61,#62);
#61 = CARTESIAN_POINT('',(-15.,-15.,-1.5));
#62 = VECTOR('',#63,1.);
#63 = DIRECTION('',(0.,1.,0.));
#64 = PCURVE('',#32,#65);
#65 = DEFINITIONAL_REPRESENTATION('',(#66),#70);
#66 = LINE('',#67,#68);
#67 = CARTESIAN_POINT('',(0.,0.));
#68 = VECTOR('',#69,1.);
#69 = DIRECTION('',(0.,-1.));
#70 = ( GEOMETRIC_REPRESENTATION_CONTEXT(2) 
PARAMETRIC_REPRESENTATION_CONTEXT() REPRESENTATION_CONTEXT('2D SPACE',''
  ) );
#71 = PCURVE('',#72,#77);
#72 = PLANE('',#73);
#73 = AXIS2_PLACEMENT_3D('',#74,#75,#76);
#74 = CARTESIAN_POINT('',(-75.2,-15.,-1.5));
#75 = DIRECTION('',(0.,0.,1.));
#76 = DIRECTION('',(1.,0.,0.));
#77 = DEFINITIONAL_REPRESENTATION('',(#78),#82);
#78 = LINE('',#79,#80);
#79 = CARTESIAN_POINT('',(60.2,0.));
#80 = VECTOR('',#81,1.);
#81 = DIRECTION('',(0.,1.));
#82 = ( GEOMETRIC_REPRESENTATION_CONTEXT(2) 
PARAMETRIC_REPRESENTATION_CONTEXT() REPRESENTATION_CONTEXT('2D SPACE',''
  ) );
#83 = ORIENTED_EDGE('',*,*,#84,.T.);
#84 = EDGE_CURVE('',#57,#85,#87,.T.);
#85 = VERTEX_POINT('',#86);
#86 = CARTESIAN_POINT('',(-15.,15.,-1.49875));
#87 = SURFACE_CURVE('',#88,(#92,#99),.PCURVE_S1.);
#88 = LINE('',#89,#90);
#89 = CARTESIAN_POINT('',(-15.,15.,-1.5));
#90 = VECTOR('',#91,1.);
#91 = DIRECTION('',(0.,0.,1.));
#92 = PCURVE('',#32,#93);
#93 = DEFINITIONAL_REPRESENTATION('',(#94),#98);
#94 = LINE('',#95,#96);
#95 = CARTESIAN_POINT('',(0.,-30.));
#96 = VECTOR('',#97,1.);
#97 = DIRECTION('',(1.,0.));
#98 = ( GEOMETRIC_REPRESENTATION_CONTEXT(2) 
PARAMETRIC_REPRESENTATION_CONTEXT() REPRESENTATION_CONTEXT('2D SPACE',''
  ) );
#99 = PCURVE('',#100,#105);
#100 = PLANE('',#101);
#101 = AXIS2_PLACEMENT_3D('',#102,#103,#104);
#102 = CARTESIAN_POINT('',(-15.,15.,-1.5));
#103 = DIRECTION('',(0.,1.,0.));
#104 = DIRECTION('',(0.,0.,1.));
#105 = DEFINITIONAL_REPRESENTATION('',(#106),#110);
#106 = LINE('',#107,#108);
#107 = CARTESIAN_POINT('',(0.,0.));
#108 = VECTOR('',#109,1.);
#109 = DIRECTION('',(1.,0.));
#110 = ( GEOMETRIC_REPRESENTATION_CONTEXT(2) 
PARAMETRIC_REPRESENTATION_CONTEXT() REPRESENTATION_CONTEXT('2D SPACE',''
  ) );
#111 = ORIENTED_EDGE('',*,*,#112,.F.);
#112 = EDGE_CURVE('',#24,#85,#113,.T.);
#113 = SURFACE_CURVE('',#114,(#118,#125),.PCURVE_S1.);
#114 = LINE('',#115,#116);
#115 = CARTESIAN_POINT('',(-15.,-15.,-1.49875));
#116 = VECTOR('',#117,1.);
#117 = DIRECTION('',(0.,1.,0.));
#118 = PCURVE('',#32,#119);
#119 = DEFINITIONAL_REPRESENTATION('',(#120),#124);
#120 = LINE('',#121,#122);
#121 = CARTESIAN_POINT('',(1.25E-03,0.));
#122 = VECTOR('',#123,1.);
#123 = DIRECTION('',(0.,-1.));
#124 = ( GEOMETRIC_REPRESENTATION_CONTEXT(2) 
PARAMETRIC_REPRESENTATION_CONTEXT() REPRESENTATION_CONTEXT('2D SPACE',''
  ) );
#125 = PCURVE('',#126,#131);
#126 = CYLINDRICAL_SURFACE('',#127,0.24875);
#127 = AXIS2_PLACEMENT_3D('',#128,#129,#130);
#128 = CARTESIAN_POINT('',(-14.75125,-15.,-1.49875));
#129 = DIRECTION('',(0.,1.,0.));
#130 = DIRECTION('',(-1.,0.,0.));
#131 = DEFINITIONAL_REPRESENTATION('',(#132),#136);
#132 = LINE('',#133,#134);
#133 = CARTESIAN_POINT('',(0.,0.));
#134 = VECTOR('',#135,1.);
#135 = DIRECTION('',(0.,1.));
#136 = ( GEOMETRIC_REPRESENTATION_CONTEXT(2) 
PARAMETRIC_REPRESENTATION_CONTEXT() REPRESENTATION_CONTEXT('2D SPACE',''
  ) );
#137 = ADVANCED_FACE('',(#138),#44,.T.);
#138 = FACE_BOUND('',#139,.T.);
#139 = EDGE_LOOP('',(#140,#170,#191,#192));
#140 = ORIENTED_EDGE('',*,*,#141,.F.);
#141 = EDGE_CURVE('',#142,#144,#146,.T.);
#142 = VERTEX_POINT('',#143);
#143 = CARTESIAN_POINT('',(15.,-15.,-1.5));
#144 = VERTEX_POINT('',#145);
#145 = CARTESIAN_POINT('',(15.,-15.,-1.49875));
#146 = SURFACE_CURVE('',#147,(#151,#158),.PCURVE_S1.);
#147 = LINE('',#148,#149);
#148 = CARTESIAN_POINT('',(15.,-15.,-1.5));
#149 = VECTOR('',#150,1.);
#150 = DIRECTION('',(0.,0.,1.));
#151 = PCURVE('',#44,#152);
#152 = DEFINITIONAL_REPRESENTATION('',(#153),#157);
#153 = LINE('',#154,#155);
#154 = CARTESIAN_POINT('',(0.,30.));
#155 = VECTOR('',#156,1.);
#156 = DIRECTION('',(1.,0.));
#157 = ( GEOMETRIC_REPRESENTATION_CONTEXT(2) 
PARAMETRIC_REPRESENTATION_CONTEXT() REPRESENTATION_CONTEXT('2D SPACE',''
  ) );
#158 = PCURVE('',#159,#164);
#159 = PLANE('',#160);
#160 = AXIS2_PLACEMENT_3D('',#161,#162,#163);
#161 = CARTESIAN_POINT('',(15.,-15.,-1.5));
#162 = DIRECTION('',(1.,0.,0.));
#163 = DIRECTION('',(0.,0.,1.));
#164 = DEFINITIONAL_REPRESENTATION('',(#165),#169);
#165 = LINE('',#166,#167);
#166 = CARTESIAN_POINT('',(0.,0.));
#167 = VECTOR('',#168,1.);
#168 = DIRECTION('',(1.,0.));
#169 = ( GEOMETRIC_REPRESENTATION_CONTEXT(2) 
PARAMETRIC_REPRESENTATION_CONTEXT() REPRESENTATION_CONTEXT('2D SPACE',''
  ) );
#170 = ORIENTED_EDGE('',*,*,#171,.F.);
#171 = EDGE_CURVE('',#22,#142,#172,.T.);
#172 = SURFACE_CURVE('',#173,(#177,#184),.PCURVE_S1.);
#173 = LINE('',#174,#175);
#174 = CARTESIAN_POINT('',(-15.,-15.,-1.5));
#175 = VECTOR('',#176,1.);
#176 = DIRECTION('',(1.,0.,0.));
#177 = PCURVE('',#44,#178);
#178 = DEFINITIONAL_REPRESENTATION('',(#179),#183);
#179 = LINE('',#180,#181);
#180 = CARTESIAN_POINT('',(0.,0.));
#181 = VECTOR('',#182,1.);
#182 = DIRECTION('',(0.,1.));
#183 = ( GEOMETRIC_REPRESENTATION_CONTEXT(2) 
PARAMETRIC_REPRESENTATION_CONTEXT() REPRESENTATION_CONTEXT('2D SPACE',''
  ) );
#184 = PCURVE('',#72,#185);
#185 = DEFINITIONAL_REPRESENTATION('',(#186),#190);
#186 = LINE('',#187,#188);
#187 = CARTESIAN_POINT('',(60.2,0.));
#188 = VECTOR('',#189,1.);
#189 = DIRECTION('',(1.,0.));
#190 = ( GEOMETRIC_REPRESENTATION_CONTEXT(2) 
PARAMETRIC_REPRESENTATION_CONTEXT() REPRESENTATION_CONTEXT('2D SPACE',''
  ) );
#191 = ORIENTED_EDGE('',*,*,#21,.T.);
#192 = ORIENTED_EDGE('',*,*,#193,.T.);
#193 = EDGE_CURVE('',#24,#144,#194,.T.);
#194 = SURFACE_CURVE('',#195,(#199,#206),.PCURVE_S1.);
#195 = LINE('',#196,#197);
#196 = CARTESIAN_POINT('',(-15.,-15.,-1.49875));
#197 = VECTOR('',#198,1.);
#198 = DIRECTION('',(1.,0.,0.));
#199 = PCURVE('',#44,#200);
#200 = DEFINITIONAL_REPRESENTATION('',(#201),#205);
#201 = LINE('',#202,#203);
#202 = CARTESIAN_POINT('',(1.25E-03,0.));
#203 = VECTOR('',#204,1.);
#204 = DIRECTION('',(0.,1.));
#205 = ( GEOMETRIC_REPRESENTATION_CONTEXT(2) 
PARAMETRIC_REPRESENTATION_CONTEXT() REPRESENTATION_CONTEXT('2D SPACE',''
  ) );
#206 = PCURVE('',#207,#212);
#207 = CYLINDRICAL_SURFACE('',#208,0.24875);
#208 = AXIS2_PLACEMENT_3D('',#209,#210,#211);
#209 = CARTESIAN_POINT('',(-15.,-14.75125,-1.49875));
#210 = DIRECTION('',(1.,0.,0.));
#211 = DIRECTION('',(0.,-1.,0.));
#212 = DEFINITIONAL_REPRESENTATION('',(#213),#217);
#213 = LINE('',#214,#215);
#214 = CARTESIAN_POINT('',(-0.,0.));
#215 = VECTOR('',#216,1.);
#216 = DIRECTION('',(-0.,1.));
#217 = ( GEOMETRIC_REPRESENTATION_CONTEXT(2) 
PARAMETRIC_REPRESENTATION_CONTEXT() REPRESENTATION_CONTEXT('2D SPACE',''
  ) );
#218 = ADVANCED_FACE('',(#219),#126,.F.);
#219 = FACE_BOUND('',#220,.F.);
#220 = EDGE_LOOP('',(#221,#253,#281,#316));
#221 = ORIENTED_EDGE('',*,*,#222,.T.);
#222 = EDGE_CURVE('',#24,#223,#225,.T.);
#223 = VERTEX_POINT('',#224);
#224 = CARTESIAN_POINT('',(-14.75125,-14.75125,-1.25));
#225 = SURFACE_CURVE('',#226,(#231,#242),.PCURVE_S1.);
#226 = ELLIPSE('',#227,0.35178562364,0.24875);
#227 = AXIS2_PLACEMENT_3D('',#228,#229,#230);
#228 = CARTESIAN_POINT('',(-14.75125,-14.75125,-1.49875));
#229 = DIRECTION('',(-0.707106781187,0.707106781187,0.));
#230 = DIRECTION('',(0.707106781187,0.707106781187,0.));
#231 = PCURVE('',#126,#232);
#232 = DEFINITIONAL_REPRESENTATION('',(#233),#241);
#233 = B_SPLINE_CURVE_WITH_KNOTS('',6,(#234,#235,#236,#237,#238,#239,
    #240),.UNSPECIFIED.,.F.,.F.,(7,7),(3.14159265359,4.712388980385),
  .PIECEWISE_BEZIER_KNOTS.);
#234 = CARTESIAN_POINT('',(0.,-2.775557561563E-17));
#235 = CARTESIAN_POINT('',(0.261799387799,8.201439527511E-17));
#236 = CARTESIAN_POINT('',(0.523597529291,2.045406154084E-02));
#237 = CARTESIAN_POINT('',(0.785398384096,6.139464863821E-02));
#238 = CARTESIAN_POINT('',(1.047198560361,0.118509701702));
#239 = CARTESIAN_POINT('',(1.308996938996,0.183627402285));
#240 = CARTESIAN_POINT('',(1.570796326795,0.24875));
#241 = ( GEOMETRIC_REPRESENTATION_CONTEXT(2) 
PARAMETRIC_REPRESENTATION_CONTEXT() REPRESENTATION_CONTEXT('2D SPACE',''
  ) );
#242 = PCURVE('',#207,#243);
#243 = DEFINITIONAL_REPRESENTATION('',(#244),#252);
#244 = B_SPLINE_CURVE_WITH_KNOTS('',6,(#245,#246,#247,#248,#249,#250,
    #251),.UNSPECIFIED.,.F.,.F.,(7,7),(3.14159265359,4.712388980385),
  .PIECEWISE_BEZIER_KNOTS.);
#245 = CARTESIAN_POINT('',(0.,-2.775557561563E-17));
#246 = CARTESIAN_POINT('',(-0.261799387799,8.201439527511E-17));
#247 = CARTESIAN_POINT('',(-0.523597529291,2.045406154084E-02));
#248 = CARTESIAN_POINT('',(-0.785398384096,6.139464863821E-02));
#249 = CARTESIAN_POINT('',(-1.047198560361,0.118509701702));
#250 = CARTESIAN_POINT('',(-1.308996938996,0.183627402285));
#251 = CARTESIAN_POINT('',(-1.570796326795,0.24875));
#252 = ( GEOMETRIC_REPRESENTATION_CONTEXT(2) 
PARAMETRIC_REPRESENTATION_CONTEXT() REPRESENTATION_CONTEXT('2D SPACE',''
  ) );
#253 = ORIENTED_EDGE('',*,*,#254,.T.);
#254 = EDGE_CURVE('',#223,#255,#257,.T.);
#255 = VERTEX_POINT('',#256);
#256 = CARTESIAN_POINT('',(-14.75125,14.75125,-1.25));
#257 = SURFACE_CURVE('',#258,(#262,#269),.PCURVE_S1.);
#258 = LINE('',#259,#260);
#259 = CARTESIAN_POINT('',(-14.75125,-15.,-1.25));
#260 = VECTOR('',#261,1.);
#261 = DIRECTION('',(0.,1.,0.));
#262 = PCURVE('',#126,#263);
#263 = DEFINITIONAL_REPRESENTATION('',(#264),#268);
#264 = LINE('',#265,#266);
#265 = CARTESIAN_POINT('',(1.570796326795,0.));
#266 = VECTOR('',#267,1.);
#267 = DIRECTION('',(0.,1.));
#268 = ( GEOMETRIC_REPRESENTATION_CONTEXT(2) 
PARAMETRIC_REPRESENTATION_CONTEXT() REPRESENTATION_CONTEXT('2D SPACE',''
  ) );
#269 = PCURVE('',#270,#275);
#270 = PLANE('',#271);
#271 = AXIS2_PLACEMENT_3D('',#272,#273,#274);
#272 = CARTESIAN_POINT('',(-15.,-15.,-1.25));
#273 = DIRECTION('',(0.,0.,1.));
#274 = DIRECTION('',(1.,0.,0.));
#275 = DEFINITIONAL_REPRESENTATION('',(#276),#280);
#276 = LINE('',#277,#278);
#277 = CARTESIAN_POINT('',(0.24875,0.));
#278 = VECTOR('',#279,1.);
#279 = DIRECTION('',(0.,1.));
#280 = ( GEOMETRIC_REPRESENTATION_CONTEXT(2) 
PARAMETRIC_REPRESENTATION_CONTEXT() REPRESENTATION_CONTEXT('2D SPACE',''
  ) );
#281 = ORIENTED_EDGE('',*,*,#282,.F.);
#282 = EDGE_CURVE('',#85,#255,#283,.T.);
#283 = SURFACE_CURVE('',#284,(#289,#300),.PCURVE_S1.);
#284 = ELLIPSE('',#285,0.35178562364,0.24875);
#285 = AXIS2_PLACEMENT_3D('',#286,#287,#288);
#286 = CARTESIAN_POINT('',(-14.75125,14.75125,-1.49875));
#287 = DIRECTION('',(0.707106781187,0.707106781187,0.));
#288 = DIRECTION('',(-0.707106781187,0.707106781187,0.));
#289 = PCURVE('',#126,#290);
#290 = DEFINITIONAL_REPRESENTATION('',(#291),#299);
#291 = B_SPLINE_CURVE_WITH_KNOTS('',6,(#292,#293,#294,#295,#296,#297,
    #298),.UNSPECIFIED.,.F.,.F.,(7,7),(0.,1.570796326795),
  .PIECEWISE_BEZIER_KNOTS.);
#292 = CARTESIAN_POINT('',(0.,30.));
#293 = CARTESIAN_POINT('',(0.261799387799,30.));
#294 = CARTESIAN_POINT('',(0.523597529292,29.979545938459));
#295 = CARTESIAN_POINT('',(0.785398384093,29.938605351361));
#296 = CARTESIAN_POINT('',(1.047198560362,29.881490298299));
#297 = CARTESIAN_POINT('',(1.308996938996,29.816372597715));
#298 = CARTESIAN_POINT('',(1.570796326795,29.75125));
#299 = ( GEOMETRIC_REPRESENTATION_CONTEXT(2) 
PARAMETRIC_REPRESENTATION_CONTEXT() REPRESENTATION_CONTEXT('2D SPACE',''
  ) );
#300 = PCURVE('',#301,#306);
#301 = CYLINDRICAL_SURFACE('',#302,0.24875);
#302 = AXIS2_PLACEMENT_3D('',#303,#304,#305);
#303 = CARTESIAN_POINT('',(-15.,14.75125,-1.49875));
#304 = DIRECTION('',(1.,0.,0.));
#305 = DIRECTION('',(-0.,1.,0.));
#306 = DEFINITIONAL_REPRESENTATION('',(#307),#315);
#307 = B_SPLINE_CURVE_WITH_KNOTS('',6,(#308,#309,#310,#311,#312,#313,
    #314),.UNSPECIFIED.,.F.,.F.,(7,7),(0.,1.570796326795),
  .PIECEWISE_BEZIER_KNOTS.);
#308 = CARTESIAN_POINT('',(0.,-2.775557561563E-17));
#309 = CARTESIAN_POINT('',(0.261799387799,2.417266387056E-16));
#310 = CARTESIAN_POINT('',(0.523597529291,2.045406154084E-02));
#311 = CARTESIAN_POINT('',(0.785398384096,6.13946486382E-02));
#312 = CARTESIAN_POINT('',(1.047198560361,0.118509701702));
#313 = CARTESIAN_POINT('',(1.308996938996,0.183627402285));
#314 = CARTESIAN_POINT('',(1.570796326795,0.24875));
#315 = ( GEOMETRIC_REPRESENTATION_CONTEXT(2) 
PARAMETRIC_REPRESENTATION_CONTEXT() REPRESENTATION_CONTEXT('2D SPACE',''
  ) );
#316 = ORIENTED_EDGE('',*,*,#112,.F.);
#317 = ADVANCED_FACE('',(#318,#780,#900,#1020,#1140,#1260,#1380,#1500,
    #1620,#1740,#1860,#1980,#2100,#2220,#2340,#2460,#2580,#2700,#2820,
    #2940,#3060,#3180,#3228,#3348,#3468,#3588,#3708,#3828,#3948,#4068),
  #72,.F.);
#318 = FACE_BOUND('',#319,.F.);
#319 = EDGE_LOOP('',(#320,#350,#378,#406,#439,#467,#495,#523,#556,#584,
    #612,#640,#669,#697,#725,#753));
#320 = ORIENTED_EDGE('',*,*,#321,.F.);
#321 = EDGE_CURVE('',#322,#324,#326,.T.);
#322 = VERTEX_POINT('',#323);
#323 = CARTESIAN_POINT('',(-75.2,15.,-1.5));
#324 = VERTEX_POINT('',#325);
#325 = CARTESIAN_POINT('',(-18.,15.,-1.5));
#326 = SURFACE_CURVE('',#327,(#331,#338),.PCURVE_S1.);
#327 = LINE('',#328,#329);
#328 = CARTESIAN_POINT('',(-75.2,15.,-1.5));
#329 = VECTOR('',#330,1.);
#330 = DIRECTION('',(1.,0.,0.));
#331 = PCURVE('',#72,#332);
#332 = DEFINITIONAL_REPRESENTATION('',(#333),#337);
#333 = LINE('',#334,#335);
#334 = CARTESIAN_POINT('',(0.,30.));
#335 = VECTOR('',#336,1.);
#336 = DIRECTION('',(1.,0.));
#337 = ( GEOMETRIC_REPRESENTATION_CONTEXT(2) 
PARAMETRIC_REPRESENTATION_CONTEXT() REPRESENTATION_CONTEXT('2D SPACE',''
  ) );
#338 = PCURVE('',#339,#344);
#339 = PLANE('',#340);
#340 = AXIS2_PLACEMENT_3D('',#341,#342,#343);
#341 = CARTESIAN_POINT('',(-75.2,15.,-1.5));
#342 = DIRECTION('',(0.,1.,0.));
#343 = DIRECTION('',(0.,0.,1.));
#344 = DEFINITIONAL_REPRESENTATION('',(#345),#349);
#345 = LINE('',#346,#347);
#346 = CARTESIAN_POINT('',(0.,0.));
#347 = VECTOR('',#348,1.);
#348 = DIRECTION('',(0.,1.));
#349 = ( GEOMETRIC_REPRESENTATION_CONTEXT(2) 
PARAMETRIC_REPRESENTATION_CONTEXT() REPRESENTATION_CONTEXT('2D SPACE',''
  ) );
#350 = ORIENTED_EDGE('',*,*,#351,.F.);
#351 = EDGE_CURVE('',#352,#322,#354,.T.);
#352 = VERTEX_POINT('',#353);
#353 = CARTESIAN_POINT('',(-75.2,-15.,-1.5));
#354 = SURFACE_CURVE('',#355,(#359,#366),.PCURVE_S1.);
#355 = LINE('',#356,#357);
#356 = CARTESIAN_POINT('',(-75.2,-15.,-1.5));
#357 = VECTOR('',#358,1.);
#358 = DIRECTION('',(0.,1.,0.));
#359 = PCURVE('',#72,#360);
#360 = DEFINITIONAL_REPRESENTATION('',(#361),#365);
#361 = LINE('',#362,#363);
#362 = CARTESIAN_POINT('',(0.,0.));
#363 = VECTOR('',#364,1.);
#364 = DIRECTION('',(0.,1.));
#365 = ( GEOMETRIC_REPRESENTATION_CONTEXT(2) 
PARAMETRIC_REPRESENTATION_CONTEXT() REPRESENTATION_CONTEXT('2D SPACE',''
  ) );
#366 = PCURVE('',#367,#372);
#367 = PLANE('',#368);
#368 = AXIS2_PLACEMENT_3D('',#369,#370,#371);
#369 = CARTESIAN_POINT('',(-75.2,-15.,-1.5));
#370 = DIRECTION('',(1.,0.,0.));
#371 = DIRECTION('',(0.,0.,1.));
#372 = DEFINITIONAL_REPRESENTATION('',(#373),#377);
#373 = LINE('',#374,#375);
#374 = CARTESIAN_POINT('',(0.,0.));
#375 = VECTOR('',#376,1.);
#376 = DIRECTION('',(0.,-1.));
#377 = ( GEOMETRIC_REPRESENTATION_CONTEXT(2) 
PARAMETRIC_REPRESENTATION_CONTEXT() REPRESENTATION_CONTEXT('2D SPACE',''
  ) );
#378 = ORIENTED_EDGE('',*,*,#379,.T.);
#379 = EDGE_CURVE('',#352,#380,#382,.T.);
#380 = VERTEX_POINT('',#381);
#381 = CARTESIAN_POINT('',(-18.,-15.,-1.5));
#382 = SURFACE_CURVE('',#383,(#387,#394),.PCURVE_S1.);
#383 = LINE('',#384,#385);
#384 = CARTESIAN_POINT('',(-75.2,-15.,-1.5));
#385 = VECTOR('',#386,1.);
#386 = DIRECTION('',(1.,0.,0.));
#387 = PCURVE('',#72,#388);
#388 = DEFINITIONAL_REPRESENTATION('',(#389),#393);
#389 = LINE('',#390,#391);
#390 = CARTESIAN_POINT('',(0.,0.));
#391 = VECTOR('',#392,1.);
#392 = DIRECTION('',(1.,0.));
#393 = ( GEOMETRIC_REPRESENTATION_CONTEXT(2) 
PARAMETRIC_REPRESENTATION_CONTEXT() REPRESENTATION_CONTEXT('2D SPACE',''
  ) );
#394 = PCURVE('',#395,#400);
#395 = PLANE('',#396);
#396 = AXIS2_PLACEMENT_3D('',#397,#398,#399);
#397 = CARTESIAN_POINT('',(-75.2,-15.,-1.5));
#398 = DIRECTION('',(0.,1.,0.));
#399 = DIRECTION('',(0.,0.,1.));
#400 = DEFINITIONAL_REPRESENTATION('',(#401),#405);
#401 = LINE('',#402,#403);
#402 = CARTESIAN_POINT('',(0.,0.));
#403 = VECTOR('',#404,1.);
#404 = DIRECTION('',(0.,1.));
#405 = ( GEOMETRIC_REPRESENTATION_CONTEXT(2) 
PARAMETRIC_REPRESENTATION_CONTEXT() REPRESENTATION_CONTEXT('2D SPACE',''
  ) );
#406 = ORIENTED_EDGE('',*,*,#407,.T.);
#407 = EDGE_CURVE('',#380,#408,#410,.T.);
#408 = VERTEX_POINT('',#409);
#409 = CARTESIAN_POINT('',(-15.,-18.,-1.5));
#410 = SURFACE_CURVE('',#411,(#416,#427),.PCURVE_S1.);
#411 = CIRCLE('',#412,3.);
#412 = AXIS2_PLACEMENT_3D('',#413,#414,#415);
#413 = CARTESIAN_POINT('',(-18.,-18.,-1.5));
#414 = DIRECTION('',(0.,0.,-1.));
#415 = DIRECTION('',(0.,1.,0.));
#416 = PCURVE('',#72,#417);
#417 = DEFINITIONAL_REPRESENTATION('',(#418),#426);
#418 = ( BOUNDED_CURVE() B_SPLINE_CURVE(2,(#419,#420,#421,#422,#423,#424
,#425),.UNSPECIFIED.,.T.,.F.) B_SPLINE_CURVE_WITH_KNOTS((1,2,2,2,2,1),(
    -2.094395102393,0.,2.094395102393,4.188790204786,6.28318530718,
8.377580409573),.UNSPECIFIED.) CURVE() GEOMETRIC_REPRESENTATION_ITEM() 
RATIONAL_B_SPLINE_CURVE((1.,0.5,1.,0.5,1.,0.5,1.)) REPRESENTATION_ITEM(
  '') );
#419 = CARTESIAN_POINT('',(57.2,0.));
#420 = CARTESIAN_POINT('',(62.396152422707,0.));
#421 = CARTESIAN_POINT('',(59.798076211353,-4.5));
#422 = CARTESIAN_POINT('',(57.2,-9.));
#423 = CARTESIAN_POINT('',(54.601923788647,-4.5));
#424 = CARTESIAN_POINT('',(52.003847577293,-4.440892098501E-15));
#425 = CARTESIAN_POINT('',(57.2,0.));
#426 = ( GEOMETRIC_REPRESENTATION_CONTEXT(2) 
PARAMETRIC_REPRESENTATION_CONTEXT() REPRESENTATION_CONTEXT('2D SPACE',''
  ) );
#427 = PCURVE('',#428,#433);
#428 = CYLINDRICAL_SURFACE('',#429,3.);
#429 = AXIS2_PLACEMENT_3D('',#430,#431,#432);
#430 = CARTESIAN_POINT('',(-18.,-18.,1.5));
#431 = DIRECTION('',(0.,0.,-1.));
#432 = DIRECTION('',(0.,1.,0.));
#433 = DEFINITIONAL_REPRESENTATION('',(#434),#438);
#434 = LINE('',#435,#436);
#435 = CARTESIAN_POINT('',(0.,3.));
#436 = VECTOR('',#437,1.);
#437 = DIRECTION('',(1.,0.));
#438 = ( GEOMETRIC_REPRESENTATION_CONTEXT(2) 
PARAMETRIC_REPRESENTATION_CONTEXT() REPRESENTATION_CONTEXT('2D SPACE',''
  ) );
#439 = ORIENTED_EDGE('',*,*,#440,.F.);
#440 = EDGE_CURVE('',#441,#408,#443,.T.);
#441 = VERTEX_POINT('',#442);
#442 = CARTESIAN_POINT('',(-15.,-75.2,-1.5));
#443 = SURFACE_CURVE('',#444,(#448,#455),.PCURVE_S1.);
#444 = LINE('',#445,#446);
#445 = CARTESIAN_POINT('',(-15.,-75.2,-1.5));
#446 = VECTOR('',#447,1.);
#447 = DIRECTION('',(0.,1.,0.));
#448 = PCURVE('',#72,#449);
#449 = DEFINITIONAL_REPRESENTATION('',(#450),#454);
#450 = LINE('',#451,#452);
#451 = CARTESIAN_POINT('',(60.2,-60.2));
#452 = VECTOR('',#453,1.);
#453 = DIRECTION('',(0.,1.));
#454 = ( GEOMETRIC_REPRESENTATION_CONTEXT(2) 
PARAMETRIC_REPRESENTATION_CONTEXT() REPRESENTATION_CONTEXT('2D SPACE',''
  ) );
#455 = PCURVE('',#456,#461);
#456 = PLANE('',#457);
#457 = AXIS2_PLACEMENT_3D('',#458,#459,#460);
#458 = CARTESIAN_POINT('',(-15.,-75.2,-1.5));
#459 = DIRECTION('',(1.,0.,0.));
#460 = DIRECTION('',(0.,0.,1.));
#461 = DEFINITIONAL_REPRESENTATION('',(#462),#466);
#462 = LINE('',#463,#464);
#463 = CARTESIAN_POINT('',(0.,0.));
#464 = VECTOR('',#465,1.);
#465 = DIRECTION('',(0.,-1.));
#466 = ( GEOMETRIC_REPRESENTATION_CONTEXT(2) 
PARAMETRIC_REPRESENTATION_CONTEXT() REPRESENTATION_CONTEXT('2D SPACE',''
  ) );
#467 = ORIENTED_EDGE('',*,*,#468,.T.);
#468 = EDGE_CURVE('',#441,#469,#471,.T.);
#469 = VERTEX_POINT('',#470);
#470 = CARTESIAN_POINT('',(15.,-75.2,-1.5));
#471 = SURFACE_CURVE('',#472,(#476,#483),.PCURVE_S1.);
#472 = LINE('',#473,#474);
#473 = CARTESIAN_POINT('',(-15.,-75.2,-1.5));
#474 = VECTOR('',#475,1.);
#475 = DIRECTION('',(1.,0.,0.));
#476 = PCURVE('',#72,#477);
#477 = DEFINITIONAL_REPRESENTATION('',(#478),#482);
#478 = LINE('',#479,#480);
#479 = CARTESIAN_POINT('',(60.2,-60.2));
#480 = VECTOR('',#481,1.);
#481 = DIRECTION('',(1.,0.));
#482 = ( GEOMETRIC_REPRESENTATION_CONTEXT(2) 
PARAMETRIC_REPRESENTATION_CONTEXT() REPRESENTATION_CONTEXT('2D SPACE',''
  ) );
#483 = PCURVE('',#484,#489);
#484 = PLANE('',#485);
#485 = AXIS2_PLACEMENT_3D('',#486,#487,#488);
#486 = CARTESIAN_POINT('',(-15.,-75.2,-1.5));
#487 = DIRECTION('',(0.,1.,0.));
#488 = DIRECTION('',(0.,0.,1.));
#489 = DEFINITIONAL_REPRESENTATION('',(#490),#494);
#490 = LINE('',#491,#492);
#491 = CARTESIAN_POINT('',(0.,0.));
#492 = VECTOR('',#493,1.);
#493 = DIRECTION('',(0.,1.));
#494 = ( GEOMETRIC_REPRESENTATION_CONTEXT(2) 
PARAMETRIC_REPRESENTATION_CONTEXT() REPRESENTATION_CONTEXT('2D SPACE',''
  ) );
#495 = ORIENTED_EDGE('',*,*,#496,.T.);
#496 = EDGE_CURVE('',#469,#497,#499,.T.);
#497 = VERTEX_POINT('',#498);
#498 = CARTESIAN_POINT('',(15.,-18.,-1.5));
#499 = SURFACE_CURVE('',#500,(#504,#511),.PCURVE_S1.);
#500 = LINE('',#501,#502);
#501 = CARTESIAN_POINT('',(15.,-75.2,-1.5));
#502 = VECTOR('',#503,1.);
#503 = DIRECTION('',(0.,1.,0.));
#504 = PCURVE('',#72,#505);
#505 = DEFINITIONAL_REPRESENTATION('',(#506),#510);
#506 = LINE('',#507,#508);
#507 = CARTESIAN_POINT('',(90.2,-60.2));
#508 = VECTOR('',#509,1.);
#509 = DIRECTION('',(0.,1.));
#510 = ( GEOMETRIC_REPRESENTATION_CONTEXT(2) 
PARAMETRIC_REPRESENTATION_CONTEXT() REPRESENTATION_CONTEXT('2D SPACE',''
  ) );
#511 = PCURVE('',#512,#517);
#512 = PLANE('',#513);
#513 = AXIS2_PLACEMENT_3D('',#514,#515,#516);
#514 = CARTESIAN_POINT('',(15.,-75.2,-1.5));
#515 = DIRECTION('',(1.,0.,0.));
#516 = DIRECTION('',(0.,0.,1.));
#517 = DEFINITIONAL_REPRESENTATION('',(#518),#522);
#518 = LINE('',#519,#520);
#519 = CARTESIAN_POINT('',(0.,0.));
#520 = VECTOR('',#521,1.);
#521 = DIRECTION('',(0.,-1.));
#522 = ( GEOMETRIC_REPRESENTATION_CONTEXT(2) 
PARAMETRIC_REPRESENTATION_CONTEXT() REPRESENTATION_CONTEXT('2D SPACE',''
  ) );
#523 = ORIENTED_EDGE('',*,*,#524,.T.);
#524 = EDGE_CURVE('',#497,#525,#527,.T.);
#525 = VERTEX_POINT('',#526);
#526 = CARTESIAN_POINT('',(18.,-15.,-1.5));
#527 = SURFACE_CURVE('',#528,(#533,#544),.PCURVE_S1.);
#528 = CIRCLE('',#529,3.);
#529 = AXIS2_PLACEMENT_3D('',#530,#531,#532);
#530 = CARTESIAN_POINT('',(18.,-18.,-1.5));
#531 = DIRECTION('',(0.,0.,-1.));
#532 = DIRECTION('',(0.,1.,0.));
#533 = PCURVE('',#72,#534);
#534 = DEFINITIONAL_REPRESENTATION('',(#535),#543);
#535 = ( BOUNDED_CURVE() B_SPLINE_CURVE(2,(#536,#537,#538,#539,#540,#541
,#542),.UNSPECIFIED.,.T.,.F.) B_SPLINE_CURVE_WITH_KNOTS((1,2,2,2,2,1),(
    -2.094395102393,0.,2.094395102393,4.188790204786,6.28318530718,
8.377580409573),.UNSPECIFIED.) CURVE() GEOMETRIC_REPRESENTATION_ITEM() 
RATIONAL_B_SPLINE_CURVE((1.,0.5,1.,0.5,1.,0.5,1.)) REPRESENTATION_ITEM(
  '') );
#536 = CARTESIAN_POINT('',(93.2,0.));
#537 = CARTESIAN_POINT('',(98.396152422707,0.));
#538 = CARTESIAN_POINT('',(95.798076211353,-4.5));
#539 = CARTESIAN_POINT('',(93.2,-9.));
#540 = CARTESIAN_POINT('',(90.601923788647,-4.5));
#541 = CARTESIAN_POINT('',(88.003847577293,-4.440892098501E-15));
#542 = CARTESIAN_POINT('',(93.2,0.));
#543 = ( GEOMETRIC_REPRESENTATION_CONTEXT(2) 
PARAMETRIC_REPRESENTATION_CONTEXT() REPRESENTATION_CONTEXT('2D SPACE',''
  ) );
#544 = PCURVE('',#545,#550);
#545 = CYLINDRICAL_SURFACE('',#546,3.);
#546 = AXIS2_PLACEMENT_3D('',#547,#548,#549);
#547 = CARTESIAN_POINT('',(18.,-18.,1.5));
#548 = DIRECTION('',(0.,0.,-1.));
#549 = DIRECTION('',(-1.,-0.,-0.));
#550 = DEFINITIONAL_REPRESENTATION('',(#551),#555);
#551 = LINE('',#552,#553);
#552 = CARTESIAN_POINT('',(-4.712388980385,3.));
#553 = VECTOR('',#554,1.);
#554 = DIRECTION('',(1.,0.));
#555 = ( GEOMETRIC_REPRESENTATION_CONTEXT(2) 
PARAMETRIC_REPRESENTATION_CONTEXT() REPRESENTATION_CONTEXT('2D SPACE',''
  ) );
#556 = ORIENTED_EDGE('',*,*,#557,.T.);
#557 = EDGE_CURVE('',#525,#558,#560,.T.);
#558 = VERTEX_POINT('',#559);
#559 = CARTESIAN_POINT('',(75.2,-15.,-1.5));
#560 = SURFACE_CURVE('',#561,(#565,#572),.PCURVE_S1.);
#561 = LINE('',#562,#563);
#562 = CARTESIAN_POINT('',(-75.2,-15.,-1.5));
#563 = VECTOR('',#564,1.);
#564 = DIRECTION('',(1.,0.,0.));
#565 = PCURVE('',#72,#566);
#566 = DEFINITIONAL_REPRESENTATION('',(#567),#571);
#567 = LINE('',#568,#569);
#568 = CARTESIAN_POINT('',(0.,0.));
#569 = VECTOR('',#570,1.);
#570 = DIRECTION('',(1.,0.));
#571 = ( GEOMETRIC_REPRESENTATION_CONTEXT(2) 
PARAMETRIC_REPRESENTATION_CONTEXT() REPRESENTATION_CONTEXT('2D SPACE',''
  ) );
#572 = PCURVE('',#573,#578);
#573 = PLANE('',#574);
#574 = AXIS2_PLACEMENT_3D('',#575,#576,#577);
#575 = CARTESIAN_POINT('',(-75.2,-15.,-1.5));
#576 = DIRECTION('',(0.,1.,0.));
#577 = DIRECTION('',(0.,0.,1.));
#578 = DEFINITIONAL_REPRESENTATION('',(#579),#583);
#579 = LINE('',#580,#581);
#580 = CARTESIAN_POINT('',(0.,0.));
#581 = VECTOR('',#582,1.);
#582 = DIRECTION('',(0.,1.));
#583 = ( GEOMETRIC_REPRESENTATION_CONTEXT(2) 
PARAMETRIC_REPRESENTATION_CONTEXT() REPRESENTATION_CONTEXT('2D SPACE',''
  ) );
#584 = ORIENTED_EDGE('',*,*,#585,.T.);
#585 = EDGE_CURVE('',#558,#586,#588,.T.);
#586 = VERTEX_POINT('',#587);
#587 = CARTESIAN_POINT('',(75.2,15.,-1.5));
#588 = SURFACE_CURVE('',#589,(#593,#600),.PCURVE_S1.);
#589 = LINE('',#590,#591);
#590 = CARTESIAN_POINT('',(75.2,-15.,-1.5));
#591 = VECTOR('',#592,1.);
#592 = DIRECTION('',(0.,1.,0.));
#593 = PCURVE('',#72,#594);
#594 = DEFINITIONAL_REPRESENTATION('',(#595),#599);
#595 = LINE('',#596,#597);
#596 = CARTESIAN_POINT('',(150.4,0.));
#597 = VECTOR('',#598,1.);
#598 = DIRECTION('',(0.,1.));
#599 = ( GEOMETRIC_REPRESENTATION_CONTEXT(2) 
PARAMETRIC_REPRESENTATION_CONTEXT() REPRESENTATION_CONTEXT('2D SPACE',''
  ) );
#600 = PCURVE('',#601,#606);
#601 = PLANE('',#602);
#602 = AXIS2_PLACEMENT_3D('',#603,#604,#605);
#603 = CARTESIAN_POINT('',(75.2,-15.,-1.5));
#604 = DIRECTION('',(1.,0.,0.));
#605 = DIRECTION('',(0.,0.,1.));
#606 = DEFINITIONAL_REPRESENTATION('',(#607),#611);
#607 = LINE('',#608,#609);
#608 = CARTESIAN_POINT('',(0.,0.));
#609 = VECTOR('',#610,1.);
#610 = DIRECTION('',(0.,-1.));
#611 = ( GEOMETRIC_REPRESENTATION_CONTEXT(2) 
PARAMETRIC_REPRESENTATION_CONTEXT() REPRESENTATION_CONTEXT('2D SPACE',''
  ) );
#612 = ORIENTED_EDGE('',*,*,#613,.F.);
#613 = EDGE_CURVE('',#614,#586,#616,.T.);
#614 = VERTEX_POINT('',#615);
#615 = CARTESIAN_POINT('',(18.,15.,-1.5));
#616 = SURFACE_CURVE('',#617,(#621,#628),.PCURVE_S1.);
#617 = LINE('',#618,#619);
#618 = CARTESIAN_POINT('',(-75.2,15.,-1.5));
#619 = VECTOR('',#620,1.);
#620 = DIRECTION('',(1.,0.,0.));
#621 = PCURVE('',#72,#622);
#622 = DEFINITIONAL_REPRESENTATION('',(#623),#627);
#623 = LINE('',#624,#625);
#624 = CARTESIAN_POINT('',(0.,30.));
#625 = VECTOR('',#626,1.);
#626 = DIRECTION('',(1.,0.));
#627 = ( GEOMETRIC_REPRESENTATION_CONTEXT(2) 
PARAMETRIC_REPRESENTATION_CONTEXT() REPRESENTATION_CONTEXT('2D SPACE',''
  ) );
#628 = PCURVE('',#629,#634);
#629 = PLANE('',#630);
#630 = AXIS2_PLACEMENT_3D('',#631,#632,#633);
#631 = CARTESIAN_POINT('',(-75.2,15.,-1.5));
#632 = DIRECTION('',(0.,1.,0.));
#633 = DIRECTION('',(0.,0.,1.));
#634 = DEFINITIONAL_REPRESENTATION('',(#635),#639);
#635 = LINE('',#636,#637);
#636 = CARTESIAN_POINT('',(0.,0.));
#637 = VECTOR('',#638,1.);
#638 = DIRECTION('',(0.,1.));
#639 = ( GEOMETRIC_REPRESENTATION_CONTEXT(2) 
PARAMETRIC_REPRESENTATION_CONTEXT() REPRESENTATION_CONTEXT('2D SPACE',''
  ) );
#640 = ORIENTED_EDGE('',*,*,#641,.F.);
#641 = EDGE_CURVE('',#642,#614,#644,.T.);
#642 = VERTEX_POINT('',#643);
#643 = CARTESIAN_POINT('',(15.,18.,-1.5));
#644 = SURFACE_CURVE('',#645,(#650,#657),.PCURVE_S1.);
#645 = CIRCLE('',#646,3.);
#646 = AXIS2_PLACEMENT_3D('',#647,#648,#649);
#647 = CARTESIAN_POINT('',(18.,18.,-1.5));
#648 = DIRECTION('',(0.,-0.,1.));
#649 = DIRECTION('',(0.,1.,0.));
#650 = PCURVE('',#72,#651);
#651 = DEFINITIONAL_REPRESENTATION('',(#652),#656);
#652 = CIRCLE('',#653,3.);
#653 = AXIS2_PLACEMENT_2D('',#654,#655);
#654 = CARTESIAN_POINT('',(93.2,33.));
#655 = DIRECTION('',(0.,1.));
#656 = ( GEOMETRIC_REPRESENTATION_CONTEXT(2) 
PARAMETRIC_REPRESENTATION_CONTEXT() REPRESENTATION_CONTEXT('2D SPACE',''
  ) );
#657 = PCURVE('',#658,#663);
#658 = CYLINDRICAL_SURFACE('',#659,3.);
#659 = AXIS2_PLACEMENT_3D('',#660,#661,#662);
#660 = CARTESIAN_POINT('',(18.,18.,1.5));
#661 = DIRECTION('',(0.,0.,-1.));
#662 = DIRECTION('',(-1.,-0.,-0.));
#663 = DEFINITIONAL_REPRESENTATION('',(#664),#668);
#664 = LINE('',#665,#666);
#665 = CARTESIAN_POINT('',(1.570796326795,3.));
#666 = VECTOR('',#667,1.);
#667 = DIRECTION('',(-1.,0.));
#668 = ( GEOMETRIC_REPRESENTATION_CONTEXT(2) 
PARAMETRIC_REPRESENTATION_CONTEXT() REPRESENTATION_CONTEXT('2D SPACE',''
  ) );
#669 = ORIENTED_EDGE('',*,*,#670,.T.);
#670 = EDGE_CURVE('',#642,#671,#673,.T.);
#671 = VERTEX_POINT('',#672);
#672 = CARTESIAN_POINT('',(15.,75.2,-1.5));
#673 = SURFACE_CURVE('',#674,(#678,#685),.PCURVE_S1.);
#674 = LINE('',#675,#676);
#675 = CARTESIAN_POINT('',(15.,-75.2,-1.5));
#676 = VECTOR('',#677,1.);
#677 = DIRECTION('',(0.,1.,0.));
#678 = PCURVE('',#72,#679);
#679 = DEFINITIONAL_REPRESENTATION('',(#680),#684);
#680 = LINE('',#681,#682);
#681 = CARTESIAN_POINT('',(90.2,-60.2));
#682 = VECTOR('',#683,1.);
#683 = DIRECTION('',(0.,1.));
#684 = ( GEOMETRIC_REPRESENTATION_CONTEXT(2) 
PARAMETRIC_REPRESENTATION_CONTEXT() REPRESENTATION_CONTEXT('2D SPACE',''
  ) );
#685 = PCURVE('',#686,#691);
#686 = PLANE('',#687);
#687 = AXIS2_PLACEMENT_3D('',#688,#689,#690);
#688 = CARTESIAN_POINT('',(15.,-75.2,-1.5));
#689 = DIRECTION('',(1.,0.,0.));
#690 = DIRECTION('',(0.,0.,1.));
#691 = DEFINITIONAL_REPRESENTATION('',(#692),#696);
#692 = LINE('',#693,#694);
#693 = CARTESIAN_POINT('',(0.,0.));
#694 = VECTOR('',#695,1.);
#695 = DIRECTION('',(0.,-1.));
#696 = ( GEOMETRIC_REPRESENTATION_CONTEXT(2) 
PARAMETRIC_REPRESENTATION_CONTEXT() REPRESENTATION_CONTEXT('2D SPACE',''
  ) );
#697 = ORIENTED_EDGE('',*,*,#698,.F.);
#698 = EDGE_CURVE('',#699,#671,#701,.T.);
#699 = VERTEX_POINT('',#700);
#700 = CARTESIAN_POINT('',(-15.,75.2,-1.5));
#701 = SURFACE_CURVE('',#702,(#706,#713),.PCURVE_S1.);
#702 = LINE('',#703,#704);
#703 = CARTESIAN_POINT('',(-15.,75.2,-1.5));
#704 = VECTOR('',#705,1.);
#705 = DIRECTION('',(1.,0.,0.));
#706 = PCURVE('',#72,#707);
#707 = DEFINITIONAL_REPRESENTATION('',(#708),#712);
#708 = LINE('',#709,#710);
#709 = CARTESIAN_POINT('',(60.2,90.2));
#710 = VECTOR('',#711,1.);
#711 = DIRECTION('',(1.,0.));
#712 = ( GEOMETRIC_REPRESENTATION_CONTEXT(2) 
PARAMETRIC_REPRESENTATION_CONTEXT() REPRESENTATION_CONTEXT('2D SPACE',''
  ) );
#713 = PCURVE('',#714,#719);
#714 = PLANE('',#715);
#715 = AXIS2_PLACEMENT_3D('',#716,#717,#718);
#716 = CARTESIAN_POINT('',(-15.,75.2,-1.5));
#717 = DIRECTION('',(0.,1.,0.));
#718 = DIRECTION('',(0.,0.,1.));
#719 = DEFINITIONAL_REPRESENTATION('',(#720),#724);
#720 = LINE('',#721,#722);
#721 = CARTESIAN_POINT('',(0.,0.));
#722 = VECTOR('',#723,1.);
#723 = DIRECTION('',(0.,1.));
#724 = ( GEOMETRIC_REPRESENTATION_CONTEXT(2) 
PARAMETRIC_REPRESENTATION_CONTEXT() REPRESENTATION_CONTEXT('2D SPACE',''
  ) );
#725 = ORIENTED_EDGE('',*,*,#726,.F.);
#726 = EDGE_CURVE('',#727,#699,#729,.T.);
#727 = VERTEX_POINT('',#728);
#728 = CARTESIAN_POINT('',(-15.,18.,-1.5));
#729 = SURFACE_CURVE('',#730,(#734,#741),.PCURVE_S1.);
#730 = LINE('',#731,#732);
#731 = CARTESIAN_POINT('',(-15.,-75.2,-1.5));
#732 = VECTOR('',#733,1.);
#733 = DIRECTION('',(0.,1.,0.));
#734 = PCURVE('',#72,#735);
#735 = DEFINITIONAL_REPRESENTATION('',(#736),#740);
#736 = LINE('',#737,#738);
#737 = CARTESIAN_POINT('',(60.2,-60.2));
#738 = VECTOR('',#739,1.);
#739 = DIRECTION('',(0.,1.));
#740 = ( GEOMETRIC_REPRESENTATION_CONTEXT(2) 
PARAMETRIC_REPRESENTATION_CONTEXT() REPRESENTATION_CONTEXT('2D SPACE',''
  ) );
#741 = PCURVE('',#742,#747);
#742 = PLANE('',#743);
#743 = AXIS2_PLACEMENT_3D('',#744,#745,#746);
#744 = CARTESIAN_POINT('',(-15.,-75.2,-1.5));
#745 = DIRECTION('',(1.,0.,0.));
#746 = DIRECTION('',(0.,0.,1.));
#747 = DEFINITIONAL_REPRESENTATION('',(#748),#752);
#748 = LINE('',#749,#750);
#749 = CARTESIAN_POINT('',(0.,0.));
#750 = VECTOR('',#751,1.);
#751 = DIRECTION('',(0.,-1.));
#752 = ( GEOMETRIC_REPRESENTATION_CONTEXT(2) 
PARAMETRIC_REPRESENTATION_CONTEXT() REPRESENTATION_CONTEXT('2D SPACE',''
  ) );
#753 = ORIENTED_EDGE('',*,*,#754,.F.);
#754 = EDGE_CURVE('',#324,#727,#755,.T.);
#755 = SURFACE_CURVE('',#756,(#761,#768),.PCURVE_S1.);
#756 = CIRCLE('',#757,3.);
#757 = AXIS2_PLACEMENT_3D('',#758,#759,#760);
#758 = CARTESIAN_POINT('',(-18.,18.,-1.5));
#759 = DIRECTION('',(0.,-0.,1.));
#760 = DIRECTION('',(0.,1.,0.));
#761 = PCURVE('',#72,#762);
#762 = DEFINITIONAL_REPRESENTATION('',(#763),#767);
#763 = CIRCLE('',#764,3.);
#764 = AXIS2_PLACEMENT_2D('',#765,#766);
#765 = CARTESIAN_POINT('',(57.2,33.));
#766 = DIRECTION('',(0.,1.));
#767 = ( GEOMETRIC_REPRESENTATION_CONTEXT(2) 
PARAMETRIC_REPRESENTATION_CONTEXT() REPRESENTATION_CONTEXT('2D SPACE',''
  ) );
#768 = PCURVE('',#769,#774);
#769 = CYLINDRICAL_SURFACE('',#770,3.);
#770 = AXIS2_PLACEMENT_3D('',#771,#772,#773);
#771 = CARTESIAN_POINT('',(-18.,18.,1.5));
#772 = DIRECTION('',(0.,0.,-1.));
#773 = DIRECTION('',(0.,-1.,-0.));
#774 = DEFINITIONAL_REPRESENTATION('',(#775),#779);
#775 = LINE('',#776,#777);
#776 = CARTESIAN_POINT('',(3.14159265359,3.));
#777 = VECTOR('',#778,1.);
#778 = DIRECTION('',(-1.,0.));
#779 = ( GEOMETRIC_REPRESENTATION_CONTEXT(2) 
PARAMETRIC_REPRESENTATION_CONTEXT() REPRESENTATION_CONTEXT('2D SPACE',''
  ) );
#780 = FACE_BOUND('',#781,.F.);
#781 = EDGE_LOOP('',(#782,#810,#843,#869));
#782 = ORIENTED_EDGE('',*,*,#783,.F.);
#783 = EDGE_CURVE('',#784,#786,#788,.T.);
#784 = VERTEX_POINT('',#785);
#785 = CARTESIAN_POINT('',(-11.875,-15.825,-1.5));
#786 = VERTEX_POINT('',#787);
#787 = CARTESIAN_POINT('',(-11.875,-54.575,-1.5));
#788 = SURFACE_CURVE('',#789,(#793,#799),.PCURVE_S1.);
#789 = LINE('',#790,#791);
#790 = CARTESIAN_POINT('',(-11.875,-34.7875,-1.5));
#791 = VECTOR('',#792,1.);
#792 = DIRECTION('',(-1.110223024625E-16,-1.,0.));
#793 = PCURVE('',#72,#794);
#794 = DEFINITIONAL_REPRESENTATION('',(#795),#798);
#795 = B_SPLINE_CURVE_WITH_KNOTS('',1,(#796,#797),.UNSPECIFIED.,.F.,.F.,
  (2,2),(-18.9625,19.7875),.PIECEWISE_BEZIER_KNOTS.);
#796 = CARTESIAN_POINT('',(63.325,-0.825));
#797 = CARTESIAN_POINT('',(63.325,-39.575));
#798 = ( GEOMETRIC_REPRESENTATION_CONTEXT(2) 
PARAMETRIC_REPRESENTATION_CONTEXT() REPRESENTATION_CONTEXT('2D SPACE',''
  ) );
#799 = PCURVE('',#800,#805);
#800 = PLANE('',#801);
#801 = AXIS2_PLACEMENT_3D('',#802,#803,#804);
#802 = CARTESIAN_POINT('',(-11.875,-54.575,0.));
#803 = DIRECTION('',(-1.,1.110223024625E-16,0.));
#804 = DIRECTION('',(1.110223024625E-16,1.,0.));
#805 = DEFINITIONAL_REPRESENTATION('',(#806),#809);
#806 = B_SPLINE_CURVE_WITH_KNOTS('',1,(#807,#808),.UNSPECIFIED.,.F.,.F.,
  (2,2),(-18.9625,19.7875),.PIECEWISE_BEZIER_KNOTS.);
#807 = CARTESIAN_POINT('',(38.75,1.5));
#808 = CARTESIAN_POINT('',(0.,1.5));
#809 = ( GEOMETRIC_REPRESENTATION_CONTEXT(2) 
PARAMETRIC_REPRESENTATION_CONTEXT() REPRESENTATION_CONTEXT('2D SPACE',''
  ) );
#810 = ORIENTED_EDGE('',*,*,#811,.T.);
#811 = EDGE_CURVE('',#784,#812,#814,.T.);
#812 = VERTEX_POINT('',#813);
#813 = CARTESIAN_POINT('',(-10.625,-15.825,-1.5));
#814 = SURFACE_CURVE('',#815,(#820,#831),.PCURVE_S1.);
#815 = CIRCLE('',#816,0.625);
#816 = AXIS2_PLACEMENT_3D('',#817,#818,#819);
#817 = CARTESIAN_POINT('',(-11.25,-15.825,-1.5));
#818 = DIRECTION('',(0.,0.,-1.));
#819 = DIRECTION('',(-1.,1.110223024625E-16,0.));
#820 = PCURVE('',#72,#821);
#821 = DEFINITIONAL_REPRESENTATION('',(#822),#830);
#822 = ( BOUNDED_CURVE() B_SPLINE_CURVE(2,(#823,#824,#825,#826,#827,#828
,#829),.UNSPECIFIED.,.T.,.F.) B_SPLINE_CURVE_WITH_KNOTS((1,2,2,2,2,1),(
    -2.094395102393,0.,2.094395102393,4.188790204786,6.28318530718,
8.377580409573),.UNSPECIFIED.) CURVE() GEOMETRIC_REPRESENTATION_ITEM() 
RATIONAL_B_SPLINE_CURVE((1.,0.5,1.,0.5,1.,0.5,1.)) REPRESENTATION_ITEM(
  '') );
#823 = CARTESIAN_POINT('',(63.325,-0.825));
#824 = CARTESIAN_POINT('',(63.325,0.257531754731));
#825 = CARTESIAN_POINT('',(64.2625,-0.283734122635));
#826 = CARTESIAN_POINT('',(65.2,-0.825));
#827 = CARTESIAN_POINT('',(64.2625,-1.366265877365));
#828 = CARTESIAN_POINT('',(63.325,-1.907531754731));
#829 = CARTESIAN_POINT('',(63.325,-0.825));
#830 = ( GEOMETRIC_REPRESENTATION_CONTEXT(2) 
PARAMETRIC_REPRESENTATION_CONTEXT() REPRESENTATION_CONTEXT('2D SPACE',''
  ) );
#831 = PCURVE('',#832,#837);
#832 = CYLINDRICAL_SURFACE('',#833,0.625);
#833 = AXIS2_PLACEMENT_3D('',#834,#835,#836);
#834 = CARTESIAN_POINT('',(-11.25,-15.825,0.));
#835 = DIRECTION('',(0.,0.,-1.));
#836 = DIRECTION('',(-1.,1.110223024625E-16,0.));
#837 = DEFINITIONAL_REPRESENTATION('',(#838),#842);
#838 = LINE('',#839,#840);
#839 = CARTESIAN_POINT('',(0.,1.5));
#840 = VECTOR('',#841,1.);
#841 = DIRECTION('',(1.,0.));
#842 = ( GEOMETRIC_REPRESENTATION_CONTEXT(2) 
PARAMETRIC_REPRESENTATION_CONTEXT() REPRESENTATION_CONTEXT('2D SPACE',''
  ) );
#843 = ORIENTED_EDGE('',*,*,#844,.F.);
#844 = EDGE_CURVE('',#845,#812,#847,.T.);
#845 = VERTEX_POINT('',#846);
#846 = CARTESIAN_POINT('',(-10.625,-54.575,-1.5));
#847 = SURFACE_CURVE('',#848,(#852,#858),.PCURVE_S1.);
#848 = LINE('',#849,#850);
#849 = CARTESIAN_POINT('',(-10.625,-15.4125,-1.5));
#850 = VECTOR('',#851,1.);
#851 = DIRECTION('',(1.110223024625E-16,1.,-0.));
#852 = PCURVE('',#72,#853);
#853 = DEFINITIONAL_REPRESENTATION('',(#854),#857);
#854 = B_SPLINE_CURVE_WITH_KNOTS('',1,(#855,#856),.UNSPECIFIED.,.F.,.F.,
  (2,2),(-39.1625,-0.4125),.PIECEWISE_BEZIER_KNOTS.);
#855 = CARTESIAN_POINT('',(64.575,-39.575));
#856 = CARTESIAN_POINT('',(64.575,-0.825));
#857 = ( GEOMETRIC_REPRESENTATION_CONTEXT(2) 
PARAMETRIC_REPRESENTATION_CONTEXT() REPRESENTATION_CONTEXT('2D SPACE',''
  ) );
#858 = PCURVE('',#859,#864);
#859 = PLANE('',#860);
#860 = AXIS2_PLACEMENT_3D('',#861,#862,#863);
#861 = CARTESIAN_POINT('',(-10.625,-15.825,0.));
#862 = DIRECTION('',(1.,-1.110223024625E-16,0.));
#863 = DIRECTION('',(-1.110223024625E-16,-1.,0.));
#864 = DEFINITIONAL_REPRESENTATION('',(#865),#868);
#865 = B_SPLINE_CURVE_WITH_KNOTS('',1,(#866,#867),.UNSPECIFIED.,.F.,.F.,
  (2,2),(-39.1625,-0.4125),.PIECEWISE_BEZIER_KNOTS.);
#866 = CARTESIAN_POINT('',(38.75,1.5));
#867 = CARTESIAN_POINT('',(0.,1.5));
#868 = ( GEOMETRIC_REPRESENTATION_CONTEXT(2) 
PARAMETRIC_REPRESENTATION_CONTEXT() REPRESENTATION_CONTEXT('2D SPACE',''
  ) );
#869 = ORIENTED_EDGE('',*,*,#870,.T.);
#870 = EDGE_CURVE('',#845,#786,#871,.T.);
#871 = SURFACE_CURVE('',#872,(#877,#888),.PCURVE_S1.);
#872 = CIRCLE('',#873,0.625);
#873 = AXIS2_PLACEMENT_3D('',#874,#875,#876);
#874 = CARTESIAN_POINT('',(-11.25,-54.575,-1.5));
#875 = DIRECTION('',(0.,-0.,-1.));
#876 = DIRECTION('',(1.,-1.110223024625E-16,0.));
#877 = PCURVE('',#72,#878);
#878 = DEFINITIONAL_REPRESENTATION('',(#879),#887);
#879 = ( BOUNDED_CURVE() B_SPLINE_CURVE(2,(#880,#881,#882,#883,#884,#885
,#886),.UNSPECIFIED.,.T.,.F.) B_SPLINE_CURVE_WITH_KNOTS((1,2,2,2,2,1),(
    -2.094395102393,0.,2.094395102393,4.188790204786,6.28318530718,
8.377580409573),.UNSPECIFIED.) CURVE() GEOMETRIC_REPRESENTATION_ITEM() 
RATIONAL_B_SPLINE_CURVE((1.,0.5,1.,0.5,1.,0.5,1.)) REPRESENTATION_ITEM(
  '') );
#880 = CARTESIAN_POINT('',(64.575,-39.575));
#881 = CARTESIAN_POINT('',(64.575,-40.65753175473));
#882 = CARTESIAN_POINT('',(63.6375,-40.11626587736));
#883 = CARTESIAN_POINT('',(62.7,-39.575));
#884 = CARTESIAN_POINT('',(63.6375,-39.03373412263));
#885 = CARTESIAN_POINT('',(64.575,-38.49246824526));
#886 = CARTESIAN_POINT('',(64.575,-39.575));
#887 = ( GEOMETRIC_REPRESENTATION_CONTEXT(2) 
PARAMETRIC_REPRESENTATION_CONTEXT() REPRESENTATION_CONTEXT('2D SPACE',''
  ) );
#888 = PCURVE('',#889,#894);
#889 = CYLINDRICAL_SURFACE('',#890,0.625);
#890 = AXIS2_PLACEMENT_3D('',#891,#892,#893);
#891 = CARTESIAN_POINT('',(-11.25,-54.575,0.));
#892 = DIRECTION('',(0.,-0.,-1.));
#893 = DIRECTION('',(1.,-1.110223024625E-16,0.));
#894 = DEFINITIONAL_REPRESENTATION('',(#895),#899);
#895 = LINE('',#896,#897);
#896 = CARTESIAN_POINT('',(0.,1.5));
#897 = VECTOR('',#898,1.);
#898 = DIRECTION('',(1.,0.));
#899 = ( GEOMETRIC_REPRESENTATION_CONTEXT(2) 
PARAMETRIC_REPRESENTATION_CONTEXT() REPRESENTATION_CONTEXT('2D SPACE',''
  ) );
#900 = FACE_BOUND('',#901,.F.);
#901 = EDGE_LOOP('',(#902,#930,#963,#989));
#902 = ORIENTED_EDGE('',*,*,#903,.F.);
#903 = EDGE_CURVE('',#904,#906,#908,.T.);
#904 = VERTEX_POINT('',#905);
#905 = CARTESIAN_POINT('',(-8.125,-15.825,-1.5));
#906 = VERTEX_POINT('',#907);
#907 = CARTESIAN_POINT('',(-8.125,-54.575,-1.5));
#908 = SURFACE_CURVE('',#909,(#913,#919),.PCURVE_S1.);
#909 = LINE('',#910,#911);
#910 = CARTESIAN_POINT('',(-8.125,-34.7875,-1.5));
#911 = VECTOR('',#912,1.);
#912 = DIRECTION('',(-1.110223024625E-16,-1.,0.));
#913 = PCURVE('',#72,#914);
#914 = DEFINITIONAL_REPRESENTATION('',(#915),#918);
#915 = B_SPLINE_CURVE_WITH_KNOTS('',1,(#916,#917),.UNSPECIFIED.,.F.,.F.,
  (2,2),(-18.9625,19.7875),.PIECEWISE_BEZIER_KNOTS.);
#916 = CARTESIAN_POINT('',(67.075,-0.825));
#917 = CARTESIAN_POINT('',(67.075,-39.575));
#918 = ( GEOMETRIC_REPRESENTATION_CONTEXT(2) 
PARAMETRIC_REPRESENTATION_CONTEXT() REPRESENTATION_CONTEXT('2D SPACE',''
  ) );
#919 = PCURVE('',#920,#925);
#920 = PLANE('',#921);
#921 = AXIS2_PLACEMENT_3D('',#922,#923,#924);
#922 = CARTESIAN_POINT('',(-8.125,-54.575,0.));
#923 = DIRECTION('',(-1.,1.110223024625E-16,0.));
#924 = DIRECTION('',(1.110223024625E-16,1.,0.));
#925 = DEFINITIONAL_REPRESENTATION('',(#926),#929);
#926 = B_SPLINE_CURVE_WITH_KNOTS('',1,(#927,#928),.UNSPECIFIED.,.F.,.F.,
  (2,2),(-18.9625,19.7875),.PIECEWISE_BEZIER_KNOTS.);
#927 = CARTESIAN_POINT('',(38.75,1.5));
#928 = CARTESIAN_POINT('',(0.,1.5));
#929 = ( GEOMETRIC_REPRESENTATION_CONTEXT(2) 
PARAMETRIC_REPRESENTATION_CONTEXT() REPRESENTATION_CONTEXT('2D SPACE',''
  ) );
#930 = ORIENTED_EDGE('',*,*,#931,.T.);
#931 = EDGE_CURVE('',#904,#932,#934,.T.);
#932 = VERTEX_POINT('',#933);
#933 = CARTESIAN_POINT('',(-6.875,-15.825,-1.5));
#934 = SURFACE_CURVE('',#935,(#940,#951),.PCURVE_S1.);
#935 = CIRCLE('',#936,0.625);
#936 = AXIS2_PLACEMENT_3D('',#937,#938,#939);
#937 = CARTESIAN_POINT('',(-7.5,-15.825,-1.5));
#938 = DIRECTION('',(0.,0.,-1.));
#939 = DIRECTION('',(-1.,1.110223024625E-16,0.));
#940 = PCURVE('',#72,#941);
#941 = DEFINITIONAL_REPRESENTATION('',(#942),#950);
#942 = ( BOUNDED_CURVE() B_SPLINE_CURVE(2,(#943,#944,#945,#946,#947,#948
,#949),.UNSPECIFIED.,.T.,.F.) B_SPLINE_CURVE_WITH_KNOTS((1,2,2,2,2,1),(
    -2.094395102393,0.,2.094395102393,4.188790204786,6.28318530718,
8.377580409573),.UNSPECIFIED.) CURVE() GEOMETRIC_REPRESENTATION_ITEM() 
RATIONAL_B_SPLINE_CURVE((1.,0.5,1.,0.5,1.,0.5,1.)) REPRESENTATION_ITEM(
  '') );
#943 = CARTESIAN_POINT('',(67.075,-0.825));
#944 = CARTESIAN_POINT('',(67.075,0.257531754731));
#945 = CARTESIAN_POINT('',(68.0125,-0.283734122635));
#946 = CARTESIAN_POINT('',(68.95,-0.825));
#947 = CARTESIAN_POINT('',(68.0125,-1.366265877365));
#948 = CARTESIAN_POINT('',(67.075,-1.907531754731));
#949 = CARTESIAN_POINT('',(67.075,-0.825));
#950 = ( GEOMETRIC_REPRESENTATION_CONTEXT(2) 
PARAMETRIC_REPRESENTATION_CONTEXT() REPRESENTATION_CONTEXT('2D SPACE',''
  ) );
#951 = PCURVE('',#952,#957);
#952 = CYLINDRICAL_SURFACE('',#953,0.625);
#953 = AXIS2_PLACEMENT_3D('',#954,#955,#956);
#954 = CARTESIAN_POINT('',(-7.5,-15.825,0.));
#955 = DIRECTION('',(0.,0.,-1.));
#956 = DIRECTION('',(-1.,1.110223024625E-16,0.));
#957 = DEFINITIONAL_REPRESENTATION('',(#958),#962);
#958 = LINE('',#959,#960);
#959 = CARTESIAN_POINT('',(0.,1.5));
#960 = VECTOR('',#961,1.);
#961 = DIRECTION('',(1.,0.));
#962 = ( GEOMETRIC_REPRESENTATION_CONTEXT(2) 
PARAMETRIC_REPRESENTATION_CONTEXT() REPRESENTATION_CONTEXT('2D SPACE',''
  ) );
#963 = ORIENTED_EDGE('',*,*,#964,.F.);
#964 = EDGE_CURVE('',#965,#932,#967,.T.);
#965 = VERTEX_POINT('',#966);
#966 = CARTESIAN_POINT('',(-6.875,-54.575,-1.5));
#967 = SURFACE_CURVE('',#968,(#972,#978),.PCURVE_S1.);
#968 = LINE('',#969,#970);
#969 = CARTESIAN_POINT('',(-6.875,-15.4125,-1.5));
#970 = VECTOR('',#971,1.);
#971 = DIRECTION('',(1.110223024625E-16,1.,-0.));
#972 = PCURVE('',#72,#973);
#973 = DEFINITIONAL_REPRESENTATION('',(#974),#977);
#974 = B_SPLINE_CURVE_WITH_KNOTS('',1,(#975,#976),.UNSPECIFIED.,.F.,.F.,
  (2,2),(-39.1625,-0.4125),.PIECEWISE_BEZIER_KNOTS.);
#975 = CARTESIAN_POINT('',(68.325,-39.575));
#976 = CARTESIAN_POINT('',(68.325,-0.825));
#977 = ( GEOMETRIC_REPRESENTATION_CONTEXT(2) 
PARAMETRIC_REPRESENTATION_CONTEXT() REPRESENTATION_CONTEXT('2D SPACE',''
  ) );
#978 = PCURVE('',#979,#984);
#979 = PLANE('',#980);
#980 = AXIS2_PLACEMENT_3D('',#981,#982,#983);
#981 = CARTESIAN_POINT('',(-6.875,-15.825,0.));
#982 = DIRECTION('',(1.,-1.110223024625E-16,0.));
#983 = DIRECTION('',(-1.110223024625E-16,-1.,0.));
#984 = DEFINITIONAL_REPRESENTATION('',(#985),#988);
#985 = B_SPLINE_CURVE_WITH_KNOTS('',1,(#986,#987),.UNSPECIFIED.,.F.,.F.,
  (2,2),(-39.1625,-0.4125),.PIECEWISE_BEZIER_KNOTS.);
#986 = CARTESIAN_POINT('',(38.75,1.5));
#987 = CARTESIAN_POINT('',(0.,1.5));
#988 = ( GEOMETRIC_REPRESENTATION_CONTEXT(2) 
PARAMETRIC_REPRESENTATION_CONTEXT() REPRESENTATION_CONTEXT('2D SPACE',''
  ) );
#989 = ORIENTED_EDGE('',*,*,#990,.T.);
#990 = EDGE_CURVE('',#965,#906,#991,.T.);
#991 = SURFACE_CURVE('',#992,(#997,#1008),.PCURVE_S1.);
#992 = CIRCLE('',#993,0.625);
#993 = AXIS2_PLACEMENT_3D('',#994,#995,#996);
#994 = CARTESIAN_POINT('',(-7.5,-54.575,-1.5));
#995 = DIRECTION('',(0.,-0.,-1.));
#996 = DIRECTION('',(1.,-1.110223024625E-16,0.));
#997 = PCURVE('',#72,#998);
#998 = DEFINITIONAL_REPRESENTATION('',(#999),#1007);
#999 = ( BOUNDED_CURVE() B_SPLINE_CURVE(2,(#1000,#1001,#1002,#1003,#1004
,#1005,#1006),.UNSPECIFIED.,.T.,.F.) B_SPLINE_CURVE_WITH_KNOTS((1,2,2,2,
    2,1),(-2.094395102393,0.,2.094395102393,4.188790204786,6.28318530718
,8.377580409573),.UNSPECIFIED.) CURVE() GEOMETRIC_REPRESENTATION_ITEM() 
RATIONAL_B_SPLINE_CURVE((1.,0.5,1.,0.5,1.,0.5,1.)) REPRESENTATION_ITEM(
  '') );
#1000 = CARTESIAN_POINT('',(68.325,-39.575));
#1001 = CARTESIAN_POINT('',(68.325,-40.65753175473));
#1002 = CARTESIAN_POINT('',(67.3875,-40.11626587736));
#1003 = CARTESIAN_POINT('',(66.45,-39.575));
#1004 = CARTESIAN_POINT('',(67.3875,-39.03373412263));
#1005 = CARTESIAN_POINT('',(68.325,-38.49246824526));
#1006 = CARTESIAN_POINT('',(68.325,-39.575));
#1007 = ( GEOMETRIC_REPRESENTATION_CONTEXT(2) 
PARAMETRIC_REPRESENTATION_CONTEXT() REPRESENTATION_CONTEXT('2D SPACE',''
  ) );
#1008 = PCURVE('',#1009,#1014);
#1009 = CYLINDRICAL_SURFACE('',#1010,0.625);
#1010 = AXIS2_PLACEMENT_3D('',#1011,#1012,#1013);
#1011 = CARTESIAN_POINT('',(-7.5,-54.575,0.));
#1012 = DIRECTION('',(0.,-0.,-1.));
#1013 = DIRECTION('',(1.,-1.110223024625E-16,0.));
#1014 = DEFINITIONAL_REPRESENTATION('',(#1015),#1019);
#1015 = LINE('',#1016,#1017);
#1016 = CARTESIAN_POINT('',(0.,1.5));
#1017 = VECTOR('',#1018,1.);
#1018 = DIRECTION('',(1.,0.));
#1019 = ( GEOMETRIC_REPRESENTATION_CONTEXT(2) 
PARAMETRIC_REPRESENTATION_CONTEXT() REPRESENTATION_CONTEXT('2D SPACE',''
  ) );
#1020 = FACE_BOUND('',#1021,.F.);
#1021 = EDGE_LOOP('',(#1022,#1050,#1083,#1109));
#1022 = ORIENTED_EDGE('',*,*,#1023,.F.);
#1023 = EDGE_CURVE('',#1024,#1026,#1028,.T.);
#1024 = VERTEX_POINT('',#1025);
#1025 = CARTESIAN_POINT('',(-4.375,-15.825,-1.5));
#1026 = VERTEX_POINT('',#1027);
#1027 = CARTESIAN_POINT('',(-4.375,-54.575,-1.5));
#1028 = SURFACE_CURVE('',#1029,(#1033,#1039),.PCURVE_S1.);
#1029 = LINE('',#1030,#1031);
#1030 = CARTESIAN_POINT('',(-4.375,-34.7875,-1.5));
#1031 = VECTOR('',#1032,1.);
#1032 = DIRECTION('',(-1.110223024625E-16,-1.,0.));
#1033 = PCURVE('',#72,#1034);
#1034 = DEFINITIONAL_REPRESENTATION('',(#1035),#1038);
#1035 = B_SPLINE_CURVE_WITH_KNOTS('',1,(#1036,#1037),.UNSPECIFIED.,.F.,
  .F.,(2,2),(-18.9625,19.7875),.PIECEWISE_BEZIER_KNOTS.);
#1036 = CARTESIAN_POINT('',(70.825,-0.825));
#1037 = CARTESIAN_POINT('',(70.825,-39.575));
#1038 = ( GEOMETRIC_REPRESENTATION_CONTEXT(2) 
PARAMETRIC_REPRESENTATION_CONTEXT() REPRESENTATION_CONTEXT('2D SPACE',''
  ) );
#1039 = PCURVE('',#1040,#1045);
#1040 = PLANE('',#1041);
#1041 = AXIS2_PLACEMENT_3D('',#1042,#1043,#1044);
#1042 = CARTESIAN_POINT('',(-4.375,-54.575,0.));
#1043 = DIRECTION('',(-1.,1.110223024625E-16,0.));
#1044 = DIRECTION('',(1.110223024625E-16,1.,0.));
#1045 = DEFINITIONAL_REPRESENTATION('',(#1046),#1049);
#1046 = B_SPLINE_CURVE_WITH_KNOTS('',1,(#1047,#1048),.UNSPECIFIED.,.F.,
  .F.,(2,2),(-18.9625,19.7875),.PIECEWISE_BEZIER_KNOTS.);
#1047 = CARTESIAN_POINT('',(38.75,1.5));
#1048 = CARTESIAN_POINT('',(0.,1.5));
#1049 = ( GEOMETRIC_REPRESENTATION_CONTEXT(2) 
PARAMETRIC_REPRESENTATION_CONTEXT() REPRESENTATION_CONTEXT('2D SPACE',''
  ) );
#1050 = ORIENTED_EDGE('',*,*,#1051,.T.);
#1051 = EDGE_CURVE('',#1024,#1052,#1054,.T.);
#1052 = VERTEX_POINT('',#1053);
#1053 = CARTESIAN_POINT('',(-3.125,-15.825,-1.5));
#1054 = SURFACE_CURVE('',#1055,(#1060,#1071),.PCURVE_S1.);
#1055 = CIRCLE('',#1056,0.625);
#1056 = AXIS2_PLACEMENT_3D('',#1057,#1058,#1059);
#1057 = CARTESIAN_POINT('',(-3.75,-15.825,-1.5));
#1058 = DIRECTION('',(0.,0.,-1.));
#1059 = DIRECTION('',(-1.,1.110223024625E-16,0.));
#1060 = PCURVE('',#72,#1061);
#1061 = DEFINITIONAL_REPRESENTATION('',(#1062),#1070);
#1062 = ( BOUNDED_CURVE() B_SPLINE_CURVE(2,(#1063,#1064,#1065,#1066,
#1067,#1068,#1069),.UNSPECIFIED.,.T.,.F.) B_SPLINE_CURVE_WITH_KNOTS((1,2
    ,2,2,2,1),(-2.094395102393,0.,2.094395102393,4.188790204786,
6.28318530718,8.377580409573),.UNSPECIFIED.) CURVE() 
GEOMETRIC_REPRESENTATION_ITEM() RATIONAL_B_SPLINE_CURVE((1.,0.5,1.,0.5,
1.,0.5,1.)) REPRESENTATION_ITEM('') );
#1063 = CARTESIAN_POINT('',(70.825,-0.825));
#1064 = CARTESIAN_POINT('',(70.825,0.257531754731));
#1065 = CARTESIAN_POINT('',(71.7625,-0.283734122635));
#1066 = CARTESIAN_POINT('',(72.7,-0.825));
#1067 = CARTESIAN_POINT('',(71.7625,-1.366265877365));
#1068 = CARTESIAN_POINT('',(70.825,-1.907531754731));
#1069 = CARTESIAN_POINT('',(70.825,-0.825));
#1070 = ( GEOMETRIC_REPRESENTATION_CONTEXT(2) 
PARAMETRIC_REPRESENTATION_CONTEXT() REPRESENTATION_CONTEXT('2D SPACE',''
  ) );
#1071 = PCURVE('',#1072,#1077);
#1072 = CYLINDRICAL_SURFACE('',#1073,0.625);
#1073 = AXIS2_PLACEMENT_3D('',#1074,#1075,#1076);
#1074 = CARTESIAN_POINT('',(-3.75,-15.825,0.));
#1075 = DIRECTION('',(0.,0.,-1.));
#1076 = DIRECTION('',(-1.,1.110223024625E-16,0.));
#1077 = DEFINITIONAL_REPRESENTATION('',(#1078),#1082);
#1078 = LINE('',#1079,#1080);
#1079 = CARTESIAN_POINT('',(0.,1.5));
#1080 = VECTOR('',#1081,1.);
#1081 = DIRECTION('',(1.,0.));
#1082 = ( GEOMETRIC_REPRESENTATION_CONTEXT(2) 
PARAMETRIC_REPRESENTATION_CONTEXT() REPRESENTATION_CONTEXT('2D SPACE',''
  ) );
#1083 = ORIENTED_EDGE('',*,*,#1084,.F.);
#1084 = EDGE_CURVE('',#1085,#1052,#1087,.T.);
#1085 = VERTEX_POINT('',#1086);
#1086 = CARTESIAN_POINT('',(-3.125,-54.575,-1.5));
#1087 = SURFACE_CURVE('',#1088,(#1092,#1098),.PCURVE_S1.);
#1088 = LINE('',#1089,#1090);
#1089 = CARTESIAN_POINT('',(-3.125,-15.4125,-1.5));
#1090 = VECTOR('',#1091,1.);
#1091 = DIRECTION('',(1.110223024625E-16,1.,-0.));
#1092 = PCURVE('',#72,#1093);
#1093 = DEFINITIONAL_REPRESENTATION('',(#1094),#1097);
#1094 = B_SPLINE_CURVE_WITH_KNOTS('',1,(#1095,#1096),.UNSPECIFIED.,.F.,
  .F.,(2,2),(-39.1625,-0.4125),.PIECEWISE_BEZIER_KNOTS.);
#1095 = CARTESIAN_POINT('',(72.075,-39.575));
#1096 = CARTESIAN_POINT('',(72.075,-0.825));
#1097 = ( GEOMETRIC_REPRESENTATION_CONTEXT(2) 
PARAMETRIC_REPRESENTATION_CONTEXT() REPRESENTATION_CONTEXT('2D SPACE',''
  ) );
#1098 = PCURVE('',#1099,#1104);
#1099 = PLANE('',#1100);
#1100 = AXIS2_PLACEMENT_3D('',#1101,#1102,#1103);
#1101 = CARTESIAN_POINT('',(-3.125,-15.825,0.));
#1102 = DIRECTION('',(1.,-1.110223024625E-16,0.));
#1103 = DIRECTION('',(-1.110223024625E-16,-1.,0.));
#1104 = DEFINITIONAL_REPRESENTATION('',(#1105),#1108);
#1105 = B_SPLINE_CURVE_WITH_KNOTS('',1,(#1106,#1107),.UNSPECIFIED.,.F.,
  .F.,(2,2),(-39.1625,-0.4125),.PIECEWISE_BEZIER_KNOTS.);
#1106 = CARTESIAN_POINT('',(38.75,1.5));
#1107 = CARTESIAN_POINT('',(0.,1.5));
#1108 = ( GEOMETRIC_REPRESENTATION_CONTEXT(2) 
PARAMETRIC_REPRESENTATION_CONTEXT() REPRESENTATION_CONTEXT('2D SPACE',''
  ) );
#1109 = ORIENTED_EDGE('',*,*,#1110,.T.);
#1110 = EDGE_CURVE('',#1085,#1026,#1111,.T.);
#1111 = SURFACE_CURVE('',#1112,(#1117,#1128),.PCURVE_S1.);
#1112 = CIRCLE('',#1113,0.625);
#1113 = AXIS2_PLACEMENT_3D('',#1114,#1115,#1116);
#1114 = CARTESIAN_POINT('',(-3.75,-54.575,-1.5));
#1115 = DIRECTION('',(0.,-0.,-1.));
#1116 = DIRECTION('',(1.,-1.110223024625E-16,0.));
#1117 = PCURVE('',#72,#1118);
#1118 = DEFINITIONAL_REPRESENTATION('',(#1119),#1127);
#1119 = ( BOUNDED_CURVE() B_SPLINE_CURVE(2,(#1120,#1121,#1122,#1123,
#1124,#1125,#1126),.UNSPECIFIED.,.T.,.F.) B_SPLINE_CURVE_WITH_KNOTS((1,2
    ,2,2,2,1),(-2.094395102393,0.,2.094395102393,4.188790204786,
6.28318530718,8.377580409573),.UNSPECIFIED.) CURVE() 
GEOMETRIC_REPRESENTATION_ITEM() RATIONAL_B_SPLINE_CURVE((1.,0.5,1.,0.5,
1.,0.5,1.)) REPRESENTATION_ITEM('') );
#1120 = CARTESIAN_POINT('',(72.075,-39.575));
#1121 = CARTESIAN_POINT('',(72.075,-40.65753175473));
#1122 = CARTESIAN_POINT('',(71.1375,-40.11626587736));
#1123 = CARTESIAN_POINT('',(70.2,-39.575));
#1124 = CARTESIAN_POINT('',(71.1375,-39.03373412263));
#1125 = CARTESIAN_POINT('',(72.075,-38.49246824526));
#1126 = CARTESIAN_POINT('',(72.075,-39.575));
#1127 = ( GEOMETRIC_REPRESENTATION_CONTEXT(2) 
PARAMETRIC_REPRESENTATION_CONTEXT() REPRESENTATION_CONTEXT('2D SPACE',''
  ) );
#1128 = PCURVE('',#1129,#1134);
#1129 = CYLINDRICAL_SURFACE('',#1130,0.625);
#1130 = AXIS2_PLACEMENT_3D('',#1131,#1132,#1133);
#1131 = CARTESIAN_POINT('',(-3.75,-54.575,0.));
#1132 = DIRECTION('',(0.,-0.,-1.));
#1133 = DIRECTION('',(1.,-1.110223024625E-16,0.));
#1134 = DEFINITIONAL_REPRESENTATION('',(#1135),#1139);
#1135 = LINE('',#1136,#1137);
#1136 = CARTESIAN_POINT('',(0.,1.5));
#1137 = VECTOR('',#1138,1.);
#1138 = DIRECTION('',(1.,0.));
#1139 = ( GEOMETRIC_REPRESENTATION_CONTEXT(2) 
PARAMETRIC_REPRESENTATION_CONTEXT() REPRESENTATION_CONTEXT('2D SPACE',''
  ) );
#1140 = FACE_BOUND('',#1141,.F.);
#1141 = EDGE_LOOP('',(#1142,#1170,#1203,#1229));
#1142 = ORIENTED_EDGE('',*,*,#1143,.F.);
#1143 = EDGE_CURVE('',#1144,#1146,#1148,.T.);
#1144 = VERTEX_POINT('',#1145);
#1145 = CARTESIAN_POINT('',(-15.825,-10.625,-1.5));
#1146 = VERTEX_POINT('',#1147);
#1147 = CARTESIAN_POINT('',(-54.575,-10.625,-1.5));
#1148 = SURFACE_CURVE('',#1149,(#1153,#1159),.PCURVE_S1.);
#1149 = LINE('',#1150,#1151);
#1150 = CARTESIAN_POINT('',(-64.8875,-10.625,-1.5));
#1151 = VECTOR('',#1152,1.);
#1152 = DIRECTION('',(-1.,0.,0.));
#1153 = PCURVE('',#72,#1154);
#1154 = DEFINITIONAL_REPRESENTATION('',(#1155),#1158);
#1155 = B_SPLINE_CURVE_WITH_KNOTS('',1,(#1156,#1157),.UNSPECIFIED.,.F.,
  .F.,(2,2),(-49.0625,-10.3125),.PIECEWISE_BEZIER_KNOTS.);
#1156 = CARTESIAN_POINT('',(59.375,4.375));
#1157 = CARTESIAN_POINT('',(20.625,4.375));
#1158 = ( GEOMETRIC_REPRESENTATION_CONTEXT(2) 
PARAMETRIC_REPRESENTATION_CONTEXT() REPRESENTATION_CONTEXT('2D SPACE',''
  ) );
#1159 = PCURVE('',#1160,#1165);
#1160 = PLANE('',#1161);
#1161 = AXIS2_PLACEMENT_3D('',#1162,#1163,#1164);
#1162 = CARTESIAN_POINT('',(-54.575,-10.625,0.));
#1163 = DIRECTION('',(0.,1.,0.));
#1164 = DIRECTION('',(1.,0.,0.));
#1165 = DEFINITIONAL_REPRESENTATION('',(#1166),#1169);
#1166 = B_SPLINE_CURVE_WITH_KNOTS('',1,(#1167,#1168),.UNSPECIFIED.,.F.,
  .F.,(2,2),(-49.0625,-10.3125),.PIECEWISE_BEZIER_KNOTS.);
#1167 = CARTESIAN_POINT('',(38.75,1.5));
#1168 = CARTESIAN_POINT('',(0.,1.5));
#1169 = ( GEOMETRIC_REPRESENTATION_CONTEXT(2) 
PARAMETRIC_REPRESENTATION_CONTEXT() REPRESENTATION_CONTEXT('2D SPACE',''
  ) );
#1170 = ORIENTED_EDGE('',*,*,#1171,.T.);
#1171 = EDGE_CURVE('',#1144,#1172,#1174,.T.);
#1172 = VERTEX_POINT('',#1173);
#1173 = CARTESIAN_POINT('',(-15.825,-11.875,-1.5));
#1174 = SURFACE_CURVE('',#1175,(#1180,#1191),.PCURVE_S1.);
#1175 = CIRCLE('',#1176,0.625);
#1176 = AXIS2_PLACEMENT_3D('',#1177,#1178,#1179);
#1177 = CARTESIAN_POINT('',(-15.825,-11.25,-1.5));
#1178 = DIRECTION('',(0.,0.,-1.));
#1179 = DIRECTION('',(0.,1.,0.));
#1180 = PCURVE('',#72,#1181);
#1181 = DEFINITIONAL_REPRESENTATION('',(#1182),#1190);
#1182 = ( BOUNDED_CURVE() B_SPLINE_CURVE(2,(#1183,#1184,#1185,#1186,
#1187,#1188,#1189),.UNSPECIFIED.,.T.,.F.) B_SPLINE_CURVE_WITH_KNOTS((1,2
    ,2,2,2,1),(-2.094395102393,0.,2.094395102393,4.188790204786,
6.28318530718,8.377580409573),.UNSPECIFIED.) CURVE() 
GEOMETRIC_REPRESENTATION_ITEM() RATIONAL_B_SPLINE_CURVE((1.,0.5,1.,0.5,
1.,0.5,1.)) REPRESENTATION_ITEM('') );
#1183 = CARTESIAN_POINT('',(59.375,4.375));
#1184 = CARTESIAN_POINT('',(60.457531754731,4.375));
#1185 = CARTESIAN_POINT('',(59.916265877365,3.4375));
#1186 = CARTESIAN_POINT('',(59.375,2.5));
#1187 = CARTESIAN_POINT('',(58.833734122635,3.4375));
#1188 = CARTESIAN_POINT('',(58.292468245269,4.375));
#1189 = CARTESIAN_POINT('',(59.375,4.375));
#1190 = ( GEOMETRIC_REPRESENTATION_CONTEXT(2) 
PARAMETRIC_REPRESENTATION_CONTEXT() REPRESENTATION_CONTEXT('2D SPACE',''
  ) );
#1191 = PCURVE('',#1192,#1197);
#1192 = CYLINDRICAL_SURFACE('',#1193,0.625);
#1193 = AXIS2_PLACEMENT_3D('',#1194,#1195,#1196);
#1194 = CARTESIAN_POINT('',(-15.825,-11.25,0.));
#1195 = DIRECTION('',(0.,0.,-1.));
#1196 = DIRECTION('',(0.,1.,0.));
#1197 = DEFINITIONAL_REPRESENTATION('',(#1198),#1202);
#1198 = LINE('',#1199,#1200);
#1199 = CARTESIAN_POINT('',(0.,1.5));
#1200 = VECTOR('',#1201,1.);
#1201 = DIRECTION('',(1.,0.));
#1202 = ( GEOMETRIC_REPRESENTATION_CONTEXT(2) 
PARAMETRIC_REPRESENTATION_CONTEXT() REPRESENTATION_CONTEXT('2D SPACE',''
  ) );
#1203 = ORIENTED_EDGE('',*,*,#1204,.F.);
#1204 = EDGE_CURVE('',#1205,#1172,#1207,.T.);
#1205 = VERTEX_POINT('',#1206);
#1206 = CARTESIAN_POINT('',(-54.575,-11.875,-1.5));
#1207 = SURFACE_CURVE('',#1208,(#1212,#1218),.PCURVE_S1.);
#1208 = LINE('',#1209,#1210);
#1209 = CARTESIAN_POINT('',(-45.5125,-11.875,-1.5));
#1210 = VECTOR('',#1211,1.);
#1211 = DIRECTION('',(1.,0.,-0.));
#1212 = PCURVE('',#72,#1213);
#1213 = DEFINITIONAL_REPRESENTATION('',(#1214),#1217);
#1214 = B_SPLINE_CURVE_WITH_KNOTS('',1,(#1215,#1216),.UNSPECIFIED.,.F.,
  .F.,(2,2),(-9.0625,29.6875),.PIECEWISE_BEZIER_KNOTS.);
#1215 = CARTESIAN_POINT('',(20.625,3.125));
#1216 = CARTESIAN_POINT('',(59.375,3.125));
#1217 = ( GEOMETRIC_REPRESENTATION_CONTEXT(2) 
PARAMETRIC_REPRESENTATION_CONTEXT() REPRESENTATION_CONTEXT('2D SPACE',''
  ) );
#1218 = PCURVE('',#1219,#1224);
#1219 = PLANE('',#1220);
#1220 = AXIS2_PLACEMENT_3D('',#1221,#1222,#1223);
#1221 = CARTESIAN_POINT('',(-15.825,-11.875,0.));
#1222 = DIRECTION('',(0.,-1.,0.));
#1223 = DIRECTION('',(-1.,0.,0.));
#1224 = DEFINITIONAL_REPRESENTATION('',(#1225),#1228);
#1225 = B_SPLINE_CURVE_WITH_KNOTS('',1,(#1226,#1227),.UNSPECIFIED.,.F.,
  .F.,(2,2),(-9.0625,29.6875),.PIECEWISE_BEZIER_KNOTS.);
#1226 = CARTESIAN_POINT('',(38.75,1.5));
#1227 = CARTESIAN_POINT('',(0.,1.5));
#1228 = ( GEOMETRIC_REPRESENTATION_CONTEXT(2) 
PARAMETRIC_REPRESENTATION_CONTEXT() REPRESENTATION_CONTEXT('2D SPACE',''
  ) );
#1229 = ORIENTED_EDGE('',*,*,#1230,.T.);
#1230 = EDGE_CURVE('',#1205,#1146,#1231,.T.);
#1231 = SURFACE_CURVE('',#1232,(#1237,#1248),.PCURVE_S1.);
#1232 = CIRCLE('',#1233,0.625);
#1233 = AXIS2_PLACEMENT_3D('',#1234,#1235,#1236);
#1234 = CARTESIAN_POINT('',(-54.575,-11.25,-1.5));
#1235 = DIRECTION('',(0.,-0.,-1.));
#1236 = DIRECTION('',(0.,-1.,0.));
#1237 = PCURVE('',#72,#1238);
#1238 = DEFINITIONAL_REPRESENTATION('',(#1239),#1247);
#1239 = ( BOUNDED_CURVE() B_SPLINE_CURVE(2,(#1240,#1241,#1242,#1243,
#1244,#1245,#1246),.UNSPECIFIED.,.T.,.F.) B_SPLINE_CURVE_WITH_KNOTS((1,2
    ,2,2,2,1),(-2.094395102393,0.,2.094395102393,4.188790204786,
6.28318530718,8.377580409573),.UNSPECIFIED.) CURVE() 
GEOMETRIC_REPRESENTATION_ITEM() RATIONAL_B_SPLINE_CURVE((1.,0.5,1.,0.5,
1.,0.5,1.)) REPRESENTATION_ITEM('') );
#1240 = CARTESIAN_POINT('',(20.625,3.125));
#1241 = CARTESIAN_POINT('',(19.542468245269,3.125));
#1242 = CARTESIAN_POINT('',(20.083734122635,4.0625));
#1243 = CARTESIAN_POINT('',(20.625,5.));
#1244 = CARTESIAN_POINT('',(21.166265877365,4.0625));
#1245 = CARTESIAN_POINT('',(21.707531754731,3.125));
#1246 = CARTESIAN_POINT('',(20.625,3.125));
#1247 = ( GEOMETRIC_REPRESENTATION_CONTEXT(2) 
PARAMETRIC_REPRESENTATION_CONTEXT() REPRESENTATION_CONTEXT('2D SPACE',''
  ) );
#1248 = PCURVE('',#1249,#1254);
#1249 = CYLINDRICAL_SURFACE('',#1250,0.625);
#1250 = AXIS2_PLACEMENT_3D('',#1251,#1252,#1253);
#1251 = CARTESIAN_POINT('',(-54.575,-11.25,0.));
#1252 = DIRECTION('',(0.,-0.,-1.));
#1253 = DIRECTION('',(0.,-1.,0.));
#1254 = DEFINITIONAL_REPRESENTATION('',(#1255),#1259);
#1255 = LINE('',#1256,#1257);
#1256 = CARTESIAN_POINT('',(0.,1.5));
#1257 = VECTOR('',#1258,1.);
#1258 = DIRECTION('',(1.,0.));
#1259 = ( GEOMETRIC_REPRESENTATION_CONTEXT(2) 
PARAMETRIC_REPRESENTATION_CONTEXT() REPRESENTATION_CONTEXT('2D SPACE',''
  ) );
#1260 = FACE_BOUND('',#1261,.F.);
#1261 = EDGE_LOOP('',(#1262,#1290,#1323,#1349));
#1262 = ORIENTED_EDGE('',*,*,#1263,.F.);
#1263 = EDGE_CURVE('',#1264,#1266,#1268,.T.);
#1264 = VERTEX_POINT('',#1265);
#1265 = CARTESIAN_POINT('',(-15.825,-6.875,-1.5));
#1266 = VERTEX_POINT('',#1267);
#1267 = CARTESIAN_POINT('',(-54.575,-6.875,-1.5));
#1268 = SURFACE_CURVE('',#1269,(#1273,#1279),.PCURVE_S1.);
#1269 = LINE('',#1270,#1271);
#1270 = CARTESIAN_POINT('',(-64.8875,-6.875,-1.5));
#1271 = VECTOR('',#1272,1.);
#1272 = DIRECTION('',(-1.,0.,0.));
#1273 = PCURVE('',#72,#1274);
#1274 = DEFINITIONAL_REPRESENTATION('',(#1275),#1278);
#1275 = B_SPLINE_CURVE_WITH_KNOTS('',1,(#1276,#1277),.UNSPECIFIED.,.F.,
  .F.,(2,2),(-49.0625,-10.3125),.PIECEWISE_BEZIER_KNOTS.);
#1276 = CARTESIAN_POINT('',(59.375,8.125));
#1277 = CARTESIAN_POINT('',(20.625,8.125));
#1278 = ( GEOMETRIC_REPRESENTATION_CONTEXT(2) 
PARAMETRIC_REPRESENTATION_CONTEXT() REPRESENTATION_CONTEXT('2D SPACE',''
  ) );
#1279 = PCURVE('',#1280,#1285);
#1280 = PLANE('',#1281);
#1281 = AXIS2_PLACEMENT_3D('',#1282,#1283,#1284);
#1282 = CARTESIAN_POINT('',(-54.575,-6.875,0.));
#1283 = DIRECTION('',(0.,1.,0.));
#1284 = DIRECTION('',(1.,0.,0.));
#1285 = DEFINITIONAL_REPRESENTATION('',(#1286),#1289);
#1286 = B_SPLINE_CURVE_WITH_KNOTS('',1,(#1287,#1288),.UNSPECIFIED.,.F.,
  .F.,(2,2),(-49.0625,-10.3125),.PIECEWISE_BEZIER_KNOTS.);
#1287 = CARTESIAN_POINT('',(38.75,1.5));
#1288 = CARTESIAN_POINT('',(0.,1.5));
#1289 = ( GEOMETRIC_REPRESENTATION_CONTEXT(2) 
PARAMETRIC_REPRESENTATION_CONTEXT() REPRESENTATION_CONTEXT('2D SPACE',''
  ) );
#1290 = ORIENTED_EDGE('',*,*,#1291,.T.);
#1291 = EDGE_CURVE('',#1264,#1292,#1294,.T.);
#1292 = VERTEX_POINT('',#1293);
#1293 = CARTESIAN_POINT('',(-15.825,-8.125,-1.5));
#1294 = SURFACE_CURVE('',#1295,(#1300,#1311),.PCURVE_S1.);
#1295 = CIRCLE('',#1296,0.625);
#1296 = AXIS2_PLACEMENT_3D('',#1297,#1298,#1299);
#1297 = CARTESIAN_POINT('',(-15.825,-7.5,-1.5));
#1298 = DIRECTION('',(0.,0.,-1.));
#1299 = DIRECTION('',(0.,1.,0.));
#1300 = PCURVE('',#72,#1301);
#1301 = DEFINITIONAL_REPRESENTATION('',(#1302),#1310);
#1302 = ( BOUNDED_CURVE() B_SPLINE_CURVE(2,(#1303,#1304,#1305,#1306,
#1307,#1308,#1309),.UNSPECIFIED.,.T.,.F.) B_SPLINE_CURVE_WITH_KNOTS((1,2
    ,2,2,2,1),(-2.094395102393,0.,2.094395102393,4.188790204786,
6.28318530718,8.377580409573),.UNSPECIFIED.) CURVE() 
GEOMETRIC_REPRESENTATION_ITEM() RATIONAL_B_SPLINE_CURVE((1.,0.5,1.,0.5,
1.,0.5,1.)) REPRESENTATION_ITEM('') );
#1303 = CARTESIAN_POINT('',(59.375,8.125));
#1304 = CARTESIAN_POINT('',(60.457531754731,8.125));
#1305 = CARTESIAN_POINT('',(59.916265877365,7.1875));
#1306 = CARTESIAN_POINT('',(59.375,6.25));
#1307 = CARTESIAN_POINT('',(58.833734122635,7.1875));
#1308 = CARTESIAN_POINT('',(58.292468245269,8.125));
#1309 = CARTESIAN_POINT('',(59.375,8.125));
#1310 = ( GEOMETRIC_REPRESENTATION_CONTEXT(2) 
PARAMETRIC_REPRESENTATION_CONTEXT() REPRESENTATION_CONTEXT('2D SPACE',''
  ) );
#1311 = PCURVE('',#1312,#1317);
#1312 = CYLINDRICAL_SURFACE('',#1313,0.625);
#1313 = AXIS2_PLACEMENT_3D('',#1314,#1315,#1316);
#1314 = CARTESIAN_POINT('',(-15.825,-7.5,0.));
#1315 = DIRECTION('',(0.,0.,-1.));
#1316 = DIRECTION('',(0.,1.,0.));
#1317 = DEFINITIONAL_REPRESENTATION('',(#1318),#1322);
#1318 = LINE('',#1319,#1320);
#1319 = CARTESIAN_POINT('',(0.,1.5));
#1320 = VECTOR('',#1321,1.);
#1321 = DIRECTION('',(1.,0.));
#1322 = ( GEOMETRIC_REPRESENTATION_CONTEXT(2) 
PARAMETRIC_REPRESENTATION_CONTEXT() REPRESENTATION_CONTEXT('2D SPACE',''
  ) );
#1323 = ORIENTED_EDGE('',*,*,#1324,.F.);
#1324 = EDGE_CURVE('',#1325,#1292,#1327,.T.);
#1325 = VERTEX_POINT('',#1326);
#1326 = CARTESIAN_POINT('',(-54.575,-8.125,-1.5));
#1327 = SURFACE_CURVE('',#1328,(#1332,#1338),.PCURVE_S1.);
#1328 = LINE('',#1329,#1330);
#1329 = CARTESIAN_POINT('',(-45.5125,-8.125,-1.5));
#1330 = VECTOR('',#1331,1.);
#1331 = DIRECTION('',(1.,0.,-0.));
#1332 = PCURVE('',#72,#1333);
#1333 = DEFINITIONAL_REPRESENTATION('',(#1334),#1337);
#1334 = B_SPLINE_CURVE_WITH_KNOTS('',1,(#1335,#1336),.UNSPECIFIED.,.F.,
  .F.,(2,2),(-9.0625,29.6875),.PIECEWISE_BEZIER_KNOTS.);
#1335 = CARTESIAN_POINT('',(20.625,6.875));
#1336 = CARTESIAN_POINT('',(59.375,6.875));
#1337 = ( GEOMETRIC_REPRESENTATION_CONTEXT(2) 
PARAMETRIC_REPRESENTATION_CONTEXT() REPRESENTATION_CONTEXT('2D SPACE',''
  ) );
#1338 = PCURVE('',#1339,#1344);
#1339 = PLANE('',#1340);
#1340 = AXIS2_PLACEMENT_3D('',#1341,#1342,#1343);
#1341 = CARTESIAN_POINT('',(-15.825,-8.125,0.));
#1342 = DIRECTION('',(0.,-1.,0.));
#1343 = DIRECTION('',(-1.,0.,0.));
#1344 = DEFINITIONAL_REPRESENTATION('',(#1345),#1348);
#1345 = B_SPLINE_CURVE_WITH_KNOTS('',1,(#1346,#1347),.UNSPECIFIED.,.F.,
  .F.,(2,2),(-9.0625,29.6875),.PIECEWISE_BEZIER_KNOTS.);
#1346 = CARTESIAN_POINT('',(38.75,1.5));
#1347 = CARTESIAN_POINT('',(0.,1.5));
#1348 = ( GEOMETRIC_REPRESENTATION_CONTEXT(2) 
PARAMETRIC_REPRESENTATION_CONTEXT() REPRESENTATION_CONTEXT('2D SPACE',''
  ) );
#1349 = ORIENTED_EDGE('',*,*,#1350,.T.);
#1350 = EDGE_CURVE('',#1325,#1266,#1351,.T.);
#1351 = SURFACE_CURVE('',#1352,(#1357,#1368),.PCURVE_S1.);
#1352 = CIRCLE('',#1353,0.625);
#1353 = AXIS2_PLACEMENT_3D('',#1354,#1355,#1356);
#1354 = CARTESIAN_POINT('',(-54.575,-7.5,-1.5));
#1355 = DIRECTION('',(0.,-0.,-1.));
#1356 = DIRECTION('',(0.,-1.,0.));
#1357 = PCURVE('',#72,#1358);
#1358 = DEFINITIONAL_REPRESENTATION('',(#1359),#1367);
#1359 = ( BOUNDED_CURVE() B_SPLINE_CURVE(2,(#1360,#1361,#1362,#1363,
#1364,#1365,#1366),.UNSPECIFIED.,.T.,.F.) B_SPLINE_CURVE_WITH_KNOTS((1,2
    ,2,2,2,1),(-2.094395102393,0.,2.094395102393,4.188790204786,
6.28318530718,8.377580409573),.UNSPECIFIED.) CURVE() 
GEOMETRIC_REPRESENTATION_ITEM() RATIONAL_B_SPLINE_CURVE((1.,0.5,1.,0.5,
1.,0.5,1.)) REPRESENTATION_ITEM('') );
#1360 = CARTESIAN_POINT('',(20.625,6.875));
#1361 = CARTESIAN_POINT('',(19.542468245269,6.875));
#1362 = CARTESIAN_POINT('',(20.083734122635,7.8125));
#1363 = CARTESIAN_POINT('',(20.625,8.75));
#1364 = CARTESIAN_POINT('',(21.166265877365,7.8125));
#1365 = CARTESIAN_POINT('',(21.707531754731,6.875));
#1366 = CARTESIAN_POINT('',(20.625,6.875));
#1367 = ( GEOMETRIC_REPRESENTATION_CONTEXT(2) 
PARAMETRIC_REPRESENTATION_CONTEXT() REPRESENTATION_CONTEXT('2D SPACE',''
  ) );
#1368 = PCURVE('',#1369,#1374);
#1369 = CYLINDRICAL_SURFACE('',#1370,0.625);
#1370 = AXIS2_PLACEMENT_3D('',#1371,#1372,#1373);
#1371 = CARTESIAN_POINT('',(-54.575,-7.5,0.));
#1372 = DIRECTION('',(0.,-0.,-1.));
#1373 = DIRECTION('',(0.,-1.,0.));
#1374 = DEFINITIONAL_REPRESENTATION('',(#1375),#1379);
#1375 = LINE('',#1376,#1377);
#1376 = CARTESIAN_POINT('',(0.,1.5));
#1377 = VECTOR('',#1378,1.);
#1378 = DIRECTION('',(1.,0.));
#1379 = ( GEOMETRIC_REPRESENTATION_CONTEXT(2) 
PARAMETRIC_REPRESENTATION_CONTEXT() REPRESENTATION_CONTEXT('2D SPACE',''
  ) );
#1380 = FACE_BOUND('',#1381,.F.);
#1381 = EDGE_LOOP('',(#1382,#1410,#1443,#1469));
#1382 = ORIENTED_EDGE('',*,*,#1383,.F.);
#1383 = EDGE_CURVE('',#1384,#1386,#1388,.T.);
#1384 = VERTEX_POINT('',#1385);
#1385 = CARTESIAN_POINT('',(-15.825,-3.125,-1.5));
#1386 = VERTEX_POINT('',#1387);
#1387 = CARTESIAN_POINT('',(-54.575,-3.125,-1.5));
#1388 = SURFACE_CURVE('',#1389,(#1393,#1399),.PCURVE_S1.);
#1389 = LINE('',#1390,#1391);
#1390 = CARTESIAN_POINT('',(-64.8875,-3.125,-1.5));
#1391 = VECTOR('',#1392,1.);
#1392 = DIRECTION('',(-1.,0.,0.));
#1393 = PCURVE('',#72,#1394);
#1394 = DEFINITIONAL_REPRESENTATION('',(#1395),#1398);
#1395 = B_SPLINE_CURVE_WITH_KNOTS('',1,(#1396,#1397),.UNSPECIFIED.,.F.,
  .F.,(2,2),(-49.0625,-10.3125),.PIECEWISE_BEZIER_KNOTS.);
#1396 = CARTESIAN_POINT('',(59.375,11.875));
#1397 = CARTESIAN_POINT('',(20.625,11.875));
#1398 = ( GEOMETRIC_REPRESENTATION_CONTEXT(2) 
PARAMETRIC_REPRESENTATION_CONTEXT() REPRESENTATION_CONTEXT('2D SPACE',''
  ) );
#1399 = PCURVE('',#1400,#1405);
#1400 = PLANE('',#1401);
#1401 = AXIS2_PLACEMENT_3D('',#1402,#1403,#1404);
#1402 = CARTESIAN_POINT('',(-54.575,-3.125,0.));
#1403 = DIRECTION('',(0.,1.,0.));
#1404 = DIRECTION('',(1.,0.,0.));
#1405 = DEFINITIONAL_REPRESENTATION('',(#1406),#1409);
#1406 = B_SPLINE_CURVE_WITH_KNOTS('',1,(#1407,#1408),.UNSPECIFIED.,.F.,
  .F.,(2,2),(-49.0625,-10.3125),.PIECEWISE_BEZIER_KNOTS.);
#1407 = CARTESIAN_POINT('',(38.75,1.5));
#1408 = CARTESIAN_POINT('',(0.,1.5));
#1409 = ( GEOMETRIC_REPRESENTATION_CONTEXT(2) 
PARAMETRIC_REPRESENTATION_CONTEXT() REPRESENTATION_CONTEXT('2D SPACE',''
  ) );
#1410 = ORIENTED_EDGE('',*,*,#1411,.T.);
#1411 = EDGE_CURVE('',#1384,#1412,#1414,.T.);
#1412 = VERTEX_POINT('',#1413);
#1413 = CARTESIAN_POINT('',(-15.825,-4.375,-1.5));
#1414 = SURFACE_CURVE('',#1415,(#1420,#1431),.PCURVE_S1.);
#1415 = CIRCLE('',#1416,0.625);
#1416 = AXIS2_PLACEMENT_3D('',#1417,#1418,#1419);
#1417 = CARTESIAN_POINT('',(-15.825,-3.75,-1.5));
#1418 = DIRECTION('',(0.,0.,-1.));
#1419 = DIRECTION('',(0.,1.,0.));
#1420 = PCURVE('',#72,#1421);
#1421 = DEFINITIONAL_REPRESENTATION('',(#1422),#1430);
#1422 = ( BOUNDED_CURVE() B_SPLINE_CURVE(2,(#1423,#1424,#1425,#1426,
#1427,#1428,#1429),.UNSPECIFIED.,.T.,.F.) B_SPLINE_CURVE_WITH_KNOTS((1,2
    ,2,2,2,1),(-2.094395102393,0.,2.094395102393,4.188790204786,
6.28318530718,8.377580409573),.UNSPECIFIED.) CURVE() 
GEOMETRIC_REPRESENTATION_ITEM() RATIONAL_B_SPLINE_CURVE((1.,0.5,1.,0.5,
1.,0.5,1.)) REPRESENTATION_ITEM('') );
#1423 = CARTESIAN_POINT('',(59.375,11.875));
#1424 = CARTESIAN_POINT('',(60.457531754731,11.875));
#1425 = CARTESIAN_POINT('',(59.916265877365,10.9375));
#1426 = CARTESIAN_POINT('',(59.375,10.));
#1427 = CARTESIAN_POINT('',(58.833734122635,10.9375));
#1428 = CARTESIAN_POINT('',(58.292468245269,11.875));
#1429 = CARTESIAN_POINT('',(59.375,11.875));
#1430 = ( GEOMETRIC_REPRESENTATION_CONTEXT(2) 
PARAMETRIC_REPRESENTATION_CONTEXT() REPRESENTATION_CONTEXT('2D SPACE',''
  ) );
#1431 = PCURVE('',#1432,#1437);
#1432 = CYLINDRICAL_SURFACE('',#1433,0.625);
#1433 = AXIS2_PLACEMENT_3D('',#1434,#1435,#1436);
#1434 = CARTESIAN_POINT('',(-15.825,-3.75,0.));
#1435 = DIRECTION('',(0.,0.,-1.));
#1436 = DIRECTION('',(0.,1.,0.));
#1437 = DEFINITIONAL_REPRESENTATION('',(#1438),#1442);
#1438 = LINE('',#1439,#1440);
#1439 = CARTESIAN_POINT('',(0.,1.5));
#1440 = VECTOR('',#1441,1.);
#1441 = DIRECTION('',(1.,0.));
#1442 = ( GEOMETRIC_REPRESENTATION_CONTEXT(2) 
PARAMETRIC_REPRESENTATION_CONTEXT() REPRESENTATION_CONTEXT('2D SPACE',''
  ) );
#1443 = ORIENTED_EDGE('',*,*,#1444,.F.);
#1444 = EDGE_CURVE('',#1445,#1412,#1447,.T.);
#1445 = VERTEX_POINT('',#1446);
#1446 = CARTESIAN_POINT('',(-54.575,-4.375,-1.5));
#1447 = SURFACE_CURVE('',#1448,(#1452,#1458),.PCURVE_S1.);
#1448 = LINE('',#1449,#1450);
#1449 = CARTESIAN_POINT('',(-45.5125,-4.375,-1.5));
#1450 = VECTOR('',#1451,1.);
#1451 = DIRECTION('',(1.,0.,-0.));
#1452 = PCURVE('',#72,#1453);
#1453 = DEFINITIONAL_REPRESENTATION('',(#1454),#1457);
#1454 = B_SPLINE_CURVE_WITH_KNOTS('',1,(#1455,#1456),.UNSPECIFIED.,.F.,
  .F.,(2,2),(-9.0625,29.6875),.PIECEWISE_BEZIER_KNOTS.);
#1455 = CARTESIAN_POINT('',(20.625,10.625));
#1456 = CARTESIAN_POINT('',(59.375,10.625));
#1457 = ( GEOMETRIC_REPRESENTATION_CONTEXT(2) 
PARAMETRIC_REPRESENTATION_CONTEXT() REPRESENTATION_CONTEXT('2D SPACE',''
  ) );
#1458 = PCURVE('',#1459,#1464);
#1459 = PLANE('',#1460);
#1460 = AXIS2_PLACEMENT_3D('',#1461,#1462,#1463);
#1461 = CARTESIAN_POINT('',(-15.825,-4.375,0.));
#1462 = DIRECTION('',(0.,-1.,0.));
#1463 = DIRECTION('',(-1.,0.,0.));
#1464 = DEFINITIONAL_REPRESENTATION('',(#1465),#1468);
#1465 = B_SPLINE_CURVE_WITH_KNOTS('',1,(#1466,#1467),.UNSPECIFIED.,.F.,
  .F.,(2,2),(-9.0625,29.6875),.PIECEWISE_BEZIER_KNOTS.);
#1466 = CARTESIAN_POINT('',(38.75,1.5));
#1467 = CARTESIAN_POINT('',(0.,1.5));
#1468 = ( GEOMETRIC_REPRESENTATION_CONTEXT(2) 
PARAMETRIC_REPRESENTATION_CONTEXT() REPRESENTATION_CONTEXT('2D SPACE',''
  ) );
#1469 = ORIENTED_EDGE('',*,*,#1470,.T.);
#1470 = EDGE_CURVE('',#1445,#1386,#1471,.T.);
#1471 = SURFACE_CURVE('',#1472,(#1477,#1488),.PCURVE_S1.);
#1472 = CIRCLE('',#1473,0.625);
#1473 = AXIS2_PLACEMENT_3D('',#1474,#1475,#1476);
#1474 = CARTESIAN_POINT('',(-54.575,-3.75,-1.5));
#1475 = DIRECTION('',(0.,-0.,-1.));
#1476 = DIRECTION('',(0.,-1.,0.));
#1477 = PCURVE('',#72,#1478);
#1478 = DEFINITIONAL_REPRESENTATION('',(#1479),#1487);
#1479 = ( BOUNDED_CURVE() B_SPLINE_CURVE(2,(#1480,#1481,#1482,#1483,
#1484,#1485,#1486),.UNSPECIFIED.,.T.,.F.) B_SPLINE_CURVE_WITH_KNOTS((1,2
    ,2,2,2,1),(-2.094395102393,0.,2.094395102393,4.188790204786,
6.28318530718,8.377580409573),.UNSPECIFIED.) CURVE() 
GEOMETRIC_REPRESENTATION_ITEM() RATIONAL_B_SPLINE_CURVE((1.,0.5,1.,0.5,
1.,0.5,1.)) REPRESENTATION_ITEM('') );
#1480 = CARTESIAN_POINT('',(20.625,10.625));
#1481 = CARTESIAN_POINT('',(19.542468245269,10.625));
#1482 = CARTESIAN_POINT('',(20.083734122635,11.5625));
#1483 = CARTESIAN_POINT('',(20.625,12.5));
#1484 = CARTESIAN_POINT('',(21.166265877365,11.5625));
#1485 = CARTESIAN_POINT('',(21.707531754731,10.625));
#1486 = CARTESIAN_POINT('',(20.625,10.625));
#1487 = ( GEOMETRIC_REPRESENTATION_CONTEXT(2) 
PARAMETRIC_REPRESENTATION_CONTEXT() REPRESENTATION_CONTEXT('2D SPACE',''
  ) );
#1488 = PCURVE('',#1489,#1494);
#1489 = CYLINDRICAL_SURFACE('',#1490,0.625);
#1490 = AXIS2_PLACEMENT_3D('',#1491,#1492,#1493);
#1491 = CARTESIAN_POINT('',(-54.575,-3.75,0.));
#1492 = DIRECTION('',(0.,-0.,-1.));
#1493 = DIRECTION('',(0.,-1.,0.));
#1494 = DEFINITIONAL_REPRESENTATION('',(#1495),#1499);
#1495 = LINE('',#1496,#1497);
#1496 = CARTESIAN_POINT('',(0.,1.5));
#1497 = VECTOR('',#1498,1.);
#1498 = DIRECTION('',(1.,0.));
#1499 = ( GEOMETRIC_REPRESENTATION_CONTEXT(2) 
PARAMETRIC_REPRESENTATION_CONTEXT() REPRESENTATION_CONTEXT('2D SPACE',''
  ) );
#1500 = FACE_BOUND('',#1501,.F.);
#1501 = EDGE_LOOP('',(#1502,#1530,#1563,#1589));
#1502 = ORIENTED_EDGE('',*,*,#1503,.F.);
#1503 = EDGE_CURVE('',#1504,#1506,#1508,.T.);
#1504 = VERTEX_POINT('',#1505);
#1505 = CARTESIAN_POINT('',(-0.625,-15.825,-1.5));
#1506 = VERTEX_POINT('',#1507);
#1507 = CARTESIAN_POINT('',(-0.625,-54.575,-1.5));
#1508 = SURFACE_CURVE('',#1509,(#1513,#1519),.PCURVE_S1.);
#1509 = LINE('',#1510,#1511);
#1510 = CARTESIAN_POINT('',(-0.625,-34.7875,-1.5));
#1511 = VECTOR('',#1512,1.);
#1512 = DIRECTION('',(-1.110223024625E-16,-1.,0.));
#1513 = PCURVE('',#72,#1514);
#1514 = DEFINITIONAL_REPRESENTATION('',(#1515),#1518);
#1515 = B_SPLINE_CURVE_WITH_KNOTS('',1,(#1516,#1517),.UNSPECIFIED.,.F.,
  .F.,(2,2),(-18.9625,19.7875),.PIECEWISE_BEZIER_KNOTS.);
#1516 = CARTESIAN_POINT('',(74.575,-0.825));
#1517 = CARTESIAN_POINT('',(74.575,-39.575));
#1518 = ( GEOMETRIC_REPRESENTATION_CONTEXT(2) 
PARAMETRIC_REPRESENTATION_CONTEXT() REPRESENTATION_CONTEXT('2D SPACE',''
  ) );
#1519 = PCURVE('',#1520,#1525);
#1520 = PLANE('',#1521);
#1521 = AXIS2_PLACEMENT_3D('',#1522,#1523,#1524);
#1522 = CARTESIAN_POINT('',(-0.625,-54.575,0.));
#1523 = DIRECTION('',(-1.,1.110223024625E-16,0.));
#1524 = DIRECTION('',(1.110223024625E-16,1.,0.));
#1525 = DEFINITIONAL_REPRESENTATION('',(#1526),#1529);
#1526 = B_SPLINE_CURVE_WITH_KNOTS('',1,(#1527,#1528),.UNSPECIFIED.,.F.,
  .F.,(2,2),(-18.9625,19.7875),.PIECEWISE_BEZIER_KNOTS.);
#1527 = CARTESIAN_POINT('',(38.75,1.5));
#1528 = CARTESIAN_POINT('',(0.,1.5));
#1529 = ( GEOMETRIC_REPRESENTATION_CONTEXT(2) 
PARAMETRIC_REPRESENTATION_CONTEXT() REPRESENTATION_CONTEXT('2D SPACE',''
  ) );
#1530 = ORIENTED_EDGE('',*,*,#1531,.T.);
#1531 = EDGE_CURVE('',#1504,#1532,#1534,.T.);
#1532 = VERTEX_POINT('',#1533);
#1533 = CARTESIAN_POINT('',(0.625,-15.825,-1.5));
#1534 = SURFACE_CURVE('',#1535,(#1540,#1551),.PCURVE_S1.);
#1535 = CIRCLE('',#1536,0.625);
#1536 = AXIS2_PLACEMENT_3D('',#1537,#1538,#1539);
#1537 = CARTESIAN_POINT('',(2.206568261442E-15,-15.825,-1.5));
#1538 = DIRECTION('',(0.,0.,-1.));
#1539 = DIRECTION('',(-1.,1.110223024625E-16,0.));
#1540 = PCURVE('',#72,#1541);
#1541 = DEFINITIONAL_REPRESENTATION('',(#1542),#1550);
#1542 = ( BOUNDED_CURVE() B_SPLINE_CURVE(2,(#1543,#1544,#1545,#1546,
#1547,#1548,#1549),.UNSPECIFIED.,.T.,.F.) B_SPLINE_CURVE_WITH_KNOTS((1,2
    ,2,2,2,1),(-2.094395102393,0.,2.094395102393,4.188790204786,
6.28318530718,8.377580409573),.UNSPECIFIED.) CURVE() 
GEOMETRIC_REPRESENTATION_ITEM() RATIONAL_B_SPLINE_CURVE((1.,0.5,1.,0.5,
1.,0.5,1.)) REPRESENTATION_ITEM('') );
#1543 = CARTESIAN_POINT('',(74.575,-0.825));
#1544 = CARTESIAN_POINT('',(74.575,0.257531754731));
#1545 = CARTESIAN_POINT('',(75.5125,-0.283734122635));
#1546 = CARTESIAN_POINT('',(76.45,-0.825));
#1547 = CARTESIAN_POINT('',(75.5125,-1.366265877365));
#1548 = CARTESIAN_POINT('',(74.575,-1.907531754731));
#1549 = CARTESIAN_POINT('',(74.575,-0.825));
#1550 = ( GEOMETRIC_REPRESENTATION_CONTEXT(2) 
PARAMETRIC_REPRESENTATION_CONTEXT() REPRESENTATION_CONTEXT('2D SPACE',''
  ) );
#1551 = PCURVE('',#1552,#1557);
#1552 = CYLINDRICAL_SURFACE('',#1553,0.625);
#1553 = AXIS2_PLACEMENT_3D('',#1554,#1555,#1556);
#1554 = CARTESIAN_POINT('',(2.206568261442E-15,-15.825,0.));
#1555 = DIRECTION('',(0.,0.,-1.));
#1556 = DIRECTION('',(-1.,1.110223024625E-16,0.));
#1557 = DEFINITIONAL_REPRESENTATION('',(#1558),#1562);
#1558 = LINE('',#1559,#1560);
#1559 = CARTESIAN_POINT('',(0.,1.5));
#1560 = VECTOR('',#1561,1.);
#1561 = DIRECTION('',(1.,0.));
#1562 = ( GEOMETRIC_REPRESENTATION_CONTEXT(2) 
PARAMETRIC_REPRESENTATION_CONTEXT() REPRESENTATION_CONTEXT('2D SPACE',''
  ) );
#1563 = ORIENTED_EDGE('',*,*,#1564,.F.);
#1564 = EDGE_CURVE('',#1565,#1532,#1567,.T.);
#1565 = VERTEX_POINT('',#1566);
#1566 = CARTESIAN_POINT('',(0.625,-54.575,-1.5));
#1567 = SURFACE_CURVE('',#1568,(#1572,#1578),.PCURVE_S1.);
#1568 = LINE('',#1569,#1570);
#1569 = CARTESIAN_POINT('',(0.625,-15.4125,-1.5));
#1570 = VECTOR('',#1571,1.);
#1571 = DIRECTION('',(1.110223024625E-16,1.,-0.));
#1572 = PCURVE('',#72,#1573);
#1573 = DEFINITIONAL_REPRESENTATION('',(#1574),#1577);
#1574 = B_SPLINE_CURVE_WITH_KNOTS('',1,(#1575,#1576),.UNSPECIFIED.,.F.,
  .F.,(2,2),(-39.1625,-0.4125),.PIECEWISE_BEZIER_KNOTS.);
#1575 = CARTESIAN_POINT('',(75.825,-39.575));
#1576 = CARTESIAN_POINT('',(75.825,-0.825));
#1577 = ( GEOMETRIC_REPRESENTATION_CONTEXT(2) 
PARAMETRIC_REPRESENTATION_CONTEXT() REPRESENTATION_CONTEXT('2D SPACE',''
  ) );
#1578 = PCURVE('',#1579,#1584);
#1579 = PLANE('',#1580);
#1580 = AXIS2_PLACEMENT_3D('',#1581,#1582,#1583);
#1581 = CARTESIAN_POINT('',(0.625,-15.825,0.));
#1582 = DIRECTION('',(1.,-1.110223024625E-16,0.));
#1583 = DIRECTION('',(-1.110223024625E-16,-1.,0.));
#1584 = DEFINITIONAL_REPRESENTATION('',(#1585),#1588);
#1585 = B_SPLINE_CURVE_WITH_KNOTS('',1,(#1586,#1587),.UNSPECIFIED.,.F.,
  .F.,(2,2),(-39.1625,-0.4125),.PIECEWISE_BEZIER_KNOTS.);
#1586 = CARTESIAN_POINT('',(38.75,1.5));
#1587 = CARTESIAN_POINT('',(0.,1.5));
#1588 = ( GEOMETRIC_REPRESENTATION_CONTEXT(2) 
PARAMETRIC_REPRESENTATION_CONTEXT() REPRESENTATION_CONTEXT('2D SPACE',''
  ) );
#1589 = ORIENTED_EDGE('',*,*,#1590,.T.);
#1590 = EDGE_CURVE('',#1565,#1506,#1591,.T.);
#1591 = SURFACE_CURVE('',#1592,(#1597,#1608),.PCURVE_S1.);
#1592 = CIRCLE('',#1593,0.625);
#1593 = AXIS2_PLACEMENT_3D('',#1594,#1595,#1596);
#1594 = CARTESIAN_POINT('',(-2.206568261442E-15,-54.575,-1.5));
#1595 = DIRECTION('',(0.,-0.,-1.));
#1596 = DIRECTION('',(1.,-1.110223024625E-16,0.));
#1597 = PCURVE('',#72,#1598);
#1598 = DEFINITIONAL_REPRESENTATION('',(#1599),#1607);
#1599 = ( BOUNDED_CURVE() B_SPLINE_CURVE(2,(#1600,#1601,#1602,#1603,
#1604,#1605,#1606),.UNSPECIFIED.,.T.,.F.) B_SPLINE_CURVE_WITH_KNOTS((1,2
    ,2,2,2,1),(-2.094395102393,0.,2.094395102393,4.188790204786,
6.28318530718,8.377580409573),.UNSPECIFIED.) CURVE() 
GEOMETRIC_REPRESENTATION_ITEM() RATIONAL_B_SPLINE_CURVE((1.,0.5,1.,0.5,
1.,0.5,1.)) REPRESENTATION_ITEM('') );
#1600 = CARTESIAN_POINT('',(75.825,-39.575));
#1601 = CARTESIAN_POINT('',(75.825,-40.65753175473));
#1602 = CARTESIAN_POINT('',(74.8875,-40.11626587736));
#1603 = CARTESIAN_POINT('',(73.95,-39.575));
#1604 = CARTESIAN_POINT('',(74.8875,-39.03373412263));
#1605 = CARTESIAN_POINT('',(75.825,-38.49246824526));
#1606 = CARTESIAN_POINT('',(75.825,-39.575));
#1607 = ( GEOMETRIC_REPRESENTATION_CONTEXT(2) 
PARAMETRIC_REPRESENTATION_CONTEXT() REPRESENTATION_CONTEXT('2D SPACE',''
  ) );
#1608 = PCURVE('',#1609,#1614);
#1609 = CYLINDRICAL_SURFACE('',#1610,0.625);
#1610 = AXIS2_PLACEMENT_3D('',#1611,#1612,#1613);
#1611 = CARTESIAN_POINT('',(-2.206568261442E-15,-54.575,0.));
#1612 = DIRECTION('',(0.,-0.,-1.));
#1613 = DIRECTION('',(1.,-1.110223024625E-16,0.));
#1614 = DEFINITIONAL_REPRESENTATION('',(#1615),#1619);
#1615 = LINE('',#1616,#1617);
#1616 = CARTESIAN_POINT('',(0.,1.5));
#1617 = VECTOR('',#1618,1.);
#1618 = DIRECTION('',(1.,0.));
#1619 = ( GEOMETRIC_REPRESENTATION_CONTEXT(2) 
PARAMETRIC_REPRESENTATION_CONTEXT() REPRESENTATION_CONTEXT('2D SPACE',''
  ) );
#1620 = FACE_BOUND('',#1621,.F.);
#1621 = EDGE_LOOP('',(#1622,#1650,#1683,#1709));
#1622 = ORIENTED_EDGE('',*,*,#1623,.F.);
#1623 = EDGE_CURVE('',#1624,#1626,#1628,.T.);
#1624 = VERTEX_POINT('',#1625);
#1625 = CARTESIAN_POINT('',(3.125,-15.825,-1.5));
#1626 = VERTEX_POINT('',#1627);
#1627 = CARTESIAN_POINT('',(3.125,-54.575,-1.5));
#1628 = SURFACE_CURVE('',#1629,(#1633,#1639),.PCURVE_S1.);
#1629 = LINE('',#1630,#1631);
#1630 = CARTESIAN_POINT('',(3.125,-34.7875,-1.5));
#1631 = VECTOR('',#1632,1.);
#1632 = DIRECTION('',(-1.110223024625E-16,-1.,0.));
#1633 = PCURVE('',#72,#1634);
#1634 = DEFINITIONAL_REPRESENTATION('',(#1635),#1638);
#1635 = B_SPLINE_CURVE_WITH_KNOTS('',1,(#1636,#1637),.UNSPECIFIED.,.F.,
  .F.,(2,2),(-18.9625,19.7875),.PIECEWISE_BEZIER_KNOTS.);
#1636 = CARTESIAN_POINT('',(78.325,-0.825));
#1637 = CARTESIAN_POINT('',(78.325,-39.575));
#1638 = ( GEOMETRIC_REPRESENTATION_CONTEXT(2) 
PARAMETRIC_REPRESENTATION_CONTEXT() REPRESENTATION_CONTEXT('2D SPACE',''
  ) );
#1639 = PCURVE('',#1640,#1645);
#1640 = PLANE('',#1641);
#1641 = AXIS2_PLACEMENT_3D('',#1642,#1643,#1644);
#1642 = CARTESIAN_POINT('',(3.125,-54.575,0.));
#1643 = DIRECTION('',(-1.,1.110223024625E-16,0.));
#1644 = DIRECTION('',(1.110223024625E-16,1.,0.));
#1645 = DEFINITIONAL_REPRESENTATION('',(#1646),#1649);
#1646 = B_SPLINE_CURVE_WITH_KNOTS('',1,(#1647,#1648),.UNSPECIFIED.,.F.,
  .F.,(2,2),(-18.9625,19.7875),.PIECEWISE_BEZIER_KNOTS.);
#1647 = CARTESIAN_POINT('',(38.75,1.5));
#1648 = CARTESIAN_POINT('',(0.,1.5));
#1649 = ( GEOMETRIC_REPRESENTATION_CONTEXT(2) 
PARAMETRIC_REPRESENTATION_CONTEXT() REPRESENTATION_CONTEXT('2D SPACE',''
  ) );
#1650 = ORIENTED_EDGE('',*,*,#1651,.T.);
#1651 = EDGE_CURVE('',#1624,#1652,#1654,.T.);
#1652 = VERTEX_POINT('',#1653);
#1653 = CARTESIAN_POINT('',(4.375,-15.825,-1.5));
#1654 = SURFACE_CURVE('',#1655,(#1660,#1671),.PCURVE_S1.);
#1655 = CIRCLE('',#1656,0.625);
#1656 = AXIS2_PLACEMENT_3D('',#1657,#1658,#1659);
#1657 = CARTESIAN_POINT('',(3.75,-15.825,-1.5));
#1658 = DIRECTION('',(0.,0.,-1.));
#1659 = DIRECTION('',(-1.,1.110223024625E-16,0.));
#1660 = PCURVE('',#72,#1661);
#1661 = DEFINITIONAL_REPRESENTATION('',(#1662),#1670);
#1662 = ( BOUNDED_CURVE() B_SPLINE_CURVE(2,(#1663,#1664,#1665,#1666,
#1667,#1668,#1669),.UNSPECIFIED.,.T.,.F.) B_SPLINE_CURVE_WITH_KNOTS((1,2
    ,2,2,2,1),(-2.094395102393,0.,2.094395102393,4.188790204786,
6.28318530718,8.377580409573),.UNSPECIFIED.) CURVE() 
GEOMETRIC_REPRESENTATION_ITEM() RATIONAL_B_SPLINE_CURVE((1.,0.5,1.,0.5,
1.,0.5,1.)) REPRESENTATION_ITEM('') );
#1663 = CARTESIAN_POINT('',(78.325,-0.825));
#1664 = CARTESIAN_POINT('',(78.325,0.257531754731));
#1665 = CARTESIAN_POINT('',(79.2625,-0.283734122635));
#1666 = CARTESIAN_POINT('',(80.2,-0.825));
#1667 = CARTESIAN_POINT('',(79.2625,-1.366265877365));
#1668 = CARTESIAN_POINT('',(78.325,-1.907531754731));
#1669 = CARTESIAN_POINT('',(78.325,-0.825));
#1670 = ( GEOMETRIC_REPRESENTATION_CONTEXT(2) 
PARAMETRIC_REPRESENTATION_CONTEXT() REPRESENTATION_CONTEXT('2D SPACE',''
  ) );
#1671 = PCURVE('',#1672,#1677);
#1672 = CYLINDRICAL_SURFACE('',#1673,0.625);
#1673 = AXIS2_PLACEMENT_3D('',#1674,#1675,#1676);
#1674 = CARTESIAN_POINT('',(3.75,-15.825,0.));
#1675 = DIRECTION('',(0.,0.,-1.));
#1676 = DIRECTION('',(-1.,1.110223024625E-16,0.));
#1677 = DEFINITIONAL_REPRESENTATION('',(#1678),#1682);
#1678 = LINE('',#1679,#1680);
#1679 = CARTESIAN_POINT('',(0.,1.5));
#1680 = VECTOR('',#1681,1.);
#1681 = DIRECTION('',(1.,0.));
#1682 = ( GEOMETRIC_REPRESENTATION_CONTEXT(2) 
PARAMETRIC_REPRESENTATION_CONTEXT() REPRESENTATION_CONTEXT('2D SPACE',''
  ) );
#1683 = ORIENTED_EDGE('',*,*,#1684,.F.);
#1684 = EDGE_CURVE('',#1685,#1652,#1687,.T.);
#1685 = VERTEX_POINT('',#1686);
#1686 = CARTESIAN_POINT('',(4.375,-54.575,-1.5));
#1687 = SURFACE_CURVE('',#1688,(#1692,#1698),.PCURVE_S1.);
#1688 = LINE('',#1689,#1690);
#1689 = CARTESIAN_POINT('',(4.375,-15.4125,-1.5));
#1690 = VECTOR('',#1691,1.);
#1691 = DIRECTION('',(1.110223024625E-16,1.,-0.));
#1692 = PCURVE('',#72,#1693);
#1693 = DEFINITIONAL_REPRESENTATION('',(#1694),#1697);
#1694 = B_SPLINE_CURVE_WITH_KNOTS('',1,(#1695,#1696),.UNSPECIFIED.,.F.,
  .F.,(2,2),(-39.1625,-0.4125),.PIECEWISE_BEZIER_KNOTS.);
#1695 = CARTESIAN_POINT('',(79.575,-39.575));
#1696 = CARTESIAN_POINT('',(79.575,-0.825));
#1697 = ( GEOMETRIC_REPRESENTATION_CONTEXT(2) 
PARAMETRIC_REPRESENTATION_CONTEXT() REPRESENTATION_CONTEXT('2D SPACE',''
  ) );
#1698 = PCURVE('',#1699,#1704);
#1699 = PLANE('',#1700);
#1700 = AXIS2_PLACEMENT_3D('',#1701,#1702,#1703);
#1701 = CARTESIAN_POINT('',(4.375,-15.825,0.));
#1702 = DIRECTION('',(1.,-1.110223024625E-16,0.));
#1703 = DIRECTION('',(-1.110223024625E-16,-1.,0.));
#1704 = DEFINITIONAL_REPRESENTATION('',(#1705),#1708);
#1705 = B_SPLINE_CURVE_WITH_KNOTS('',1,(#1706,#1707),.UNSPECIFIED.,.F.,
  .F.,(2,2),(-39.1625,-0.4125),.PIECEWISE_BEZIER_KNOTS.);
#1706 = CARTESIAN_POINT('',(38.75,1.5));
#1707 = CARTESIAN_POINT('',(0.,1.5));
#1708 = ( GEOMETRIC_REPRESENTATION_CONTEXT(2) 
PARAMETRIC_REPRESENTATION_CONTEXT() REPRESENTATION_CONTEXT('2D SPACE',''
  ) );
#1709 = ORIENTED_EDGE('',*,*,#1710,.T.);
#1710 = EDGE_CURVE('',#1685,#1626,#1711,.T.);
#1711 = SURFACE_CURVE('',#1712,(#1717,#1728),.PCURVE_S1.);
#1712 = CIRCLE('',#1713,0.625);
#1713 = AXIS2_PLACEMENT_3D('',#1714,#1715,#1716);
#1714 = CARTESIAN_POINT('',(3.75,-54.575,-1.5));
#1715 = DIRECTION('',(0.,-0.,-1.));
#1716 = DIRECTION('',(1.,-1.110223024625E-16,0.));
#1717 = PCURVE('',#72,#1718);
#1718 = DEFINITIONAL_REPRESENTATION('',(#1719),#1727);
#1719 = ( BOUNDED_CURVE() B_SPLINE_CURVE(2,(#1720,#1721,#1722,#1723,
#1724,#1725,#1726),.UNSPECIFIED.,.T.,.F.) B_SPLINE_CURVE_WITH_KNOTS((1,2
    ,2,2,2,1),(-2.094395102393,0.,2.094395102393,4.188790204786,
6.28318530718,8.377580409573),.UNSPECIFIED.) CURVE() 
GEOMETRIC_REPRESENTATION_ITEM() RATIONAL_B_SPLINE_CURVE((1.,0.5,1.,0.5,
1.,0.5,1.)) REPRESENTATION_ITEM('') );
#1720 = CARTESIAN_POINT('',(79.575,-39.575));
#1721 = CARTESIAN_POINT('',(79.575,-40.65753175473));
#1722 = CARTESIAN_POINT('',(78.6375,-40.11626587736));
#1723 = CARTESIAN_POINT('',(77.7,-39.575));
#1724 = CARTESIAN_POINT('',(78.6375,-39.03373412263));
#1725 = CARTESIAN_POINT('',(79.575,-38.49246824526));
#1726 = CARTESIAN_POINT('',(79.575,-39.575));
#1727 = ( GEOMETRIC_REPRESENTATION_CONTEXT(2) 
PARAMETRIC_REPRESENTATION_CONTEXT() REPRESENTATION_CONTEXT('2D SPACE',''
  ) );
#1728 = PCURVE('',#1729,#1734);
#1729 = CYLINDRICAL_SURFACE('',#1730,0.625);
#1730 = AXIS2_PLACEMENT_3D('',#1731,#1732,#1733);
#1731 = CARTESIAN_POINT('',(3.75,-54.575,0.));
#1732 = DIRECTION('',(0.,-0.,-1.));
#1733 = DIRECTION('',(1.,-1.110223024625E-16,0.));
#1734 = DEFINITIONAL_REPRESENTATION('',(#1735),#1739);
#1735 = LINE('',#1736,#1737);
#1736 = CARTESIAN_POINT('',(0.,1.5));
#1737 = VECTOR('',#1738,1.);
#1738 = DIRECTION('',(1.,0.));
#1739 = ( GEOMETRIC_REPRESENTATION_CONTEXT(2) 
PARAMETRIC_REPRESENTATION_CONTEXT() REPRESENTATION_CONTEXT('2D SPACE',''
  ) );
#1740 = FACE_BOUND('',#1741,.F.);
#1741 = EDGE_LOOP('',(#1742,#1770,#1803,#1829));
#1742 = ORIENTED_EDGE('',*,*,#1743,.F.);
#1743 = EDGE_CURVE('',#1744,#1746,#1748,.T.);
#1744 = VERTEX_POINT('',#1745);
#1745 = CARTESIAN_POINT('',(6.875,-15.825,-1.5));
#1746 = VERTEX_POINT('',#1747);
#1747 = CARTESIAN_POINT('',(6.875,-54.575,-1.5));
#1748 = SURFACE_CURVE('',#1749,(#1753,#1759),.PCURVE_S1.);
#1749 = LINE('',#1750,#1751);
#1750 = CARTESIAN_POINT('',(6.875,-34.7875,-1.5));
#1751 = VECTOR('',#1752,1.);
#1752 = DIRECTION('',(-1.110223024625E-16,-1.,0.));
#1753 = PCURVE('',#72,#1754);
#1754 = DEFINITIONAL_REPRESENTATION('',(#1755),#1758);
#1755 = B_SPLINE_CURVE_WITH_KNOTS('',1,(#1756,#1757),.UNSPECIFIED.,.F.,
  .F.,(2,2),(-18.9625,19.7875),.PIECEWISE_BEZIER_KNOTS.);
#1756 = CARTESIAN_POINT('',(82.075,-0.825));
#1757 = CARTESIAN_POINT('',(82.075,-39.575));
#1758 = ( GEOMETRIC_REPRESENTATION_CONTEXT(2) 
PARAMETRIC_REPRESENTATION_CONTEXT() REPRESENTATION_CONTEXT('2D SPACE',''
  ) );
#1759 = PCURVE('',#1760,#1765);
#1760 = PLANE('',#1761);
#1761 = AXIS2_PLACEMENT_3D('',#1762,#1763,#1764);
#1762 = CARTESIAN_POINT('',(6.875,-54.575,0.));
#1763 = DIRECTION('',(-1.,1.110223024625E-16,0.));
#1764 = DIRECTION('',(1.110223024625E-16,1.,0.));
#1765 = DEFINITIONAL_REPRESENTATION('',(#1766),#1769);
#1766 = B_SPLINE_CURVE_WITH_KNOTS('',1,(#1767,#1768),.UNSPECIFIED.,.F.,
  .F.,(2,2),(-18.9625,19.7875),.PIECEWISE_BEZIER_KNOTS.);
#1767 = CARTESIAN_POINT('',(38.75,1.5));
#1768 = CARTESIAN_POINT('',(0.,1.5));
#1769 = ( GEOMETRIC_REPRESENTATION_CONTEXT(2) 
PARAMETRIC_REPRESENTATION_CONTEXT() REPRESENTATION_CONTEXT('2D SPACE',''
  ) );
#1770 = ORIENTED_EDGE('',*,*,#1771,.T.);
#1771 = EDGE_CURVE('',#1744,#1772,#1774,.T.);
#1772 = VERTEX_POINT('',#1773);
#1773 = CARTESIAN_POINT('',(8.125,-15.825,-1.5));
#1774 = SURFACE_CURVE('',#1775,(#1780,#1791),.PCURVE_S1.);
#1775 = CIRCLE('',#1776,0.625);
#1776 = AXIS2_PLACEMENT_3D('',#1777,#1778,#1779);
#1777 = CARTESIAN_POINT('',(7.5,-15.825,-1.5));
#1778 = DIRECTION('',(0.,0.,-1.));
#1779 = DIRECTION('',(-1.,1.110223024625E-16,0.));
#1780 = PCURVE('',#72,#1781);
#1781 = DEFINITIONAL_REPRESENTATION('',(#1782),#1790);
#1782 = ( BOUNDED_CURVE() B_SPLINE_CURVE(2,(#1783,#1784,#1785,#1786,
#1787,#1788,#1789),.UNSPECIFIED.,.T.,.F.) B_SPLINE_CURVE_WITH_KNOTS((1,2
    ,2,2,2,1),(-2.094395102393,0.,2.094395102393,4.188790204786,
6.28318530718,8.377580409573),.UNSPECIFIED.) CURVE() 
GEOMETRIC_REPRESENTATION_ITEM() RATIONAL_B_SPLINE_CURVE((1.,0.5,1.,0.5,
1.,0.5,1.)) REPRESENTATION_ITEM('') );
#1783 = CARTESIAN_POINT('',(82.075,-0.825));
#1784 = CARTESIAN_POINT('',(82.075,0.257531754731));
#1785 = CARTESIAN_POINT('',(83.0125,-0.283734122635));
#1786 = CARTESIAN_POINT('',(83.95,-0.825));
#1787 = CARTESIAN_POINT('',(83.0125,-1.366265877365));
#1788 = CARTESIAN_POINT('',(82.075,-1.907531754731));
#1789 = CARTESIAN_POINT('',(82.075,-0.825));
#1790 = ( GEOMETRIC_REPRESENTATION_CONTEXT(2) 
PARAMETRIC_REPRESENTATION_CONTEXT() REPRESENTATION_CONTEXT('2D SPACE',''
  ) );
#1791 = PCURVE('',#1792,#1797);
#1792 = CYLINDRICAL_SURFACE('',#1793,0.625);
#1793 = AXIS2_PLACEMENT_3D('',#1794,#1795,#1796);
#1794 = CARTESIAN_POINT('',(7.5,-15.825,0.));
#1795 = DIRECTION('',(0.,0.,-1.));
#1796 = DIRECTION('',(-1.,1.110223024625E-16,0.));
#1797 = DEFINITIONAL_REPRESENTATION('',(#1798),#1802);
#1798 = LINE('',#1799,#1800);
#1799 = CARTESIAN_POINT('',(0.,1.5));
#1800 = VECTOR('',#1801,1.);
#1801 = DIRECTION('',(1.,0.));
#1802 = ( GEOMETRIC_REPRESENTATION_CONTEXT(2) 
PARAMETRIC_REPRESENTATION_CONTEXT() REPRESENTATION_CONTEXT('2D SPACE',''
  ) );
#1803 = ORIENTED_EDGE('',*,*,#1804,.F.);
#1804 = EDGE_CURVE('',#1805,#1772,#1807,.T.);
#1805 = VERTEX_POINT('',#1806);
#1806 = CARTESIAN_POINT('',(8.125,-54.575,-1.5));
#1807 = SURFACE_CURVE('',#1808,(#1812,#1818),.PCURVE_S1.);
#1808 = LINE('',#1809,#1810);
#1809 = CARTESIAN_POINT('',(8.125,-15.4125,-1.5));
#1810 = VECTOR('',#1811,1.);
#1811 = DIRECTION('',(1.110223024625E-16,1.,-0.));
#1812 = PCURVE('',#72,#1813);
#1813 = DEFINITIONAL_REPRESENTATION('',(#1814),#1817);
#1814 = B_SPLINE_CURVE_WITH_KNOTS('',1,(#1815,#1816),.UNSPECIFIED.,.F.,
  .F.,(2,2),(-39.1625,-0.4125),.PIECEWISE_BEZIER_KNOTS.);
#1815 = CARTESIAN_POINT('',(83.325,-39.575));
#1816 = CARTESIAN_POINT('',(83.325,-0.825));
#1817 = ( GEOMETRIC_REPRESENTATION_CONTEXT(2) 
PARAMETRIC_REPRESENTATION_CONTEXT() REPRESENTATION_CONTEXT('2D SPACE',''
  ) );
#1818 = PCURVE('',#1819,#1824);
#1819 = PLANE('',#1820);
#1820 = AXIS2_PLACEMENT_3D('',#1821,#1822,#1823);
#1821 = CARTESIAN_POINT('',(8.125,-15.825,0.));
#1822 = DIRECTION('',(1.,-1.110223024625E-16,0.));
#1823 = DIRECTION('',(-1.110223024625E-16,-1.,0.));
#1824 = DEFINITIONAL_REPRESENTATION('',(#1825),#1828);
#1825 = B_SPLINE_CURVE_WITH_KNOTS('',1,(#1826,#1827),.UNSPECIFIED.,.F.,
  .F.,(2,2),(-39.1625,-0.4125),.PIECEWISE_BEZIER_KNOTS.);
#1826 = CARTESIAN_POINT('',(38.75,1.5));
#1827 = CARTESIAN_POINT('',(0.,1.5));
#1828 = ( GEOMETRIC_REPRESENTATION_CONTEXT(2) 
PARAMETRIC_REPRESENTATION_CONTEXT() REPRESENTATION_CONTEXT('2D SPACE',''
  ) );
#1829 = ORIENTED_EDGE('',*,*,#1830,.T.);
#1830 = EDGE_CURVE('',#1805,#1746,#1831,.T.);
#1831 = SURFACE_CURVE('',#1832,(#1837,#1848),.PCURVE_S1.);
#1832 = CIRCLE('',#1833,0.625);
#1833 = AXIS2_PLACEMENT_3D('',#1834,#1835,#1836);
#1834 = CARTESIAN_POINT('',(7.5,-54.575,-1.5));
#1835 = DIRECTION('',(0.,-0.,-1.));
#1836 = DIRECTION('',(1.,-1.110223024625E-16,0.));
#1837 = PCURVE('',#72,#1838);
#1838 = DEFINITIONAL_REPRESENTATION('',(#1839),#1847);
#1839 = ( BOUNDED_CURVE() B_SPLINE_CURVE(2,(#1840,#1841,#1842,#1843,
#1844,#1845,#1846),.UNSPECIFIED.,.T.,.F.) B_SPLINE_CURVE_WITH_KNOTS((1,2
    ,2,2,2,1),(-2.094395102393,0.,2.094395102393,4.188790204786,
6.28318530718,8.377580409573),.UNSPECIFIED.) CURVE() 
GEOMETRIC_REPRESENTATION_ITEM() RATIONAL_B_SPLINE_CURVE((1.,0.5,1.,0.5,
1.,0.5,1.)) REPRESENTATION_ITEM('') );
#1840 = CARTESIAN_POINT('',(83.325,-39.575));
#1841 = CARTESIAN_POINT('',(83.325,-40.65753175473));
#1842 = CARTESIAN_POINT('',(82.3875,-40.11626587736));
#1843 = CARTESIAN_POINT('',(81.45,-39.575));
#1844 = CARTESIAN_POINT('',(82.3875,-39.03373412263));
#1845 = CARTESIAN_POINT('',(83.325,-38.49246824526));
#1846 = CARTESIAN_POINT('',(83.325,-39.575));
#1847 = ( GEOMETRIC_REPRESENTATION_CONTEXT(2) 
PARAMETRIC_REPRESENTATION_CONTEXT() REPRESENTATION_CONTEXT('2D SPACE',''
  ) );
#1848 = PCURVE('',#1849,#1854);
#1849 = CYLINDRICAL_SURFACE('',#1850,0.625);
#1850 = AXIS2_PLACEMENT_3D('',#1851,#1852,#1853);
#1851 = CARTESIAN_POINT('',(7.5,-54.575,0.));
#1852 = DIRECTION('',(0.,-0.,-1.));
#1853 = DIRECTION('',(1.,-1.110223024625E-16,0.));
#1854 = DEFINITIONAL_REPRESENTATION('',(#1855),#1859);
#1855 = LINE('',#1856,#1857);
#1856 = CARTESIAN_POINT('',(0.,1.5));
#1857 = VECTOR('',#1858,1.);
#1858 = DIRECTION('',(1.,0.));
#1859 = ( GEOMETRIC_REPRESENTATION_CONTEXT(2) 
PARAMETRIC_REPRESENTATION_CONTEXT() REPRESENTATION_CONTEXT('2D SPACE',''
  ) );
#1860 = FACE_BOUND('',#1861,.F.);
#1861 = EDGE_LOOP('',(#1862,#1890,#1923,#1949));
#1862 = ORIENTED_EDGE('',*,*,#1863,.F.);
#1863 = EDGE_CURVE('',#1864,#1866,#1868,.T.);
#1864 = VERTEX_POINT('',#1865);
#1865 = CARTESIAN_POINT('',(10.625,-15.825,-1.5));
#1866 = VERTEX_POINT('',#1867);
#1867 = CARTESIAN_POINT('',(10.625,-54.575,-1.5));
#1868 = SURFACE_CURVE('',#1869,(#1873,#1879),.PCURVE_S1.);
#1869 = LINE('',#1870,#1871);
#1870 = CARTESIAN_POINT('',(10.625,-34.7875,-1.5));
#1871 = VECTOR('',#1872,1.);
#1872 = DIRECTION('',(-1.110223024625E-16,-1.,0.));
#1873 = PCURVE('',#72,#1874);
#1874 = DEFINITIONAL_REPRESENTATION('',(#1875),#1878);
#1875 = B_SPLINE_CURVE_WITH_KNOTS('',1,(#1876,#1877),.UNSPECIFIED.,.F.,
  .F.,(2,2),(-18.9625,19.7875),.PIECEWISE_BEZIER_KNOTS.);
#1876 = CARTESIAN_POINT('',(85.825,-0.825));
#1877 = CARTESIAN_POINT('',(85.825,-39.575));
#1878 = ( GEOMETRIC_REPRESENTATION_CONTEXT(2) 
PARAMETRIC_REPRESENTATION_CONTEXT() REPRESENTATION_CONTEXT('2D SPACE',''
  ) );
#1879 = PCURVE('',#1880,#1885);
#1880 = PLANE('',#1881);
#1881 = AXIS2_PLACEMENT_3D('',#1882,#1883,#1884);
#1882 = CARTESIAN_POINT('',(10.625,-54.575,0.));
#1883 = DIRECTION('',(-1.,1.110223024625E-16,0.));
#1884 = DIRECTION('',(1.110223024625E-16,1.,0.));
#1885 = DEFINITIONAL_REPRESENTATION('',(#1886),#1889);
#1886 = B_SPLINE_CURVE_WITH_KNOTS('',1,(#1887,#1888),.UNSPECIFIED.,.F.,
  .F.,(2,2),(-18.9625,19.7875),.PIECEWISE_BEZIER_KNOTS.);
#1887 = CARTESIAN_POINT('',(38.75,1.5));
#1888 = CARTESIAN_POINT('',(0.,1.5));
#1889 = ( GEOMETRIC_REPRESENTATION_CONTEXT(2) 
PARAMETRIC_REPRESENTATION_CONTEXT() REPRESENTATION_CONTEXT('2D SPACE',''
  ) );
#1890 = ORIENTED_EDGE('',*,*,#1891,.T.);
#1891 = EDGE_CURVE('',#1864,#1892,#1894,.T.);
#1892 = VERTEX_POINT('',#1893);
#1893 = CARTESIAN_POINT('',(11.875,-15.825,-1.5));
#1894 = SURFACE_CURVE('',#1895,(#1900,#1911),.PCURVE_S1.);
#1895 = CIRCLE('',#1896,0.625);
#1896 = AXIS2_PLACEMENT_3D('',#1897,#1898,#1899);
#1897 = CARTESIAN_POINT('',(11.25,-15.825,-1.5));
#1898 = DIRECTION('',(0.,0.,-1.));
#1899 = DIRECTION('',(-1.,1.110223024625E-16,0.));
#1900 = PCURVE('',#72,#1901);
#1901 = DEFINITIONAL_REPRESENTATION('',(#1902),#1910);
#1902 = ( BOUNDED_CURVE() B_SPLINE_CURVE(2,(#1903,#1904,#1905,#1906,
#1907,#1908,#1909),.UNSPECIFIED.,.T.,.F.) B_SPLINE_CURVE_WITH_KNOTS((1,2
    ,2,2,2,1),(-2.094395102393,0.,2.094395102393,4.188790204786,
6.28318530718,8.377580409573),.UNSPECIFIED.) CURVE() 
GEOMETRIC_REPRESENTATION_ITEM() RATIONAL_B_SPLINE_CURVE((1.,0.5,1.,0.5,
1.,0.5,1.)) REPRESENTATION_ITEM('') );
#1903 = CARTESIAN_POINT('',(85.825,-0.825));
#1904 = CARTESIAN_POINT('',(85.825,0.257531754731));
#1905 = CARTESIAN_POINT('',(86.7625,-0.283734122635));
#1906 = CARTESIAN_POINT('',(87.7,-0.825));
#1907 = CARTESIAN_POINT('',(86.7625,-1.366265877365));
#1908 = CARTESIAN_POINT('',(85.825,-1.907531754731));
#1909 = CARTESIAN_POINT('',(85.825,-0.825));
#1910 = ( GEOMETRIC_REPRESENTATION_CONTEXT(2) 
PARAMETRIC_REPRESENTATION_CONTEXT() REPRESENTATION_CONTEXT('2D SPACE',''
  ) );
#1911 = PCURVE('',#1912,#1917);
#1912 = CYLINDRICAL_SURFACE('',#1913,0.625);
#1913 = AXIS2_PLACEMENT_3D('',#1914,#1915,#1916);
#1914 = CARTESIAN_POINT('',(11.25,-15.825,0.));
#1915 = DIRECTION('',(0.,0.,-1.));
#1916 = DIRECTION('',(-1.,1.110223024625E-16,0.));
#1917 = DEFINITIONAL_REPRESENTATION('',(#1918),#1922);
#1918 = LINE('',#1919,#1920);
#1919 = CARTESIAN_POINT('',(0.,1.5));
#1920 = VECTOR('',#1921,1.);
#1921 = DIRECTION('',(1.,0.));
#1922 = ( GEOMETRIC_REPRESENTATION_CONTEXT(2) 
PARAMETRIC_REPRESENTATION_CONTEXT() REPRESENTATION_CONTEXT('2D SPACE',''
  ) );
#1923 = ORIENTED_EDGE('',*,*,#1924,.F.);
#1924 = EDGE_CURVE('',#1925,#1892,#1927,.T.);
#1925 = VERTEX_POINT('',#1926);
#1926 = CARTESIAN_POINT('',(11.875,-54.575,-1.5));
#1927 = SURFACE_CURVE('',#1928,(#1932,#1938),.PCURVE_S1.);
#1928 = LINE('',#1929,#1930);
#1929 = CARTESIAN_POINT('',(11.875,-15.4125,-1.5));
#1930 = VECTOR('',#1931,1.);
#1931 = DIRECTION('',(1.110223024625E-16,1.,-0.));
#1932 = PCURVE('',#72,#1933);
#1933 = DEFINITIONAL_REPRESENTATION('',(#1934),#1937);
#1934 = B_SPLINE_CURVE_WITH_KNOTS('',1,(#1935,#1936),.UNSPECIFIED.,.F.,
  .F.,(2,2),(-39.1625,-0.4125),.PIECEWISE_BEZIER_KNOTS.);
#1935 = CARTESIAN_POINT('',(87.075,-39.575));
#1936 = CARTESIAN_POINT('',(87.075,-0.825));
#1937 = ( GEOMETRIC_REPRESENTATION_CONTEXT(2) 
PARAMETRIC_REPRESENTATION_CONTEXT() REPRESENTATION_CONTEXT('2D SPACE',''
  ) );
#1938 = PCURVE('',#1939,#1944);
#1939 = PLANE('',#1940);
#1940 = AXIS2_PLACEMENT_3D('',#1941,#1942,#1943);
#1941 = CARTESIAN_POINT('',(11.875,-15.825,0.));
#1942 = DIRECTION('',(1.,-1.110223024625E-16,0.));
#1943 = DIRECTION('',(-1.110223024625E-16,-1.,0.));
#1944 = DEFINITIONAL_REPRESENTATION('',(#1945),#1948);
#1945 = B_SPLINE_CURVE_WITH_KNOTS('',1,(#1946,#1947),.UNSPECIFIED.,.F.,
  .F.,(2,2),(-39.1625,-0.4125),.PIECEWISE_BEZIER_KNOTS.);
#1946 = CARTESIAN_POINT('',(38.75,1.5));
#1947 = CARTESIAN_POINT('',(0.,1.5));
#1948 = ( GEOMETRIC_REPRESENTATION_CONTEXT(2) 
PARAMETRIC_REPRESENTATION_CONTEXT() REPRESENTATION_CONTEXT('2D SPACE',''
  ) );
#1949 = ORIENTED_EDGE('',*,*,#1950,.T.);
#1950 = EDGE_CURVE('',#1925,#1866,#1951,.T.);
#1951 = SURFACE_CURVE('',#1952,(#1957,#1968),.PCURVE_S1.);
#1952 = CIRCLE('',#1953,0.625);
#1953 = AXIS2_PLACEMENT_3D('',#1954,#1955,#1956);
#1954 = CARTESIAN_POINT('',(11.25,-54.575,-1.5));
#1955 = DIRECTION('',(0.,-0.,-1.));
#1956 = DIRECTION('',(1.,-1.110223024625E-16,0.));
#1957 = PCURVE('',#72,#1958);
#1958 = DEFINITIONAL_REPRESENTATION('',(#1959),#1967);
#1959 = ( BOUNDED_CURVE() B_SPLINE_CURVE(2,(#1960,#1961,#1962,#1963,
#1964,#1965,#1966),.UNSPECIFIED.,.T.,.F.) B_SPLINE_CURVE_WITH_KNOTS((1,2
    ,2,2,2,1),(-2.094395102393,0.,2.094395102393,4.188790204786,
6.28318530718,8.377580409573),.UNSPECIFIED.) CURVE() 
GEOMETRIC_REPRESENTATION_ITEM() RATIONAL_B_SPLINE_CURVE((1.,0.5,1.,0.5,
1.,0.5,1.)) REPRESENTATION_ITEM('') );
#1960 = CARTESIAN_POINT('',(87.075,-39.575));
#1961 = CARTESIAN_POINT('',(87.075,-40.65753175473));
#1962 = CARTESIAN_POINT('',(86.1375,-40.11626587736));
#1963 = CARTESIAN_POINT('',(85.2,-39.575));
#1964 = CARTESIAN_POINT('',(86.1375,-39.03373412263));
#1965 = CARTESIAN_POINT('',(87.075,-38.49246824526));
#1966 = CARTESIAN_POINT('',(87.075,-39.575));
#1967 = ( GEOMETRIC_REPRESENTATION_CONTEXT(2) 
PARAMETRIC_REPRESENTATION_CONTEXT() REPRESENTATION_CONTEXT('2D SPACE',''
  ) );
#1968 = PCURVE('',#1969,#1974);
#1969 = CYLINDRICAL_SURFACE('',#1970,0.625);
#1970 = AXIS2_PLACEMENT_3D('',#1971,#1972,#1973);
#1971 = CARTESIAN_POINT('',(11.25,-54.575,0.));
#1972 = DIRECTION('',(0.,-0.,-1.));
#1973 = DIRECTION('',(1.,-1.110223024625E-16,0.));
#1974 = DEFINITIONAL_REPRESENTATION('',(#1975),#1979);
#1975 = LINE('',#1976,#1977);
#1976 = CARTESIAN_POINT('',(0.,1.5));
#1977 = VECTOR('',#1978,1.);
#1978 = DIRECTION('',(1.,0.));
#1979 = ( GEOMETRIC_REPRESENTATION_CONTEXT(2) 
PARAMETRIC_REPRESENTATION_CONTEXT() REPRESENTATION_CONTEXT('2D SPACE',''
  ) );
#1980 = FACE_BOUND('',#1981,.F.);
#1981 = EDGE_LOOP('',(#1982,#2010,#2043,#2069));
#1982 = ORIENTED_EDGE('',*,*,#1983,.F.);
#1983 = EDGE_CURVE('',#1984,#1986,#1988,.T.);
#1984 = VERTEX_POINT('',#1985);
#1985 = CARTESIAN_POINT('',(54.575,-10.625,-1.5));
#1986 = VERTEX_POINT('',#1987);
#1987 = CARTESIAN_POINT('',(15.825,-10.625,-1.5));
#1988 = SURFACE_CURVE('',#1989,(#1993,#1999),.PCURVE_S1.);
#1989 = LINE('',#1990,#1991);
#1990 = CARTESIAN_POINT('',(-29.6875,-10.625,-1.5));
#1991 = VECTOR('',#1992,1.);
#1992 = DIRECTION('',(-1.,0.,0.));
#1993 = PCURVE('',#72,#1994);
#1994 = DEFINITIONAL_REPRESENTATION('',(#1995),#1998);
#1995 = B_SPLINE_CURVE_WITH_KNOTS('',1,(#1996,#1997),.UNSPECIFIED.,.F.,
  .F.,(2,2),(-84.2625,-45.5125),.PIECEWISE_BEZIER_KNOTS.);
#1996 = CARTESIAN_POINT('',(129.775,4.375));
#1997 = CARTESIAN_POINT('',(91.025,4.375));
#1998 = ( GEOMETRIC_REPRESENTATION_CONTEXT(2) 
PARAMETRIC_REPRESENTATION_CONTEXT() REPRESENTATION_CONTEXT('2D SPACE',''
  ) );
#1999 = PCURVE('',#2000,#2005);
#2000 = PLANE('',#2001);
#2001 = AXIS2_PLACEMENT_3D('',#2002,#2003,#2004);
#2002 = CARTESIAN_POINT('',(15.825,-10.625,0.));
#2003 = DIRECTION('',(0.,1.,0.));
#2004 = DIRECTION('',(1.,0.,0.));
#2005 = DEFINITIONAL_REPRESENTATION('',(#2006),#2009);
#2006 = B_SPLINE_CURVE_WITH_KNOTS('',1,(#2007,#2008),.UNSPECIFIED.,.F.,
  .F.,(2,2),(-84.2625,-45.5125),.PIECEWISE_BEZIER_KNOTS.);
#2007 = CARTESIAN_POINT('',(38.75,1.5));
#2008 = CARTESIAN_POINT('',(0.,1.5));
#2009 = ( GEOMETRIC_REPRESENTATION_CONTEXT(2) 
PARAMETRIC_REPRESENTATION_CONTEXT() REPRESENTATION_CONTEXT('2D SPACE',''
  ) );
#2010 = ORIENTED_EDGE('',*,*,#2011,.T.);
#2011 = EDGE_CURVE('',#1984,#2012,#2014,.T.);
#2012 = VERTEX_POINT('',#2013);
#2013 = CARTESIAN_POINT('',(54.575,-11.875,-1.5));
#2014 = SURFACE_CURVE('',#2015,(#2020,#2031),.PCURVE_S1.);
#2015 = CIRCLE('',#2016,0.625);
#2016 = AXIS2_PLACEMENT_3D('',#2017,#2018,#2019);
#2017 = CARTESIAN_POINT('',(54.575,-11.25,-1.5));
#2018 = DIRECTION('',(0.,0.,-1.));
#2019 = DIRECTION('',(0.,1.,0.));
#2020 = PCURVE('',#72,#2021);
#2021 = DEFINITIONAL_REPRESENTATION('',(#2022),#2030);
#2022 = ( BOUNDED_CURVE() B_SPLINE_CURVE(2,(#2023,#2024,#2025,#2026,
#2027,#2028,#2029),.UNSPECIFIED.,.T.,.F.) B_SPLINE_CURVE_WITH_KNOTS((1,2
    ,2,2,2,1),(-2.094395102393,0.,2.094395102393,4.188790204786,
6.28318530718,8.377580409573),.UNSPECIFIED.) CURVE() 
GEOMETRIC_REPRESENTATION_ITEM() RATIONAL_B_SPLINE_CURVE((1.,0.5,1.,0.5,
1.,0.5,1.)) REPRESENTATION_ITEM('') );
#2023 = CARTESIAN_POINT('',(129.775,4.375));
#2024 = CARTESIAN_POINT('',(130.85753175473,4.375));
#2025 = CARTESIAN_POINT('',(130.31626587736,3.4375));
#2026 = CARTESIAN_POINT('',(129.775,2.5));
#2027 = CARTESIAN_POINT('',(129.23373412263,3.4375));
#2028 = CARTESIAN_POINT('',(128.69246824526,4.375));
#2029 = CARTESIAN_POINT('',(129.775,4.375));
#2030 = ( GEOMETRIC_REPRESENTATION_CONTEXT(2) 
PARAMETRIC_REPRESENTATION_CONTEXT() REPRESENTATION_CONTEXT('2D SPACE',''
  ) );
#2031 = PCURVE('',#2032,#2037);
#2032 = CYLINDRICAL_SURFACE('',#2033,0.625);
#2033 = AXIS2_PLACEMENT_3D('',#2034,#2035,#2036);
#2034 = CARTESIAN_POINT('',(54.575,-11.25,0.));
#2035 = DIRECTION('',(0.,0.,-1.));
#2036 = DIRECTION('',(0.,1.,0.));
#2037 = DEFINITIONAL_REPRESENTATION('',(#2038),#2042);
#2038 = LINE('',#2039,#2040);
#2039 = CARTESIAN_POINT('',(0.,1.5));
#2040 = VECTOR('',#2041,1.);
#2041 = DIRECTION('',(1.,0.));
#2042 = ( GEOMETRIC_REPRESENTATION_CONTEXT(2) 
PARAMETRIC_REPRESENTATION_CONTEXT() REPRESENTATION_CONTEXT('2D SPACE',''
  ) );
#2043 = ORIENTED_EDGE('',*,*,#2044,.F.);
#2044 = EDGE_CURVE('',#2045,#2012,#2047,.T.);
#2045 = VERTEX_POINT('',#2046);
#2046 = CARTESIAN_POINT('',(15.825,-11.875,-1.5));
#2047 = SURFACE_CURVE('',#2048,(#2052,#2058),.PCURVE_S1.);
#2048 = LINE('',#2049,#2050);
#2049 = CARTESIAN_POINT('',(-10.3125,-11.875,-1.5));
#2050 = VECTOR('',#2051,1.);
#2051 = DIRECTION('',(1.,0.,-0.));
#2052 = PCURVE('',#72,#2053);
#2053 = DEFINITIONAL_REPRESENTATION('',(#2054),#2057);
#2054 = B_SPLINE_CURVE_WITH_KNOTS('',1,(#2055,#2056),.UNSPECIFIED.,.F.,
  .F.,(2,2),(26.1375,64.8875),.PIECEWISE_BEZIER_KNOTS.);
#2055 = CARTESIAN_POINT('',(91.025,3.125));
#2056 = CARTESIAN_POINT('',(129.775,3.125));
#2057 = ( GEOMETRIC_REPRESENTATION_CONTEXT(2) 
PARAMETRIC_REPRESENTATION_CONTEXT() REPRESENTATION_CONTEXT('2D SPACE',''
  ) );
#2058 = PCURVE('',#2059,#2064);
#2059 = PLANE('',#2060);
#2060 = AXIS2_PLACEMENT_3D('',#2061,#2062,#2063);
#2061 = CARTESIAN_POINT('',(54.575,-11.875,0.));
#2062 = DIRECTION('',(0.,-1.,0.));
#2063 = DIRECTION('',(-1.,0.,0.));
#2064 = DEFINITIONAL_REPRESENTATION('',(#2065),#2068);
#2065 = B_SPLINE_CURVE_WITH_KNOTS('',1,(#2066,#2067),.UNSPECIFIED.,.F.,
  .F.,(2,2),(26.1375,64.8875),.PIECEWISE_BEZIER_KNOTS.);
#2066 = CARTESIAN_POINT('',(38.75,1.5));
#2067 = CARTESIAN_POINT('',(0.,1.5));
#2068 = ( GEOMETRIC_REPRESENTATION_CONTEXT(2) 
PARAMETRIC_REPRESENTATION_CONTEXT() REPRESENTATION_CONTEXT('2D SPACE',''
  ) );
#2069 = ORIENTED_EDGE('',*,*,#2070,.T.);
#2070 = EDGE_CURVE('',#2045,#1986,#2071,.T.);
#2071 = SURFACE_CURVE('',#2072,(#2077,#2088),.PCURVE_S1.);
#2072 = CIRCLE('',#2073,0.625);
#2073 = AXIS2_PLACEMENT_3D('',#2074,#2075,#2076);
#2074 = CARTESIAN_POINT('',(15.825,-11.25,-1.5));
#2075 = DIRECTION('',(0.,-0.,-1.));
#2076 = DIRECTION('',(0.,-1.,0.));
#2077 = PCURVE('',#72,#2078);
#2078 = DEFINITIONAL_REPRESENTATION('',(#2079),#2087);
#2079 = ( BOUNDED_CURVE() B_SPLINE_CURVE(2,(#2080,#2081,#2082,#2083,
#2084,#2085,#2086),.UNSPECIFIED.,.T.,.F.) B_SPLINE_CURVE_WITH_KNOTS((1,2
    ,2,2,2,1),(-2.094395102393,0.,2.094395102393,4.188790204786,
6.28318530718,8.377580409573),.UNSPECIFIED.) CURVE() 
GEOMETRIC_REPRESENTATION_ITEM() RATIONAL_B_SPLINE_CURVE((1.,0.5,1.,0.5,
1.,0.5,1.)) REPRESENTATION_ITEM('') );
#2080 = CARTESIAN_POINT('',(91.025,3.125));
#2081 = CARTESIAN_POINT('',(89.942468245269,3.125));
#2082 = CARTESIAN_POINT('',(90.483734122635,4.0625));
#2083 = CARTESIAN_POINT('',(91.025,5.));
#2084 = CARTESIAN_POINT('',(91.566265877365,4.0625));
#2085 = CARTESIAN_POINT('',(92.107531754731,3.125));
#2086 = CARTESIAN_POINT('',(91.025,3.125));
#2087 = ( GEOMETRIC_REPRESENTATION_CONTEXT(2) 
PARAMETRIC_REPRESENTATION_CONTEXT() REPRESENTATION_CONTEXT('2D SPACE',''
  ) );
#2088 = PCURVE('',#2089,#2094);
#2089 = CYLINDRICAL_SURFACE('',#2090,0.625);
#2090 = AXIS2_PLACEMENT_3D('',#2091,#2092,#2093);
#2091 = CARTESIAN_POINT('',(15.825,-11.25,0.));
#2092 = DIRECTION('',(0.,-0.,-1.));
#2093 = DIRECTION('',(0.,-1.,0.));
#2094 = DEFINITIONAL_REPRESENTATION('',(#2095),#2099);
#2095 = LINE('',#2096,#2097);
#2096 = CARTESIAN_POINT('',(0.,1.5));
#2097 = VECTOR('',#2098,1.);
#2098 = DIRECTION('',(1.,0.));
#2099 = ( GEOMETRIC_REPRESENTATION_CONTEXT(2) 
PARAMETRIC_REPRESENTATION_CONTEXT() REPRESENTATION_CONTEXT('2D SPACE',''
  ) );
#2100 = FACE_BOUND('',#2101,.F.);
#2101 = EDGE_LOOP('',(#2102,#2130,#2163,#2189));
#2102 = ORIENTED_EDGE('',*,*,#2103,.F.);
#2103 = EDGE_CURVE('',#2104,#2106,#2108,.T.);
#2104 = VERTEX_POINT('',#2105);
#2105 = CARTESIAN_POINT('',(54.575,-6.875,-1.5));
#2106 = VERTEX_POINT('',#2107);
#2107 = CARTESIAN_POINT('',(15.825,-6.875,-1.5));
#2108 = SURFACE_CURVE('',#2109,(#2113,#2119),.PCURVE_S1.);
#2109 = LINE('',#2110,#2111);
#2110 = CARTESIAN_POINT('',(-29.6875,-6.875,-1.5));
#2111 = VECTOR('',#2112,1.);
#2112 = DIRECTION('',(-1.,0.,0.));
#2113 = PCURVE('',#72,#2114);
#2114 = DEFINITIONAL_REPRESENTATION('',(#2115),#2118);
#2115 = B_SPLINE_CURVE_WITH_KNOTS('',1,(#2116,#2117),.UNSPECIFIED.,.F.,
  .F.,(2,2),(-84.2625,-45.5125),.PIECEWISE_BEZIER_KNOTS.);
#2116 = CARTESIAN_POINT('',(129.775,8.125));
#2117 = CARTESIAN_POINT('',(91.025,8.125));
#2118 = ( GEOMETRIC_REPRESENTATION_CONTEXT(2) 
PARAMETRIC_REPRESENTATION_CONTEXT() REPRESENTATION_CONTEXT('2D SPACE',''
  ) );
#2119 = PCURVE('',#2120,#2125);
#2120 = PLANE('',#2121);
#2121 = AXIS2_PLACEMENT_3D('',#2122,#2123,#2124);
#2122 = CARTESIAN_POINT('',(15.825,-6.875,0.));
#2123 = DIRECTION('',(0.,1.,0.));
#2124 = DIRECTION('',(1.,0.,0.));
#2125 = DEFINITIONAL_REPRESENTATION('',(#2126),#2129);
#2126 = B_SPLINE_CURVE_WITH_KNOTS('',1,(#2127,#2128),.UNSPECIFIED.,.F.,
  .F.,(2,2),(-84.2625,-45.5125),.PIECEWISE_BEZIER_KNOTS.);
#2127 = CARTESIAN_POINT('',(38.75,1.5));
#2128 = CARTESIAN_POINT('',(0.,1.5));
#2129 = ( GEOMETRIC_REPRESENTATION_CONTEXT(2) 
PARAMETRIC_REPRESENTATION_CONTEXT() REPRESENTATION_CONTEXT('2D SPACE',''
  ) );
#2130 = ORIENTED_EDGE('',*,*,#2131,.T.);
#2131 = EDGE_CURVE('',#2104,#2132,#2134,.T.);
#2132 = VERTEX_POINT('',#2133);
#2133 = CARTESIAN_POINT('',(54.575,-8.125,-1.5));
#2134 = SURFACE_CURVE('',#2135,(#2140,#2151),.PCURVE_S1.);
#2135 = CIRCLE('',#2136,0.625);
#2136 = AXIS2_PLACEMENT_3D('',#2137,#2138,#2139);
#2137 = CARTESIAN_POINT('',(54.575,-7.5,-1.5));
#2138 = DIRECTION('',(0.,0.,-1.));
#2139 = DIRECTION('',(0.,1.,0.));
#2140 = PCURVE('',#72,#2141);
#2141 = DEFINITIONAL_REPRESENTATION('',(#2142),#2150);
#2142 = ( BOUNDED_CURVE() B_SPLINE_CURVE(2,(#2143,#2144,#2145,#2146,
#2147,#2148,#2149),.UNSPECIFIED.,.T.,.F.) B_SPLINE_CURVE_WITH_KNOTS((1,2
    ,2,2,2,1),(-2.094395102393,0.,2.094395102393,4.188790204786,
6.28318530718,8.377580409573),.UNSPECIFIED.) CURVE() 
GEOMETRIC_REPRESENTATION_ITEM() RATIONAL_B_SPLINE_CURVE((1.,0.5,1.,0.5,
1.,0.5,1.)) REPRESENTATION_ITEM('') );
#2143 = CARTESIAN_POINT('',(129.775,8.125));
#2144 = CARTESIAN_POINT('',(130.85753175473,8.125));
#2145 = CARTESIAN_POINT('',(130.31626587736,7.1875));
#2146 = CARTESIAN_POINT('',(129.775,6.25));
#2147 = CARTESIAN_POINT('',(129.23373412263,7.1875));
#2148 = CARTESIAN_POINT('',(128.69246824526,8.125));
#2149 = CARTESIAN_POINT('',(129.775,8.125));
#2150 = ( GEOMETRIC_REPRESENTATION_CONTEXT(2) 
PARAMETRIC_REPRESENTATION_CONTEXT() REPRESENTATION_CONTEXT('2D SPACE',''
  ) );
#2151 = PCURVE('',#2152,#2157);
#2152 = CYLINDRICAL_SURFACE('',#2153,0.625);
#2153 = AXIS2_PLACEMENT_3D('',#2154,#2155,#2156);
#2154 = CARTESIAN_POINT('',(54.575,-7.5,0.));
#2155 = DIRECTION('',(0.,0.,-1.));
#2156 = DIRECTION('',(0.,1.,0.));
#2157 = DEFINITIONAL_REPRESENTATION('',(#2158),#2162);
#2158 = LINE('',#2159,#2160);
#2159 = CARTESIAN_POINT('',(0.,1.5));
#2160 = VECTOR('',#2161,1.);
#2161 = DIRECTION('',(1.,0.));
#2162 = ( GEOMETRIC_REPRESENTATION_CONTEXT(2) 
PARAMETRIC_REPRESENTATION_CONTEXT() REPRESENTATION_CONTEXT('2D SPACE',''
  ) );
#2163 = ORIENTED_EDGE('',*,*,#2164,.F.);
#2164 = EDGE_CURVE('',#2165,#2132,#2167,.T.);
#2165 = VERTEX_POINT('',#2166);
#2166 = CARTESIAN_POINT('',(15.825,-8.125,-1.5));
#2167 = SURFACE_CURVE('',#2168,(#2172,#2178),.PCURVE_S1.);
#2168 = LINE('',#2169,#2170);
#2169 = CARTESIAN_POINT('',(-10.3125,-8.125,-1.5));
#2170 = VECTOR('',#2171,1.);
#2171 = DIRECTION('',(1.,0.,-0.));
#2172 = PCURVE('',#72,#2173);
#2173 = DEFINITIONAL_REPRESENTATION('',(#2174),#2177);
#2174 = B_SPLINE_CURVE_WITH_KNOTS('',1,(#2175,#2176),.UNSPECIFIED.,.F.,
  .F.,(2,2),(26.1375,64.8875),.PIECEWISE_BEZIER_KNOTS.);
#2175 = CARTESIAN_POINT('',(91.025,6.875));
#2176 = CARTESIAN_POINT('',(129.775,6.875));
#2177 = ( GEOMETRIC_REPRESENTATION_CONTEXT(2) 
PARAMETRIC_REPRESENTATION_CONTEXT() REPRESENTATION_CONTEXT('2D SPACE',''
  ) );
#2178 = PCURVE('',#2179,#2184);
#2179 = PLANE('',#2180);
#2180 = AXIS2_PLACEMENT_3D('',#2181,#2182,#2183);
#2181 = CARTESIAN_POINT('',(54.575,-8.125,0.));
#2182 = DIRECTION('',(0.,-1.,0.));
#2183 = DIRECTION('',(-1.,0.,0.));
#2184 = DEFINITIONAL_REPRESENTATION('',(#2185),#2188);
#2185 = B_SPLINE_CURVE_WITH_KNOTS('',1,(#2186,#2187),.UNSPECIFIED.,.F.,
  .F.,(2,2),(26.1375,64.8875),.PIECEWISE_BEZIER_KNOTS.);
#2186 = CARTESIAN_POINT('',(38.75,1.5));
#2187 = CARTESIAN_POINT('',(0.,1.5));
#2188 = ( GEOMETRIC_REPRESENTATION_CONTEXT(2) 
PARAMETRIC_REPRESENTATION_CONTEXT() REPRESENTATION_CONTEXT('2D SPACE',''
  ) );
#2189 = ORIENTED_EDGE('',*,*,#2190,.T.);
#2190 = EDGE_CURVE('',#2165,#2106,#2191,.T.);
#2191 = SURFACE_CURVE('',#2192,(#2197,#2208),.PCURVE_S1.);
#2192 = CIRCLE('',#2193,0.625);
#2193 = AXIS2_PLACEMENT_3D('',#2194,#2195,#2196);
#2194 = CARTESIAN_POINT('',(15.825,-7.5,-1.5));
#2195 = DIRECTION('',(0.,-0.,-1.));
#2196 = DIRECTION('',(0.,-1.,0.));
#2197 = PCURVE('',#72,#2198);
#2198 = DEFINITIONAL_REPRESENTATION('',(#2199),#2207);
#2199 = ( BOUNDED_CURVE() B_SPLINE_CURVE(2,(#2200,#2201,#2202,#2203,
#2204,#2205,#2206),.UNSPECIFIED.,.T.,.F.) B_SPLINE_CURVE_WITH_KNOTS((1,2
    ,2,2,2,1),(-2.094395102393,0.,2.094395102393,4.188790204786,
6.28318530718,8.377580409573),.UNSPECIFIED.) CURVE() 
GEOMETRIC_REPRESENTATION_ITEM() RATIONAL_B_SPLINE_CURVE((1.,0.5,1.,0.5,
1.,0.5,1.)) REPRESENTATION_ITEM('') );
#2200 = CARTESIAN_POINT('',(91.025,6.875));
#2201 = CARTESIAN_POINT('',(89.942468245269,6.875));
#2202 = CARTESIAN_POINT('',(90.483734122635,7.8125));
#2203 = CARTESIAN_POINT('',(91.025,8.75));
#2204 = CARTESIAN_POINT('',(91.566265877365,7.8125));
#2205 = CARTESIAN_POINT('',(92.107531754731,6.875));
#2206 = CARTESIAN_POINT('',(91.025,6.875));
#2207 = ( GEOMETRIC_REPRESENTATION_CONTEXT(2) 
PARAMETRIC_REPRESENTATION_CONTEXT() REPRESENTATION_CONTEXT('2D SPACE',''
  ) );
#2208 = PCURVE('',#2209,#2214);
#2209 = CYLINDRICAL_SURFACE('',#2210,0.625);
#2210 = AXIS2_PLACEMENT_3D('',#2211,#2212,#2213);
#2211 = CARTESIAN_POINT('',(15.825,-7.5,0.));
#2212 = DIRECTION('',(0.,-0.,-1.));
#2213 = DIRECTION('',(0.,-1.,0.));
#2214 = DEFINITIONAL_REPRESENTATION('',(#2215),#2219);
#2215 = LINE('',#2216,#2217);
#2216 = CARTESIAN_POINT('',(0.,1.5));
#2217 = VECTOR('',#2218,1.);
#2218 = DIRECTION('',(1.,0.));
#2219 = ( GEOMETRIC_REPRESENTATION_CONTEXT(2) 
PARAMETRIC_REPRESENTATION_CONTEXT() REPRESENTATION_CONTEXT('2D SPACE',''
  ) );
#2220 = FACE_BOUND('',#2221,.F.);
#2221 = EDGE_LOOP('',(#2222,#2250,#2283,#2309));
#2222 = ORIENTED_EDGE('',*,*,#2223,.F.);
#2223 = EDGE_CURVE('',#2224,#2226,#2228,.T.);
#2224 = VERTEX_POINT('',#2225);
#2225 = CARTESIAN_POINT('',(54.575,-3.125,-1.5));
#2226 = VERTEX_POINT('',#2227);
#2227 = CARTESIAN_POINT('',(15.825,-3.125,-1.5));
#2228 = SURFACE_CURVE('',#2229,(#2233,#2239),.PCURVE_S1.);
#2229 = LINE('',#2230,#2231);
#2230 = CARTESIAN_POINT('',(-29.6875,-3.125,-1.5));
#2231 = VECTOR('',#2232,1.);
#2232 = DIRECTION('',(-1.,0.,0.));
#2233 = PCURVE('',#72,#2234);
#2234 = DEFINITIONAL_REPRESENTATION('',(#2235),#2238);
#2235 = B_SPLINE_CURVE_WITH_KNOTS('',1,(#2236,#2237),.UNSPECIFIED.,.F.,
  .F.,(2,2),(-84.2625,-45.5125),.PIECEWISE_BEZIER_KNOTS.);
#2236 = CARTESIAN_POINT('',(129.775,11.875));
#2237 = CARTESIAN_POINT('',(91.025,11.875));
#2238 = ( GEOMETRIC_REPRESENTATION_CONTEXT(2) 
PARAMETRIC_REPRESENTATION_CONTEXT() REPRESENTATION_CONTEXT('2D SPACE',''
  ) );
#2239 = PCURVE('',#2240,#2245);
#2240 = PLANE('',#2241);
#2241 = AXIS2_PLACEMENT_3D('',#2242,#2243,#2244);
#2242 = CARTESIAN_POINT('',(15.825,-3.125,0.));
#2243 = DIRECTION('',(0.,1.,0.));
#2244 = DIRECTION('',(1.,0.,0.));
#2245 = DEFINITIONAL_REPRESENTATION('',(#2246),#2249);
#2246 = B_SPLINE_CURVE_WITH_KNOTS('',1,(#2247,#2248),.UNSPECIFIED.,.F.,
  .F.,(2,2),(-84.2625,-45.5125),.PIECEWISE_BEZIER_KNOTS.);
#2247 = CARTESIAN_POINT('',(38.75,1.5));
#2248 = CARTESIAN_POINT('',(0.,1.5));
#2249 = ( GEOMETRIC_REPRESENTATION_CONTEXT(2) 
PARAMETRIC_REPRESENTATION_CONTEXT() REPRESENTATION_CONTEXT('2D SPACE',''
  ) );
#2250 = ORIENTED_EDGE('',*,*,#2251,.T.);
#2251 = EDGE_CURVE('',#2224,#2252,#2254,.T.);
#2252 = VERTEX_POINT('',#2253);
#2253 = CARTESIAN_POINT('',(54.575,-4.375,-1.5));
#2254 = SURFACE_CURVE('',#2255,(#2260,#2271),.PCURVE_S1.);
#2255 = CIRCLE('',#2256,0.625);
#2256 = AXIS2_PLACEMENT_3D('',#2257,#2258,#2259);
#2257 = CARTESIAN_POINT('',(54.575,-3.75,-1.5));
#2258 = DIRECTION('',(0.,0.,-1.));
#2259 = DIRECTION('',(0.,1.,0.));
#2260 = PCURVE('',#72,#2261);
#2261 = DEFINITIONAL_REPRESENTATION('',(#2262),#2270);
#2262 = ( BOUNDED_CURVE() B_SPLINE_CURVE(2,(#2263,#2264,#2265,#2266,
#2267,#2268,#2269),.UNSPECIFIED.,.T.,.F.) B_SPLINE_CURVE_WITH_KNOTS((1,2
    ,2,2,2,1),(-2.094395102393,0.,2.094395102393,4.188790204786,
6.28318530718,8.377580409573),.UNSPECIFIED.) CURVE() 
GEOMETRIC_REPRESENTATION_ITEM() RATIONAL_B_SPLINE_CURVE((1.,0.5,1.,0.5,
1.,0.5,1.)) REPRESENTATION_ITEM('') );
#2263 = CARTESIAN_POINT('',(129.775,11.875));
#2264 = CARTESIAN_POINT('',(130.85753175473,11.875));
#2265 = CARTESIAN_POINT('',(130.31626587736,10.9375));
#2266 = CARTESIAN_POINT('',(129.775,10.));
#2267 = CARTESIAN_POINT('',(129.23373412263,10.9375));
#2268 = CARTESIAN_POINT('',(128.69246824526,11.875));
#2269 = CARTESIAN_POINT('',(129.775,11.875));
#2270 = ( GEOMETRIC_REPRESENTATION_CONTEXT(2) 
PARAMETRIC_REPRESENTATION_CONTEXT() REPRESENTATION_CONTEXT('2D SPACE',''
  ) );
#2271 = PCURVE('',#2272,#2277);
#2272 = CYLINDRICAL_SURFACE('',#2273,0.625);
#2273 = AXIS2_PLACEMENT_3D('',#2274,#2275,#2276);
#2274 = CARTESIAN_POINT('',(54.575,-3.75,0.));
#2275 = DIRECTION('',(0.,0.,-1.));
#2276 = DIRECTION('',(0.,1.,0.));
#2277 = DEFINITIONAL_REPRESENTATION('',(#2278),#2282);
#2278 = LINE('',#2279,#2280);
#2279 = CARTESIAN_POINT('',(0.,1.5));
#2280 = VECTOR('',#2281,1.);
#2281 = DIRECTION('',(1.,0.));
#2282 = ( GEOMETRIC_REPRESENTATION_CONTEXT(2) 
PARAMETRIC_REPRESENTATION_CONTEXT() REPRESENTATION_CONTEXT('2D SPACE',''
  ) );
#2283 = ORIENTED_EDGE('',*,*,#2284,.F.);
#2284 = EDGE_CURVE('',#2285,#2252,#2287,.T.);
#2285 = VERTEX_POINT('',#2286);
#2286 = CARTESIAN_POINT('',(15.825,-4.375,-1.5));
#2287 = SURFACE_CURVE('',#2288,(#2292,#2298),.PCURVE_S1.);
#2288 = LINE('',#2289,#2290);
#2289 = CARTESIAN_POINT('',(-10.3125,-4.375,-1.5));
#2290 = VECTOR('',#2291,1.);
#2291 = DIRECTION('',(1.,0.,-0.));
#2292 = PCURVE('',#72,#2293);
#2293 = DEFINITIONAL_REPRESENTATION('',(#2294),#2297);
#2294 = B_SPLINE_CURVE_WITH_KNOTS('',1,(#2295,#2296),.UNSPECIFIED.,.F.,
  .F.,(2,2),(26.1375,64.8875),.PIECEWISE_BEZIER_KNOTS.);
#2295 = CARTESIAN_POINT('',(91.025,10.625));
#2296 = CARTESIAN_POINT('',(129.775,10.625));
#2297 = ( GEOMETRIC_REPRESENTATION_CONTEXT(2) 
PARAMETRIC_REPRESENTATION_CONTEXT() REPRESENTATION_CONTEXT('2D SPACE',''
  ) );
#2298 = PCURVE('',#2299,#2304);
#2299 = PLANE('',#2300);
#2300 = AXIS2_PLACEMENT_3D('',#2301,#2302,#2303);
#2301 = CARTESIAN_POINT('',(54.575,-4.375,0.));
#2302 = DIRECTION('',(0.,-1.,0.));
#2303 = DIRECTION('',(-1.,0.,0.));
#2304 = DEFINITIONAL_REPRESENTATION('',(#2305),#2308);
#2305 = B_SPLINE_CURVE_WITH_KNOTS('',1,(#2306,#2307),.UNSPECIFIED.,.F.,
  .F.,(2,2),(26.1375,64.8875),.PIECEWISE_BEZIER_KNOTS.);
#2306 = CARTESIAN_POINT('',(38.75,1.5));
#2307 = CARTESIAN_POINT('',(0.,1.5));
#2308 = ( GEOMETRIC_REPRESENTATION_CONTEXT(2) 
PARAMETRIC_REPRESENTATION_CONTEXT() REPRESENTATION_CONTEXT('2D SPACE',''
  ) );
#2309 = ORIENTED_EDGE('',*,*,#2310,.T.);
#2310 = EDGE_CURVE('',#2285,#2226,#2311,.T.);
#2311 = SURFACE_CURVE('',#2312,(#2317,#2328),.PCURVE_S1.);
#2312 = CIRCLE('',#2313,0.625);
#2313 = AXIS2_PLACEMENT_3D('',#2314,#2315,#2316);
#2314 = CARTESIAN_POINT('',(15.825,-3.75,-1.5));
#2315 = DIRECTION('',(0.,-0.,-1.));
#2316 = DIRECTION('',(0.,-1.,0.));
#2317 = PCURVE('',#72,#2318);
#2318 = DEFINITIONAL_REPRESENTATION('',(#2319),#2327);
#2319 = ( BOUNDED_CURVE() B_SPLINE_CURVE(2,(#2320,#2321,#2322,#2323,
#2324,#2325,#2326),.UNSPECIFIED.,.T.,.F.) B_SPLINE_CURVE_WITH_KNOTS((1,2
    ,2,2,2,1),(-2.094395102393,0.,2.094395102393,4.188790204786,
6.28318530718,8.377580409573),.UNSPECIFIED.) CURVE() 
GEOMETRIC_REPRESENTATION_ITEM() RATIONAL_B_SPLINE_CURVE((1.,0.5,1.,0.5,
1.,0.5,1.)) REPRESENTATION_ITEM('') );
#2320 = CARTESIAN_POINT('',(91.025,10.625));
#2321 = CARTESIAN_POINT('',(89.942468245269,10.625));
#2322 = CARTESIAN_POINT('',(90.483734122635,11.5625));
#2323 = CARTESIAN_POINT('',(91.025,12.5));
#2324 = CARTESIAN_POINT('',(91.566265877365,11.5625));
#2325 = CARTESIAN_POINT('',(92.107531754731,10.625));
#2326 = CARTESIAN_POINT('',(91.025,10.625));
#2327 = ( GEOMETRIC_REPRESENTATION_CONTEXT(2) 
PARAMETRIC_REPRESENTATION_CONTEXT() REPRESENTATION_CONTEXT('2D SPACE',''
  ) );
#2328 = PCURVE('',#2329,#2334);
#2329 = CYLINDRICAL_SURFACE('',#2330,0.625);
#2330 = AXIS2_PLACEMENT_3D('',#2331,#2332,#2333);
#2331 = CARTESIAN_POINT('',(15.825,-3.75,0.));
#2332 = DIRECTION('',(0.,-0.,-1.));
#2333 = DIRECTION('',(0.,-1.,0.));
#2334 = DEFINITIONAL_REPRESENTATION('',(#2335),#2339);
#2335 = LINE('',#2336,#2337);
#2336 = CARTESIAN_POINT('',(0.,1.5));
#2337 = VECTOR('',#2338,1.);
#2338 = DIRECTION('',(1.,0.));
#2339 = ( GEOMETRIC_REPRESENTATION_CONTEXT(2) 
PARAMETRIC_REPRESENTATION_CONTEXT() REPRESENTATION_CONTEXT('2D SPACE',''
  ) );
#2340 = FACE_BOUND('',#2341,.F.);
#2341 = EDGE_LOOP('',(#2342,#2370,#2403,#2429));
#2342 = ORIENTED_EDGE('',*,*,#2343,.F.);
#2343 = EDGE_CURVE('',#2344,#2346,#2348,.T.);
#2344 = VERTEX_POINT('',#2345);
#2345 = CARTESIAN_POINT('',(-15.825,0.625,-1.5));
#2346 = VERTEX_POINT('',#2347);
#2347 = CARTESIAN_POINT('',(-54.575,0.625,-1.5));
#2348 = SURFACE_CURVE('',#2349,(#2353,#2359),.PCURVE_S1.);
#2349 = LINE('',#2350,#2351);
#2350 = CARTESIAN_POINT('',(-64.8875,0.625,-1.5));
#2351 = VECTOR('',#2352,1.);
#2352 = DIRECTION('',(-1.,0.,0.));
#2353 = PCURVE('',#72,#2354);
#2354 = DEFINITIONAL_REPRESENTATION('',(#2355),#2358);
#2355 = B_SPLINE_CURVE_WITH_KNOTS('',1,(#2356,#2357),.UNSPECIFIED.,.F.,
  .F.,(2,2),(-49.0625,-10.3125),.PIECEWISE_BEZIER_KNOTS.);
#2356 = CARTESIAN_POINT('',(59.375,15.625));
#2357 = CARTESIAN_POINT('',(20.625,15.625));
#2358 = ( GEOMETRIC_REPRESENTATION_CONTEXT(2) 
PARAMETRIC_REPRESENTATION_CONTEXT() REPRESENTATION_CONTEXT('2D SPACE',''
  ) );
#2359 = PCURVE('',#2360,#2365);
#2360 = PLANE('',#2361);
#2361 = AXIS2_PLACEMENT_3D('',#2362,#2363,#2364);
#2362 = CARTESIAN_POINT('',(-54.575,0.625,0.));
#2363 = DIRECTION('',(0.,1.,0.));
#2364 = DIRECTION('',(1.,0.,0.));
#2365 = DEFINITIONAL_REPRESENTATION('',(#2366),#2369);
#2366 = B_SPLINE_CURVE_WITH_KNOTS('',1,(#2367,#2368),.UNSPECIFIED.,.F.,
  .F.,(2,2),(-49.0625,-10.3125),.PIECEWISE_BEZIER_KNOTS.);
#2367 = CARTESIAN_POINT('',(38.75,1.5));
#2368 = CARTESIAN_POINT('',(0.,1.5));
#2369 = ( GEOMETRIC_REPRESENTATION_CONTEXT(2) 
PARAMETRIC_REPRESENTATION_CONTEXT() REPRESENTATION_CONTEXT('2D SPACE',''
  ) );
#2370 = ORIENTED_EDGE('',*,*,#2371,.T.);
#2371 = EDGE_CURVE('',#2344,#2372,#2374,.T.);
#2372 = VERTEX_POINT('',#2373);
#2373 = CARTESIAN_POINT('',(-15.825,-0.625,-1.5));
#2374 = SURFACE_CURVE('',#2375,(#2380,#2391),.PCURVE_S1.);
#2375 = CIRCLE('',#2376,0.625);
#2376 = AXIS2_PLACEMENT_3D('',#2377,#2378,#2379);
#2377 = CARTESIAN_POINT('',(-15.825,-5.551115123126E-17,-1.5));
#2378 = DIRECTION('',(0.,0.,-1.));
#2379 = DIRECTION('',(0.,1.,0.));
#2380 = PCURVE('',#72,#2381);
#2381 = DEFINITIONAL_REPRESENTATION('',(#2382),#2390);
#2382 = ( BOUNDED_CURVE() B_SPLINE_CURVE(2,(#2383,#2384,#2385,#2386,
#2387,#2388,#2389),.UNSPECIFIED.,.T.,.F.) B_SPLINE_CURVE_WITH_KNOTS((1,2
    ,2,2,2,1),(-2.094395102393,0.,2.094395102393,4.188790204786,
6.28318530718,8.377580409573),.UNSPECIFIED.) CURVE() 
GEOMETRIC_REPRESENTATION_ITEM() RATIONAL_B_SPLINE_CURVE((1.,0.5,1.,0.5,
1.,0.5,1.)) REPRESENTATION_ITEM('') );
#2383 = CARTESIAN_POINT('',(59.375,15.625));
#2384 = CARTESIAN_POINT('',(60.457531754731,15.625));
#2385 = CARTESIAN_POINT('',(59.916265877365,14.6875));
#2386 = CARTESIAN_POINT('',(59.375,13.75));
#2387 = CARTESIAN_POINT('',(58.833734122635,14.6875));
#2388 = CARTESIAN_POINT('',(58.292468245269,15.625));
#2389 = CARTESIAN_POINT('',(59.375,15.625));
#2390 = ( GEOMETRIC_REPRESENTATION_CONTEXT(2) 
PARAMETRIC_REPRESENTATION_CONTEXT() REPRESENTATION_CONTEXT('2D SPACE',''
  ) );
#2391 = PCURVE('',#2392,#2397);
#2392 = CYLINDRICAL_SURFACE('',#2393,0.625);
#2393 = AXIS2_PLACEMENT_3D('',#2394,#2395,#2396);
#2394 = CARTESIAN_POINT('',(-15.825,-5.551115123126E-17,0.));
#2395 = DIRECTION('',(0.,0.,-1.));
#2396 = DIRECTION('',(0.,1.,0.));
#2397 = DEFINITIONAL_REPRESENTATION('',(#2398),#2402);
#2398 = LINE('',#2399,#2400);
#2399 = CARTESIAN_POINT('',(0.,1.5));
#2400 = VECTOR('',#2401,1.);
#2401 = DIRECTION('',(1.,0.));
#2402 = ( GEOMETRIC_REPRESENTATION_CONTEXT(2) 
PARAMETRIC_REPRESENTATION_CONTEXT() REPRESENTATION_CONTEXT('2D SPACE',''
  ) );
#2403 = ORIENTED_EDGE('',*,*,#2404,.F.);
#2404 = EDGE_CURVE('',#2405,#2372,#2407,.T.);
#2405 = VERTEX_POINT('',#2406);
#2406 = CARTESIAN_POINT('',(-54.575,-0.625,-1.5));
#2407 = SURFACE_CURVE('',#2408,(#2412,#2418),.PCURVE_S1.);
#2408 = LINE('',#2409,#2410);
#2409 = CARTESIAN_POINT('',(-45.5125,-0.625,-1.5));
#2410 = VECTOR('',#2411,1.);
#2411 = DIRECTION('',(1.,0.,-0.));
#2412 = PCURVE('',#72,#2413);
#2413 = DEFINITIONAL_REPRESENTATION('',(#2414),#2417);
#2414 = B_SPLINE_CURVE_WITH_KNOTS('',1,(#2415,#2416),.UNSPECIFIED.,.F.,
  .F.,(2,2),(-9.0625,29.6875),.PIECEWISE_BEZIER_KNOTS.);
#2415 = CARTESIAN_POINT('',(20.625,14.375));
#2416 = CARTESIAN_POINT('',(59.375,14.375));
#2417 = ( GEOMETRIC_REPRESENTATION_CONTEXT(2) 
PARAMETRIC_REPRESENTATION_CONTEXT() REPRESENTATION_CONTEXT('2D SPACE',''
  ) );
#2418 = PCURVE('',#2419,#2424);
#2419 = PLANE('',#2420);
#2420 = AXIS2_PLACEMENT_3D('',#2421,#2422,#2423);
#2421 = CARTESIAN_POINT('',(-15.825,-0.625,0.));
#2422 = DIRECTION('',(0.,-1.,0.));
#2423 = DIRECTION('',(-1.,0.,0.));
#2424 = DEFINITIONAL_REPRESENTATION('',(#2425),#2428);
#2425 = B_SPLINE_CURVE_WITH_KNOTS('',1,(#2426,#2427),.UNSPECIFIED.,.F.,
  .F.,(2,2),(-9.0625,29.6875),.PIECEWISE_BEZIER_KNOTS.);
#2426 = CARTESIAN_POINT('',(38.75,1.5));
#2427 = CARTESIAN_POINT('',(0.,1.5));
#2428 = ( GEOMETRIC_REPRESENTATION_CONTEXT(2) 
PARAMETRIC_REPRESENTATION_CONTEXT() REPRESENTATION_CONTEXT('2D SPACE',''
  ) );
#2429 = ORIENTED_EDGE('',*,*,#2430,.T.);
#2430 = EDGE_CURVE('',#2405,#2346,#2431,.T.);
#2431 = SURFACE_CURVE('',#2432,(#2437,#2448),.PCURVE_S1.);
#2432 = CIRCLE('',#2433,0.625);
#2433 = AXIS2_PLACEMENT_3D('',#2434,#2435,#2436);
#2434 = CARTESIAN_POINT('',(-54.575,5.551115123126E-17,-1.5));
#2435 = DIRECTION('',(0.,-0.,-1.));
#2436 = DIRECTION('',(0.,-1.,0.));
#2437 = PCURVE('',#72,#2438);
#2438 = DEFINITIONAL_REPRESENTATION('',(#2439),#2447);
#2439 = ( BOUNDED_CURVE() B_SPLINE_CURVE(2,(#2440,#2441,#2442,#2443,
#2444,#2445,#2446),.UNSPECIFIED.,.T.,.F.) B_SPLINE_CURVE_WITH_KNOTS((1,2
    ,2,2,2,1),(-2.094395102393,0.,2.094395102393,4.188790204786,
6.28318530718,8.377580409573),.UNSPECIFIED.) CURVE() 
GEOMETRIC_REPRESENTATION_ITEM() RATIONAL_B_SPLINE_CURVE((1.,0.5,1.,0.5,
1.,0.5,1.)) REPRESENTATION_ITEM('') );
#2440 = CARTESIAN_POINT('',(20.625,14.375));
#2441 = CARTESIAN_POINT('',(19.542468245269,14.375));
#2442 = CARTESIAN_POINT('',(20.083734122635,15.3125));
#2443 = CARTESIAN_POINT('',(20.625,16.25));
#2444 = CARTESIAN_POINT('',(21.166265877365,15.3125));
#2445 = CARTESIAN_POINT('',(21.707531754731,14.375));
#2446 = CARTESIAN_POINT('',(20.625,14.375));
#2447 = ( GEOMETRIC_REPRESENTATION_CONTEXT(2) 
PARAMETRIC_REPRESENTATION_CONTEXT() REPRESENTATION_CONTEXT('2D SPACE',''
  ) );
#2448 = PCURVE('',#2449,#2454);
#2449 = CYLINDRICAL_SURFACE('',#2450,0.625);
#2450 = AXIS2_PLACEMENT_3D('',#2451,#2452,#2453);
#2451 = CARTESIAN_POINT('',(-54.575,5.551115123126E-17,0.));
#2452 = DIRECTION('',(0.,-0.,-1.));
#2453 = DIRECTION('',(0.,-1.,0.));
#2454 = DEFINITIONAL_REPRESENTATION('',(#2455),#2459);
#2455 = LINE('',#2456,#2457);
#2456 = CARTESIAN_POINT('',(0.,1.5));
#2457 = VECTOR('',#2458,1.);
#2458 = DIRECTION('',(1.,0.));
#2459 = ( GEOMETRIC_REPRESENTATION_CONTEXT(2) 
PARAMETRIC_REPRESENTATION_CONTEXT() REPRESENTATION_CONTEXT('2D SPACE',''
  ) );
#2460 = FACE_BOUND('',#2461,.F.);
#2461 = EDGE_LOOP('',(#2462,#2490,#2523,#2549));
#2462 = ORIENTED_EDGE('',*,*,#2463,.F.);
#2463 = EDGE_CURVE('',#2464,#2466,#2468,.T.);
#2464 = VERTEX_POINT('',#2465);
#2465 = CARTESIAN_POINT('',(-15.825,4.375,-1.5));
#2466 = VERTEX_POINT('',#2467);
#2467 = CARTESIAN_POINT('',(-54.575,4.375,-1.5));
#2468 = SURFACE_CURVE('',#2469,(#2473,#2479),.PCURVE_S1.);
#2469 = LINE('',#2470,#2471);
#2470 = CARTESIAN_POINT('',(-64.8875,4.375,-1.5));
#2471 = VECTOR('',#2472,1.);
#2472 = DIRECTION('',(-1.,0.,0.));
#2473 = PCURVE('',#72,#2474);
#2474 = DEFINITIONAL_REPRESENTATION('',(#2475),#2478);
#2475 = B_SPLINE_CURVE_WITH_KNOTS('',1,(#2476,#2477),.UNSPECIFIED.,.F.,
  .F.,(2,2),(-49.0625,-10.3125),.PIECEWISE_BEZIER_KNOTS.);
#2476 = CARTESIAN_POINT('',(59.375,19.375));
#2477 = CARTESIAN_POINT('',(20.625,19.375));
#2478 = ( GEOMETRIC_REPRESENTATION_CONTEXT(2) 
PARAMETRIC_REPRESENTATION_CONTEXT() REPRESENTATION_CONTEXT('2D SPACE',''
  ) );
#2479 = PCURVE('',#2480,#2485);
#2480 = PLANE('',#2481);
#2481 = AXIS2_PLACEMENT_3D('',#2482,#2483,#2484);
#2482 = CARTESIAN_POINT('',(-54.575,4.375,0.));
#2483 = DIRECTION('',(0.,1.,0.));
#2484 = DIRECTION('',(1.,0.,0.));
#2485 = DEFINITIONAL_REPRESENTATION('',(#2486),#2489);
#2486 = B_SPLINE_CURVE_WITH_KNOTS('',1,(#2487,#2488),.UNSPECIFIED.,.F.,
  .F.,(2,2),(-49.0625,-10.3125),.PIECEWISE_BEZIER_KNOTS.);
#2487 = CARTESIAN_POINT('',(38.75,1.5));
#2488 = CARTESIAN_POINT('',(0.,1.5));
#2489 = ( GEOMETRIC_REPRESENTATION_CONTEXT(2) 
PARAMETRIC_REPRESENTATION_CONTEXT() REPRESENTATION_CONTEXT('2D SPACE',''
  ) );
#2490 = ORIENTED_EDGE('',*,*,#2491,.T.);
#2491 = EDGE_CURVE('',#2464,#2492,#2494,.T.);
#2492 = VERTEX_POINT('',#2493);
#2493 = CARTESIAN_POINT('',(-15.825,3.125,-1.5));
#2494 = SURFACE_CURVE('',#2495,(#2500,#2511),.PCURVE_S1.);
#2495 = CIRCLE('',#2496,0.625);
#2496 = AXIS2_PLACEMENT_3D('',#2497,#2498,#2499);
#2497 = CARTESIAN_POINT('',(-15.825,3.75,-1.5));
#2498 = DIRECTION('',(0.,0.,-1.));
#2499 = DIRECTION('',(0.,1.,0.));
#2500 = PCURVE('',#72,#2501);
#2501 = DEFINITIONAL_REPRESENTATION('',(#2502),#2510);
#2502 = ( BOUNDED_CURVE() B_SPLINE_CURVE(2,(#2503,#2504,#2505,#2506,
#2507,#2508,#2509),.UNSPECIFIED.,.T.,.F.) B_SPLINE_CURVE_WITH_KNOTS((1,2
    ,2,2,2,1),(-2.094395102393,0.,2.094395102393,4.188790204786,
6.28318530718,8.377580409573),.UNSPECIFIED.) CURVE() 
GEOMETRIC_REPRESENTATION_ITEM() RATIONAL_B_SPLINE_CURVE((1.,0.5,1.,0.5,
1.,0.5,1.)) REPRESENTATION_ITEM('') );
#2503 = CARTESIAN_POINT('',(59.375,19.375));
#2504 = CARTESIAN_POINT('',(60.457531754731,19.375));
#2505 = CARTESIAN_POINT('',(59.916265877365,18.4375));
#2506 = CARTESIAN_POINT('',(59.375,17.5));
#2507 = CARTESIAN_POINT('',(58.833734122635,18.4375));
#2508 = CARTESIAN_POINT('',(58.292468245269,19.375));
#2509 = CARTESIAN_POINT('',(59.375,19.375));
#2510 = ( GEOMETRIC_REPRESENTATION_CONTEXT(2) 
PARAMETRIC_REPRESENTATION_CONTEXT() REPRESENTATION_CONTEXT('2D SPACE',''
  ) );
#2511 = PCURVE('',#2512,#2517);
#2512 = CYLINDRICAL_SURFACE('',#2513,0.625);
#2513 = AXIS2_PLACEMENT_3D('',#2514,#2515,#2516);
#2514 = CARTESIAN_POINT('',(-15.825,3.75,0.));
#2515 = DIRECTION('',(0.,0.,-1.));
#2516 = DIRECTION('',(0.,1.,0.));
#2517 = DEFINITIONAL_REPRESENTATION('',(#2518),#2522);
#2518 = LINE('',#2519,#2520);
#2519 = CARTESIAN_POINT('',(0.,1.5));
#2520 = VECTOR('',#2521,1.);
#2521 = DIRECTION('',(1.,0.));
#2522 = ( GEOMETRIC_REPRESENTATION_CONTEXT(2) 
PARAMETRIC_REPRESENTATION_CONTEXT() REPRESENTATION_CONTEXT('2D SPACE',''
  ) );
#2523 = ORIENTED_EDGE('',*,*,#2524,.F.);
#2524 = EDGE_CURVE('',#2525,#2492,#2527,.T.);
#2525 = VERTEX_POINT('',#2526);
#2526 = CARTESIAN_POINT('',(-54.575,3.125,-1.5));
#2527 = SURFACE_CURVE('',#2528,(#2532,#2538),.PCURVE_S1.);
#2528 = LINE('',#2529,#2530);
#2529 = CARTESIAN_POINT('',(-45.5125,3.125,-1.5));
#2530 = VECTOR('',#2531,1.);
#2531 = DIRECTION('',(1.,0.,-0.));
#2532 = PCURVE('',#72,#2533);
#2533 = DEFINITIONAL_REPRESENTATION('',(#2534),#2537);
#2534 = B_SPLINE_CURVE_WITH_KNOTS('',1,(#2535,#2536),.UNSPECIFIED.,.F.,
  .F.,(2,2),(-9.0625,29.6875),.PIECEWISE_BEZIER_KNOTS.);
#2535 = CARTESIAN_POINT('',(20.625,18.125));
#2536 = CARTESIAN_POINT('',(59.375,18.125));
#2537 = ( GEOMETRIC_REPRESENTATION_CONTEXT(2) 
PARAMETRIC_REPRESENTATION_CONTEXT() REPRESENTATION_CONTEXT('2D SPACE',''
  ) );
#2538 = PCURVE('',#2539,#2544);
#2539 = PLANE('',#2540);
#2540 = AXIS2_PLACEMENT_3D('',#2541,#2542,#2543);
#2541 = CARTESIAN_POINT('',(-15.825,3.125,0.));
#2542 = DIRECTION('',(0.,-1.,0.));
#2543 = DIRECTION('',(-1.,0.,0.));
#2544 = DEFINITIONAL_REPRESENTATION('',(#2545),#2548);
#2545 = B_SPLINE_CURVE_WITH_KNOTS('',1,(#2546,#2547),.UNSPECIFIED.,.F.,
  .F.,(2,2),(-9.0625,29.6875),.PIECEWISE_BEZIER_KNOTS.);
#2546 = CARTESIAN_POINT('',(38.75,1.5));
#2547 = CARTESIAN_POINT('',(0.,1.5));
#2548 = ( GEOMETRIC_REPRESENTATION_CONTEXT(2) 
PARAMETRIC_REPRESENTATION_CONTEXT() REPRESENTATION_CONTEXT('2D SPACE',''
  ) );
#2549 = ORIENTED_EDGE('',*,*,#2550,.T.);
#2550 = EDGE_CURVE('',#2525,#2466,#2551,.T.);
#2551 = SURFACE_CURVE('',#2552,(#2557,#2568),.PCURVE_S1.);
#2552 = CIRCLE('',#2553,0.625);
#2553 = AXIS2_PLACEMENT_3D('',#2554,#2555,#2556);
#2554 = CARTESIAN_POINT('',(-54.575,3.75,-1.5));
#2555 = DIRECTION('',(0.,-0.,-1.));
#2556 = DIRECTION('',(0.,-1.,0.));
#2557 = PCURVE('',#72,#2558);
#2558 = DEFINITIONAL_REPRESENTATION('',(#2559),#2567);
#2559 = ( BOUNDED_CURVE() B_SPLINE_CURVE(2,(#2560,#2561,#2562,#2563,
#2564,#2565,#2566),.UNSPECIFIED.,.T.,.F.) B_SPLINE_CURVE_WITH_KNOTS((1,2
    ,2,2,2,1),(-2.094395102393,0.,2.094395102393,4.188790204786,
6.28318530718,8.377580409573),.UNSPECIFIED.) CURVE() 
GEOMETRIC_REPRESENTATION_ITEM() RATIONAL_B_SPLINE_CURVE((1.,0.5,1.,0.5,
1.,0.5,1.)) REPRESENTATION_ITEM('') );
#2560 = CARTESIAN_POINT('',(20.625,18.125));
#2561 = CARTESIAN_POINT('',(19.542468245269,18.125));
#2562 = CARTESIAN_POINT('',(20.083734122635,19.0625));
#2563 = CARTESIAN_POINT('',(20.625,20.));
#2564 = CARTESIAN_POINT('',(21.166265877365,19.0625));
#2565 = CARTESIAN_POINT('',(21.707531754731,18.125));
#2566 = CARTESIAN_POINT('',(20.625,18.125));
#2567 = ( GEOMETRIC_REPRESENTATION_CONTEXT(2) 
PARAMETRIC_REPRESENTATION_CONTEXT() REPRESENTATION_CONTEXT('2D SPACE',''
  ) );
#2568 = PCURVE('',#2569,#2574);
#2569 = CYLINDRICAL_SURFACE('',#2570,0.625);
#2570 = AXIS2_PLACEMENT_3D('',#2571,#2572,#2573);
#2571 = CARTESIAN_POINT('',(-54.575,3.75,0.));
#2572 = DIRECTION('',(0.,-0.,-1.));
#2573 = DIRECTION('',(0.,-1.,0.));
#2574 = DEFINITIONAL_REPRESENTATION('',(#2575),#2579);
#2575 = LINE('',#2576,#2577);
#2576 = CARTESIAN_POINT('',(0.,1.5));
#2577 = VECTOR('',#2578,1.);
#2578 = DIRECTION('',(1.,0.));
#2579 = ( GEOMETRIC_REPRESENTATION_CONTEXT(2) 
PARAMETRIC_REPRESENTATION_CONTEXT() REPRESENTATION_CONTEXT('2D SPACE',''
  ) );
#2580 = FACE_BOUND('',#2581,.F.);
#2581 = EDGE_LOOP('',(#2582,#2610,#2643,#2669));
#2582 = ORIENTED_EDGE('',*,*,#2583,.F.);
#2583 = EDGE_CURVE('',#2584,#2586,#2588,.T.);
#2584 = VERTEX_POINT('',#2585);
#2585 = CARTESIAN_POINT('',(-15.825,8.125,-1.5));
#2586 = VERTEX_POINT('',#2587);
#2587 = CARTESIAN_POINT('',(-54.575,8.125,-1.5));
#2588 = SURFACE_CURVE('',#2589,(#2593,#2599),.PCURVE_S1.);
#2589 = LINE('',#2590,#2591);
#2590 = CARTESIAN_POINT('',(-64.8875,8.125,-1.5));
#2591 = VECTOR('',#2592,1.);
#2592 = DIRECTION('',(-1.,0.,0.));
#2593 = PCURVE('',#72,#2594);
#2594 = DEFINITIONAL_REPRESENTATION('',(#2595),#2598);
#2595 = B_SPLINE_CURVE_WITH_KNOTS('',1,(#2596,#2597),.UNSPECIFIED.,.F.,
  .F.,(2,2),(-49.0625,-10.3125),.PIECEWISE_BEZIER_KNOTS.);
#2596 = CARTESIAN_POINT('',(59.375,23.125));
#2597 = CARTESIAN_POINT('',(20.625,23.125));
#2598 = ( GEOMETRIC_REPRESENTATION_CONTEXT(2) 
PARAMETRIC_REPRESENTATION_CONTEXT() REPRESENTATION_CONTEXT('2D SPACE',''
  ) );
#2599 = PCURVE('',#2600,#2605);
#2600 = PLANE('',#2601);
#2601 = AXIS2_PLACEMENT_3D('',#2602,#2603,#2604);
#2602 = CARTESIAN_POINT('',(-54.575,8.125,0.));
#2603 = DIRECTION('',(0.,1.,0.));
#2604 = DIRECTION('',(1.,0.,0.));
#2605 = DEFINITIONAL_REPRESENTATION('',(#2606),#2609);
#2606 = B_SPLINE_CURVE_WITH_KNOTS('',1,(#2607,#2608),.UNSPECIFIED.,.F.,
  .F.,(2,2),(-49.0625,-10.3125),.PIECEWISE_BEZIER_KNOTS.);
#2607 = CARTESIAN_POINT('',(38.75,1.5));
#2608 = CARTESIAN_POINT('',(0.,1.5));
#2609 = ( GEOMETRIC_REPRESENTATION_CONTEXT(2) 
PARAMETRIC_REPRESENTATION_CONTEXT() REPRESENTATION_CONTEXT('2D SPACE',''
  ) );
#2610 = ORIENTED_EDGE('',*,*,#2611,.T.);
#2611 = EDGE_CURVE('',#2584,#2612,#2614,.T.);
#2612 = VERTEX_POINT('',#2613);
#2613 = CARTESIAN_POINT('',(-15.825,6.875,-1.5));
#2614 = SURFACE_CURVE('',#2615,(#2620,#2631),.PCURVE_S1.);
#2615 = CIRCLE('',#2616,0.625);
#2616 = AXIS2_PLACEMENT_3D('',#2617,#2618,#2619);
#2617 = CARTESIAN_POINT('',(-15.825,7.5,-1.5));
#2618 = DIRECTION('',(0.,0.,-1.));
#2619 = DIRECTION('',(0.,1.,0.));
#2620 = PCURVE('',#72,#2621);
#2621 = DEFINITIONAL_REPRESENTATION('',(#2622),#2630);
#2622 = ( BOUNDED_CURVE() B_SPLINE_CURVE(2,(#2623,#2624,#2625,#2626,
#2627,#2628,#2629),.UNSPECIFIED.,.T.,.F.) B_SPLINE_CURVE_WITH_KNOTS((1,2
    ,2,2,2,1),(-2.094395102393,0.,2.094395102393,4.188790204786,
6.28318530718,8.377580409573),.UNSPECIFIED.) CURVE() 
GEOMETRIC_REPRESENTATION_ITEM() RATIONAL_B_SPLINE_CURVE((1.,0.5,1.,0.5,
1.,0.5,1.)) REPRESENTATION_ITEM('') );
#2623 = CARTESIAN_POINT('',(59.375,23.125));
#2624 = CARTESIAN_POINT('',(60.457531754731,23.125));
#2625 = CARTESIAN_POINT('',(59.916265877365,22.1875));
#2626 = CARTESIAN_POINT('',(59.375,21.25));
#2627 = CARTESIAN_POINT('',(58.833734122635,22.1875));
#2628 = CARTESIAN_POINT('',(58.292468245269,23.125));
#2629 = CARTESIAN_POINT('',(59.375,23.125));
#2630 = ( GEOMETRIC_REPRESENTATION_CONTEXT(2) 
PARAMETRIC_REPRESENTATION_CONTEXT() REPRESENTATION_CONTEXT('2D SPACE',''
  ) );
#2631 = PCURVE('',#2632,#2637);
#2632 = CYLINDRICAL_SURFACE('',#2633,0.625);
#2633 = AXIS2_PLACEMENT_3D('',#2634,#2635,#2636);
#2634 = CARTESIAN_POINT('',(-15.825,7.5,0.));
#2635 = DIRECTION('',(0.,0.,-1.));
#2636 = DIRECTION('',(0.,1.,0.));
#2637 = DEFINITIONAL_REPRESENTATION('',(#2638),#2642);
#2638 = LINE('',#2639,#2640);
#2639 = CARTESIAN_POINT('',(0.,1.5));
#2640 = VECTOR('',#2641,1.);
#2641 = DIRECTION('',(1.,0.));
#2642 = ( GEOMETRIC_REPRESENTATION_CONTEXT(2) 
PARAMETRIC_REPRESENTATION_CONTEXT() REPRESENTATION_CONTEXT('2D SPACE',''
  ) );
#2643 = ORIENTED_EDGE('',*,*,#2644,.F.);
#2644 = EDGE_CURVE('',#2645,#2612,#2647,.T.);
#2645 = VERTEX_POINT('',#2646);
#2646 = CARTESIAN_POINT('',(-54.575,6.875,-1.5));
#2647 = SURFACE_CURVE('',#2648,(#2652,#2658),.PCURVE_S1.);
#2648 = LINE('',#2649,#2650);
#2649 = CARTESIAN_POINT('',(-45.5125,6.875,-1.5));
#2650 = VECTOR('',#2651,1.);
#2651 = DIRECTION('',(1.,0.,-0.));
#2652 = PCURVE('',#72,#2653);
#2653 = DEFINITIONAL_REPRESENTATION('',(#2654),#2657);
#2654 = B_SPLINE_CURVE_WITH_KNOTS('',1,(#2655,#2656),.UNSPECIFIED.,.F.,
  .F.,(2,2),(-9.0625,29.6875),.PIECEWISE_BEZIER_KNOTS.);
#2655 = CARTESIAN_POINT('',(20.625,21.875));
#2656 = CARTESIAN_POINT('',(59.375,21.875));
#2657 = ( GEOMETRIC_REPRESENTATION_CONTEXT(2) 
PARAMETRIC_REPRESENTATION_CONTEXT() REPRESENTATION_CONTEXT('2D SPACE',''
  ) );
#2658 = PCURVE('',#2659,#2664);
#2659 = PLANE('',#2660);
#2660 = AXIS2_PLACEMENT_3D('',#2661,#2662,#2663);
#2661 = CARTESIAN_POINT('',(-15.825,6.875,0.));
#2662 = DIRECTION('',(0.,-1.,0.));
#2663 = DIRECTION('',(-1.,0.,0.));
#2664 = DEFINITIONAL_REPRESENTATION('',(#2665),#2668);
#2665 = B_SPLINE_CURVE_WITH_KNOTS('',1,(#2666,#2667),.UNSPECIFIED.,.F.,
  .F.,(2,2),(-9.0625,29.6875),.PIECEWISE_BEZIER_KNOTS.);
#2666 = CARTESIAN_POINT('',(38.75,1.5));
#2667 = CARTESIAN_POINT('',(0.,1.5));
#2668 = ( GEOMETRIC_REPRESENTATION_CONTEXT(2) 
PARAMETRIC_REPRESENTATION_CONTEXT() REPRESENTATION_CONTEXT('2D SPACE',''
  ) );
#2669 = ORIENTED_EDGE('',*,*,#2670,.T.);
#2670 = EDGE_CURVE('',#2645,#2586,#2671,.T.);
#2671 = SURFACE_CURVE('',#2672,(#2677,#2688),.PCURVE_S1.);
#2672 = CIRCLE('',#2673,0.625);
#2673 = AXIS2_PLACEMENT_3D('',#2674,#2675,#2676);
#2674 = CARTESIAN_POINT('',(-54.575,7.5,-1.5));
#2675 = DIRECTION('',(0.,-0.,-1.));
#2676 = DIRECTION('',(0.,-1.,0.));
#2677 = PCURVE('',#72,#2678);
#2678 = DEFINITIONAL_REPRESENTATION('',(#2679),#2687);
#2679 = ( BOUNDED_CURVE() B_SPLINE_CURVE(2,(#2680,#2681,#2682,#2683,
#2684,#2685,#2686),.UNSPECIFIED.,.T.,.F.) B_SPLINE_CURVE_WITH_KNOTS((1,2
    ,2,2,2,1),(-2.094395102393,0.,2.094395102393,4.188790204786,
6.28318530718,8.377580409573),.UNSPECIFIED.) CURVE() 
GEOMETRIC_REPRESENTATION_ITEM() RATIONAL_B_SPLINE_CURVE((1.,0.5,1.,0.5,
1.,0.5,1.)) REPRESENTATION_ITEM('') );
#2680 = CARTESIAN_POINT('',(20.625,21.875));
#2681 = CARTESIAN_POINT('',(19.542468245269,21.875));
#2682 = CARTESIAN_POINT('',(20.083734122635,22.8125));
#2683 = CARTESIAN_POINT('',(20.625,23.75));
#2684 = CARTESIAN_POINT('',(21.166265877365,22.8125));
#2685 = CARTESIAN_POINT('',(21.707531754731,21.875));
#2686 = CARTESIAN_POINT('',(20.625,21.875));
#2687 = ( GEOMETRIC_REPRESENTATION_CONTEXT(2) 
PARAMETRIC_REPRESENTATION_CONTEXT() REPRESENTATION_CONTEXT('2D SPACE',''
  ) );
#2688 = PCURVE('',#2689,#2694);
#2689 = CYLINDRICAL_SURFACE('',#2690,0.625);
#2690 = AXIS2_PLACEMENT_3D('',#2691,#2692,#2693);
#2691 = CARTESIAN_POINT('',(-54.575,7.5,0.));
#2692 = DIRECTION('',(0.,-0.,-1.));
#2693 = DIRECTION('',(0.,-1.,0.));
#2694 = DEFINITIONAL_REPRESENTATION('',(#2695),#2699);
#2695 = LINE('',#2696,#2697);
#2696 = CARTESIAN_POINT('',(0.,1.5));
#2697 = VECTOR('',#2698,1.);
#2698 = DIRECTION('',(1.,0.));
#2699 = ( GEOMETRIC_REPRESENTATION_CONTEXT(2) 
PARAMETRIC_REPRESENTATION_CONTEXT() REPRESENTATION_CONTEXT('2D SPACE',''
  ) );
#2700 = FACE_BOUND('',#2701,.F.);
#2701 = EDGE_LOOP('',(#2702,#2730,#2763,#2789));
#2702 = ORIENTED_EDGE('',*,*,#2703,.F.);
#2703 = EDGE_CURVE('',#2704,#2706,#2708,.T.);
#2704 = VERTEX_POINT('',#2705);
#2705 = CARTESIAN_POINT('',(-15.825,11.875,-1.5));
#2706 = VERTEX_POINT('',#2707);
#2707 = CARTESIAN_POINT('',(-54.575,11.875,-1.5));
#2708 = SURFACE_CURVE('',#2709,(#2713,#2719),.PCURVE_S1.);
#2709 = LINE('',#2710,#2711);
#2710 = CARTESIAN_POINT('',(-64.8875,11.875,-1.5));
#2711 = VECTOR('',#2712,1.);
#2712 = DIRECTION('',(-1.,0.,0.));
#2713 = PCURVE('',#72,#2714);
#2714 = DEFINITIONAL_REPRESENTATION('',(#2715),#2718);
#2715 = B_SPLINE_CURVE_WITH_KNOTS('',1,(#2716,#2717),.UNSPECIFIED.,.F.,
  .F.,(2,2),(-49.0625,-10.3125),.PIECEWISE_BEZIER_KNOTS.);
#2716 = CARTESIAN_POINT('',(59.375,26.875));
#2717 = CARTESIAN_POINT('',(20.625,26.875));
#2718 = ( GEOMETRIC_REPRESENTATION_CONTEXT(2) 
PARAMETRIC_REPRESENTATION_CONTEXT() REPRESENTATION_CONTEXT('2D SPACE',''
  ) );
#2719 = PCURVE('',#2720,#2725);
#2720 = PLANE('',#2721);
#2721 = AXIS2_PLACEMENT_3D('',#2722,#2723,#2724);
#2722 = CARTESIAN_POINT('',(-54.575,11.875,0.));
#2723 = DIRECTION('',(0.,1.,0.));
#2724 = DIRECTION('',(1.,0.,0.));
#2725 = DEFINITIONAL_REPRESENTATION('',(#2726),#2729);
#2726 = B_SPLINE_CURVE_WITH_KNOTS('',1,(#2727,#2728),.UNSPECIFIED.,.F.,
  .F.,(2,2),(-49.0625,-10.3125),.PIECEWISE_BEZIER_KNOTS.);
#2727 = CARTESIAN_POINT('',(38.75,1.5));
#2728 = CARTESIAN_POINT('',(0.,1.5));
#2729 = ( GEOMETRIC_REPRESENTATION_CONTEXT(2) 
PARAMETRIC_REPRESENTATION_CONTEXT() REPRESENTATION_CONTEXT('2D SPACE',''
  ) );
#2730 = ORIENTED_EDGE('',*,*,#2731,.T.);
#2731 = EDGE_CURVE('',#2704,#2732,#2734,.T.);
#2732 = VERTEX_POINT('',#2733);
#2733 = CARTESIAN_POINT('',(-15.825,10.625,-1.5));
#2734 = SURFACE_CURVE('',#2735,(#2740,#2751),.PCURVE_S1.);
#2735 = CIRCLE('',#2736,0.625);
#2736 = AXIS2_PLACEMENT_3D('',#2737,#2738,#2739);
#2737 = CARTESIAN_POINT('',(-15.825,11.25,-1.5));
#2738 = DIRECTION('',(0.,0.,-1.));
#2739 = DIRECTION('',(0.,1.,0.));
#2740 = PCURVE('',#72,#2741);
#2741 = DEFINITIONAL_REPRESENTATION('',(#2742),#2750);
#2742 = ( BOUNDED_CURVE() B_SPLINE_CURVE(2,(#2743,#2744,#2745,#2746,
#2747,#2748,#2749),.UNSPECIFIED.,.T.,.F.) B_SPLINE_CURVE_WITH_KNOTS((1,2
    ,2,2,2,1),(-2.094395102393,0.,2.094395102393,4.188790204786,
6.28318530718,8.377580409573),.UNSPECIFIED.) CURVE() 
GEOMETRIC_REPRESENTATION_ITEM() RATIONAL_B_SPLINE_CURVE((1.,0.5,1.,0.5,
1.,0.5,1.)) REPRESENTATION_ITEM('') );
#2743 = CARTESIAN_POINT('',(59.375,26.875));
#2744 = CARTESIAN_POINT('',(60.457531754731,26.875));
#2745 = CARTESIAN_POINT('',(59.916265877365,25.9375));
#2746 = CARTESIAN_POINT('',(59.375,25.));
#2747 = CARTESIAN_POINT('',(58.833734122635,25.9375));
#2748 = CARTESIAN_POINT('',(58.292468245269,26.875));
#2749 = CARTESIAN_POINT('',(59.375,26.875));
#2750 = ( GEOMETRIC_REPRESENTATION_CONTEXT(2) 
PARAMETRIC_REPRESENTATION_CONTEXT() REPRESENTATION_CONTEXT('2D SPACE',''
  ) );
#2751 = PCURVE('',#2752,#2757);
#2752 = CYLINDRICAL_SURFACE('',#2753,0.625);
#2753 = AXIS2_PLACEMENT_3D('',#2754,#2755,#2756);
#2754 = CARTESIAN_POINT('',(-15.825,11.25,0.));
#2755 = DIRECTION('',(0.,0.,-1.));
#2756 = DIRECTION('',(0.,1.,0.));
#2757 = DEFINITIONAL_REPRESENTATION('',(#2758),#2762);
#2758 = LINE('',#2759,#2760);
#2759 = CARTESIAN_POINT('',(0.,1.5));
#2760 = VECTOR('',#2761,1.);
#2761 = DIRECTION('',(1.,0.));
#2762 = ( GEOMETRIC_REPRESENTATION_CONTEXT(2) 
PARAMETRIC_REPRESENTATION_CONTEXT() REPRESENTATION_CONTEXT('2D SPACE',''
  ) );
#2763 = ORIENTED_EDGE('',*,*,#2764,.F.);
#2764 = EDGE_CURVE('',#2765,#2732,#2767,.T.);
#2765 = VERTEX_POINT('',#2766);
#2766 = CARTESIAN_POINT('',(-54.575,10.625,-1.5));
#2767 = SURFACE_CURVE('',#2768,(#2772,#2778),.PCURVE_S1.);
#2768 = LINE('',#2769,#2770);
#2769 = CARTESIAN_POINT('',(-45.5125,10.625,-1.5));
#2770 = VECTOR('',#2771,1.);
#2771 = DIRECTION('',(1.,0.,-0.));
#2772 = PCURVE('',#72,#2773);
#2773 = DEFINITIONAL_REPRESENTATION('',(#2774),#2777);
#2774 = B_SPLINE_CURVE_WITH_KNOTS('',1,(#2775,#2776),.UNSPECIFIED.,.F.,
  .F.,(2,2),(-9.0625,29.6875),.PIECEWISE_BEZIER_KNOTS.);
#2775 = CARTESIAN_POINT('',(20.625,25.625));
#2776 = CARTESIAN_POINT('',(59.375,25.625));
#2777 = ( GEOMETRIC_REPRESENTATION_CONTEXT(2) 
PARAMETRIC_REPRESENTATION_CONTEXT() REPRESENTATION_CONTEXT('2D SPACE',''
  ) );
#2778 = PCURVE('',#2779,#2784);
#2779 = PLANE('',#2780);
#2780 = AXIS2_PLACEMENT_3D('',#2781,#2782,#2783);
#2781 = CARTESIAN_POINT('',(-15.825,10.625,0.));
#2782 = DIRECTION('',(0.,-1.,0.));
#2783 = DIRECTION('',(-1.,0.,0.));
#2784 = DEFINITIONAL_REPRESENTATION('',(#2785),#2788);
#2785 = B_SPLINE_CURVE_WITH_KNOTS('',1,(#2786,#2787),.UNSPECIFIED.,.F.,
  .F.,(2,2),(-9.0625,29.6875),.PIECEWISE_BEZIER_KNOTS.);
#2786 = CARTESIAN_POINT('',(38.75,1.5));
#2787 = CARTESIAN_POINT('',(0.,1.5));
#2788 = ( GEOMETRIC_REPRESENTATION_CONTEXT(2) 
PARAMETRIC_REPRESENTATION_CONTEXT() REPRESENTATION_CONTEXT('2D SPACE',''
  ) );
#2789 = ORIENTED_EDGE('',*,*,#2790,.T.);
#2790 = EDGE_CURVE('',#2765,#2706,#2791,.T.);
#2791 = SURFACE_CURVE('',#2792,(#2797,#2808),.PCURVE_S1.);
#2792 = CIRCLE('',#2793,0.625);
#2793 = AXIS2_PLACEMENT_3D('',#2794,#2795,#2796);
#2794 = CARTESIAN_POINT('',(-54.575,11.25,-1.5));
#2795 = DIRECTION('',(0.,-0.,-1.));
#2796 = DIRECTION('',(0.,-1.,0.));
#2797 = PCURVE('',#72,#2798);
#2798 = DEFINITIONAL_REPRESENTATION('',(#2799),#2807);
#2799 = ( BOUNDED_CURVE() B_SPLINE_CURVE(2,(#2800,#2801,#2802,#2803,
#2804,#2805,#2806),.UNSPECIFIED.,.T.,.F.) B_SPLINE_CURVE_WITH_KNOTS((1,2
    ,2,2,2,1),(-2.094395102393,0.,2.094395102393,4.188790204786,
6.28318530718,8.377580409573),.UNSPECIFIED.) CURVE() 
GEOMETRIC_REPRESENTATION_ITEM() RATIONAL_B_SPLINE_CURVE((1.,0.5,1.,0.5,
1.,0.5,1.)) REPRESENTATION_ITEM('') );
#2800 = CARTESIAN_POINT('',(20.625,25.625));
#2801 = CARTESIAN_POINT('',(19.542468245269,25.625));
#2802 = CARTESIAN_POINT('',(20.083734122635,26.5625));
#2803 = CARTESIAN_POINT('',(20.625,27.5));
#2804 = CARTESIAN_POINT('',(21.166265877365,26.5625));
#2805 = CARTESIAN_POINT('',(21.707531754731,25.625));
#2806 = CARTESIAN_POINT('',(20.625,25.625));
#2807 = ( GEOMETRIC_REPRESENTATION_CONTEXT(2) 
PARAMETRIC_REPRESENTATION_CONTEXT() REPRESENTATION_CONTEXT('2D SPACE',''
  ) );
#2808 = PCURVE('',#2809,#2814);
#2809 = CYLINDRICAL_SURFACE('',#2810,0.625);
#2810 = AXIS2_PLACEMENT_3D('',#2811,#2812,#2813);
#2811 = CARTESIAN_POINT('',(-54.575,11.25,0.));
#2812 = DIRECTION('',(0.,-0.,-1.));
#2813 = DIRECTION('',(0.,-1.,0.));
#2814 = DEFINITIONAL_REPRESENTATION('',(#2815),#2819);
#2815 = LINE('',#2816,#2817);
#2816 = CARTESIAN_POINT('',(0.,1.5));
#2817 = VECTOR('',#2818,1.);
#2818 = DIRECTION('',(1.,0.));
#2819 = ( GEOMETRIC_REPRESENTATION_CONTEXT(2) 
PARAMETRIC_REPRESENTATION_CONTEXT() REPRESENTATION_CONTEXT('2D SPACE',''
  ) );
#2820 = FACE_BOUND('',#2821,.F.);
#2821 = EDGE_LOOP('',(#2822,#2850,#2883,#2909));
#2822 = ORIENTED_EDGE('',*,*,#2823,.F.);
#2823 = EDGE_CURVE('',#2824,#2826,#2828,.T.);
#2824 = VERTEX_POINT('',#2825);
#2825 = CARTESIAN_POINT('',(-11.875,54.575,-1.5));
#2826 = VERTEX_POINT('',#2827);
#2827 = CARTESIAN_POINT('',(-11.875,15.825,-1.5));
#2828 = SURFACE_CURVE('',#2829,(#2833,#2839),.PCURVE_S1.);
#2829 = LINE('',#2830,#2831);
#2830 = CARTESIAN_POINT('',(-11.875,0.4125,-1.5));
#2831 = VECTOR('',#2832,1.);
#2832 = DIRECTION('',(-1.110223024625E-16,-1.,0.));
#2833 = PCURVE('',#72,#2834);
#2834 = DEFINITIONAL_REPRESENTATION('',(#2835),#2838);
#2835 = B_SPLINE_CURVE_WITH_KNOTS('',1,(#2836,#2837),.UNSPECIFIED.,.F.,
  .F.,(2,2),(-54.1625,-15.4125),.PIECEWISE_BEZIER_KNOTS.);
#2836 = CARTESIAN_POINT('',(63.325,69.575));
#2837 = CARTESIAN_POINT('',(63.325,30.825));
#2838 = ( GEOMETRIC_REPRESENTATION_CONTEXT(2) 
PARAMETRIC_REPRESENTATION_CONTEXT() REPRESENTATION_CONTEXT('2D SPACE',''
  ) );
#2839 = PCURVE('',#2840,#2845);
#2840 = PLANE('',#2841);
#2841 = AXIS2_PLACEMENT_3D('',#2842,#2843,#2844);
#2842 = CARTESIAN_POINT('',(-11.875,15.825,0.));
#2843 = DIRECTION('',(-1.,1.110223024625E-16,0.));
#2844 = DIRECTION('',(1.110223024625E-16,1.,0.));
#2845 = DEFINITIONAL_REPRESENTATION('',(#2846),#2849);
#2846 = B_SPLINE_CURVE_WITH_KNOTS('',1,(#2847,#2848),.UNSPECIFIED.,.F.,
  .F.,(2,2),(-54.1625,-15.4125),.PIECEWISE_BEZIER_KNOTS.);
#2847 = CARTESIAN_POINT('',(38.75,1.5));
#2848 = CARTESIAN_POINT('',(0.,1.5));
#2849 = ( GEOMETRIC_REPRESENTATION_CONTEXT(2) 
PARAMETRIC_REPRESENTATION_CONTEXT() REPRESENTATION_CONTEXT('2D SPACE',''
  ) );
#2850 = ORIENTED_EDGE('',*,*,#2851,.T.);
#2851 = EDGE_CURVE('',#2824,#2852,#2854,.T.);
#2852 = VERTEX_POINT('',#2853);
#2853 = CARTESIAN_POINT('',(-10.625,54.575,-1.5));
#2854 = SURFACE_CURVE('',#2855,(#2860,#2871),.PCURVE_S1.);
#2855 = CIRCLE('',#2856,0.625);
#2856 = AXIS2_PLACEMENT_3D('',#2857,#2858,#2859);
#2857 = CARTESIAN_POINT('',(-11.25,54.575,-1.5));
#2858 = DIRECTION('',(0.,0.,-1.));
#2859 = DIRECTION('',(-1.,1.110223024625E-16,0.));
#2860 = PCURVE('',#72,#2861);
#2861 = DEFINITIONAL_REPRESENTATION('',(#2862),#2870);
#2862 = ( BOUNDED_CURVE() B_SPLINE_CURVE(2,(#2863,#2864,#2865,#2866,
#2867,#2868,#2869),.UNSPECIFIED.,.T.,.F.) B_SPLINE_CURVE_WITH_KNOTS((1,2
    ,2,2,2,1),(-2.094395102393,0.,2.094395102393,4.188790204786,
6.28318530718,8.377580409573),.UNSPECIFIED.) CURVE() 
GEOMETRIC_REPRESENTATION_ITEM() RATIONAL_B_SPLINE_CURVE((1.,0.5,1.,0.5,
1.,0.5,1.)) REPRESENTATION_ITEM('') );
#2863 = CARTESIAN_POINT('',(63.325,69.575));
#2864 = CARTESIAN_POINT('',(63.325,70.657531754731));
#2865 = CARTESIAN_POINT('',(64.2625,70.116265877365));
#2866 = CARTESIAN_POINT('',(65.2,69.575));
#2867 = CARTESIAN_POINT('',(64.2625,69.033734122635));
#2868 = CARTESIAN_POINT('',(63.325,68.492468245269));
#2869 = CARTESIAN_POINT('',(63.325,69.575));
#2870 = ( GEOMETRIC_REPRESENTATION_CONTEXT(2) 
PARAMETRIC_REPRESENTATION_CONTEXT() REPRESENTATION_CONTEXT('2D SPACE',''
  ) );
#2871 = PCURVE('',#2872,#2877);
#2872 = CYLINDRICAL_SURFACE('',#2873,0.625);
#2873 = AXIS2_PLACEMENT_3D('',#2874,#2875,#2876);
#2874 = CARTESIAN_POINT('',(-11.25,54.575,0.));
#2875 = DIRECTION('',(0.,0.,-1.));
#2876 = DIRECTION('',(-1.,1.110223024625E-16,0.));
#2877 = DEFINITIONAL_REPRESENTATION('',(#2878),#2882);
#2878 = LINE('',#2879,#2880);
#2879 = CARTESIAN_POINT('',(0.,1.5));
#2880 = VECTOR('',#2881,1.);
#2881 = DIRECTION('',(1.,0.));
#2882 = ( GEOMETRIC_REPRESENTATION_CONTEXT(2) 
PARAMETRIC_REPRESENTATION_CONTEXT() REPRESENTATION_CONTEXT('2D SPACE',''
  ) );
#2883 = ORIENTED_EDGE('',*,*,#2884,.F.);
#2884 = EDGE_CURVE('',#2885,#2852,#2887,.T.);
#2885 = VERTEX_POINT('',#2886);
#2886 = CARTESIAN_POINT('',(-10.625,15.825,-1.5));
#2887 = SURFACE_CURVE('',#2888,(#2892,#2898),.PCURVE_S1.);
#2888 = LINE('',#2889,#2890);
#2889 = CARTESIAN_POINT('',(-10.625,19.7875,-1.5));
#2890 = VECTOR('',#2891,1.);
#2891 = DIRECTION('',(1.110223024625E-16,1.,-0.));
#2892 = PCURVE('',#72,#2893);
#2893 = DEFINITIONAL_REPRESENTATION('',(#2894),#2897);
#2894 = B_SPLINE_CURVE_WITH_KNOTS('',1,(#2895,#2896),.UNSPECIFIED.,.F.,
  .F.,(2,2),(-3.9625,34.7875),.PIECEWISE_BEZIER_KNOTS.);
#2895 = CARTESIAN_POINT('',(64.575,30.825));
#2896 = CARTESIAN_POINT('',(64.575,69.575));
#2897 = ( GEOMETRIC_REPRESENTATION_CONTEXT(2) 
PARAMETRIC_REPRESENTATION_CONTEXT() REPRESENTATION_CONTEXT('2D SPACE',''
  ) );
#2898 = PCURVE('',#2899,#2904);
#2899 = PLANE('',#2900);
#2900 = AXIS2_PLACEMENT_3D('',#2901,#2902,#2903);
#2901 = CARTESIAN_POINT('',(-10.625,54.575,0.));
#2902 = DIRECTION('',(1.,-1.110223024625E-16,0.));
#2903 = DIRECTION('',(-1.110223024625E-16,-1.,0.));
#2904 = DEFINITIONAL_REPRESENTATION('',(#2905),#2908);
#2905 = B_SPLINE_CURVE_WITH_KNOTS('',1,(#2906,#2907),.UNSPECIFIED.,.F.,
  .F.,(2,2),(-3.9625,34.7875),.PIECEWISE_BEZIER_KNOTS.);
#2906 = CARTESIAN_POINT('',(38.75,1.5));
#2907 = CARTESIAN_POINT('',(0.,1.5));
#2908 = ( GEOMETRIC_REPRESENTATION_CONTEXT(2) 
PARAMETRIC_REPRESENTATION_CONTEXT() REPRESENTATION_CONTEXT('2D SPACE',''
  ) );
#2909 = ORIENTED_EDGE('',*,*,#2910,.T.);
#2910 = EDGE_CURVE('',#2885,#2826,#2911,.T.);
#2911 = SURFACE_CURVE('',#2912,(#2917,#2928),.PCURVE_S1.);
#2912 = CIRCLE('',#2913,0.625);
#2913 = AXIS2_PLACEMENT_3D('',#2914,#2915,#2916);
#2914 = CARTESIAN_POINT('',(-11.25,15.825,-1.5));
#2915 = DIRECTION('',(0.,-0.,-1.));
#2916 = DIRECTION('',(1.,-1.110223024625E-16,0.));
#2917 = PCURVE('',#72,#2918);
#2918 = DEFINITIONAL_REPRESENTATION('',(#2919),#2927);
#2919 = ( BOUNDED_CURVE() B_SPLINE_CURVE(2,(#2920,#2921,#2922,#2923,
#2924,#2925,#2926),.UNSPECIFIED.,.T.,.F.) B_SPLINE_CURVE_WITH_KNOTS((1,2
    ,2,2,2,1),(-2.094395102393,0.,2.094395102393,4.188790204786,
6.28318530718,8.377580409573),.UNSPECIFIED.) CURVE() 
GEOMETRIC_REPRESENTATION_ITEM() RATIONAL_B_SPLINE_CURVE((1.,0.5,1.,0.5,
1.,0.5,1.)) REPRESENTATION_ITEM('') );
#2920 = CARTESIAN_POINT('',(64.575,30.825));
#2921 = CARTESIAN_POINT('',(64.575,29.742468245269));
#2922 = CARTESIAN_POINT('',(63.6375,30.283734122635));
#2923 = CARTESIAN_POINT('',(62.7,30.825));
#2924 = CARTESIAN_POINT('',(63.6375,31.366265877365));
#2925 = CARTESIAN_POINT('',(64.575,31.907531754731));
#2926 = CARTESIAN_POINT('',(64.575,30.825));
#2927 = ( GEOMETRIC_REPRESENTATION_CONTEXT(2) 
PARAMETRIC_REPRESENTATION_CONTEXT() REPRESENTATION_CONTEXT('2D SPACE',''
  ) );
#2928 = PCURVE('',#2929,#2934);
#2929 = CYLINDRICAL_SURFACE('',#2930,0.625);
#2930 = AXIS2_PLACEMENT_3D('',#2931,#2932,#2933);
#2931 = CARTESIAN_POINT('',(-11.25,15.825,0.));
#2932 = DIRECTION('',(0.,-0.,-1.));
#2933 = DIRECTION('',(1.,-1.110223024625E-16,0.));
#2934 = DEFINITIONAL_REPRESENTATION('',(#2935),#2939);
#2935 = LINE('',#2936,#2937);
#2936 = CARTESIAN_POINT('',(0.,1.5));
#2937 = VECTOR('',#2938,1.);
#2938 = DIRECTION('',(1.,0.));
#2939 = ( GEOMETRIC_REPRESENTATION_CONTEXT(2) 
PARAMETRIC_REPRESENTATION_CONTEXT() REPRESENTATION_CONTEXT('2D SPACE',''
  ) );
#2940 = FACE_BOUND('',#2941,.F.);
#2941 = EDGE_LOOP('',(#2942,#2970,#3003,#3029));
#2942 = ORIENTED_EDGE('',*,*,#2943,.F.);
#2943 = EDGE_CURVE('',#2944,#2946,#2948,.T.);
#2944 = VERTEX_POINT('',#2945);
#2945 = CARTESIAN_POINT('',(-8.125,54.575,-1.5));
#2946 = VERTEX_POINT('',#2947);
#2947 = CARTESIAN_POINT('',(-8.125,15.825,-1.5));
#2948 = SURFACE_CURVE('',#2949,(#2953,#2959),.PCURVE_S1.);
#2949 = LINE('',#2950,#2951);
#2950 = CARTESIAN_POINT('',(-8.125,0.4125,-1.5));
#2951 = VECTOR('',#2952,1.);
#2952 = DIRECTION('',(-1.110223024625E-16,-1.,0.));
#2953 = PCURVE('',#72,#2954);
#2954 = DEFINITIONAL_REPRESENTATION('',(#2955),#2958);
#2955 = B_SPLINE_CURVE_WITH_KNOTS('',1,(#2956,#2957),.UNSPECIFIED.,.F.,
  .F.,(2,2),(-54.1625,-15.4125),.PIECEWISE_BEZIER_KNOTS.);
#2956 = CARTESIAN_POINT('',(67.075,69.575));
#2957 = CARTESIAN_POINT('',(67.075,30.825));
#2958 = ( GEOMETRIC_REPRESENTATION_CONTEXT(2) 
PARAMETRIC_REPRESENTATION_CONTEXT() REPRESENTATION_CONTEXT('2D SPACE',''
  ) );
#2959 = PCURVE('',#2960,#2965);
#2960 = PLANE('',#2961);
#2961 = AXIS2_PLACEMENT_3D('',#2962,#2963,#2964);
#2962 = CARTESIAN_POINT('',(-8.125,15.825,0.));
#2963 = DIRECTION('',(-1.,1.110223024625E-16,0.));
#2964 = DIRECTION('',(1.110223024625E-16,1.,0.));
#2965 = DEFINITIONAL_REPRESENTATION('',(#2966),#2969);
#2966 = B_SPLINE_CURVE_WITH_KNOTS('',1,(#2967,#2968),.UNSPECIFIED.,.F.,
  .F.,(2,2),(-54.1625,-15.4125),.PIECEWISE_BEZIER_KNOTS.);
#2967 = CARTESIAN_POINT('',(38.75,1.5));
#2968 = CARTESIAN_POINT('',(0.,1.5));
#2969 = ( GEOMETRIC_REPRESENTATION_CONTEXT(2) 
PARAMETRIC_REPRESENTATION_CONTEXT() REPRESENTATION_CONTEXT('2D SPACE',''
  ) );
#2970 = ORIENTED_EDGE('',*,*,#2971,.T.);
#2971 = EDGE_CURVE('',#2944,#2972,#2974,.T.);
#2972 = VERTEX_POINT('',#2973);
#2973 = CARTESIAN_POINT('',(-6.875,54.575,-1.5));
#2974 = SURFACE_CURVE('',#2975,(#2980,#2991),.PCURVE_S1.);
#2975 = CIRCLE('',#2976,0.625);
#2976 = AXIS2_PLACEMENT_3D('',#2977,#2978,#2979);
#2977 = CARTESIAN_POINT('',(-7.5,54.575,-1.5));
#2978 = DIRECTION('',(0.,0.,-1.));
#2979 = DIRECTION('',(-1.,1.110223024625E-16,0.));
#2980 = PCURVE('',#72,#2981);
#2981 = DEFINITIONAL_REPRESENTATION('',(#2982),#2990);
#2982 = ( BOUNDED_CURVE() B_SPLINE_CURVE(2,(#2983,#2984,#2985,#2986,
#2987,#2988,#2989),.UNSPECIFIED.,.T.,.F.) B_SPLINE_CURVE_WITH_KNOTS((1,2
    ,2,2,2,1),(-2.094395102393,0.,2.094395102393,4.188790204786,
6.28318530718,8.377580409573),.UNSPECIFIED.) CURVE() 
GEOMETRIC_REPRESENTATION_ITEM() RATIONAL_B_SPLINE_CURVE((1.,0.5,1.,0.5,
1.,0.5,1.)) REPRESENTATION_ITEM('') );
#2983 = CARTESIAN_POINT('',(67.075,69.575));
#2984 = CARTESIAN_POINT('',(67.075,70.657531754731));
#2985 = CARTESIAN_POINT('',(68.0125,70.116265877365));
#2986 = CARTESIAN_POINT('',(68.95,69.575));
#2987 = CARTESIAN_POINT('',(68.0125,69.033734122635));
#2988 = CARTESIAN_POINT('',(67.075,68.492468245269));
#2989 = CARTESIAN_POINT('',(67.075,69.575));
#2990 = ( GEOMETRIC_REPRESENTATION_CONTEXT(2) 
PARAMETRIC_REPRESENTATION_CONTEXT() REPRESENTATION_CONTEXT('2D SPACE',''
  ) );
#2991 = PCURVE('',#2992,#2997);
#2992 = CYLINDRICAL_SURFACE('',#2993,0.625);
#2993 = AXIS2_PLACEMENT_3D('',#2994,#2995,#2996);
#2994 = CARTESIAN_POINT('',(-7.5,54.575,0.));
#2995 = DIRECTION('',(0.,0.,-1.));
#2996 = DIRECTION('',(-1.,1.110223024625E-16,0.));
#2997 = DEFINITIONAL_REPRESENTATION('',(#2998),#3002);
#2998 = LINE('',#2999,#3000);
#2999 = CARTESIAN_POINT('',(0.,1.5));
#3000 = VECTOR('',#3001,1.);
#3001 = DIRECTION('',(1.,0.));
#3002 = ( GEOMETRIC_REPRESENTATION_CONTEXT(2) 
PARAMETRIC_REPRESENTATION_CONTEXT() REPRESENTATION_CONTEXT('2D SPACE',''
  ) );
#3003 = ORIENTED_EDGE('',*,*,#3004,.F.);
#3004 = EDGE_CURVE('',#3005,#2972,#3007,.T.);
#3005 = VERTEX_POINT('',#3006);
#3006 = CARTESIAN_POINT('',(-6.875,15.825,-1.5));
#3007 = SURFACE_CURVE('',#3008,(#3012,#3018),.PCURVE_S1.);
#3008 = LINE('',#3009,#3010);
#3009 = CARTESIAN_POINT('',(-6.875,19.7875,-1.5));
#3010 = VECTOR('',#3011,1.);
#3011 = DIRECTION('',(1.110223024625E-16,1.,-0.));
#3012 = PCURVE('',#72,#3013);
#3013 = DEFINITIONAL_REPRESENTATION('',(#3014),#3017);
#3014 = B_SPLINE_CURVE_WITH_KNOTS('',1,(#3015,#3016),.UNSPECIFIED.,.F.,
  .F.,(2,2),(-3.9625,34.7875),.PIECEWISE_BEZIER_KNOTS.);
#3015 = CARTESIAN_POINT('',(68.325,30.825));
#3016 = CARTESIAN_POINT('',(68.325,69.575));
#3017 = ( GEOMETRIC_REPRESENTATION_CONTEXT(2) 
PARAMETRIC_REPRESENTATION_CONTEXT() REPRESENTATION_CONTEXT('2D SPACE',''
  ) );
#3018 = PCURVE('',#3019,#3024);
#3019 = PLANE('',#3020);
#3020 = AXIS2_PLACEMENT_3D('',#3021,#3022,#3023);
#3021 = CARTESIAN_POINT('',(-6.875,54.575,0.));
#3022 = DIRECTION('',(1.,-1.110223024625E-16,0.));
#3023 = DIRECTION('',(-1.110223024625E-16,-1.,0.));
#3024 = DEFINITIONAL_REPRESENTATION('',(#3025),#3028);
#3025 = B_SPLINE_CURVE_WITH_KNOTS('',1,(#3026,#3027),.UNSPECIFIED.,.F.,
  .F.,(2,2),(-3.9625,34.7875),.PIECEWISE_BEZIER_KNOTS.);
#3026 = CARTESIAN_POINT('',(38.75,1.5));
#3027 = CARTESIAN_POINT('',(0.,1.5));
#3028 = ( GEOMETRIC_REPRESENTATION_CONTEXT(2) 
PARAMETRIC_REPRESENTATION_CONTEXT() REPRESENTATION_CONTEXT('2D SPACE',''
  ) );
#3029 = ORIENTED_EDGE('',*,*,#3030,.T.);
#3030 = EDGE_CURVE('',#3005,#2946,#3031,.T.);
#3031 = SURFACE_CURVE('',#3032,(#3037,#3048),.PCURVE_S1.);
#3032 = CIRCLE('',#3033,0.625);
#3033 = AXIS2_PLACEMENT_3D('',#3034,#3035,#3036);
#3034 = CARTESIAN_POINT('',(-7.5,15.825,-1.5));
#3035 = DIRECTION('',(0.,-0.,-1.));
#3036 = DIRECTION('',(1.,-1.110223024625E-16,0.));
#3037 = PCURVE('',#72,#3038);
#3038 = DEFINITIONAL_REPRESENTATION('',(#3039),#3047);
#3039 = ( BOUNDED_CURVE() B_SPLINE_CURVE(2,(#3040,#3041,#3042,#3043,
#3044,#3045,#3046),.UNSPECIFIED.,.T.,.F.) B_SPLINE_CURVE_WITH_KNOTS((1,2
    ,2,2,2,1),(-2.094395102393,0.,2.094395102393,4.188790204786,
6.28318530718,8.377580409573),.UNSPECIFIED.) CURVE() 
GEOMETRIC_REPRESENTATION_ITEM() RATIONAL_B_SPLINE_CURVE((1.,0.5,1.,0.5,
1.,0.5,1.)) REPRESENTATION_ITEM('') );
#3040 = CARTESIAN_POINT('',(68.325,30.825));
#3041 = CARTESIAN_POINT('',(68.325,29.742468245269));
#3042 = CARTESIAN_POINT('',(67.3875,30.283734122635));
#3043 = CARTESIAN_POINT('',(66.45,30.825));
#3044 = CARTESIAN_POINT('',(67.3875,31.366265877365));
#3045 = CARTESIAN_POINT('',(68.325,31.907531754731));
#3046 = CARTESIAN_POINT('',(68.325,30.825));
#3047 = ( GEOMETRIC_REPRESENTATION_CONTEXT(2) 
PARAMETRIC_REPRESENTATION_CONTEXT() REPRESENTATION_CONTEXT('2D SPACE',''
  ) );
#3048 = PCURVE('',#3049,#3054);
#3049 = CYLINDRICAL_SURFACE('',#3050,0.625);
#3050 = AXIS2_PLACEMENT_3D('',#3051,#3052,#3053);
#3051 = CARTESIAN_POINT('',(-7.5,15.825,0.));
#3052 = DIRECTION('',(0.,-0.,-1.));
#3053 = DIRECTION('',(1.,-1.110223024625E-16,0.));
#3054 = DEFINITIONAL_REPRESENTATION('',(#3055),#3059);
#3055 = LINE('',#3056,#3057);
#3056 = CARTESIAN_POINT('',(0.,1.5));
#3057 = VECTOR('',#3058,1.);
#3058 = DIRECTION('',(1.,0.));
#3059 = ( GEOMETRIC_REPRESENTATION_CONTEXT(2) 
PARAMETRIC_REPRESENTATION_CONTEXT() REPRESENTATION_CONTEXT('2D SPACE',''
  ) );
#3060 = FACE_BOUND('',#3061,.F.);
#3061 = EDGE_LOOP('',(#3062,#3090,#3123,#3149));
#3062 = ORIENTED_EDGE('',*,*,#3063,.F.);
#3063 = EDGE_CURVE('',#3064,#3066,#3068,.T.);
#3064 = VERTEX_POINT('',#3065);
#3065 = CARTESIAN_POINT('',(-4.375,54.575,-1.5));
#3066 = VERTEX_POINT('',#3067);
#3067 = CARTESIAN_POINT('',(-4.375,15.825,-1.5));
#3068 = SURFACE_CURVE('',#3069,(#3073,#3079),.PCURVE_S1.);
#3069 = LINE('',#3070,#3071);
#3070 = CARTESIAN_POINT('',(-4.375,0.4125,-1.5));
#3071 = VECTOR('',#3072,1.);
#3072 = DIRECTION('',(-1.110223024625E-16,-1.,0.));
#3073 = PCURVE('',#72,#3074);
#3074 = DEFINITIONAL_REPRESENTATION('',(#3075),#3078);
#3075 = B_SPLINE_CURVE_WITH_KNOTS('',1,(#3076,#3077),.UNSPECIFIED.,.F.,
  .F.,(2,2),(-54.1625,-15.4125),.PIECEWISE_BEZIER_KNOTS.);
#3076 = CARTESIAN_POINT('',(70.825,69.575));
#3077 = CARTESIAN_POINT('',(70.825,30.825));
#3078 = ( GEOMETRIC_REPRESENTATION_CONTEXT(2) 
PARAMETRIC_REPRESENTATION_CONTEXT() REPRESENTATION_CONTEXT('2D SPACE',''
  ) );
#3079 = PCURVE('',#3080,#3085);
#3080 = PLANE('',#3081);
#3081 = AXIS2_PLACEMENT_3D('',#3082,#3083,#3084);
#3082 = CARTESIAN_POINT('',(-4.375,15.825,0.));
#3083 = DIRECTION('',(-1.,1.110223024625E-16,0.));
#3084 = DIRECTION('',(1.110223024625E-16,1.,0.));
#3085 = DEFINITIONAL_REPRESENTATION('',(#3086),#3089);
#3086 = B_SPLINE_CURVE_WITH_KNOTS('',1,(#3087,#3088),.UNSPECIFIED.,.F.,
  .F.,(2,2),(-54.1625,-15.4125),.PIECEWISE_BEZIER_KNOTS.);
#3087 = CARTESIAN_POINT('',(38.75,1.5));
#3088 = CARTESIAN_POINT('',(0.,1.5));
#3089 = ( GEOMETRIC_REPRESENTATION_CONTEXT(2) 
PARAMETRIC_REPRESENTATION_CONTEXT() REPRESENTATION_CONTEXT('2D SPACE',''
  ) );
#3090 = ORIENTED_EDGE('',*,*,#3091,.T.);
#3091 = EDGE_CURVE('',#3064,#3092,#3094,.T.);
#3092 = VERTEX_POINT('',#3093);
#3093 = CARTESIAN_POINT('',(-3.125,54.575,-1.5));
#3094 = SURFACE_CURVE('',#3095,(#3100,#3111),.PCURVE_S1.);
#3095 = CIRCLE('',#3096,0.625);
#3096 = AXIS2_PLACEMENT_3D('',#3097,#3098,#3099);
#3097 = CARTESIAN_POINT('',(-3.75,54.575,-1.5));
#3098 = DIRECTION('',(0.,0.,-1.));
#3099 = DIRECTION('',(-1.,1.110223024625E-16,0.));
#3100 = PCURVE('',#72,#3101);
#3101 = DEFINITIONAL_REPRESENTATION('',(#3102),#3110);
#3102 = ( BOUNDED_CURVE() B_SPLINE_CURVE(2,(#3103,#3104,#3105,#3106,
#3107,#3108,#3109),.UNSPECIFIED.,.T.,.F.) B_SPLINE_CURVE_WITH_KNOTS((1,2
    ,2,2,2,1),(-2.094395102393,0.,2.094395102393,4.188790204786,
6.28318530718,8.377580409573),.UNSPECIFIED.) CURVE() 
GEOMETRIC_REPRESENTATION_ITEM() RATIONAL_B_SPLINE_CURVE((1.,0.5,1.,0.5,
1.,0.5,1.)) REPRESENTATION_ITEM('') );
#3103 = CARTESIAN_POINT('',(70.825,69.575));
#3104 = CARTESIAN_POINT('',(70.825,70.657531754731));
#3105 = CARTESIAN_POINT('',(71.7625,70.116265877365));
#3106 = CARTESIAN_POINT('',(72.7,69.575));
#3107 = CARTESIAN_POINT('',(71.7625,69.033734122635));
#3108 = CARTESIAN_POINT('',(70.825,68.492468245269));
#3109 = CARTESIAN_POINT('',(70.825,69.575));
#3110 = ( GEOMETRIC_REPRESENTATION_CONTEXT(2) 
PARAMETRIC_REPRESENTATION_CONTEXT() REPRESENTATION_CONTEXT('2D SPACE',''
  ) );
#3111 = PCURVE('',#3112,#3117);
#3112 = CYLINDRICAL_SURFACE('',#3113,0.625);
#3113 = AXIS2_PLACEMENT_3D('',#3114,#3115,#3116);
#3114 = CARTESIAN_POINT('',(-3.75,54.575,0.));
#3115 = DIRECTION('',(0.,0.,-1.));
#3116 = DIRECTION('',(-1.,1.110223024625E-16,0.));
#3117 = DEFINITIONAL_REPRESENTATION('',(#3118),#3122);
#3118 = LINE('',#3119,#3120);
#3119 = CARTESIAN_POINT('',(0.,1.5));
#3120 = VECTOR('',#3121,1.);
#3121 = DIRECTION('',(1.,0.));
#3122 = ( GEOMETRIC_REPRESENTATION_CONTEXT(2) 
PARAMETRIC_REPRESENTATION_CONTEXT() REPRESENTATION_CONTEXT('2D SPACE',''
  ) );
#3123 = ORIENTED_EDGE('',*,*,#3124,.F.);
#3124 = EDGE_CURVE('',#3125,#3092,#3127,.T.);
#3125 = VERTEX_POINT('',#3126);
#3126 = CARTESIAN_POINT('',(-3.125,15.825,-1.5));
#3127 = SURFACE_CURVE('',#3128,(#3132,#3138),.PCURVE_S1.);
#3128 = LINE('',#3129,#3130);
#3129 = CARTESIAN_POINT('',(-3.125,19.7875,-1.5));
#3130 = VECTOR('',#3131,1.);
#3131 = DIRECTION('',(1.110223024625E-16,1.,-0.));
#3132 = PCURVE('',#72,#3133);
#3133 = DEFINITIONAL_REPRESENTATION('',(#3134),#3137);
#3134 = B_SPLINE_CURVE_WITH_KNOTS('',1,(#3135,#3136),.UNSPECIFIED.,.F.,
  .F.,(2,2),(-3.9625,34.7875),.PIECEWISE_BEZIER_KNOTS.);
#3135 = CARTESIAN_POINT('',(72.075,30.825));
#3136 = CARTESIAN_POINT('',(72.075,69.575));
#3137 = ( GEOMETRIC_REPRESENTATION_CONTEXT(2) 
PARAMETRIC_REPRESENTATION_CONTEXT() REPRESENTATION_CONTEXT('2D SPACE',''
  ) );
#3138 = PCURVE('',#3139,#3144);
#3139 = PLANE('',#3140);
#3140 = AXIS2_PLACEMENT_3D('',#3141,#3142,#3143);
#3141 = CARTESIAN_POINT('',(-3.125,54.575,0.));
#3142 = DIRECTION('',(1.,-1.110223024625E-16,0.));
#3143 = DIRECTION('',(-1.110223024625E-16,-1.,0.));
#3144 = DEFINITIONAL_REPRESENTATION('',(#3145),#3148);
#3145 = B_SPLINE_CURVE_WITH_KNOTS('',1,(#3146,#3147),.UNSPECIFIED.,.F.,
  .F.,(2,2),(-3.9625,34.7875),.PIECEWISE_BEZIER_KNOTS.);
#3146 = CARTESIAN_POINT('',(38.75,1.5));
#3147 = CARTESIAN_POINT('',(0.,1.5));
#3148 = ( GEOMETRIC_REPRESENTATION_CONTEXT(2) 
PARAMETRIC_REPRESENTATION_CONTEXT() REPRESENTATION_CONTEXT('2D SPACE',''
  ) );
#3149 = ORIENTED_EDGE('',*,*,#3150,.T.);
#3150 = EDGE_CURVE('',#3125,#3066,#3151,.T.);
#3151 = SURFACE_CURVE('',#3152,(#3157,#3168),.PCURVE_S1.);
#3152 = CIRCLE('',#3153,0.625);
#3153 = AXIS2_PLACEMENT_3D('',#3154,#3155,#3156);
#3154 = CARTESIAN_POINT('',(-3.75,15.825,-1.5));
#3155 = DIRECTION('',(0.,-0.,-1.));
#3156 = DIRECTION('',(1.,-1.110223024625E-16,0.));
#3157 = PCURVE('',#72,#3158);
#3158 = DEFINITIONAL_REPRESENTATION('',(#3159),#3167);
#3159 = ( BOUNDED_CURVE() B_SPLINE_CURVE(2,(#3160,#3161,#3162,#3163,
#3164,#3165,#3166),.UNSPECIFIED.,.T.,.F.) B_SPLINE_CURVE_WITH_KNOTS((1,2
    ,2,2,2,1),(-2.094395102393,0.,2.094395102393,4.188790204786,
6.28318530718,8.377580409573),.UNSPECIFIED.) CURVE() 
GEOMETRIC_REPRESENTATION_ITEM() RATIONAL_B_SPLINE_CURVE((1.,0.5,1.,0.5,
1.,0.5,1.)) REPRESENTATION_ITEM('') );
#3160 = CARTESIAN_POINT('',(72.075,30.825));
#3161 = CARTESIAN_POINT('',(72.075,29.742468245269));
#3162 = CARTESIAN_POINT('',(71.1375,30.283734122635));
#3163 = CARTESIAN_POINT('',(70.2,30.825));
#3164 = CARTESIAN_POINT('',(71.1375,31.366265877365));
#3165 = CARTESIAN_POINT('',(72.075,31.907531754731));
#3166 = CARTESIAN_POINT('',(72.075,30.825));
#3167 = ( GEOMETRIC_REPRESENTATION_CONTEXT(2) 
PARAMETRIC_REPRESENTATION_CONTEXT() REPRESENTATION_CONTEXT('2D SPACE',''
  ) );
#3168 = PCURVE('',#3169,#3174);
#3169 = CYLINDRICAL_SURFACE('',#3170,0.625);
#3170 = AXIS2_PLACEMENT_3D('',#3171,#3172,#3173);
#3171 = CARTESIAN_POINT('',(-3.75,15.825,0.));
#3172 = DIRECTION('',(0.,-0.,-1.));
#3173 = DIRECTION('',(1.,-1.110223024625E-16,0.));
#3174 = DEFINITIONAL_REPRESENTATION('',(#3175),#3179);
#3175 = LINE('',#3176,#3177);
#3176 = CARTESIAN_POINT('',(0.,1.5));
#3177 = VECTOR('',#3178,1.);
#3178 = DIRECTION('',(1.,0.));
#3179 = ( GEOMETRIC_REPRESENTATION_CONTEXT(2) 
PARAMETRIC_REPRESENTATION_CONTEXT() REPRESENTATION_CONTEXT('2D SPACE',''
  ) );
#3180 = FACE_BOUND('',#3181,.F.);
#3181 = EDGE_LOOP('',(#3182,#3183,#3206,#3227));
#3182 = ORIENTED_EDGE('',*,*,#56,.T.);
#3183 = ORIENTED_EDGE('',*,*,#3184,.T.);
#3184 = EDGE_CURVE('',#57,#3185,#3187,.T.);
#3185 = VERTEX_POINT('',#3186);
#3186 = CARTESIAN_POINT('',(15.,15.,-1.5));
#3187 = SURFACE_CURVE('',#3188,(#3192,#3199),.PCURVE_S1.);
#3188 = LINE('',#3189,#3190);
#3189 = CARTESIAN_POINT('',(-15.,15.,-1.5));
#3190 = VECTOR('',#3191,1.);
#3191 = DIRECTION('',(1.,0.,0.));
#3192 = PCURVE('',#72,#3193);
#3193 = DEFINITIONAL_REPRESENTATION('',(#3194),#3198);
#3194 = LINE('',#3195,#3196);
#3195 = CARTESIAN_POINT('',(60.2,30.));
#3196 = VECTOR('',#3197,1.);
#3197 = DIRECTION('',(1.,0.));
#3198 = ( GEOMETRIC_REPRESENTATION_CONTEXT(2) 
PARAMETRIC_REPRESENTATION_CONTEXT() REPRESENTATION_CONTEXT('2D SPACE',''
  ) );
#3199 = PCURVE('',#100,#3200);
#3200 = DEFINITIONAL_REPRESENTATION('',(#3201),#3205);
#3201 = LINE('',#3202,#3203);
#3202 = CARTESIAN_POINT('',(0.,0.));
#3203 = VECTOR('',#3204,1.);
#3204 = DIRECTION('',(0.,1.));
#3205 = ( GEOMETRIC_REPRESENTATION_CONTEXT(2) 
PARAMETRIC_REPRESENTATION_CONTEXT() REPRESENTATION_CONTEXT('2D SPACE',''
  ) );
#3206 = ORIENTED_EDGE('',*,*,#3207,.F.);
#3207 = EDGE_CURVE('',#142,#3185,#3208,.T.);
#3208 = SURFACE_CURVE('',#3209,(#3213,#3220),.PCURVE_S1.);
#3209 = LINE('',#3210,#3211);
#3210 = CARTESIAN_POINT('',(15.,-15.,-1.5));
#3211 = VECTOR('',#3212,1.);
#3212 = DIRECTION('',(0.,1.,0.));
#3213 = PCURVE('',#72,#3214);
#3214 = DEFINITIONAL_REPRESENTATION('',(#3215),#3219);
#3215 = LINE('',#3216,#3217);
#3216 = CARTESIAN_POINT('',(90.2,0.));
#3217 = VECTOR('',#3218,1.);
#3218 = DIRECTION('',(0.,1.));
#3219 = ( GEOMETRIC_REPRESENTATION_CONTEXT(2) 
PARAMETRIC_REPRESENTATION_CONTEXT() REPRESENTATION_CONTEXT('2D SPACE',''
  ) );
#3220 = PCURVE('',#159,#3221);
#3221 = DEFINITIONAL_REPRESENTATION('',(#3222),#3226);
#3222 = LINE('',#3223,#3224);
#3223 = CARTESIAN_POINT('',(0.,0.));
#3224 = VECTOR('',#3225,1.);
#3225 = DIRECTION('',(0.,-1.));
#3226 = ( GEOMETRIC_REPRESENTATION_CONTEXT(2) 
PARAMETRIC_REPRESENTATION_CONTEXT() REPRESENTATION_CONTEXT('2D SPACE',''
  ) );
#3227 = ORIENTED_EDGE('',*,*,#171,.F.);
#3228 = FACE_BOUND('',#3229,.F.);
#3229 = EDGE_LOOP('',(#3230,#3258,#3291,#3317));
#3230 = ORIENTED_EDGE('',*,*,#3231,.F.);
#3231 = EDGE_CURVE('',#3232,#3234,#3236,.T.);
#3232 = VERTEX_POINT('',#3233);
#3233 = CARTESIAN_POINT('',(54.575,0.625,-1.5));
#3234 = VERTEX_POINT('',#3235);
#3235 = CARTESIAN_POINT('',(15.825,0.625,-1.5));
#3236 = SURFACE_CURVE('',#3237,(#3241,#3247),.PCURVE_S1.);
#3237 = LINE('',#3238,#3239);
#3238 = CARTESIAN_POINT('',(-29.6875,0.625,-1.5));
#3239 = VECTOR('',#3240,1.);
#3240 = DIRECTION('',(-1.,0.,0.));
#3241 = PCURVE('',#72,#3242);
#3242 = DEFINITIONAL_REPRESENTATION('',(#3243),#3246);
#3243 = B_SPLINE_CURVE_WITH_KNOTS('',1,(#3244,#3245),.UNSPECIFIED.,.F.,
  .F.,(2,2),(-84.2625,-45.5125),.PIECEWISE_BEZIER_KNOTS.);
#3244 = CARTESIAN_POINT('',(129.775,15.625));
#3245 = CARTESIAN_POINT('',(91.025,15.625));
#3246 = ( GEOMETRIC_REPRESENTATION_CONTEXT(2) 
PARAMETRIC_REPRESENTATION_CONTEXT() REPRESENTATION_CONTEXT('2D SPACE',''
  ) );
#3247 = PCURVE('',#3248,#3253);
#3248 = PLANE('',#3249);
#3249 = AXIS2_PLACEMENT_3D('',#3250,#3251,#3252);
#3250 = CARTESIAN_POINT('',(15.825,0.625,0.));
#3251 = DIRECTION('',(0.,1.,0.));
#3252 = DIRECTION('',(1.,0.,0.));
#3253 = DEFINITIONAL_REPRESENTATION('',(#3254),#3257);
#3254 = B_SPLINE_CURVE_WITH_KNOTS('',1,(#3255,#3256),.UNSPECIFIED.,.F.,
  .F.,(2,2),(-84.2625,-45.5125),.PIECEWISE_BEZIER_KNOTS.);
#3255 = CARTESIAN_POINT('',(38.75,1.5));
#3256 = CARTESIAN_POINT('',(0.,1.5));
#3257 = ( GEOMETRIC_REPRESENTATION_CONTEXT(2) 
PARAMETRIC_REPRESENTATION_CONTEXT() REPRESENTATION_CONTEXT('2D SPACE',''
  ) );
#3258 = ORIENTED_EDGE('',*,*,#3259,.T.);
#3259 = EDGE_CURVE('',#3232,#3260,#3262,.T.);
#3260 = VERTEX_POINT('',#3261);
#3261 = CARTESIAN_POINT('',(54.575,-0.625,-1.5));
#3262 = SURFACE_CURVE('',#3263,(#3268,#3279),.PCURVE_S1.);
#3263 = CIRCLE('',#3264,0.625);
#3264 = AXIS2_PLACEMENT_3D('',#3265,#3266,#3267);
#3265 = CARTESIAN_POINT('',(54.575,-5.551115123126E-17,-1.5));
#3266 = DIRECTION('',(0.,0.,-1.));
#3267 = DIRECTION('',(0.,1.,0.));
#3268 = PCURVE('',#72,#3269);
#3269 = DEFINITIONAL_REPRESENTATION('',(#3270),#3278);
#3270 = ( BOUNDED_CURVE() B_SPLINE_CURVE(2,(#3271,#3272,#3273,#3274,
#3275,#3276,#3277),.UNSPECIFIED.,.T.,.F.) B_SPLINE_CURVE_WITH_KNOTS((1,2
    ,2,2,2,1),(-2.094395102393,0.,2.094395102393,4.188790204786,
6.28318530718,8.377580409573),.UNSPECIFIED.) CURVE() 
GEOMETRIC_REPRESENTATION_ITEM() RATIONAL_B_SPLINE_CURVE((1.,0.5,1.,0.5,
1.,0.5,1.)) REPRESENTATION_ITEM('') );
#3271 = CARTESIAN_POINT('',(129.775,15.625));
#3272 = CARTESIAN_POINT('',(130.85753175473,15.625));
#3273 = CARTESIAN_POINT('',(130.31626587736,14.6875));
#3274 = CARTESIAN_POINT('',(129.775,13.75));
#3275 = CARTESIAN_POINT('',(129.23373412263,14.6875));
#3276 = CARTESIAN_POINT('',(128.69246824526,15.625));
#3277 = CARTESIAN_POINT('',(129.775,15.625));
#3278 = ( GEOMETRIC_REPRESENTATION_CONTEXT(2) 
PARAMETRIC_REPRESENTATION_CONTEXT() REPRESENTATION_CONTEXT('2D SPACE',''
  ) );
#3279 = PCURVE('',#3280,#3285);
#3280 = CYLINDRICAL_SURFACE('',#3281,0.625);
#3281 = AXIS2_PLACEMENT_3D('',#3282,#3283,#3284);
#3282 = CARTESIAN_POINT('',(54.575,-5.551115123126E-17,0.));
#3283 = DIRECTION('',(0.,0.,-1.));
#3284 = DIRECTION('',(0.,1.,0.));
#3285 = DEFINITIONAL_REPRESENTATION('',(#3286),#3290);
#3286 = LINE('',#3287,#3288);
#3287 = CARTESIAN_POINT('',(0.,1.5));
#3288 = VECTOR('',#3289,1.);
#3289 = DIRECTION('',(1.,0.));
#3290 = ( GEOMETRIC_REPRESENTATION_CONTEXT(2) 
PARAMETRIC_REPRESENTATION_CONTEXT() REPRESENTATION_CONTEXT('2D SPACE',''
  ) );
#3291 = ORIENTED_EDGE('',*,*,#3292,.F.);
#3292 = EDGE_CURVE('',#3293,#3260,#3295,.T.);
#3293 = VERTEX_POINT('',#3294);
#3294 = CARTESIAN_POINT('',(15.825,-0.625,-1.5));
#3295 = SURFACE_CURVE('',#3296,(#3300,#3306),.PCURVE_S1.);
#3296 = LINE('',#3297,#3298);
#3297 = CARTESIAN_POINT('',(-10.3125,-0.625,-1.5));
#3298 = VECTOR('',#3299,1.);
#3299 = DIRECTION('',(1.,0.,-0.));
#3300 = PCURVE('',#72,#3301);
#3301 = DEFINITIONAL_REPRESENTATION('',(#3302),#3305);
#3302 = B_SPLINE_CURVE_WITH_KNOTS('',1,(#3303,#3304),.UNSPECIFIED.,.F.,
  .F.,(2,2),(26.1375,64.8875),.PIECEWISE_BEZIER_KNOTS.);
#3303 = CARTESIAN_POINT('',(91.025,14.375));
#3304 = CARTESIAN_POINT('',(129.775,14.375));
#3305 = ( GEOMETRIC_REPRESENTATION_CONTEXT(2) 
PARAMETRIC_REPRESENTATION_CONTEXT() REPRESENTATION_CONTEXT('2D SPACE',''
  ) );
#3306 = PCURVE('',#3307,#3312);
#3307 = PLANE('',#3308);
#3308 = AXIS2_PLACEMENT_3D('',#3309,#3310,#3311);
#3309 = CARTESIAN_POINT('',(54.575,-0.625,0.));
#3310 = DIRECTION('',(0.,-1.,0.));
#3311 = DIRECTION('',(-1.,0.,0.));
#3312 = DEFINITIONAL_REPRESENTATION('',(#3313),#3316);
#3313 = B_SPLINE_CURVE_WITH_KNOTS('',1,(#3314,#3315),.UNSPECIFIED.,.F.,
  .F.,(2,2),(26.1375,64.8875),.PIECEWISE_BEZIER_KNOTS.);
#3314 = CARTESIAN_POINT('',(38.75,1.5));
#3315 = CARTESIAN_POINT('',(0.,1.5));
#3316 = ( GEOMETRIC_REPRESENTATION_CONTEXT(2) 
PARAMETRIC_REPRESENTATION_CONTEXT() REPRESENTATION_CONTEXT('2D SPACE',''
  ) );
#3317 = ORIENTED_EDGE('',*,*,#3318,.T.);
#3318 = EDGE_CURVE('',#3293,#3234,#3319,.T.);
#3319 = SURFACE_CURVE('',#3320,(#3325,#3336),.PCURVE_S1.);
#3320 = CIRCLE('',#3321,0.625);
#3321 = AXIS2_PLACEMENT_3D('',#3322,#3323,#3324);
#3322 = CARTESIAN_POINT('',(15.825,5.551115123126E-17,-1.5));
#3323 = DIRECTION('',(0.,-0.,-1.));
#3324 = DIRECTION('',(0.,-1.,0.));
#3325 = PCURVE('',#72,#3326);
#3326 = DEFINITIONAL_REPRESENTATION('',(#3327),#3335);
#3327 = ( BOUNDED_CURVE() B_SPLINE_CURVE(2,(#3328,#3329,#3330,#3331,
#3332,#3333,#3334),.UNSPECIFIED.,.T.,.F.) B_SPLINE_CURVE_WITH_KNOTS((1,2
    ,2,2,2,1),(-2.094395102393,0.,2.094395102393,4.188790204786,
6.28318530718,8.377580409573),.UNSPECIFIED.) CURVE() 
GEOMETRIC_REPRESENTATION_ITEM() RATIONAL_B_SPLINE_CURVE((1.,0.5,1.,0.5,
1.,0.5,1.)) REPRESENTATION_ITEM('') );
#3328 = CARTESIAN_POINT('',(91.025,14.375));
#3329 = CARTESIAN_POINT('',(89.942468245269,14.375));
#3330 = CARTESIAN_POINT('',(90.483734122635,15.3125));
#3331 = CARTESIAN_POINT('',(91.025,16.25));
#3332 = CARTESIAN_POINT('',(91.566265877365,15.3125));
#3333 = CARTESIAN_POINT('',(92.107531754731,14.375));
#3334 = CARTESIAN_POINT('',(91.025,14.375));
#3335 = ( GEOMETRIC_REPRESENTATION_CONTEXT(2) 
PARAMETRIC_REPRESENTATION_CONTEXT() REPRESENTATION_CONTEXT('2D SPACE',''
  ) );
#3336 = PCURVE('',#3337,#3342);
#3337 = CYLINDRICAL_SURFACE('',#3338,0.625);
#3338 = AXIS2_PLACEMENT_3D('',#3339,#3340,#3341);
#3339 = CARTESIAN_POINT('',(15.825,5.551115123126E-17,0.));
#3340 = DIRECTION('',(0.,-0.,-1.));
#3341 = DIRECTION('',(0.,-1.,0.));
#3342 = DEFINITIONAL_REPRESENTATION('',(#3343),#3347);
#3343 = LINE('',#3344,#3345);
#3344 = CARTESIAN_POINT('',(0.,1.5));
#3345 = VECTOR('',#3346,1.);
#3346 = DIRECTION('',(1.,0.));
#3347 = ( GEOMETRIC_REPRESENTATION_CONTEXT(2) 
PARAMETRIC_REPRESENTATION_CONTEXT() REPRESENTATION_CONTEXT('2D SPACE',''
  ) );
#3348 = FACE_BOUND('',#3349,.F.);
#3349 = EDGE_LOOP('',(#3350,#3378,#3411,#3437));
#3350 = ORIENTED_EDGE('',*,*,#3351,.F.);
#3351 = EDGE_CURVE('',#3352,#3354,#3356,.T.);
#3352 = VERTEX_POINT('',#3353);
#3353 = CARTESIAN_POINT('',(54.575,4.375,-1.5));
#3354 = VERTEX_POINT('',#3355);
#3355 = CARTESIAN_POINT('',(15.825,4.375,-1.5));
#3356 = SURFACE_CURVE('',#3357,(#3361,#3367),.PCURVE_S1.);
#3357 = LINE('',#3358,#3359);
#3358 = CARTESIAN_POINT('',(-29.6875,4.375,-1.5));
#3359 = VECTOR('',#3360,1.);
#3360 = DIRECTION('',(-1.,0.,0.));
#3361 = PCURVE('',#72,#3362);
#3362 = DEFINITIONAL_REPRESENTATION('',(#3363),#3366);
#3363 = B_SPLINE_CURVE_WITH_KNOTS('',1,(#3364,#3365),.UNSPECIFIED.,.F.,
  .F.,(2,2),(-84.2625,-45.5125),.PIECEWISE_BEZIER_KNOTS.);
#3364 = CARTESIAN_POINT('',(129.775,19.375));
#3365 = CARTESIAN_POINT('',(91.025,19.375));
#3366 = ( GEOMETRIC_REPRESENTATION_CONTEXT(2) 
PARAMETRIC_REPRESENTATION_CONTEXT() REPRESENTATION_CONTEXT('2D SPACE',''
  ) );
#3367 = PCURVE('',#3368,#3373);
#3368 = PLANE('',#3369);
#3369 = AXIS2_PLACEMENT_3D('',#3370,#3371,#3372);
#3370 = CARTESIAN_POINT('',(15.825,4.375,0.));
#3371 = DIRECTION('',(0.,1.,0.));
#3372 = DIRECTION('',(1.,0.,0.));
#3373 = DEFINITIONAL_REPRESENTATION('',(#3374),#3377);
#3374 = B_SPLINE_CURVE_WITH_KNOTS('',1,(#3375,#3376),.UNSPECIFIED.,.F.,
  .F.,(2,2),(-84.2625,-45.5125),.PIECEWISE_BEZIER_KNOTS.);
#3375 = CARTESIAN_POINT('',(38.75,1.5));
#3376 = CARTESIAN_POINT('',(0.,1.5));
#3377 = ( GEOMETRIC_REPRESENTATION_CONTEXT(2) 
PARAMETRIC_REPRESENTATION_CONTEXT() REPRESENTATION_CONTEXT('2D SPACE',''
  ) );
#3378 = ORIENTED_EDGE('',*,*,#3379,.T.);
#3379 = EDGE_CURVE('',#3352,#3380,#3382,.T.);
#3380 = VERTEX_POINT('',#3381);
#3381 = CARTESIAN_POINT('',(54.575,3.125,-1.5));
#3382 = SURFACE_CURVE('',#3383,(#3388,#3399),.PCURVE_S1.);
#3383 = CIRCLE('',#3384,0.625);
#3384 = AXIS2_PLACEMENT_3D('',#3385,#3386,#3387);
#3385 = CARTESIAN_POINT('',(54.575,3.75,-1.5));
#3386 = DIRECTION('',(0.,0.,-1.));
#3387 = DIRECTION('',(0.,1.,0.));
#3388 = PCURVE('',#72,#3389);
#3389 = DEFINITIONAL_REPRESENTATION('',(#3390),#3398);
#3390 = ( BOUNDED_CURVE() B_SPLINE_CURVE(2,(#3391,#3392,#3393,#3394,
#3395,#3396,#3397),.UNSPECIFIED.,.T.,.F.) B_SPLINE_CURVE_WITH_KNOTS((1,2
    ,2,2,2,1),(-2.094395102393,0.,2.094395102393,4.188790204786,
6.28318530718,8.377580409573),.UNSPECIFIED.) CURVE() 
GEOMETRIC_REPRESENTATION_ITEM() RATIONAL_B_SPLINE_CURVE((1.,0.5,1.,0.5,
1.,0.5,1.)) REPRESENTATION_ITEM('') );
#3391 = CARTESIAN_POINT('',(129.775,19.375));
#3392 = CARTESIAN_POINT('',(130.85753175473,19.375));
#3393 = CARTESIAN_POINT('',(130.31626587736,18.4375));
#3394 = CARTESIAN_POINT('',(129.775,17.5));
#3395 = CARTESIAN_POINT('',(129.23373412263,18.4375));
#3396 = CARTESIAN_POINT('',(128.69246824526,19.375));
#3397 = CARTESIAN_POINT('',(129.775,19.375));
#3398 = ( GEOMETRIC_REPRESENTATION_CONTEXT(2) 
PARAMETRIC_REPRESENTATION_CONTEXT() REPRESENTATION_CONTEXT('2D SPACE',''
  ) );
#3399 = PCURVE('',#3400,#3405);
#3400 = CYLINDRICAL_SURFACE('',#3401,0.625);
#3401 = AXIS2_PLACEMENT_3D('',#3402,#3403,#3404);
#3402 = CARTESIAN_POINT('',(54.575,3.75,0.));
#3403 = DIRECTION('',(0.,0.,-1.));
#3404 = DIRECTION('',(0.,1.,0.));
#3405 = DEFINITIONAL_REPRESENTATION('',(#3406),#3410);
#3406 = LINE('',#3407,#3408);
#3407 = CARTESIAN_POINT('',(0.,1.5));
#3408 = VECTOR('',#3409,1.);
#3409 = DIRECTION('',(1.,0.));
#3410 = ( GEOMETRIC_REPRESENTATION_CONTEXT(2) 
PARAMETRIC_REPRESENTATION_CONTEXT() REPRESENTATION_CONTEXT('2D SPACE',''
  ) );
#3411 = ORIENTED_EDGE('',*,*,#3412,.F.);
#3412 = EDGE_CURVE('',#3413,#3380,#3415,.T.);
#3413 = VERTEX_POINT('',#3414);
#3414 = CARTESIAN_POINT('',(15.825,3.125,-1.5));
#3415 = SURFACE_CURVE('',#3416,(#3420,#3426),.PCURVE_S1.);
#3416 = LINE('',#3417,#3418);
#3417 = CARTESIAN_POINT('',(-10.3125,3.125,-1.5));
#3418 = VECTOR('',#3419,1.);
#3419 = DIRECTION('',(1.,0.,-0.));
#3420 = PCURVE('',#72,#3421);
#3421 = DEFINITIONAL_REPRESENTATION('',(#3422),#3425);
#3422 = B_SPLINE_CURVE_WITH_KNOTS('',1,(#3423,#3424),.UNSPECIFIED.,.F.,
  .F.,(2,2),(26.1375,64.8875),.PIECEWISE_BEZIER_KNOTS.);
#3423 = CARTESIAN_POINT('',(91.025,18.125));
#3424 = CARTESIAN_POINT('',(129.775,18.125));
#3425 = ( GEOMETRIC_REPRESENTATION_CONTEXT(2) 
PARAMETRIC_REPRESENTATION_CONTEXT() REPRESENTATION_CONTEXT('2D SPACE',''
  ) );
#3426 = PCURVE('',#3427,#3432);
#3427 = PLANE('',#3428);
#3428 = AXIS2_PLACEMENT_3D('',#3429,#3430,#3431);
#3429 = CARTESIAN_POINT('',(54.575,3.125,0.));
#3430 = DIRECTION('',(0.,-1.,0.));
#3431 = DIRECTION('',(-1.,0.,0.));
#3432 = DEFINITIONAL_REPRESENTATION('',(#3433),#3436);
#3433 = B_SPLINE_CURVE_WITH_KNOTS('',1,(#3434,#3435),.UNSPECIFIED.,.F.,
  .F.,(2,2),(26.1375,64.8875),.PIECEWISE_BEZIER_KNOTS.);
#3434 = CARTESIAN_POINT('',(38.75,1.5));
#3435 = CARTESIAN_POINT('',(0.,1.5));
#3436 = ( GEOMETRIC_REPRESENTATION_CONTEXT(2) 
PARAMETRIC_REPRESENTATION_CONTEXT() REPRESENTATION_CONTEXT('2D SPACE',''
  ) );
#3437 = ORIENTED_EDGE('',*,*,#3438,.T.);
#3438 = EDGE_CURVE('',#3413,#3354,#3439,.T.);
#3439 = SURFACE_CURVE('',#3440,(#3445,#3456),.PCURVE_S1.);
#3440 = CIRCLE('',#3441,0.625);
#3441 = AXIS2_PLACEMENT_3D('',#3442,#3443,#3444);
#3442 = CARTESIAN_POINT('',(15.825,3.75,-1.5));
#3443 = DIRECTION('',(0.,-0.,-1.));
#3444 = DIRECTION('',(0.,-1.,0.));
#3445 = PCURVE('',#72,#3446);
#3446 = DEFINITIONAL_REPRESENTATION('',(#3447),#3455);
#3447 = ( BOUNDED_CURVE() B_SPLINE_CURVE(2,(#3448,#3449,#3450,#3451,
#3452,#3453,#3454),.UNSPECIFIED.,.T.,.F.) B_SPLINE_CURVE_WITH_KNOTS((1,2
    ,2,2,2,1),(-2.094395102393,0.,2.094395102393,4.188790204786,
6.28318530718,8.377580409573),.UNSPECIFIED.) CURVE() 
GEOMETRIC_REPRESENTATION_ITEM() RATIONAL_B_SPLINE_CURVE((1.,0.5,1.,0.5,
1.,0.5,1.)) REPRESENTATION_ITEM('') );
#3448 = CARTESIAN_POINT('',(91.025,18.125));
#3449 = CARTESIAN_POINT('',(89.942468245269,18.125));
#3450 = CARTESIAN_POINT('',(90.483734122635,19.0625));
#3451 = CARTESIAN_POINT('',(91.025,20.));
#3452 = CARTESIAN_POINT('',(91.566265877365,19.0625));
#3453 = CARTESIAN_POINT('',(92.107531754731,18.125));
#3454 = CARTESIAN_POINT('',(91.025,18.125));
#3455 = ( GEOMETRIC_REPRESENTATION_CONTEXT(2) 
PARAMETRIC_REPRESENTATION_CONTEXT() REPRESENTATION_CONTEXT('2D SPACE',''
  ) );
#3456 = PCURVE('',#3457,#3462);
#3457 = CYLINDRICAL_SURFACE('',#3458,0.625);
#3458 = AXIS2_PLACEMENT_3D('',#3459,#3460,#3461);
#3459 = CARTESIAN_POINT('',(15.825,3.75,0.));
#3460 = DIRECTION('',(0.,-0.,-1.));
#3461 = DIRECTION('',(0.,-1.,0.));
#3462 = DEFINITIONAL_REPRESENTATION('',(#3463),#3467);
#3463 = LINE('',#3464,#3465);
#3464 = CARTESIAN_POINT('',(0.,1.5));
#3465 = VECTOR('',#3466,1.);
#3466 = DIRECTION('',(1.,0.));
#3467 = ( GEOMETRIC_REPRESENTATION_CONTEXT(2) 
PARAMETRIC_REPRESENTATION_CONTEXT() REPRESENTATION_CONTEXT('2D SPACE',''
  ) );
#3468 = FACE_BOUND('',#3469,.F.);
#3469 = EDGE_LOOP('',(#3470,#3498,#3531,#3557));
#3470 = ORIENTED_EDGE('',*,*,#3471,.F.);
#3471 = EDGE_CURVE('',#3472,#3474,#3476,.T.);
#3472 = VERTEX_POINT('',#3473);
#3473 = CARTESIAN_POINT('',(54.575,8.125,-1.5));
#3474 = VERTEX_POINT('',#3475);
#3475 = CARTESIAN_POINT('',(15.825,8.125,-1.5));
#3476 = SURFACE_CURVE('',#3477,(#3481,#3487),.PCURVE_S1.);
#3477 = LINE('',#3478,#3479);
#3478 = CARTESIAN_POINT('',(-29.6875,8.125,-1.5));
#3479 = VECTOR('',#3480,1.);
#3480 = DIRECTION('',(-1.,0.,0.));
#3481 = PCURVE('',#72,#3482);
#3482 = DEFINITIONAL_REPRESENTATION('',(#3483),#3486);
#3483 = B_SPLINE_CURVE_WITH_KNOTS('',1,(#3484,#3485),.UNSPECIFIED.,.F.,
  .F.,(2,2),(-84.2625,-45.5125),.PIECEWISE_BEZIER_KNOTS.);
#3484 = CARTESIAN_POINT('',(129.775,23.125));
#3485 = CARTESIAN_POINT('',(91.025,23.125));
#3486 = ( GEOMETRIC_REPRESENTATION_CONTEXT(2) 
PARAMETRIC_REPRESENTATION_CONTEXT() REPRESENTATION_CONTEXT('2D SPACE',''
  ) );
#3487 = PCURVE('',#3488,#3493);
#3488 = PLANE('',#3489);
#3489 = AXIS2_PLACEMENT_3D('',#3490,#3491,#3492);
#3490 = CARTESIAN_POINT('',(15.825,8.125,0.));
#3491 = DIRECTION('',(0.,1.,0.));
#3492 = DIRECTION('',(1.,0.,0.));
#3493 = DEFINITIONAL_REPRESENTATION('',(#3494),#3497);
#3494 = B_SPLINE_CURVE_WITH_KNOTS('',1,(#3495,#3496),.UNSPECIFIED.,.F.,
  .F.,(2,2),(-84.2625,-45.5125),.PIECEWISE_BEZIER_KNOTS.);
#3495 = CARTESIAN_POINT('',(38.75,1.5));
#3496 = CARTESIAN_POINT('',(0.,1.5));
#3497 = ( GEOMETRIC_REPRESENTATION_CONTEXT(2) 
PARAMETRIC_REPRESENTATION_CONTEXT() REPRESENTATION_CONTEXT('2D SPACE',''
  ) );
#3498 = ORIENTED_EDGE('',*,*,#3499,.T.);
#3499 = EDGE_CURVE('',#3472,#3500,#3502,.T.);
#3500 = VERTEX_POINT('',#3501);
#3501 = CARTESIAN_POINT('',(54.575,6.875,-1.5));
#3502 = SURFACE_CURVE('',#3503,(#3508,#3519),.PCURVE_S1.);
#3503 = CIRCLE('',#3504,0.625);
#3504 = AXIS2_PLACEMENT_3D('',#3505,#3506,#3507);
#3505 = CARTESIAN_POINT('',(54.575,7.5,-1.5));
#3506 = DIRECTION('',(0.,0.,-1.));
#3507 = DIRECTION('',(0.,1.,0.));
#3508 = PCURVE('',#72,#3509);
#3509 = DEFINITIONAL_REPRESENTATION('',(#3510),#3518);
#3510 = ( BOUNDED_CURVE() B_SPLINE_CURVE(2,(#3511,#3512,#3513,#3514,
#3515,#3516,#3517),.UNSPECIFIED.,.T.,.F.) B_SPLINE_CURVE_WITH_KNOTS((1,2
    ,2,2,2,1),(-2.094395102393,0.,2.094395102393,4.188790204786,
6.28318530718,8.377580409573),.UNSPECIFIED.) CURVE() 
GEOMETRIC_REPRESENTATION_ITEM() RATIONAL_B_SPLINE_CURVE((1.,0.5,1.,0.5,
1.,0.5,1.)) REPRESENTATION_ITEM('') );
#3511 = CARTESIAN_POINT('',(129.775,23.125));
#3512 = CARTESIAN_POINT('',(130.85753175473,23.125));
#3513 = CARTESIAN_POINT('',(130.31626587736,22.1875));
#3514 = CARTESIAN_POINT('',(129.775,21.25));
#3515 = CARTESIAN_POINT('',(129.23373412263,22.1875));
#3516 = CARTESIAN_POINT('',(128.69246824526,23.125));
#3517 = CARTESIAN_POINT('',(129.775,23.125));
#3518 = ( GEOMETRIC_REPRESENTATION_CONTEXT(2) 
PARAMETRIC_REPRESENTATION_CONTEXT() REPRESENTATION_CONTEXT('2D SPACE',''
  ) );
#3519 = PCURVE('',#3520,#3525);
#3520 = CYLINDRICAL_SURFACE('',#3521,0.625);
#3521 = AXIS2_PLACEMENT_3D('',#3522,#3523,#3524);
#3522 = CARTESIAN_POINT('',(54.575,7.5,0.));
#3523 = DIRECTION('',(0.,0.,-1.));
#3524 = DIRECTION('',(0.,1.,0.));
#3525 = DEFINITIONAL_REPRESENTATION('',(#3526),#3530);
#3526 = LINE('',#3527,#3528);
#3527 = CARTESIAN_POINT('',(0.,1.5));
#3528 = VECTOR('',#3529,1.);
#3529 = DIRECTION('',(1.,0.));
#3530 = ( GEOMETRIC_REPRESENTATION_CONTEXT(2) 
PARAMETRIC_REPRESENTATION_CONTEXT() REPRESENTATION_CONTEXT('2D SPACE',''
  ) );
#3531 = ORIENTED_EDGE('',*,*,#3532,.F.);
#3532 = EDGE_CURVE('',#3533,#3500,#3535,.T.);
#3533 = VERTEX_POINT('',#3534);
#3534 = CARTESIAN_POINT('',(15.825,6.875,-1.5));
#3535 = SURFACE_CURVE('',#3536,(#3540,#3546),.PCURVE_S1.);
#3536 = LINE('',#3537,#3538);
#3537 = CARTESIAN_POINT('',(-10.3125,6.875,-1.5));
#3538 = VECTOR('',#3539,1.);
#3539 = DIRECTION('',(1.,0.,-0.));
#3540 = PCURVE('',#72,#3541);
#3541 = DEFINITIONAL_REPRESENTATION('',(#3542),#3545);
#3542 = B_SPLINE_CURVE_WITH_KNOTS('',1,(#3543,#3544),.UNSPECIFIED.,.F.,
  .F.,(2,2),(26.1375,64.8875),.PIECEWISE_BEZIER_KNOTS.);
#3543 = CARTESIAN_POINT('',(91.025,21.875));
#3544 = CARTESIAN_POINT('',(129.775,21.875));
#3545 = ( GEOMETRIC_REPRESENTATION_CONTEXT(2) 
PARAMETRIC_REPRESENTATION_CONTEXT() REPRESENTATION_CONTEXT('2D SPACE',''
  ) );
#3546 = PCURVE('',#3547,#3552);
#3547 = PLANE('',#3548);
#3548 = AXIS2_PLACEMENT_3D('',#3549,#3550,#3551);
#3549 = CARTESIAN_POINT('',(54.575,6.875,0.));
#3550 = DIRECTION('',(0.,-1.,0.));
#3551 = DIRECTION('',(-1.,0.,0.));
#3552 = DEFINITIONAL_REPRESENTATION('',(#3553),#3556);
#3553 = B_SPLINE_CURVE_WITH_KNOTS('',1,(#3554,#3555),.UNSPECIFIED.,.F.,
  .F.,(2,2),(26.1375,64.8875),.PIECEWISE_BEZIER_KNOTS.);
#3554 = CARTESIAN_POINT('',(38.75,1.5));
#3555 = CARTESIAN_POINT('',(0.,1.5));
#3556 = ( GEOMETRIC_REPRESENTATION_CONTEXT(2) 
PARAMETRIC_REPRESENTATION_CONTEXT() REPRESENTATION_CONTEXT('2D SPACE',''
  ) );
#3557 = ORIENTED_EDGE('',*,*,#3558,.T.);
#3558 = EDGE_CURVE('',#3533,#3474,#3559,.T.);
#3559 = SURFACE_CURVE('',#3560,(#3565,#3576),.PCURVE_S1.);
#3560 = CIRCLE('',#3561,0.625);
#3561 = AXIS2_PLACEMENT_3D('',#3562,#3563,#3564);
#3562 = CARTESIAN_POINT('',(15.825,7.5,-1.5));
#3563 = DIRECTION('',(0.,-0.,-1.));
#3564 = DIRECTION('',(0.,-1.,0.));
#3565 = PCURVE('',#72,#3566);
#3566 = DEFINITIONAL_REPRESENTATION('',(#3567),#3575);
#3567 = ( BOUNDED_CURVE() B_SPLINE_CURVE(2,(#3568,#3569,#3570,#3571,
#3572,#3573,#3574),.UNSPECIFIED.,.T.,.F.) B_SPLINE_CURVE_WITH_KNOTS((1,2
    ,2,2,2,1),(-2.094395102393,0.,2.094395102393,4.188790204786,
6.28318530718,8.377580409573),.UNSPECIFIED.) CURVE() 
GEOMETRIC_REPRESENTATION_ITEM() RATIONAL_B_SPLINE_CURVE((1.,0.5,1.,0.5,
1.,0.5,1.)) REPRESENTATION_ITEM('') );
#3568 = CARTESIAN_POINT('',(91.025,21.875));
#3569 = CARTESIAN_POINT('',(89.942468245269,21.875));
#3570 = CARTESIAN_POINT('',(90.483734122635,22.8125));
#3571 = CARTESIAN_POINT('',(91.025,23.75));
#3572 = CARTESIAN_POINT('',(91.566265877365,22.8125));
#3573 = CARTESIAN_POINT('',(92.107531754731,21.875));
#3574 = CARTESIAN_POINT('',(91.025,21.875));
#3575 = ( GEOMETRIC_REPRESENTATION_CONTEXT(2) 
PARAMETRIC_REPRESENTATION_CONTEXT() REPRESENTATION_CONTEXT('2D SPACE',''
  ) );
#3576 = PCURVE('',#3577,#3582);
#3577 = CYLINDRICAL_SURFACE('',#3578,0.625);
#3578 = AXIS2_PLACEMENT_3D('',#3579,#3580,#3581);
#3579 = CARTESIAN_POINT('',(15.825,7.5,0.));
#3580 = DIRECTION('',(0.,-0.,-1.));
#3581 = DIRECTION('',(0.,-1.,0.));
#3582 = DEFINITIONAL_REPRESENTATION('',(#3583),#3587);
#3583 = LINE('',#3584,#3585);
#3584 = CARTESIAN_POINT('',(0.,1.5));
#3585 = VECTOR('',#3586,1.);
#3586 = DIRECTION('',(1.,0.));
#3587 = ( GEOMETRIC_REPRESENTATION_CONTEXT(2) 
PARAMETRIC_REPRESENTATION_CONTEXT() REPRESENTATION_CONTEXT('2D SPACE',''
  ) );
#3588 = FACE_BOUND('',#3589,.F.);
#3589 = EDGE_LOOP('',(#3590,#3618,#3651,#3677));
#3590 = ORIENTED_EDGE('',*,*,#3591,.F.);
#3591 = EDGE_CURVE('',#3592,#3594,#3596,.T.);
#3592 = VERTEX_POINT('',#3593);
#3593 = CARTESIAN_POINT('',(54.575,11.875,-1.5));
#3594 = VERTEX_POINT('',#3595);
#3595 = CARTESIAN_POINT('',(15.825,11.875,-1.5));
#3596 = SURFACE_CURVE('',#3597,(#3601,#3607),.PCURVE_S1.);
#3597 = LINE('',#3598,#3599);
#3598 = CARTESIAN_POINT('',(-29.6875,11.875,-1.5));
#3599 = VECTOR('',#3600,1.);
#3600 = DIRECTION('',(-1.,0.,0.));
#3601 = PCURVE('',#72,#3602);
#3602 = DEFINITIONAL_REPRESENTATION('',(#3603),#3606);
#3603 = B_SPLINE_CURVE_WITH_KNOTS('',1,(#3604,#3605),.UNSPECIFIED.,.F.,
  .F.,(2,2),(-84.2625,-45.5125),.PIECEWISE_BEZIER_KNOTS.);
#3604 = CARTESIAN_POINT('',(129.775,26.875));
#3605 = CARTESIAN_POINT('',(91.025,26.875));
#3606 = ( GEOMETRIC_REPRESENTATION_CONTEXT(2) 
PARAMETRIC_REPRESENTATION_CONTEXT() REPRESENTATION_CONTEXT('2D SPACE',''
  ) );
#3607 = PCURVE('',#3608,#3613);
#3608 = PLANE('',#3609);
#3609 = AXIS2_PLACEMENT_3D('',#3610,#3611,#3612);
#3610 = CARTESIAN_POINT('',(15.825,11.875,0.));
#3611 = DIRECTION('',(0.,1.,0.));
#3612 = DIRECTION('',(1.,0.,0.));
#3613 = DEFINITIONAL_REPRESENTATION('',(#3614),#3617);
#3614 = B_SPLINE_CURVE_WITH_KNOTS('',1,(#3615,#3616),.UNSPECIFIED.,.F.,
  .F.,(2,2),(-84.2625,-45.5125),.PIECEWISE_BEZIER_KNOTS.);
#3615 = CARTESIAN_POINT('',(38.75,1.5));
#3616 = CARTESIAN_POINT('',(0.,1.5));
#3617 = ( GEOMETRIC_REPRESENTATION_CONTEXT(2) 
PARAMETRIC_REPRESENTATION_CONTEXT() REPRESENTATION_CONTEXT('2D SPACE',''
  ) );
#3618 = ORIENTED_EDGE('',*,*,#3619,.T.);
#3619 = EDGE_CURVE('',#3592,#3620,#3622,.T.);
#3620 = VERTEX_POINT('',#3621);
#3621 = CARTESIAN_POINT('',(54.575,10.625,-1.5));
#3622 = SURFACE_CURVE('',#3623,(#3628,#3639),.PCURVE_S1.);
#3623 = CIRCLE('',#3624,0.625);
#3624 = AXIS2_PLACEMENT_3D('',#3625,#3626,#3627);
#3625 = CARTESIAN_POINT('',(54.575,11.25,-1.5));
#3626 = DIRECTION('',(0.,0.,-1.));
#3627 = DIRECTION('',(0.,1.,0.));
#3628 = PCURVE('',#72,#3629);
#3629 = DEFINITIONAL_REPRESENTATION('',(#3630),#3638);
#3630 = ( BOUNDED_CURVE() B_SPLINE_CURVE(2,(#3631,#3632,#3633,#3634,
#3635,#3636,#3637),.UNSPECIFIED.,.T.,.F.) B_SPLINE_CURVE_WITH_KNOTS((1,2
    ,2,2,2,1),(-2.094395102393,0.,2.094395102393,4.188790204786,
6.28318530718,8.377580409573),.UNSPECIFIED.) CURVE() 
GEOMETRIC_REPRESENTATION_ITEM() RATIONAL_B_SPLINE_CURVE((1.,0.5,1.,0.5,
1.,0.5,1.)) REPRESENTATION_ITEM('') );
#3631 = CARTESIAN_POINT('',(129.775,26.875));
#3632 = CARTESIAN_POINT('',(130.85753175473,26.875));
#3633 = CARTESIAN_POINT('',(130.31626587736,25.9375));
#3634 = CARTESIAN_POINT('',(129.775,25.));
#3635 = CARTESIAN_POINT('',(129.23373412263,25.9375));
#3636 = CARTESIAN_POINT('',(128.69246824526,26.875));
#3637 = CARTESIAN_POINT('',(129.775,26.875));
#3638 = ( GEOMETRIC_REPRESENTATION_CONTEXT(2) 
PARAMETRIC_REPRESENTATION_CONTEXT() REPRESENTATION_CONTEXT('2D SPACE',''
  ) );
#3639 = PCURVE('',#3640,#3645);
#3640 = CYLINDRICAL_SURFACE('',#3641,0.625);
#3641 = AXIS2_PLACEMENT_3D('',#3642,#3643,#3644);
#3642 = CARTESIAN_POINT('',(54.575,11.25,0.));
#3643 = DIRECTION('',(0.,0.,-1.));
#3644 = DIRECTION('',(0.,1.,0.));
#3645 = DEFINITIONAL_REPRESENTATION('',(#3646),#3650);
#3646 = LINE('',#3647,#3648);
#3647 = CARTESIAN_POINT('',(0.,1.5));
#3648 = VECTOR('',#3649,1.);
#3649 = DIRECTION('',(1.,0.));
#3650 = ( GEOMETRIC_REPRESENTATION_CONTEXT(2) 
PARAMETRIC_REPRESENTATION_CONTEXT() REPRESENTATION_CONTEXT('2D SPACE',''
  ) );
#3651 = ORIENTED_EDGE('',*,*,#3652,.F.);
#3652 = EDGE_CURVE('',#3653,#3620,#3655,.T.);
#3653 = VERTEX_POINT('',#3654);
#3654 = CARTESIAN_POINT('',(15.825,10.625,-1.5));
#3655 = SURFACE_CURVE('',#3656,(#3660,#3666),.PCURVE_S1.);
#3656 = LINE('',#3657,#3658);
#3657 = CARTESIAN_POINT('',(-10.3125,10.625,-1.5));
#3658 = VECTOR('',#3659,1.);
#3659 = DIRECTION('',(1.,0.,-0.));
#3660 = PCURVE('',#72,#3661);
#3661 = DEFINITIONAL_REPRESENTATION('',(#3662),#3665);
#3662 = B_SPLINE_CURVE_WITH_KNOTS('',1,(#3663,#3664),.UNSPECIFIED.,.F.,
  .F.,(2,2),(26.1375,64.8875),.PIECEWISE_BEZIER_KNOTS.);
#3663 = CARTESIAN_POINT('',(91.025,25.625));
#3664 = CARTESIAN_POINT('',(129.775,25.625));
#3665 = ( GEOMETRIC_REPRESENTATION_CONTEXT(2) 
PARAMETRIC_REPRESENTATION_CONTEXT() REPRESENTATION_CONTEXT('2D SPACE',''
  ) );
#3666 = PCURVE('',#3667,#3672);
#3667 = PLANE('',#3668);
#3668 = AXIS2_PLACEMENT_3D('',#3669,#3670,#3671);
#3669 = CARTESIAN_POINT('',(54.575,10.625,0.));
#3670 = DIRECTION('',(0.,-1.,0.));
#3671 = DIRECTION('',(-1.,0.,0.));
#3672 = DEFINITIONAL_REPRESENTATION('',(#3673),#3676);
#3673 = B_SPLINE_CURVE_WITH_KNOTS('',1,(#3674,#3675),.UNSPECIFIED.,.F.,
  .F.,(2,2),(26.1375,64.8875),.PIECEWISE_BEZIER_KNOTS.);
#3674 = CARTESIAN_POINT('',(38.75,1.5));
#3675 = CARTESIAN_POINT('',(0.,1.5));
#3676 = ( GEOMETRIC_REPRESENTATION_CONTEXT(2) 
PARAMETRIC_REPRESENTATION_CONTEXT() REPRESENTATION_CONTEXT('2D SPACE',''
  ) );
#3677 = ORIENTED_EDGE('',*,*,#3678,.T.);
#3678 = EDGE_CURVE('',#3653,#3594,#3679,.T.);
#3679 = SURFACE_CURVE('',#3680,(#3685,#3696),.PCURVE_S1.);
#3680 = CIRCLE('',#3681,0.625);
#3681 = AXIS2_PLACEMENT_3D('',#3682,#3683,#3684);
#3682 = CARTESIAN_POINT('',(15.825,11.25,-1.5));
#3683 = DIRECTION('',(0.,-0.,-1.));
#3684 = DIRECTION('',(0.,-1.,0.));
#3685 = PCURVE('',#72,#3686);
#3686 = DEFINITIONAL_REPRESENTATION('',(#3687),#3695);
#3687 = ( BOUNDED_CURVE() B_SPLINE_CURVE(2,(#3688,#3689,#3690,#3691,
#3692,#3693,#3694),.UNSPECIFIED.,.T.,.F.) B_SPLINE_CURVE_WITH_KNOTS((1,2
    ,2,2,2,1),(-2.094395102393,0.,2.094395102393,4.188790204786,
6.28318530718,8.377580409573),.UNSPECIFIED.) CURVE() 
GEOMETRIC_REPRESENTATION_ITEM() RATIONAL_B_SPLINE_CURVE((1.,0.5,1.,0.5,
1.,0.5,1.)) REPRESENTATION_ITEM('') );
#3688 = CARTESIAN_POINT('',(91.025,25.625));
#3689 = CARTESIAN_POINT('',(89.942468245269,25.625));
#3690 = CARTESIAN_POINT('',(90.483734122635,26.5625));
#3691 = CARTESIAN_POINT('',(91.025,27.5));
#3692 = CARTESIAN_POINT('',(91.566265877365,26.5625));
#3693 = CARTESIAN_POINT('',(92.107531754731,25.625));
#3694 = CARTESIAN_POINT('',(91.025,25.625));
#3695 = ( GEOMETRIC_REPRESENTATION_CONTEXT(2) 
PARAMETRIC_REPRESENTATION_CONTEXT() REPRESENTATION_CONTEXT('2D SPACE',''
  ) );
#3696 = PCURVE('',#3697,#3702);
#3697 = CYLINDRICAL_SURFACE('',#3698,0.625);
#3698 = AXIS2_PLACEMENT_3D('',#3699,#3700,#3701);
#3699 = CARTESIAN_POINT('',(15.825,11.25,0.));
#3700 = DIRECTION('',(0.,-0.,-1.));
#3701 = DIRECTION('',(0.,-1.,0.));
#3702 = DEFINITIONAL_REPRESENTATION('',(#3703),#3707);
#3703 = LINE('',#3704,#3705);
#3704 = CARTESIAN_POINT('',(0.,1.5));
#3705 = VECTOR('',#3706,1.);
#3706 = DIRECTION('',(1.,0.));
#3707 = ( GEOMETRIC_REPRESENTATION_CONTEXT(2) 
PARAMETRIC_REPRESENTATION_CONTEXT() REPRESENTATION_CONTEXT('2D SPACE',''
  ) );
#3708 = FACE_BOUND('',#3709,.F.);
#3709 = EDGE_LOOP('',(#3710,#3738,#3771,#3797));
#3710 = ORIENTED_EDGE('',*,*,#3711,.F.);
#3711 = EDGE_CURVE('',#3712,#3714,#3716,.T.);
#3712 = VERTEX_POINT('',#3713);
#3713 = CARTESIAN_POINT('',(-0.625,54.575,-1.5));
#3714 = VERTEX_POINT('',#3715);
#3715 = CARTESIAN_POINT('',(-0.625,15.825,-1.5));
#3716 = SURFACE_CURVE('',#3717,(#3721,#3727),.PCURVE_S1.);
#3717 = LINE('',#3718,#3719);
#3718 = CARTESIAN_POINT('',(-0.625,0.4125,-1.5));
#3719 = VECTOR('',#3720,1.);
#3720 = DIRECTION('',(-1.110223024625E-16,-1.,0.));
#3721 = PCURVE('',#72,#3722);
#3722 = DEFINITIONAL_REPRESENTATION('',(#3723),#3726);
#3723 = B_SPLINE_CURVE_WITH_KNOTS('',1,(#3724,#3725),.UNSPECIFIED.,.F.,
  .F.,(2,2),(-54.1625,-15.4125),.PIECEWISE_BEZIER_KNOTS.);
#3724 = CARTESIAN_POINT('',(74.575,69.575));
#3725 = CARTESIAN_POINT('',(74.575,30.825));
#3726 = ( GEOMETRIC_REPRESENTATION_CONTEXT(2) 
PARAMETRIC_REPRESENTATION_CONTEXT() REPRESENTATION_CONTEXT('2D SPACE',''
  ) );
#3727 = PCURVE('',#3728,#3733);
#3728 = PLANE('',#3729);
#3729 = AXIS2_PLACEMENT_3D('',#3730,#3731,#3732);
#3730 = CARTESIAN_POINT('',(-0.625,15.825,0.));
#3731 = DIRECTION('',(-1.,1.110223024625E-16,0.));
#3732 = DIRECTION('',(1.110223024625E-16,1.,0.));
#3733 = DEFINITIONAL_REPRESENTATION('',(#3734),#3737);
#3734 = B_SPLINE_CURVE_WITH_KNOTS('',1,(#3735,#3736),.UNSPECIFIED.,.F.,
  .F.,(2,2),(-54.1625,-15.4125),.PIECEWISE_BEZIER_KNOTS.);
#3735 = CARTESIAN_POINT('',(38.75,1.5));
#3736 = CARTESIAN_POINT('',(0.,1.5));
#3737 = ( GEOMETRIC_REPRESENTATION_CONTEXT(2) 
PARAMETRIC_REPRESENTATION_CONTEXT() REPRESENTATION_CONTEXT('2D SPACE',''
  ) );
#3738 = ORIENTED_EDGE('',*,*,#3739,.T.);
#3739 = EDGE_CURVE('',#3712,#3740,#3742,.T.);
#3740 = VERTEX_POINT('',#3741);
#3741 = CARTESIAN_POINT('',(0.625,54.575,-1.5));
#3742 = SURFACE_CURVE('',#3743,(#3748,#3759),.PCURVE_S1.);
#3743 = CIRCLE('',#3744,0.625);
#3744 = AXIS2_PLACEMENT_3D('',#3745,#3746,#3747);
#3745 = CARTESIAN_POINT('',(2.206568261442E-15,54.575,-1.5));
#3746 = DIRECTION('',(0.,0.,-1.));
#3747 = DIRECTION('',(-1.,1.110223024625E-16,0.));
#3748 = PCURVE('',#72,#3749);
#3749 = DEFINITIONAL_REPRESENTATION('',(#3750),#3758);
#3750 = ( BOUNDED_CURVE() B_SPLINE_CURVE(2,(#3751,#3752,#3753,#3754,
#3755,#3756,#3757),.UNSPECIFIED.,.T.,.F.) B_SPLINE_CURVE_WITH_KNOTS((1,2
    ,2,2,2,1),(-2.094395102393,0.,2.094395102393,4.188790204786,
6.28318530718,8.377580409573),.UNSPECIFIED.) CURVE() 
GEOMETRIC_REPRESENTATION_ITEM() RATIONAL_B_SPLINE_CURVE((1.,0.5,1.,0.5,
1.,0.5,1.)) REPRESENTATION_ITEM('') );
#3751 = CARTESIAN_POINT('',(74.575,69.575));
#3752 = CARTESIAN_POINT('',(74.575,70.657531754731));
#3753 = CARTESIAN_POINT('',(75.5125,70.116265877365));
#3754 = CARTESIAN_POINT('',(76.45,69.575));
#3755 = CARTESIAN_POINT('',(75.5125,69.033734122635));
#3756 = CARTESIAN_POINT('',(74.575,68.492468245269));
#3757 = CARTESIAN_POINT('',(74.575,69.575));
#3758 = ( GEOMETRIC_REPRESENTATION_CONTEXT(2) 
PARAMETRIC_REPRESENTATION_CONTEXT() REPRESENTATION_CONTEXT('2D SPACE',''
  ) );
#3759 = PCURVE('',#3760,#3765);
#3760 = CYLINDRICAL_SURFACE('',#3761,0.625);
#3761 = AXIS2_PLACEMENT_3D('',#3762,#3763,#3764);
#3762 = CARTESIAN_POINT('',(2.206568261442E-15,54.575,0.));
#3763 = DIRECTION('',(0.,0.,-1.));
#3764 = DIRECTION('',(-1.,1.110223024625E-16,0.));
#3765 = DEFINITIONAL_REPRESENTATION('',(#3766),#3770);
#3766 = LINE('',#3767,#3768);
#3767 = CARTESIAN_POINT('',(0.,1.5));
#3768 = VECTOR('',#3769,1.);
#3769 = DIRECTION('',(1.,0.));
#3770 = ( GEOMETRIC_REPRESENTATION_CONTEXT(2) 
PARAMETRIC_REPRESENTATION_CONTEXT() REPRESENTATION_CONTEXT('2D SPACE',''
  ) );
#3771 = ORIENTED_EDGE('',*,*,#3772,.F.);
#3772 = EDGE_CURVE('',#3773,#3740,#3775,.T.);
#3773 = VERTEX_POINT('',#3774);
#3774 = CARTESIAN_POINT('',(0.625,15.825,-1.5));
#3775 = SURFACE_CURVE('',#3776,(#3780,#3786),.PCURVE_S1.);
#3776 = LINE('',#3777,#3778);
#3777 = CARTESIAN_POINT('',(0.625,19.7875,-1.5));
#3778 = VECTOR('',#3779,1.);
#3779 = DIRECTION('',(1.110223024625E-16,1.,-0.));
#3780 = PCURVE('',#72,#3781);
#3781 = DEFINITIONAL_REPRESENTATION('',(#3782),#3785);
#3782 = B_SPLINE_CURVE_WITH_KNOTS('',1,(#3783,#3784),.UNSPECIFIED.,.F.,
  .F.,(2,2),(-3.9625,34.7875),.PIECEWISE_BEZIER_KNOTS.);
#3783 = CARTESIAN_POINT('',(75.825,30.825));
#3784 = CARTESIAN_POINT('',(75.825,69.575));
#3785 = ( GEOMETRIC_REPRESENTATION_CONTEXT(2) 
PARAMETRIC_REPRESENTATION_CONTEXT() REPRESENTATION_CONTEXT('2D SPACE',''
  ) );
#3786 = PCURVE('',#3787,#3792);
#3787 = PLANE('',#3788);
#3788 = AXIS2_PLACEMENT_3D('',#3789,#3790,#3791);
#3789 = CARTESIAN_POINT('',(0.625,54.575,0.));
#3790 = DIRECTION('',(1.,-1.110223024625E-16,0.));
#3791 = DIRECTION('',(-1.110223024625E-16,-1.,0.));
#3792 = DEFINITIONAL_REPRESENTATION('',(#3793),#3796);
#3793 = B_SPLINE_CURVE_WITH_KNOTS('',1,(#3794,#3795),.UNSPECIFIED.,.F.,
  .F.,(2,2),(-3.9625,34.7875),.PIECEWISE_BEZIER_KNOTS.);
#3794 = CARTESIAN_POINT('',(38.75,1.5));
#3795 = CARTESIAN_POINT('',(0.,1.5));
#3796 = ( GEOMETRIC_REPRESENTATION_CONTEXT(2) 
PARAMETRIC_REPRESENTATION_CONTEXT() REPRESENTATION_CONTEXT('2D SPACE',''
  ) );
#3797 = ORIENTED_EDGE('',*,*,#3798,.T.);
#3798 = EDGE_CURVE('',#3773,#3714,#3799,.T.);
#3799 = SURFACE_CURVE('',#3800,(#3805,#3816),.PCURVE_S1.);
#3800 = CIRCLE('',#3801,0.625);
#3801 = AXIS2_PLACEMENT_3D('',#3802,#3803,#3804);
#3802 = CARTESIAN_POINT('',(-2.206568261442E-15,15.825,-1.5));
#3803 = DIRECTION('',(0.,-0.,-1.));
#3804 = DIRECTION('',(1.,-1.110223024625E-16,0.));
#3805 = PCURVE('',#72,#3806);
#3806 = DEFINITIONAL_REPRESENTATION('',(#3807),#3815);
#3807 = ( BOUNDED_CURVE() B_SPLINE_CURVE(2,(#3808,#3809,#3810,#3811,
#3812,#3813,#3814),.UNSPECIFIED.,.T.,.F.) B_SPLINE_CURVE_WITH_KNOTS((1,2
    ,2,2,2,1),(-2.094395102393,0.,2.094395102393,4.188790204786,
6.28318530718,8.377580409573),.UNSPECIFIED.) CURVE() 
GEOMETRIC_REPRESENTATION_ITEM() RATIONAL_B_SPLINE_CURVE((1.,0.5,1.,0.5,
1.,0.5,1.)) REPRESENTATION_ITEM('') );
#3808 = CARTESIAN_POINT('',(75.825,30.825));
#3809 = CARTESIAN_POINT('',(75.825,29.742468245269));
#3810 = CARTESIAN_POINT('',(74.8875,30.283734122635));
#3811 = CARTESIAN_POINT('',(73.95,30.825));
#3812 = CARTESIAN_POINT('',(74.8875,31.366265877365));
#3813 = CARTESIAN_POINT('',(75.825,31.907531754731));
#3814 = CARTESIAN_POINT('',(75.825,30.825));
#3815 = ( GEOMETRIC_REPRESENTATION_CONTEXT(2) 
PARAMETRIC_REPRESENTATION_CONTEXT() REPRESENTATION_CONTEXT('2D SPACE',''
  ) );
#3816 = PCURVE('',#3817,#3822);
#3817 = CYLINDRICAL_SURFACE('',#3818,0.625);
#3818 = AXIS2_PLACEMENT_3D('',#3819,#3820,#3821);
#3819 = CARTESIAN_POINT('',(-2.206568261442E-15,15.825,0.));
#3820 = DIRECTION('',(0.,-0.,-1.));
#3821 = DIRECTION('',(1.,-1.110223024625E-16,0.));
#3822 = DEFINITIONAL_REPRESENTATION('',(#3823),#3827);
#3823 = LINE('',#3824,#3825);
#3824 = CARTESIAN_POINT('',(0.,1.5));
#3825 = VECTOR('',#3826,1.);
#3826 = DIRECTION('',(1.,0.));
#3827 = ( GEOMETRIC_REPRESENTATION_CONTEXT(2) 
PARAMETRIC_REPRESENTATION_CONTEXT() REPRESENTATION_CONTEXT('2D SPACE',''
  ) );
#3828 = FACE_BOUND('',#3829,.F.);
#3829 = EDGE_LOOP('',(#3830,#3858,#3891,#3917));
#3830 = ORIENTED_EDGE('',*,*,#3831,.F.);
#3831 = EDGE_CURVE('',#3832,#3834,#3836,.T.);
#3832 = VERTEX_POINT('',#3833);
#3833 = CARTESIAN_POINT('',(3.125,54.575,-1.5));
#3834 = VERTEX_POINT('',#3835);
#3835 = CARTESIAN_POINT('',(3.125,15.825,-1.5));
#3836 = SURFACE_CURVE('',#3837,(#3841,#3847),.PCURVE_S1.);
#3837 = LINE('',#3838,#3839);
#3838 = CARTESIAN_POINT('',(3.125,0.4125,-1.5));
#3839 = VECTOR('',#3840,1.);
#3840 = DIRECTION('',(-1.110223024625E-16,-1.,0.));
#3841 = PCURVE('',#72,#3842);
#3842 = DEFINITIONAL_REPRESENTATION('',(#3843),#3846);
#3843 = B_SPLINE_CURVE_WITH_KNOTS('',1,(#3844,#3845),.UNSPECIFIED.,.F.,
  .F.,(2,2),(-54.1625,-15.4125),.PIECEWISE_BEZIER_KNOTS.);
#3844 = CARTESIAN_POINT('',(78.325,69.575));
#3845 = CARTESIAN_POINT('',(78.325,30.825));
#3846 = ( GEOMETRIC_REPRESENTATION_CONTEXT(2) 
PARAMETRIC_REPRESENTATION_CONTEXT() REPRESENTATION_CONTEXT('2D SPACE',''
  ) );
#3847 = PCURVE('',#3848,#3853);
#3848 = PLANE('',#3849);
#3849 = AXIS2_PLACEMENT_3D('',#3850,#3851,#3852);
#3850 = CARTESIAN_POINT('',(3.125,15.825,0.));
#3851 = DIRECTION('',(-1.,1.110223024625E-16,0.));
#3852 = DIRECTION('',(1.110223024625E-16,1.,0.));
#3853 = DEFINITIONAL_REPRESENTATION('',(#3854),#3857);
#3854 = B_SPLINE_CURVE_WITH_KNOTS('',1,(#3855,#3856),.UNSPECIFIED.,.F.,
  .F.,(2,2),(-54.1625,-15.4125),.PIECEWISE_BEZIER_KNOTS.);
#3855 = CARTESIAN_POINT('',(38.75,1.5));
#3856 = CARTESIAN_POINT('',(0.,1.5));
#3857 = ( GEOMETRIC_REPRESENTATION_CONTEXT(2) 
PARAMETRIC_REPRESENTATION_CONTEXT() REPRESENTATION_CONTEXT('2D SPACE',''
  ) );
#3858 = ORIENTED_EDGE('',*,*,#3859,.T.);
#3859 = EDGE_CURVE('',#3832,#3860,#3862,.T.);
#3860 = VERTEX_POINT('',#3861);
#3861 = CARTESIAN_POINT('',(4.375,54.575,-1.5));
#3862 = SURFACE_CURVE('',#3863,(#3868,#3879),.PCURVE_S1.);
#3863 = CIRCLE('',#3864,0.625);
#3864 = AXIS2_PLACEMENT_3D('',#3865,#3866,#3867);
#3865 = CARTESIAN_POINT('',(3.75,54.575,-1.5));
#3866 = DIRECTION('',(0.,0.,-1.));
#3867 = DIRECTION('',(-1.,1.110223024625E-16,0.));
#3868 = PCURVE('',#72,#3869);
#3869 = DEFINITIONAL_REPRESENTATION('',(#3870),#3878);
#3870 = ( BOUNDED_CURVE() B_SPLINE_CURVE(2,(#3871,#3872,#3873,#3874,
#3875,#3876,#3877),.UNSPECIFIED.,.T.,.F.) B_SPLINE_CURVE_WITH_KNOTS((1,2
    ,2,2,2,1),(-2.094395102393,0.,2.094395102393,4.188790204786,
6.28318530718,8.377580409573),.UNSPECIFIED.) CURVE() 
GEOMETRIC_REPRESENTATION_ITEM() RATIONAL_B_SPLINE_CURVE((1.,0.5,1.,0.5,
1.,0.5,1.)) REPRESENTATION_ITEM('') );
#3871 = CARTESIAN_POINT('',(78.325,69.575));
#3872 = CARTESIAN_POINT('',(78.325,70.657531754731));
#3873 = CARTESIAN_POINT('',(79.2625,70.116265877365));
#3874 = CARTESIAN_POINT('',(80.2,69.575));
#3875 = CARTESIAN_POINT('',(79.2625,69.033734122635));
#3876 = CARTESIAN_POINT('',(78.325,68.492468245269));
#3877 = CARTESIAN_POINT('',(78.325,69.575));
#3878 = ( GEOMETRIC_REPRESENTATION_CONTEXT(2) 
PARAMETRIC_REPRESENTATION_CONTEXT() REPRESENTATION_CONTEXT('2D SPACE',''
  ) );
#3879 = PCURVE('',#3880,#3885);
#3880 = CYLINDRICAL_SURFACE('',#3881,0.625);
#3881 = AXIS2_PLACEMENT_3D('',#3882,#3883,#3884);
#3882 = CARTESIAN_POINT('',(3.75,54.575,0.));
#3883 = DIRECTION('',(0.,0.,-1.));
#3884 = DIRECTION('',(-1.,1.110223024625E-16,0.));
#3885 = DEFINITIONAL_REPRESENTATION('',(#3886),#3890);
#3886 = LINE('',#3887,#3888);
#3887 = CARTESIAN_POINT('',(0.,1.5));
#3888 = VECTOR('',#3889,1.);
#3889 = DIRECTION('',(1.,0.));
#3890 = ( GEOMETRIC_REPRESENTATION_CONTEXT(2) 
PARAMETRIC_REPRESENTATION_CONTEXT() REPRESENTATION_CONTEXT('2D SPACE',''
  ) );
#3891 = ORIENTED_EDGE('',*,*,#3892,.F.);
#3892 = EDGE_CURVE('',#3893,#3860,#3895,.T.);
#3893 = VERTEX_POINT('',#3894);
#3894 = CARTESIAN_POINT('',(4.375,15.825,-1.5));
#3895 = SURFACE_CURVE('',#3896,(#3900,#3906),.PCURVE_S1.);
#3896 = LINE('',#3897,#3898);
#3897 = CARTESIAN_POINT('',(4.375,19.7875,-1.5));
#3898 = VECTOR('',#3899,1.);
#3899 = DIRECTION('',(1.110223024625E-16,1.,-0.));
#3900 = PCURVE('',#72,#3901);
#3901 = DEFINITIONAL_REPRESENTATION('',(#3902),#3905);
#3902 = B_SPLINE_CURVE_WITH_KNOTS('',1,(#3903,#3904),.UNSPECIFIED.,.F.,
  .F.,(2,2),(-3.9625,34.7875),.PIECEWISE_BEZIER_KNOTS.);
#3903 = CARTESIAN_POINT('',(79.575,30.825));
#3904 = CARTESIAN_POINT('',(79.575,69.575));
#3905 = ( GEOMETRIC_REPRESENTATION_CONTEXT(2) 
PARAMETRIC_REPRESENTATION_CONTEXT() REPRESENTATION_CONTEXT('2D SPACE',''
  ) );
#3906 = PCURVE('',#3907,#3912);
#3907 = PLANE('',#3908);
#3908 = AXIS2_PLACEMENT_3D('',#3909,#3910,#3911);
#3909 = CARTESIAN_POINT('',(4.375,54.575,0.));
#3910 = DIRECTION('',(1.,-1.110223024625E-16,0.));
#3911 = DIRECTION('',(-1.110223024625E-16,-1.,0.));
#3912 = DEFINITIONAL_REPRESENTATION('',(#3913),#3916);
#3913 = B_SPLINE_CURVE_WITH_KNOTS('',1,(#3914,#3915),.UNSPECIFIED.,.F.,
  .F.,(2,2),(-3.9625,34.7875),.PIECEWISE_BEZIER_KNOTS.);
#3914 = CARTESIAN_POINT('',(38.75,1.5));
#3915 = CARTESIAN_POINT('',(0.,1.5));
#3916 = ( GEOMETRIC_REPRESENTATION_CONTEXT(2) 
PARAMETRIC_REPRESENTATION_CONTEXT() REPRESENTATION_CONTEXT('2D SPACE',''
  ) );
#3917 = ORIENTED_EDGE('',*,*,#3918,.T.);
#3918 = EDGE_CURVE('',#3893,#3834,#3919,.T.);
#3919 = SURFACE_CURVE('',#3920,(#3925,#3936),.PCURVE_S1.);
#3920 = CIRCLE('',#3921,0.625);
#3921 = AXIS2_PLACEMENT_3D('',#3922,#3923,#3924);
#3922 = CARTESIAN_POINT('',(3.75,15.825,-1.5));
#3923 = DIRECTION('',(0.,-0.,-1.));
#3924 = DIRECTION('',(1.,-1.110223024625E-16,0.));
#3925 = PCURVE('',#72,#3926);
#3926 = DEFINITIONAL_REPRESENTATION('',(#3927),#3935);
#3927 = ( BOUNDED_CURVE() B_SPLINE_CURVE(2,(#3928,#3929,#3930,#3931,
#3932,#3933,#3934),.UNSPECIFIED.,.T.,.F.) B_SPLINE_CURVE_WITH_KNOTS((1,2
    ,2,2,2,1),(-2.094395102393,0.,2.094395102393,4.188790204786,
6.28318530718,8.377580409573),.UNSPECIFIED.) CURVE() 
GEOMETRIC_REPRESENTATION_ITEM() RATIONAL_B_SPLINE_CURVE((1.,0.5,1.,0.5,
1.,0.5,1.)) REPRESENTATION_ITEM('') );
#3928 = CARTESIAN_POINT('',(79.575,30.825));
#3929 = CARTESIAN_POINT('',(79.575,29.742468245269));
#3930 = CARTESIAN_POINT('',(78.6375,30.283734122635));
#3931 = CARTESIAN_POINT('',(77.7,30.825));
#3932 = CARTESIAN_POINT('',(78.6375,31.366265877365));
#3933 = CARTESIAN_POINT('',(79.575,31.907531754731));
#3934 = CARTESIAN_POINT('',(79.575,30.825));
#3935 = ( GEOMETRIC_REPRESENTATION_CONTEXT(2) 
PARAMETRIC_REPRESENTATION_CONTEXT() REPRESENTATION_CONTEXT('2D SPACE',''
  ) );
#3936 = PCURVE('',#3937,#3942);
#3937 = CYLINDRICAL_SURFACE('',#3938,0.625);
#3938 = AXIS2_PLACEMENT_3D('',#3939,#3940,#3941);
#3939 = CARTESIAN_POINT('',(3.75,15.825,0.));
#3940 = DIRECTION('',(0.,-0.,-1.));
#3941 = DIRECTION('',(1.,-1.110223024625E-16,0.));
#3942 = DEFINITIONAL_REPRESENTATION('',(#3943),#3947);
#3943 = LINE('',#3944,#3945);
#3944 = CARTESIAN_POINT('',(0.,1.5));
#3945 = VECTOR('',#3946,1.);
#3946 = DIRECTION('',(1.,0.));
#3947 = ( GEOMETRIC_REPRESENTATION_CONTEXT(2) 
PARAMETRIC_REPRESENTATION_CONTEXT() REPRESENTATION_CONTEXT('2D SPACE',''
  ) );
#3948 = FACE_BOUND('',#3949,.F.);
#3949 = EDGE_LOOP('',(#3950,#3978,#4011,#4037));
#3950 = ORIENTED_EDGE('',*,*,#3951,.F.);
#3951 = EDGE_CURVE('',#3952,#3954,#3956,.T.);
#3952 = VERTEX_POINT('',#3953);
#3953 = CARTESIAN_POINT('',(6.875,54.575,-1.5));
#3954 = VERTEX_POINT('',#3955);
#3955 = CARTESIAN_POINT('',(6.875,15.825,-1.5));
#3956 = SURFACE_CURVE('',#3957,(#3961,#3967),.PCURVE_S1.);
#3957 = LINE('',#3958,#3959);
#3958 = CARTESIAN_POINT('',(6.875,0.4125,-1.5));
#3959 = VECTOR('',#3960,1.);
#3960 = DIRECTION('',(-1.110223024625E-16,-1.,0.));
#3961 = PCURVE('',#72,#3962);
#3962 = DEFINITIONAL_REPRESENTATION('',(#3963),#3966);
#3963 = B_SPLINE_CURVE_WITH_KNOTS('',1,(#3964,#3965),.UNSPECIFIED.,.F.,
  .F.,(2,2),(-54.1625,-15.4125),.PIECEWISE_BEZIER_KNOTS.);
#3964 = CARTESIAN_POINT('',(82.075,69.575));
#3965 = CARTESIAN_POINT('',(82.075,30.825));
#3966 = ( GEOMETRIC_REPRESENTATION_CONTEXT(2) 
PARAMETRIC_REPRESENTATION_CONTEXT() REPRESENTATION_CONTEXT('2D SPACE',''
  ) );
#3967 = PCURVE('',#3968,#3973);
#3968 = PLANE('',#3969);
#3969 = AXIS2_PLACEMENT_3D('',#3970,#3971,#3972);
#3970 = CARTESIAN_POINT('',(6.875,15.825,0.));
#3971 = DIRECTION('',(-1.,1.110223024625E-16,0.));
#3972 = DIRECTION('',(1.110223024625E-16,1.,0.));
#3973 = DEFINITIONAL_REPRESENTATION('',(#3974),#3977);
#3974 = B_SPLINE_CURVE_WITH_KNOTS('',1,(#3975,#3976),.UNSPECIFIED.,.F.,
  .F.,(2,2),(-54.1625,-15.4125),.PIECEWISE_BEZIER_KNOTS.);
#3975 = CARTESIAN_POINT('',(38.75,1.5));
#3976 = CARTESIAN_POINT('',(0.,1.5));
#3977 = ( GEOMETRIC_REPRESENTATION_CONTEXT(2) 
PARAMETRIC_REPRESENTATION_CONTEXT() REPRESENTATION_CONTEXT('2D SPACE',''
  ) );
#3978 = ORIENTED_EDGE('',*,*,#3979,.T.);
#3979 = EDGE_CURVE('',#3952,#3980,#3982,.T.);
#3980 = VERTEX_POINT('',#3981);
#3981 = CARTESIAN_POINT('',(8.125,54.575,-1.5));
#3982 = SURFACE_CURVE('',#3983,(#3988,#3999),.PCURVE_S1.);
#3983 = CIRCLE('',#3984,0.625);
#3984 = AXIS2_PLACEMENT_3D('',#3985,#3986,#3987);
#3985 = CARTESIAN_POINT('',(7.5,54.575,-1.5));
#3986 = DIRECTION('',(0.,0.,-1.));
#3987 = DIRECTION('',(-1.,1.110223024625E-16,0.));
#3988 = PCURVE('',#72,#3989);
#3989 = DEFINITIONAL_REPRESENTATION('',(#3990),#3998);
#3990 = ( BOUNDED_CURVE() B_SPLINE_CURVE(2,(#3991,#3992,#3993,#3994,
#3995,#3996,#3997),.UNSPECIFIED.,.T.,.F.) B_SPLINE_CURVE_WITH_KNOTS((1,2
    ,2,2,2,1),(-2.094395102393,0.,2.094395102393,4.188790204786,
6.28318530718,8.377580409573),.UNSPECIFIED.) CURVE() 
GEOMETRIC_REPRESENTATION_ITEM() RATIONAL_B_SPLINE_CURVE((1.,0.5,1.,0.5,
1.,0.5,1.)) REPRESENTATION_ITEM('') );
#3991 = CARTESIAN_POINT('',(82.075,69.575));
#3992 = CARTESIAN_POINT('',(82.075,70.657531754731));
#3993 = CARTESIAN_POINT('',(83.0125,70.116265877365));
#3994 = CARTESIAN_POINT('',(83.95,69.575));
#3995 = CARTESIAN_POINT('',(83.0125,69.033734122635));
#3996 = CARTESIAN_POINT('',(82.075,68.492468245269));
#3997 = CARTESIAN_POINT('',(82.075,69.575));
#3998 = ( GEOMETRIC_REPRESENTATION_CONTEXT(2) 
PARAMETRIC_REPRESENTATION_CONTEXT() REPRESENTATION_CONTEXT('2D SPACE',''
  ) );
#3999 = PCURVE('',#4000,#4005);
#4000 = CYLINDRICAL_SURFACE('',#4001,0.625);
#4001 = AXIS2_PLACEMENT_3D('',#4002,#4003,#4004);
#4002 = CARTESIAN_POINT('',(7.5,54.575,0.));
#4003 = DIRECTION('',(0.,0.,-1.));
#4004 = DIRECTION('',(-1.,1.110223024625E-16,0.));
#4005 = DEFINITIONAL_REPRESENTATION('',(#4006),#4010);
#4006 = LINE('',#4007,#4008);
#4007 = CARTESIAN_POINT('',(0.,1.5));
#4008 = VECTOR('',#4009,1.);
#4009 = DIRECTION('',(1.,0.));
#4010 = ( GEOMETRIC_REPRESENTATION_CONTEXT(2) 
PARAMETRIC_REPRESENTATION_CONTEXT() REPRESENTATION_CONTEXT('2D SPACE',''
  ) );
#4011 = ORIENTED_EDGE('',*,*,#4012,.F.);
#4012 = EDGE_CURVE('',#4013,#3980,#4015,.T.);
#4013 = VERTEX_POINT('',#4014);
#4014 = CARTESIAN_POINT('',(8.125,15.825,-1.5));
#4015 = SURFACE_CURVE('',#4016,(#4020,#4026),.PCURVE_S1.);
#4016 = LINE('',#4017,#4018);
#4017 = CARTESIAN_POINT('',(8.125,19.7875,-1.5));
#4018 = VECTOR('',#4019,1.);
#4019 = DIRECTION('',(1.110223024625E-16,1.,-0.));
#4020 = PCURVE('',#72,#4021);
#4021 = DEFINITIONAL_REPRESENTATION('',(#4022),#4025);
#4022 = B_SPLINE_CURVE_WITH_KNOTS('',1,(#4023,#4024),.UNSPECIFIED.,.F.,
  .F.,(2,2),(-3.9625,34.7875),.PIECEWISE_BEZIER_KNOTS.);
#4023 = CARTESIAN_POINT('',(83.325,30.825));
#4024 = CARTESIAN_POINT('',(83.325,69.575));
#4025 = ( GEOMETRIC_REPRESENTATION_CONTEXT(2) 
PARAMETRIC_REPRESENTATION_CONTEXT() REPRESENTATION_CONTEXT('2D SPACE',''
  ) );
#4026 = PCURVE('',#4027,#4032);
#4027 = PLANE('',#4028);
#4028 = AXIS2_PLACEMENT_3D('',#4029,#4030,#4031);
#4029 = CARTESIAN_POINT('',(8.125,54.575,0.));
#4030 = DIRECTION('',(1.,-1.110223024625E-16,0.));
#4031 = DIRECTION('',(-1.110223024625E-16,-1.,0.));
#4032 = DEFINITIONAL_REPRESENTATION('',(#4033),#4036);
#4033 = B_SPLINE_CURVE_WITH_KNOTS('',1,(#4034,#4035),.UNSPECIFIED.,.F.,
  .F.,(2,2),(-3.9625,34.7875),.PIECEWISE_BEZIER_KNOTS.);
#4034 = CARTESIAN_POINT('',(38.75,1.5));
#4035 = CARTESIAN_POINT('',(0.,1.5));
#4036 = ( GEOMETRIC_REPRESENTATION_CONTEXT(2) 
PARAMETRIC_REPRESENTATION_CONTEXT() REPRESENTATION_CONTEXT('2D SPACE',''
  ) );
#4037 = ORIENTED_EDGE('',*,*,#4038,.T.);
#4038 = EDGE_CURVE('',#4013,#3954,#4039,.T.);
#4039 = SURFACE_CURVE('',#4040,(#4045,#4056),.PCURVE_S1.);
#4040 = CIRCLE('',#4041,0.625);
#4041 = AXIS2_PLACEMENT_3D('',#4042,#4043,#4044);
#4042 = CARTESIAN_POINT('',(7.5,15.825,-1.5));
#4043 = DIRECTION('',(0.,-0.,-1.));
#4044 = DIRECTION('',(1.,-1.110223024625E-16,0.));
#4045 = PCURVE('',#72,#4046);
#4046 = DEFINITIONAL_REPRESENTATION('',(#4047),#4055);
#4047 = ( BOUNDED_CURVE() B_SPLINE_CURVE(2,(#4048,#4049,#4050,#4051,
#4052,#4053,#4054),.UNSPECIFIED.,.T.,.F.) B_SPLINE_CURVE_WITH_KNOTS((1,2
    ,2,2,2,1),(-2.094395102393,0.,2.094395102393,4.188790204786,
6.28318530718,8.377580409573),.UNSPECIFIED.) CURVE() 
GEOMETRIC_REPRESENTATION_ITEM() RATIONAL_B_SPLINE_CURVE((1.,0.5,1.,0.5,
1.,0.5,1.)) REPRESENTATION_ITEM('') );
#4048 = CARTESIAN_POINT('',(83.325,30.825));
#4049 = CARTESIAN_POINT('',(83.325,29.742468245269));
#4050 = CARTESIAN_POINT('',(82.3875,30.283734122635));
#4051 = CARTESIAN_POINT('',(81.45,30.825));
#4052 = CARTESIAN_POINT('',(82.3875,31.366265877365));
#4053 = CARTESIAN_POINT('',(83.325,31.907531754731));
#4054 = CARTESIAN_POINT('',(83.325,30.825));
#4055 = ( GEOMETRIC_REPRESENTATION_CONTEXT(2) 
PARAMETRIC_REPRESENTATION_CONTEXT() REPRESENTATION_CONTEXT('2D SPACE',''
  ) );
#4056 = PCURVE('',#4057,#4062);
#4057 = CYLINDRICAL_SURFACE('',#4058,0.625);
#4058 = AXIS2_PLACEMENT_3D('',#4059,#4060,#4061);
#4059 = CARTESIAN_POINT('',(7.5,15.825,0.));
#4060 = DIRECTION('',(0.,-0.,-1.));
#4061 = DIRECTION('',(1.,-1.110223024625E-16,0.));
#4062 = DEFINITIONAL_REPRESENTATION('',(#4063),#4067);
#4063 = LINE('',#4064,#4065);
#4064 = CARTESIAN_POINT('',(0.,1.5));
#4065 = VECTOR('',#4066,1.);
#4066 = DIRECTION('',(1.,0.));
#4067 = ( GEOMETRIC_REPRESENTATION_CONTEXT(2) 
PARAMETRIC_REPRESENTATION_CONTEXT() REPRESENTATION_CONTEXT('2D SPACE',''
  ) );
#4068 = FACE_BOUND('',#4069,.F.);
#4069 = EDGE_LOOP('',(#4070,#4098,#4131,#4157));
#4070 = ORIENTED_EDGE('',*,*,#4071,.F.);
#4071 = EDGE_CURVE('',#4072,#4074,#4076,.T.);
#4072 = VERTEX_POINT('',#4073);
#4073 = CARTESIAN_POINT('',(10.625,54.575,-1.5));
#4074 = VERTEX_POINT('',#4075);
#4075 = CARTESIAN_POINT('',(10.625,15.825,-1.5));
#4076 = SURFACE_CURVE('',#4077,(#4081,#4087),.PCURVE_S1.);
#4077 = LINE('',#4078,#4079);
#4078 = CARTESIAN_POINT('',(10.625,0.4125,-1.5));
#4079 = VECTOR('',#4080,1.);
#4080 = DIRECTION('',(-1.110223024625E-16,-1.,0.));
#4081 = PCURVE('',#72,#4082);
#4082 = DEFINITIONAL_REPRESENTATION('',(#4083),#4086);
#4083 = B_SPLINE_CURVE_WITH_KNOTS('',1,(#4084,#4085),.UNSPECIFIED.,.F.,
  .F.,(2,2),(-54.1625,-15.4125),.PIECEWISE_BEZIER_KNOTS.);
#4084 = CARTESIAN_POINT('',(85.825,69.575));
#4085 = CARTESIAN_POINT('',(85.825,30.825));
#4086 = ( GEOMETRIC_REPRESENTATION_CONTEXT(2) 
PARAMETRIC_REPRESENTATION_CONTEXT() REPRESENTATION_CONTEXT('2D SPACE',''
  ) );
#4087 = PCURVE('',#4088,#4093);
#4088 = PLANE('',#4089);
#4089 = AXIS2_PLACEMENT_3D('',#4090,#4091,#4092);
#4090 = CARTESIAN_POINT('',(10.625,15.825,0.));
#4091 = DIRECTION('',(-1.,1.110223024625E-16,0.));
#4092 = DIRECTION('',(1.110223024625E-16,1.,0.));
#4093 = DEFINITIONAL_REPRESENTATION('',(#4094),#4097);
#4094 = B_SPLINE_CURVE_WITH_KNOTS('',1,(#4095,#4096),.UNSPECIFIED.,.F.,
  .F.,(2,2),(-54.1625,-15.4125),.PIECEWISE_BEZIER_KNOTS.);
#4095 = CARTESIAN_POINT('',(38.75,1.5));
#4096 = CARTESIAN_POINT('',(0.,1.5));
#4097 = ( GEOMETRIC_REPRESENTATION_CONTEXT(2) 
PARAMETRIC_REPRESENTATION_CONTEXT() REPRESENTATION_CONTEXT('2D SPACE',''
  ) );
#4098 = ORIENTED_EDGE('',*,*,#4099,.T.);
#4099 = EDGE_CURVE('',#4072,#4100,#4102,.T.);
#4100 = VERTEX_POINT('',#4101);
#4101 = CARTESIAN_POINT('',(11.875,54.575,-1.5));
#4102 = SURFACE_CURVE('',#4103,(#4108,#4119),.PCURVE_S1.);
#4103 = CIRCLE('',#4104,0.625);
#4104 = AXIS2_PLACEMENT_3D('',#4105,#4106,#4107);
#4105 = CARTESIAN_POINT('',(11.25,54.575,-1.5));
#4106 = DIRECTION('',(0.,0.,-1.));
#4107 = DIRECTION('',(-1.,1.110223024625E-16,0.));
#4108 = PCURVE('',#72,#4109);
#4109 = DEFINITIONAL_REPRESENTATION('',(#4110),#4118);
#4110 = ( BOUNDED_CURVE() B_SPLINE_CURVE(2,(#4111,#4112,#4113,#4114,
#4115,#4116,#4117),.UNSPECIFIED.,.T.,.F.) B_SPLINE_CURVE_WITH_KNOTS((1,2
    ,2,2,2,1),(-2.094395102393,0.,2.094395102393,4.188790204786,
6.28318530718,8.377580409573),.UNSPECIFIED.) CURVE() 
GEOMETRIC_REPRESENTATION_ITEM() RATIONAL_B_SPLINE_CURVE((1.,0.5,1.,0.5,
1.,0.5,1.)) REPRESENTATION_ITEM('') );
#4111 = CARTESIAN_POINT('',(85.825,69.575));
#4112 = CARTESIAN_POINT('',(85.825,70.657531754731));
#4113 = CARTESIAN_POINT('',(86.7625,70.116265877365));
#4114 = CARTESIAN_POINT('',(87.7,69.575));
#4115 = CARTESIAN_POINT('',(86.7625,69.033734122635));
#4116 = CARTESIAN_POINT('',(85.825,68.492468245269));
#4117 = CARTESIAN_POINT('',(85.825,69.575));
#4118 = ( GEOMETRIC_REPRESENTATION_CONTEXT(2) 
PARAMETRIC_REPRESENTATION_CONTEXT() REPRESENTATION_CONTEXT('2D SPACE',''
  ) );
#4119 = PCURVE('',#4120,#4125);
#4120 = CYLINDRICAL_SURFACE('',#4121,0.625);
#4121 = AXIS2_PLACEMENT_3D('',#4122,#4123,#4124);
#4122 = CARTESIAN_POINT('',(11.25,54.575,0.));
#4123 = DIRECTION('',(0.,0.,-1.));
#4124 = DIRECTION('',(-1.,1.110223024625E-16,0.));
#4125 = DEFINITIONAL_REPRESENTATION('',(#4126),#4130);
#4126 = LINE('',#4127,#4128);
#4127 = CARTESIAN_POINT('',(0.,1.5));
#4128 = VECTOR('',#4129,1.);
#4129 = DIRECTION('',(1.,0.));
#4130 = ( GEOMETRIC_REPRESENTATION_CONTEXT(2) 
PARAMETRIC_REPRESENTATION_CONTEXT() REPRESENTATION_CONTEXT('2D SPACE',''
  ) );
#4131 = ORIENTED_EDGE('',*,*,#4132,.F.);
#4132 = EDGE_CURVE('',#4133,#4100,#4135,.T.);
#4133 = VERTEX_POINT('',#4134);
#4134 = CARTESIAN_POINT('',(11.875,15.825,-1.5));
#4135 = SURFACE_CURVE('',#4136,(#4140,#4146),.PCURVE_S1.);
#4136 = LINE('',#4137,#4138);
#4137 = CARTESIAN_POINT('',(11.875,19.7875,-1.5));
#4138 = VECTOR('',#4139,1.);
#4139 = DIRECTION('',(1.110223024625E-16,1.,-0.));
#4140 = PCURVE('',#72,#4141);
#4141 = DEFINITIONAL_REPRESENTATION('',(#4142),#4145);
#4142 = B_SPLINE_CURVE_WITH_KNOTS('',1,(#4143,#4144),.UNSPECIFIED.,.F.,
  .F.,(2,2),(-3.9625,34.7875),.PIECEWISE_BEZIER_KNOTS.);
#4143 = CARTESIAN_POINT('',(87.075,30.825));
#4144 = CARTESIAN_POINT('',(87.075,69.575));
#4145 = ( GEOMETRIC_REPRESENTATION_CONTEXT(2) 
PARAMETRIC_REPRESENTATION_CONTEXT() REPRESENTATION_CONTEXT('2D SPACE',''
  ) );
#4146 = PCURVE('',#4147,#4152);
#4147 = PLANE('',#4148);
#4148 = AXIS2_PLACEMENT_3D('',#4149,#4150,#4151);
#4149 = CARTESIAN_POINT('',(11.875,54.575,0.));
#4150 = DIRECTION('',(1.,-1.110223024625E-16,0.));
#4151 = DIRECTION('',(-1.110223024625E-16,-1.,0.));
#4152 = DEFINITIONAL_REPRESENTATION('',(#4153),#4156);
#4153 = B_SPLINE_CURVE_WITH_KNOTS('',1,(#4154,#4155),.UNSPECIFIED.,.F.,
  .F.,(2,2),(-3.9625,34.7875),.PIECEWISE_BEZIER_KNOTS.);
#4154 = CARTESIAN_POINT('',(38.75,1.5));
#4155 = CARTESIAN_POINT('',(0.,1.5));
#4156 = ( GEOMETRIC_REPRESENTATION_CONTEXT(2) 
PARAMETRIC_REPRESENTATION_CONTEXT() REPRESENTATION_CONTEXT('2D SPACE',''
  ) );
#4157 = ORIENTED_EDGE('',*,*,#4158,.T.);
#4158 = EDGE_CURVE('',#4133,#4074,#4159,.T.);
#4159 = SURFACE_CURVE('',#4160,(#4165,#4176),.PCURVE_S1.);
#4160 = CIRCLE('',#4161,0.625);
#4161 = AXIS2_PLACEMENT_3D('',#4162,#4163,#4164);
#4162 = CARTESIAN_POINT('',(11.25,15.825,-1.5));
#4163 = DIRECTION('',(0.,-0.,-1.));
#4164 = DIRECTION('',(1.,-1.110223024625E-16,0.));
#4165 = PCURVE('',#72,#4166);
#4166 = DEFINITIONAL_REPRESENTATION('',(#4167),#4175);
#4167 = ( BOUNDED_CURVE() B_SPLINE_CURVE(2,(#4168,#4169,#4170,#4171,
#4172,#4173,#4174),.UNSPECIFIED.,.T.,.F.) B_SPLINE_CURVE_WITH_KNOTS((1,2
    ,2,2,2,1),(-2.094395102393,0.,2.094395102393,4.188790204786,
6.28318530718,8.377580409573),.UNSPECIFIED.) CURVE() 
GEOMETRIC_REPRESENTATION_ITEM() RATIONAL_B_SPLINE_CURVE((1.,0.5,1.,0.5,
1.,0.5,1.)) REPRESENTATION_ITEM('') );
#4168 = CARTESIAN_POINT('',(87.075,30.825));
#4169 = CARTESIAN_POINT('',(87.075,29.742468245269));
#4170 = CARTESIAN_POINT('',(86.1375,30.283734122635));
#4171 = CARTESIAN_POINT('',(85.2,30.825));
#4172 = CARTESIAN_POINT('',(86.1375,31.366265877365));
#4173 = CARTESIAN_POINT('',(87.075,31.907531754731));
#4174 = CARTESIAN_POINT('',(87.075,30.825));
#4175 = ( GEOMETRIC_REPRESENTATION_CONTEXT(2) 
PARAMETRIC_REPRESENTATION_CONTEXT() REPRESENTATION_CONTEXT('2D SPACE',''
  ) );
#4176 = PCURVE('',#4177,#4182);
#4177 = CYLINDRICAL_SURFACE('',#4178,0.625);
#4178 = AXIS2_PLACEMENT_3D('',#4179,#4180,#4181);
#4179 = CARTESIAN_POINT('',(11.25,15.825,0.));
#4180 = DIRECTION('',(0.,-0.,-1.));
#4181 = DIRECTION('',(1.,-1.110223024625E-16,0.));
#4182 = DEFINITIONAL_REPRESENTATION('',(#4183),#4187);
#4183 = LINE('',#4184,#4185);
#4184 = CARTESIAN_POINT('',(0.,1.5));
#4185 = VECTOR('',#4186,1.);
#4186 = DIRECTION('',(1.,0.));
#4187 = ( GEOMETRIC_REPRESENTATION_CONTEXT(2) 
PARAMETRIC_REPRESENTATION_CONTEXT() REPRESENTATION_CONTEXT('2D SPACE',''
  ) );
#4188 = ADVANCED_FACE('',(#4189),#100,.F.);
#4189 = FACE_BOUND('',#4190,.F.);
#4190 = EDGE_LOOP('',(#4191,#4214,#4215,#4216));
#4191 = ORIENTED_EDGE('',*,*,#4192,.F.);
#4192 = EDGE_CURVE('',#3185,#4193,#4195,.T.);
#4193 = VERTEX_POINT('',#4194);
#4194 = CARTESIAN_POINT('',(15.,15.,-1.49875));
#4195 = SURFACE_CURVE('',#4196,(#4200,#4207),.PCURVE_S1.);
#4196 = LINE('',#4197,#4198);
#4197 = CARTESIAN_POINT('',(15.,15.,-1.5));
#4198 = VECTOR('',#4199,1.);
#4199 = DIRECTION('',(0.,0.,1.));
#4200 = PCURVE('',#100,#4201);
#4201 = DEFINITIONAL_REPRESENTATION('',(#4202),#4206);
#4202 = LINE('',#4203,#4204);
#4203 = CARTESIAN_POINT('',(0.,30.));
#4204 = VECTOR('',#4205,1.);
#4205 = DIRECTION('',(1.,0.));
#4206 = ( GEOMETRIC_REPRESENTATION_CONTEXT(2) 
PARAMETRIC_REPRESENTATION_CONTEXT() REPRESENTATION_CONTEXT('2D SPACE',''
  ) );
#4207 = PCURVE('',#159,#4208);
#4208 = DEFINITIONAL_REPRESENTATION('',(#4209),#4213);
#4209 = LINE('',#4210,#4211);
#4210 = CARTESIAN_POINT('',(0.,-30.));
#4211 = VECTOR('',#4212,1.);
#4212 = DIRECTION('',(1.,0.));
#4213 = ( GEOMETRIC_REPRESENTATION_CONTEXT(2) 
PARAMETRIC_REPRESENTATION_CONTEXT() REPRESENTATION_CONTEXT('2D SPACE',''
  ) );
#4214 = ORIENTED_EDGE('',*,*,#3184,.F.);
#4215 = ORIENTED_EDGE('',*,*,#84,.T.);
#4216 = ORIENTED_EDGE('',*,*,#4217,.T.);
#4217 = EDGE_CURVE('',#85,#4193,#4218,.T.);
#4218 = SURFACE_CURVE('',#4219,(#4223,#4230),.PCURVE_S1.);
#4219 = LINE('',#4220,#4221);
#4220 = CARTESIAN_POINT('',(-15.,15.,-1.49875));
#4221 = VECTOR('',#4222,1.);
#4222 = DIRECTION('',(1.,0.,0.));
#4223 = PCURVE('',#100,#4224);
#4224 = DEFINITIONAL_REPRESENTATION('',(#4225),#4229);
#4225 = LINE('',#4226,#4227);
#4226 = CARTESIAN_POINT('',(1.25E-03,0.));
#4227 = VECTOR('',#4228,1.);
#4228 = DIRECTION('',(0.,1.));
#4229 = ( GEOMETRIC_REPRESENTATION_CONTEXT(2) 
PARAMETRIC_REPRESENTATION_CONTEXT() REPRESENTATION_CONTEXT('2D SPACE',''
  ) );
#4230 = PCURVE('',#301,#4231);
#4231 = DEFINITIONAL_REPRESENTATION('',(#4232),#4236);
#4232 = LINE('',#4233,#4234);
#4233 = CARTESIAN_POINT('',(0.,0.));
#4234 = VECTOR('',#4235,1.);
#4235 = DIRECTION('',(0.,1.));
#4236 = ( GEOMETRIC_REPRESENTATION_CONTEXT(2) 
PARAMETRIC_REPRESENTATION_CONTEXT() REPRESENTATION_CONTEXT('2D SPACE',''
  ) );
#4237 = ADVANCED_FACE('',(#4238),#159,.F.);
#4238 = FACE_BOUND('',#4239,.F.);
#4239 = EDGE_LOOP('',(#4240,#4241,#4242,#4243));
#4240 = ORIENTED_EDGE('',*,*,#141,.F.);
#4241 = ORIENTED_EDGE('',*,*,#3207,.T.);
#4242 = ORIENTED_EDGE('',*,*,#4192,.T.);
#4243 = ORIENTED_EDGE('',*,*,#4244,.F.);
#4244 = EDGE_CURVE('',#144,#4193,#4245,.T.);
#4245 = SURFACE_CURVE('',#4246,(#4250,#4257),.PCURVE_S1.);
#4246 = LINE('',#4247,#4248);
#4247 = CARTESIAN_POINT('',(15.,-15.,-1.49875));
#4248 = VECTOR('',#4249,1.);
#4249 = DIRECTION('',(0.,1.,0.));
#4250 = PCURVE('',#159,#4251);
#4251 = DEFINITIONAL_REPRESENTATION('',(#4252),#4256);
#4252 = LINE('',#4253,#4254);
#4253 = CARTESIAN_POINT('',(1.25E-03,0.));
#4254 = VECTOR('',#4255,1.);
#4255 = DIRECTION('',(0.,-1.));
#4256 = ( GEOMETRIC_REPRESENTATION_CONTEXT(2) 
PARAMETRIC_REPRESENTATION_CONTEXT() REPRESENTATION_CONTEXT('2D SPACE',''
  ) );
#4257 = PCURVE('',#4258,#4263);
#4258 = CYLINDRICAL_SURFACE('',#4259,0.24875);
#4259 = AXIS2_PLACEMENT_3D('',#4260,#4261,#4262);
#4260 = CARTESIAN_POINT('',(14.75125,-15.,-1.49875));
#4261 = DIRECTION('',(0.,1.,0.));
#4262 = DIRECTION('',(1.,0.,-0.));
#4263 = DEFINITIONAL_REPRESENTATION('',(#4264),#4268);
#4264 = LINE('',#4265,#4266);
#4265 = CARTESIAN_POINT('',(-0.,0.));
#4266 = VECTOR('',#4267,1.);
#4267 = DIRECTION('',(-0.,1.));
#4268 = ( GEOMETRIC_REPRESENTATION_CONTEXT(2) 
PARAMETRIC_REPRESENTATION_CONTEXT() REPRESENTATION_CONTEXT('2D SPACE',''
  ) );
#4269 = ADVANCED_FACE('',(#4270),#207,.F.);
#4270 = FACE_BOUND('',#4271,.T.);
#4271 = EDGE_LOOP('',(#4272,#4273,#4296,#4326));
#4272 = ORIENTED_EDGE('',*,*,#222,.T.);
#4273 = ORIENTED_EDGE('',*,*,#4274,.T.);
#4274 = EDGE_CURVE('',#223,#4275,#4277,.T.);
#4275 = VERTEX_POINT('',#4276);
#4276 = CARTESIAN_POINT('',(14.75125,-14.75125,-1.25));
#4277 = SURFACE_CURVE('',#4278,(#4282,#4289),.PCURVE_S1.);
#4278 = LINE('',#4279,#4280);
#4279 = CARTESIAN_POINT('',(-15.,-14.75125,-1.25));
#4280 = VECTOR('',#4281,1.);
#4281 = DIRECTION('',(1.,0.,0.));
#4282 = PCURVE('',#207,#4283);
#4283 = DEFINITIONAL_REPRESENTATION('',(#4284),#4288);
#4284 = LINE('',#4285,#4286);
#4285 = CARTESIAN_POINT('',(-1.570796326795,0.));
#4286 = VECTOR('',#4287,1.);
#4287 = DIRECTION('',(-0.,1.));
#4288 = ( GEOMETRIC_REPRESENTATION_CONTEXT(2) 
PARAMETRIC_REPRESENTATION_CONTEXT() REPRESENTATION_CONTEXT('2D SPACE',''
  ) );
#4289 = PCURVE('',#270,#4290);
#4290 = DEFINITIONAL_REPRESENTATION('',(#4291),#4295);
#4291 = LINE('',#4292,#4293);
#4292 = CARTESIAN_POINT('',(0.,0.24875));
#4293 = VECTOR('',#4294,1.);
#4294 = DIRECTION('',(1.,0.));
#4295 = ( GEOMETRIC_REPRESENTATION_CONTEXT(2) 
PARAMETRIC_REPRESENTATION_CONTEXT() REPRESENTATION_CONTEXT('2D SPACE',''
  ) );
#4296 = ORIENTED_EDGE('',*,*,#4297,.F.);
#4297 = EDGE_CURVE('',#144,#4275,#4298,.T.);
#4298 = SURFACE_CURVE('',#4299,(#4304,#4315),.PCURVE_S1.);
#4299 = ELLIPSE('',#4300,0.35178562364,0.24875);
#4300 = AXIS2_PLACEMENT_3D('',#4301,#4302,#4303);
#4301 = CARTESIAN_POINT('',(14.75125,-14.75125,-1.49875));
#4302 = DIRECTION('',(-0.707106781187,-0.707106781187,0.));
#4303 = DIRECTION('',(0.707106781187,-0.707106781187,0.));
#4304 = PCURVE('',#207,#4305);
#4305 = DEFINITIONAL_REPRESENTATION('',(#4306),#4314);
#4306 = B_SPLINE_CURVE_WITH_KNOTS('',6,(#4307,#4308,#4309,#4310,#4311,
    #4312,#4313),.UNSPECIFIED.,.F.,.F.,(7,7),(0.,1.570796326795),
  .PIECEWISE_BEZIER_KNOTS.);
#4307 = CARTESIAN_POINT('',(-1.110223024625E-16,30.));
#4308 = CARTESIAN_POINT('',(-0.261799387799,30.));
#4309 = CARTESIAN_POINT('',(-0.523597529291,29.979545938459));
#4310 = CARTESIAN_POINT('',(-0.785398384094,29.938605351362));
#4311 = CARTESIAN_POINT('',(-1.047198560361,29.881490298298));
#4312 = CARTESIAN_POINT('',(-1.308996938996,29.816372597715));
#4313 = CARTESIAN_POINT('',(-1.570796326795,29.75125));
#4314 = ( GEOMETRIC_REPRESENTATION_CONTEXT(2) 
PARAMETRIC_REPRESENTATION_CONTEXT() REPRESENTATION_CONTEXT('2D SPACE',''
  ) );
#4315 = PCURVE('',#4258,#4316);
#4316 = DEFINITIONAL_REPRESENTATION('',(#4317),#4325);
#4317 = B_SPLINE_CURVE_WITH_KNOTS('',6,(#4318,#4319,#4320,#4321,#4322,
    #4323,#4324),.UNSPECIFIED.,.F.,.F.,(7,7),(0.,1.570796326795),
  .PIECEWISE_BEZIER_KNOTS.);
#4318 = CARTESIAN_POINT('',(2.22044604925E-16,-4.163336342344E-17));
#4319 = CARTESIAN_POINT('',(-0.261799387799,1.640287905502E-16));
#4320 = CARTESIAN_POINT('',(-0.523597529291,2.045406154084E-02));
#4321 = CARTESIAN_POINT('',(-0.785398384096,6.139464863821E-02));
#4322 = CARTESIAN_POINT('',(-1.047198560361,0.118509701702));
#4323 = CARTESIAN_POINT('',(-1.308996938996,0.183627402285));
#4324 = CARTESIAN_POINT('',(-1.570796326795,0.24875));
#4325 = ( GEOMETRIC_REPRESENTATION_CONTEXT(2) 
PARAMETRIC_REPRESENTATION_CONTEXT() REPRESENTATION_CONTEXT('2D SPACE',''
  ) );
#4326 = ORIENTED_EDGE('',*,*,#193,.F.);
#4327 = ADVANCED_FACE('',(#4328),#270,.F.);
#4328 = FACE_BOUND('',#4329,.F.);
#4329 = EDGE_LOOP('',(#4330,#4331,#4332,#4355));
#4330 = ORIENTED_EDGE('',*,*,#254,.F.);
#4331 = ORIENTED_EDGE('',*,*,#4274,.T.);
#4332 = ORIENTED_EDGE('',*,*,#4333,.T.);
#4333 = EDGE_CURVE('',#4275,#4334,#4336,.T.);
#4334 = VERTEX_POINT('',#4335);
#4335 = CARTESIAN_POINT('',(14.75125,14.75125,-1.25));
#4336 = SURFACE_CURVE('',#4337,(#4341,#4348),.PCURVE_S1.);
#4337 = LINE('',#4338,#4339);
#4338 = CARTESIAN_POINT('',(14.75125,-15.,-1.25));
#4339 = VECTOR('',#4340,1.);
#4340 = DIRECTION('',(0.,1.,0.));
#4341 = PCURVE('',#270,#4342);
#4342 = DEFINITIONAL_REPRESENTATION('',(#4343),#4347);
#4343 = LINE('',#4344,#4345);
#4344 = CARTESIAN_POINT('',(29.75125,0.));
#4345 = VECTOR('',#4346,1.);
#4346 = DIRECTION('',(0.,1.));
#4347 = ( GEOMETRIC_REPRESENTATION_CONTEXT(2) 
PARAMETRIC_REPRESENTATION_CONTEXT() REPRESENTATION_CONTEXT('2D SPACE',''
  ) );
#4348 = PCURVE('',#4258,#4349);
#4349 = DEFINITIONAL_REPRESENTATION('',(#4350),#4354);
#4350 = LINE('',#4351,#4352);
#4351 = CARTESIAN_POINT('',(-1.570796326795,0.));
#4352 = VECTOR('',#4353,1.);
#4353 = DIRECTION('',(-0.,1.));
#4354 = ( GEOMETRIC_REPRESENTATION_CONTEXT(2) 
PARAMETRIC_REPRESENTATION_CONTEXT() REPRESENTATION_CONTEXT('2D SPACE',''
  ) );
#4355 = ORIENTED_EDGE('',*,*,#4356,.F.);
#4356 = EDGE_CURVE('',#255,#4334,#4357,.T.);
#4357 = SURFACE_CURVE('',#4358,(#4362,#4369),.PCURVE_S1.);
#4358 = LINE('',#4359,#4360);
#4359 = CARTESIAN_POINT('',(-15.,14.75125,-1.25));
#4360 = VECTOR('',#4361,1.);
#4361 = DIRECTION('',(1.,0.,0.));
#4362 = PCURVE('',#270,#4363);
#4363 = DEFINITIONAL_REPRESENTATION('',(#4364),#4368);
#4364 = LINE('',#4365,#4366);
#4365 = CARTESIAN_POINT('',(0.,29.75125));
#4366 = VECTOR('',#4367,1.);
#4367 = DIRECTION('',(1.,0.));
#4368 = ( GEOMETRIC_REPRESENTATION_CONTEXT(2) 
PARAMETRIC_REPRESENTATION_CONTEXT() REPRESENTATION_CONTEXT('2D SPACE',''
  ) );
#4369 = PCURVE('',#301,#4370);
#4370 = DEFINITIONAL_REPRESENTATION('',(#4371),#4375);
#4371 = LINE('',#4372,#4373);
#4372 = CARTESIAN_POINT('',(1.570796326795,0.));
#4373 = VECTOR('',#4374,1.);
#4374 = DIRECTION('',(0.,1.));
#4375 = ( GEOMETRIC_REPRESENTATION_CONTEXT(2) 
PARAMETRIC_REPRESENTATION_CONTEXT() REPRESENTATION_CONTEXT('2D SPACE',''
  ) );
#4376 = ADVANCED_FACE('',(#4377),#301,.F.);
#4377 = FACE_BOUND('',#4378,.F.);
#4378 = EDGE_LOOP('',(#4379,#4380,#4381,#4411));
#4379 = ORIENTED_EDGE('',*,*,#282,.T.);
#4380 = ORIENTED_EDGE('',*,*,#4356,.T.);
#4381 = ORIENTED_EDGE('',*,*,#4382,.F.);
#4382 = EDGE_CURVE('',#4193,#4334,#4383,.T.);
#4383 = SURFACE_CURVE('',#4384,(#4389,#4400),.PCURVE_S1.);
#4384 = ELLIPSE('',#4385,0.35178562364,0.24875);
#4385 = AXIS2_PLACEMENT_3D('',#4386,#4387,#4388);
#4386 = CARTESIAN_POINT('',(14.75125,14.75125,-1.49875));
#4387 = DIRECTION('',(0.707106781187,-0.707106781187,-0.));
#4388 = DIRECTION('',(0.707106781187,0.707106781187,0.));
#4389 = PCURVE('',#301,#4390);
#4390 = DEFINITIONAL_REPRESENTATION('',(#4391),#4399);
#4391 = B_SPLINE_CURVE_WITH_KNOTS('',6,(#4392,#4393,#4394,#4395,#4396,
    #4397,#4398),.UNSPECIFIED.,.F.,.F.,(7,7),(0.,1.570796326795),
  .PIECEWISE_BEZIER_KNOTS.);
#4392 = CARTESIAN_POINT('',(0.,30.));
#4393 = CARTESIAN_POINT('',(0.261799387799,30.));
#4394 = CARTESIAN_POINT('',(0.52359752929,29.979545938459));
#4395 = CARTESIAN_POINT('',(0.785398384096,29.938605351362));
#4396 = CARTESIAN_POINT('',(1.047198560361,29.881490298298));
#4397 = CARTESIAN_POINT('',(1.308996938996,29.816372597715));
#4398 = CARTESIAN_POINT('',(1.570796326795,29.75125));
#4399 = ( GEOMETRIC_REPRESENTATION_CONTEXT(2) 
PARAMETRIC_REPRESENTATION_CONTEXT() REPRESENTATION_CONTEXT('2D SPACE',''
  ) );
#4400 = PCURVE('',#4258,#4401);
#4401 = DEFINITIONAL_REPRESENTATION('',(#4402),#4410);
#4402 = B_SPLINE_CURVE_WITH_KNOTS('',6,(#4403,#4404,#4405,#4406,#4407,
    #4408,#4409),.UNSPECIFIED.,.F.,.F.,(7,7),(0.,1.570796326795),
  .PIECEWISE_BEZIER_KNOTS.);
#4403 = CARTESIAN_POINT('',(-1.110223024625E-16,30.));
#4404 = CARTESIAN_POINT('',(-0.261799387799,30.));
#4405 = CARTESIAN_POINT('',(-0.523597529291,29.979545938459));
#4406 = CARTESIAN_POINT('',(-0.785398384094,29.938605351362));
#4407 = CARTESIAN_POINT('',(-1.047198560361,29.881490298298));
#4408 = CARTESIAN_POINT('',(-1.308996938996,29.816372597715));
#4409 = CARTESIAN_POINT('',(-1.570796326795,29.75125));
#4410 = ( GEOMETRIC_REPRESENTATION_CONTEXT(2) 
PARAMETRIC_REPRESENTATION_CONTEXT() REPRESENTATION_CONTEXT('2D SPACE',''
  ) );
#4411 = ORIENTED_EDGE('',*,*,#4217,.F.);
#4412 = ADVANCED_FACE('',(#4413),#339,.T.);
#4413 = FACE_BOUND('',#4414,.T.);
#4414 = EDGE_LOOP('',(#4415,#4416,#4439,#4467));
#4415 = ORIENTED_EDGE('',*,*,#321,.F.);
#4416 = ORIENTED_EDGE('',*,*,#4417,.T.);
#4417 = EDGE_CURVE('',#322,#4418,#4420,.T.);
#4418 = VERTEX_POINT('',#4419);
#4419 = CARTESIAN_POINT('',(-75.2,15.,1.5));
#4420 = SURFACE_CURVE('',#4421,(#4425,#4432),.PCURVE_S1.);
#4421 = LINE('',#4422,#4423);
#4422 = CARTESIAN_POINT('',(-75.2,15.,-1.5));
#4423 = VECTOR('',#4424,1.);
#4424 = DIRECTION('',(0.,0.,1.));
#4425 = PCURVE('',#339,#4426);
#4426 = DEFINITIONAL_REPRESENTATION('',(#4427),#4431);
#4427 = LINE('',#4428,#4429);
#4428 = CARTESIAN_POINT('',(0.,0.));
#4429 = VECTOR('',#4430,1.);
#4430 = DIRECTION('',(1.,0.));
#4431 = ( GEOMETRIC_REPRESENTATION_CONTEXT(2) 
PARAMETRIC_REPRESENTATION_CONTEXT() REPRESENTATION_CONTEXT('2D SPACE',''
  ) );
#4432 = PCURVE('',#367,#4433);
#4433 = DEFINITIONAL_REPRESENTATION('',(#4434),#4438);
#4434 = LINE('',#4435,#4436);
#4435 = CARTESIAN_POINT('',(0.,-30.));
#4436 = VECTOR('',#4437,1.);
#4437 = DIRECTION('',(1.,0.));
#4438 = ( GEOMETRIC_REPRESENTATION_CONTEXT(2) 
PARAMETRIC_REPRESENTATION_CONTEXT() REPRESENTATION_CONTEXT('2D SPACE',''
  ) );
#4439 = ORIENTED_EDGE('',*,*,#4440,.T.);
#4440 = EDGE_CURVE('',#4418,#4441,#4443,.T.);
#4441 = VERTEX_POINT('',#4442);
#4442 = CARTESIAN_POINT('',(-18.,15.,1.5));
#4443 = SURFACE_CURVE('',#4444,(#4448,#4455),.PCURVE_S1.);
#4444 = LINE('',#4445,#4446);
#4445 = CARTESIAN_POINT('',(-75.2,15.,1.5));
#4446 = VECTOR('',#4447,1.);
#4447 = DIRECTION('',(1.,0.,0.));
#4448 = PCURVE('',#339,#4449);
#4449 = DEFINITIONAL_REPRESENTATION('',(#4450),#4454);
#4450 = LINE('',#4451,#4452);
#4451 = CARTESIAN_POINT('',(3.,0.));
#4452 = VECTOR('',#4453,1.);
#4453 = DIRECTION('',(0.,1.));
#4454 = ( GEOMETRIC_REPRESENTATION_CONTEXT(2) 
PARAMETRIC_REPRESENTATION_CONTEXT() REPRESENTATION_CONTEXT('2D SPACE',''
  ) );
#4455 = PCURVE('',#4456,#4461);
#4456 = PLANE('',#4457);
#4457 = AXIS2_PLACEMENT_3D('',#4458,#4459,#4460);
#4458 = CARTESIAN_POINT('',(-75.2,-15.,1.5));
#4459 = DIRECTION('',(0.,0.,1.));
#4460 = DIRECTION('',(1.,0.,0.));
#4461 = DEFINITIONAL_REPRESENTATION('',(#4462),#4466);
#4462 = LINE('',#4463,#4464);
#4463 = CARTESIAN_POINT('',(0.,30.));
#4464 = VECTOR('',#4465,1.);
#4465 = DIRECTION('',(1.,0.));
#4466 = ( GEOMETRIC_REPRESENTATION_CONTEXT(2) 
PARAMETRIC_REPRESENTATION_CONTEXT() REPRESENTATION_CONTEXT('2D SPACE',''
  ) );
#4467 = ORIENTED_EDGE('',*,*,#4468,.T.);
#4468 = EDGE_CURVE('',#4441,#324,#4469,.T.);
#4469 = SURFACE_CURVE('',#4470,(#4474,#4481),.PCURVE_S1.);
#4470 = LINE('',#4471,#4472);
#4471 = CARTESIAN_POINT('',(-18.,15.,1.5));
#4472 = VECTOR('',#4473,1.);
#4473 = DIRECTION('',(0.,0.,-1.));
#4474 = PCURVE('',#339,#4475);
#4475 = DEFINITIONAL_REPRESENTATION('',(#4476),#4480);
#4476 = LINE('',#4477,#4478);
#4477 = CARTESIAN_POINT('',(3.,57.2));
#4478 = VECTOR('',#4479,1.);
#4479 = DIRECTION('',(-1.,0.));
#4480 = ( GEOMETRIC_REPRESENTATION_CONTEXT(2) 
PARAMETRIC_REPRESENTATION_CONTEXT() REPRESENTATION_CONTEXT('2D SPACE',''
  ) );
#4481 = PCURVE('',#769,#4482);
#4482 = DEFINITIONAL_REPRESENTATION('',(#4483),#4487);
#4483 = LINE('',#4484,#4485);
#4484 = CARTESIAN_POINT('',(-0.,0.));
#4485 = VECTOR('',#4486,1.);
#4486 = DIRECTION('',(-0.,1.));
#4487 = ( GEOMETRIC_REPRESENTATION_CONTEXT(2) 
PARAMETRIC_REPRESENTATION_CONTEXT() REPRESENTATION_CONTEXT('2D SPACE',''
  ) );
#4488 = ADVANCED_FACE('',(#4489),#769,.F.);
#4489 = FACE_BOUND('',#4490,.T.);
#4490 = EDGE_LOOP('',(#4491,#4515,#4536,#4537));
#4491 = ORIENTED_EDGE('',*,*,#4492,.T.);
#4492 = EDGE_CURVE('',#4441,#4493,#4495,.T.);
#4493 = VERTEX_POINT('',#4494);
#4494 = CARTESIAN_POINT('',(-15.,18.,1.5));
#4495 = SURFACE_CURVE('',#4496,(#4501,#4508),.PCURVE_S1.);
#4496 = CIRCLE('',#4497,3.);
#4497 = AXIS2_PLACEMENT_3D('',#4498,#4499,#4500);
#4498 = CARTESIAN_POINT('',(-18.,18.,1.5));
#4499 = DIRECTION('',(0.,-0.,1.));
#4500 = DIRECTION('',(0.,1.,0.));
#4501 = PCURVE('',#769,#4502);
#4502 = DEFINITIONAL_REPRESENTATION('',(#4503),#4507);
#4503 = LINE('',#4504,#4505);
#4504 = CARTESIAN_POINT('',(3.14159265359,-0.));
#4505 = VECTOR('',#4506,1.);
#4506 = DIRECTION('',(-1.,0.));
#4507 = ( GEOMETRIC_REPRESENTATION_CONTEXT(2) 
PARAMETRIC_REPRESENTATION_CONTEXT() REPRESENTATION_CONTEXT('2D SPACE',''
  ) );
#4508 = PCURVE('',#4456,#4509);
#4509 = DEFINITIONAL_REPRESENTATION('',(#4510),#4514);
#4510 = CIRCLE('',#4511,3.);
#4511 = AXIS2_PLACEMENT_2D('',#4512,#4513);
#4512 = CARTESIAN_POINT('',(57.2,33.));
#4513 = DIRECTION('',(0.,1.));
#4514 = ( GEOMETRIC_REPRESENTATION_CONTEXT(2) 
PARAMETRIC_REPRESENTATION_CONTEXT() REPRESENTATION_CONTEXT('2D SPACE',''
  ) );
#4515 = ORIENTED_EDGE('',*,*,#4516,.T.);
#4516 = EDGE_CURVE('',#4493,#727,#4517,.T.);
#4517 = SURFACE_CURVE('',#4518,(#4522,#4529),.PCURVE_S1.);
#4518 = LINE('',#4519,#4520);
#4519 = CARTESIAN_POINT('',(-15.,18.,1.5));
#4520 = VECTOR('',#4521,1.);
#4521 = DIRECTION('',(0.,0.,-1.));
#4522 = PCURVE('',#769,#4523);
#4523 = DEFINITIONAL_REPRESENTATION('',(#4524),#4528);
#4524 = LINE('',#4525,#4526);
#4525 = CARTESIAN_POINT('',(-1.570796326795,0.));
#4526 = VECTOR('',#4527,1.);
#4527 = DIRECTION('',(-0.,1.));
#4528 = ( GEOMETRIC_REPRESENTATION_CONTEXT(2) 
PARAMETRIC_REPRESENTATION_CONTEXT() REPRESENTATION_CONTEXT('2D SPACE',''
  ) );
#4529 = PCURVE('',#742,#4530);
#4530 = DEFINITIONAL_REPRESENTATION('',(#4531),#4535);
#4531 = LINE('',#4532,#4533);
#4532 = CARTESIAN_POINT('',(3.,-93.2));
#4533 = VECTOR('',#4534,1.);
#4534 = DIRECTION('',(-1.,0.));
#4535 = ( GEOMETRIC_REPRESENTATION_CONTEXT(2) 
PARAMETRIC_REPRESENTATION_CONTEXT() REPRESENTATION_CONTEXT('2D SPACE',''
  ) );
#4536 = ORIENTED_EDGE('',*,*,#754,.F.);
#4537 = ORIENTED_EDGE('',*,*,#4468,.F.);
#4538 = ADVANCED_FACE('',(#4539),#367,.F.);
#4539 = FACE_BOUND('',#4540,.F.);
#4540 = EDGE_LOOP('',(#4541,#4564,#4565,#4566));
#4541 = ORIENTED_EDGE('',*,*,#4542,.F.);
#4542 = EDGE_CURVE('',#352,#4543,#4545,.T.);
#4543 = VERTEX_POINT('',#4544);
#4544 = CARTESIAN_POINT('',(-75.2,-15.,1.5));
#4545 = SURFACE_CURVE('',#4546,(#4550,#4557),.PCURVE_S1.);
#4546 = LINE('',#4547,#4548);
#4547 = CARTESIAN_POINT('',(-75.2,-15.,-1.5));
#4548 = VECTOR('',#4549,1.);
#4549 = DIRECTION('',(0.,0.,1.));
#4550 = PCURVE('',#367,#4551);
#4551 = DEFINITIONAL_REPRESENTATION('',(#4552),#4556);
#4552 = LINE('',#4553,#4554);
#4553 = CARTESIAN_POINT('',(0.,0.));
#4554 = VECTOR('',#4555,1.);
#4555 = DIRECTION('',(1.,0.));
#4556 = ( GEOMETRIC_REPRESENTATION_CONTEXT(2) 
PARAMETRIC_REPRESENTATION_CONTEXT() REPRESENTATION_CONTEXT('2D SPACE',''
  ) );
#4557 = PCURVE('',#395,#4558);
#4558 = DEFINITIONAL_REPRESENTATION('',(#4559),#4563);
#4559 = LINE('',#4560,#4561);
#4560 = CARTESIAN_POINT('',(0.,0.));
#4561 = VECTOR('',#4562,1.);
#4562 = DIRECTION('',(1.,0.));
#4563 = ( GEOMETRIC_REPRESENTATION_CONTEXT(2) 
PARAMETRIC_REPRESENTATION_CONTEXT() REPRESENTATION_CONTEXT('2D SPACE',''
  ) );
#4564 = ORIENTED_EDGE('',*,*,#351,.T.);
#4565 = ORIENTED_EDGE('',*,*,#4417,.T.);
#4566 = ORIENTED_EDGE('',*,*,#4567,.F.);
#4567 = EDGE_CURVE('',#4543,#4418,#4568,.T.);
#4568 = SURFACE_CURVE('',#4569,(#4573,#4580),.PCURVE_S1.);
#4569 = LINE('',#4570,#4571);
#4570 = CARTESIAN_POINT('',(-75.2,-15.,1.5));
#4571 = VECTOR('',#4572,1.);
#4572 = DIRECTION('',(0.,1.,0.));
#4573 = PCURVE('',#367,#4574);
#4574 = DEFINITIONAL_REPRESENTATION('',(#4575),#4579);
#4575 = LINE('',#4576,#4577);
#4576 = CARTESIAN_POINT('',(3.,0.));
#4577 = VECTOR('',#4578,1.);
#4578 = DIRECTION('',(0.,-1.));
#4579 = ( GEOMETRIC_REPRESENTATION_CONTEXT(2) 
PARAMETRIC_REPRESENTATION_CONTEXT() REPRESENTATION_CONTEXT('2D SPACE',''
  ) );
#4580 = PCURVE('',#4456,#4581);
#4581 = DEFINITIONAL_REPRESENTATION('',(#4582),#4586);
#4582 = LINE('',#4583,#4584);
#4583 = CARTESIAN_POINT('',(0.,0.));
#4584 = VECTOR('',#4585,1.);
#4585 = DIRECTION('',(0.,1.));
#4586 = ( GEOMETRIC_REPRESENTATION_CONTEXT(2) 
PARAMETRIC_REPRESENTATION_CONTEXT() REPRESENTATION_CONTEXT('2D SPACE',''
  ) );
#4587 = ADVANCED_FACE('',(#4588),#742,.F.);
#4588 = FACE_BOUND('',#4589,.F.);
#4589 = EDGE_LOOP('',(#4590,#4613,#4614,#4615));
#4590 = ORIENTED_EDGE('',*,*,#4591,.F.);
#4591 = EDGE_CURVE('',#4493,#4592,#4594,.T.);
#4592 = VERTEX_POINT('',#4593);
#4593 = CARTESIAN_POINT('',(-15.,75.2,1.5));
#4594 = SURFACE_CURVE('',#4595,(#4599,#4606),.PCURVE_S1.);
#4595 = LINE('',#4596,#4597);
#4596 = CARTESIAN_POINT('',(-15.,-75.2,1.5));
#4597 = VECTOR('',#4598,1.);
#4598 = DIRECTION('',(0.,1.,0.));
#4599 = PCURVE('',#742,#4600);
#4600 = DEFINITIONAL_REPRESENTATION('',(#4601),#4605);
#4601 = LINE('',#4602,#4603);
#4602 = CARTESIAN_POINT('',(3.,0.));
#4603 = VECTOR('',#4604,1.);
#4604 = DIRECTION('',(0.,-1.));
#4605 = ( GEOMETRIC_REPRESENTATION_CONTEXT(2) 
PARAMETRIC_REPRESENTATION_CONTEXT() REPRESENTATION_CONTEXT('2D SPACE',''
  ) );
#4606 = PCURVE('',#4456,#4607);
#4607 = DEFINITIONAL_REPRESENTATION('',(#4608),#4612);
#4608 = LINE('',#4609,#4610);
#4609 = CARTESIAN_POINT('',(60.2,-60.2));
#4610 = VECTOR('',#4611,1.);
#4611 = DIRECTION('',(0.,1.));
#4612 = ( GEOMETRIC_REPRESENTATION_CONTEXT(2) 
PARAMETRIC_REPRESENTATION_CONTEXT() REPRESENTATION_CONTEXT('2D SPACE',''
  ) );
#4613 = ORIENTED_EDGE('',*,*,#4516,.T.);
#4614 = ORIENTED_EDGE('',*,*,#726,.T.);
#4615 = ORIENTED_EDGE('',*,*,#4616,.T.);
#4616 = EDGE_CURVE('',#699,#4592,#4617,.T.);
#4617 = SURFACE_CURVE('',#4618,(#4622,#4629),.PCURVE_S1.);
#4618 = LINE('',#4619,#4620);
#4619 = CARTESIAN_POINT('',(-15.,75.2,-1.5));
#4620 = VECTOR('',#4621,1.);
#4621 = DIRECTION('',(0.,0.,1.));
#4622 = PCURVE('',#742,#4623);
#4623 = DEFINITIONAL_REPRESENTATION('',(#4624),#4628);
#4624 = LINE('',#4625,#4626);
#4625 = CARTESIAN_POINT('',(0.,-150.4));
#4626 = VECTOR('',#4627,1.);
#4627 = DIRECTION('',(1.,0.));
#4628 = ( GEOMETRIC_REPRESENTATION_CONTEXT(2) 
PARAMETRIC_REPRESENTATION_CONTEXT() REPRESENTATION_CONTEXT('2D SPACE',''
  ) );
#4629 = PCURVE('',#714,#4630);
#4630 = DEFINITIONAL_REPRESENTATION('',(#4631),#4635);
#4631 = LINE('',#4632,#4633);
#4632 = CARTESIAN_POINT('',(0.,0.));
#4633 = VECTOR('',#4634,1.);
#4634 = DIRECTION('',(1.,0.));
#4635 = ( GEOMETRIC_REPRESENTATION_CONTEXT(2) 
PARAMETRIC_REPRESENTATION_CONTEXT() REPRESENTATION_CONTEXT('2D SPACE',''
  ) );
#4636 = ADVANCED_FACE('',(#4637),#395,.F.);
#4637 = FACE_BOUND('',#4638,.F.);
#4638 = EDGE_LOOP('',(#4639,#4640,#4641,#4664));
#4639 = ORIENTED_EDGE('',*,*,#379,.F.);
#4640 = ORIENTED_EDGE('',*,*,#4542,.T.);
#4641 = ORIENTED_EDGE('',*,*,#4642,.T.);
#4642 = EDGE_CURVE('',#4543,#4643,#4645,.T.);
#4643 = VERTEX_POINT('',#4644);
#4644 = CARTESIAN_POINT('',(-18.,-15.,1.5));
#4645 = SURFACE_CURVE('',#4646,(#4650,#4657),.PCURVE_S1.);
#4646 = LINE('',#4647,#4648);
#4647 = CARTESIAN_POINT('',(-75.2,-15.,1.5));
#4648 = VECTOR('',#4649,1.);
#4649 = DIRECTION('',(1.,0.,0.));
#4650 = PCURVE('',#395,#4651);
#4651 = DEFINITIONAL_REPRESENTATION('',(#4652),#4656);
#4652 = LINE('',#4653,#4654);
#4653 = CARTESIAN_POINT('',(3.,0.));
#4654 = VECTOR('',#4655,1.);
#4655 = DIRECTION('',(0.,1.));
#4656 = ( GEOMETRIC_REPRESENTATION_CONTEXT(2) 
PARAMETRIC_REPRESENTATION_CONTEXT() REPRESENTATION_CONTEXT('2D SPACE',''
  ) );
#4657 = PCURVE('',#4456,#4658);
#4658 = DEFINITIONAL_REPRESENTATION('',(#4659),#4663);
#4659 = LINE('',#4660,#4661);
#4660 = CARTESIAN_POINT('',(0.,0.));
#4661 = VECTOR('',#4662,1.);
#4662 = DIRECTION('',(1.,0.));
#4663 = ( GEOMETRIC_REPRESENTATION_CONTEXT(2) 
PARAMETRIC_REPRESENTATION_CONTEXT() REPRESENTATION_CONTEXT('2D SPACE',''
  ) );
#4664 = ORIENTED_EDGE('',*,*,#4665,.T.);
#4665 = EDGE_CURVE('',#4643,#380,#4666,.T.);
#4666 = SURFACE_CURVE('',#4667,(#4671,#4678),.PCURVE_S1.);
#4667 = LINE('',#4668,#4669);
#4668 = CARTESIAN_POINT('',(-18.,-15.,1.5));
#4669 = VECTOR('',#4670,1.);
#4670 = DIRECTION('',(0.,0.,-1.));
#4671 = PCURVE('',#395,#4672);
#4672 = DEFINITIONAL_REPRESENTATION('',(#4673),#4677);
#4673 = LINE('',#4674,#4675);
#4674 = CARTESIAN_POINT('',(3.,57.2));
#4675 = VECTOR('',#4676,1.);
#4676 = DIRECTION('',(-1.,0.));
#4677 = ( GEOMETRIC_REPRESENTATION_CONTEXT(2) 
PARAMETRIC_REPRESENTATION_CONTEXT() REPRESENTATION_CONTEXT('2D SPACE',''
  ) );
#4678 = PCURVE('',#428,#4679);
#4679 = DEFINITIONAL_REPRESENTATION('',(#4680),#4684);
#4680 = LINE('',#4681,#4682);
#4681 = CARTESIAN_POINT('',(0.,0.));
#4682 = VECTOR('',#4683,1.);
#4683 = DIRECTION('',(0.,1.));
#4684 = ( GEOMETRIC_REPRESENTATION_CONTEXT(2) 
PARAMETRIC_REPRESENTATION_CONTEXT() REPRESENTATION_CONTEXT('2D SPACE',''
  ) );
#4685 = ADVANCED_FACE('',(#4686),#714,.T.);
#4686 = FACE_BOUND('',#4687,.T.);
#4687 = EDGE_LOOP('',(#4688,#4689,#4690,#4713));
#4688 = ORIENTED_EDGE('',*,*,#698,.F.);
#4689 = ORIENTED_EDGE('',*,*,#4616,.T.);
#4690 = ORIENTED_EDGE('',*,*,#4691,.T.);
#4691 = EDGE_CURVE('',#4592,#4692,#4694,.T.);
#4692 = VERTEX_POINT('',#4693);
#4693 = CARTESIAN_POINT('',(15.,75.2,1.5));
#4694 = SURFACE_CURVE('',#4695,(#4699,#4706),.PCURVE_S1.);
#4695 = LINE('',#4696,#4697);
#4696 = CARTESIAN_POINT('',(-15.,75.2,1.5));
#4697 = VECTOR('',#4698,1.);
#4698 = DIRECTION('',(1.,0.,0.));
#4699 = PCURVE('',#714,#4700);
#4700 = DEFINITIONAL_REPRESENTATION('',(#4701),#4705);
#4701 = LINE('',#4702,#4703);
#4702 = CARTESIAN_POINT('',(3.,0.));
#4703 = VECTOR('',#4704,1.);
#4704 = DIRECTION('',(0.,1.));
#4705 = ( GEOMETRIC_REPRESENTATION_CONTEXT(2) 
PARAMETRIC_REPRESENTATION_CONTEXT() REPRESENTATION_CONTEXT('2D SPACE',''
  ) );
#4706 = PCURVE('',#4456,#4707);
#4707 = DEFINITIONAL_REPRESENTATION('',(#4708),#4712);
#4708 = LINE('',#4709,#4710);
#4709 = CARTESIAN_POINT('',(60.2,90.2));
#4710 = VECTOR('',#4711,1.);
#4711 = DIRECTION('',(1.,0.));
#4712 = ( GEOMETRIC_REPRESENTATION_CONTEXT(2) 
PARAMETRIC_REPRESENTATION_CONTEXT() REPRESENTATION_CONTEXT('2D SPACE',''
  ) );
#4713 = ORIENTED_EDGE('',*,*,#4714,.F.);
#4714 = EDGE_CURVE('',#671,#4692,#4715,.T.);
#4715 = SURFACE_CURVE('',#4716,(#4720,#4727),.PCURVE_S1.);
#4716 = LINE('',#4717,#4718);
#4717 = CARTESIAN_POINT('',(15.,75.2,-1.5));
#4718 = VECTOR('',#4719,1.);
#4719 = DIRECTION('',(0.,0.,1.));
#4720 = PCURVE('',#714,#4721);
#4721 = DEFINITIONAL_REPRESENTATION('',(#4722),#4726);
#4722 = LINE('',#4723,#4724);
#4723 = CARTESIAN_POINT('',(0.,30.));
#4724 = VECTOR('',#4725,1.);
#4725 = DIRECTION('',(1.,0.));
#4726 = ( GEOMETRIC_REPRESENTATION_CONTEXT(2) 
PARAMETRIC_REPRESENTATION_CONTEXT() REPRESENTATION_CONTEXT('2D SPACE',''
  ) );
#4727 = PCURVE('',#686,#4728);
#4728 = DEFINITIONAL_REPRESENTATION('',(#4729),#4733);
#4729 = LINE('',#4730,#4731);
#4730 = CARTESIAN_POINT('',(0.,-150.4));
#4731 = VECTOR('',#4732,1.);
#4732 = DIRECTION('',(1.,0.));
#4733 = ( GEOMETRIC_REPRESENTATION_CONTEXT(2) 
PARAMETRIC_REPRESENTATION_CONTEXT() REPRESENTATION_CONTEXT('2D SPACE',''
  ) );
#4734 = ADVANCED_FACE('',(#4735),#428,.F.);
#4735 = FACE_BOUND('',#4736,.F.);
#4736 = EDGE_LOOP('',(#4737,#4765,#4786,#4787));
#4737 = ORIENTED_EDGE('',*,*,#4738,.T.);
#4738 = EDGE_CURVE('',#4643,#4739,#4741,.T.);
#4739 = VERTEX_POINT('',#4740);
#4740 = CARTESIAN_POINT('',(-15.,-18.,1.5));
#4741 = SURFACE_CURVE('',#4742,(#4747,#4754),.PCURVE_S1.);
#4742 = CIRCLE('',#4743,3.);
#4743 = AXIS2_PLACEMENT_3D('',#4744,#4745,#4746);
#4744 = CARTESIAN_POINT('',(-18.,-18.,1.5));
#4745 = DIRECTION('',(0.,0.,-1.));
#4746 = DIRECTION('',(0.,1.,0.));
#4747 = PCURVE('',#428,#4748);
#4748 = DEFINITIONAL_REPRESENTATION('',(#4749),#4753);
#4749 = LINE('',#4750,#4751);
#4750 = CARTESIAN_POINT('',(0.,0.));
#4751 = VECTOR('',#4752,1.);
#4752 = DIRECTION('',(1.,0.));
#4753 = ( GEOMETRIC_REPRESENTATION_CONTEXT(2) 
PARAMETRIC_REPRESENTATION_CONTEXT() REPRESENTATION_CONTEXT('2D SPACE',''
  ) );
#4754 = PCURVE('',#4456,#4755);
#4755 = DEFINITIONAL_REPRESENTATION('',(#4756),#4764);
#4756 = ( BOUNDED_CURVE() B_SPLINE_CURVE(2,(#4757,#4758,#4759,#4760,
#4761,#4762,#4763),.UNSPECIFIED.,.T.,.F.) B_SPLINE_CURVE_WITH_KNOTS((1,2
    ,2,2,2,1),(-2.094395102393,0.,2.094395102393,4.188790204786,
6.28318530718,8.377580409573),.UNSPECIFIED.) CURVE() 
GEOMETRIC_REPRESENTATION_ITEM() RATIONAL_B_SPLINE_CURVE((1.,0.5,1.,0.5,
1.,0.5,1.)) REPRESENTATION_ITEM('') );
#4757 = CARTESIAN_POINT('',(57.2,0.));
#4758 = CARTESIAN_POINT('',(62.396152422707,0.));
#4759 = CARTESIAN_POINT('',(59.798076211353,-4.5));
#4760 = CARTESIAN_POINT('',(57.2,-9.));
#4761 = CARTESIAN_POINT('',(54.601923788647,-4.5));
#4762 = CARTESIAN_POINT('',(52.003847577293,-4.440892098501E-15));
#4763 = CARTESIAN_POINT('',(57.2,0.));
#4764 = ( GEOMETRIC_REPRESENTATION_CONTEXT(2) 
PARAMETRIC_REPRESENTATION_CONTEXT() REPRESENTATION_CONTEXT('2D SPACE',''
  ) );
#4765 = ORIENTED_EDGE('',*,*,#4766,.T.);
#4766 = EDGE_CURVE('',#4739,#408,#4767,.T.);
#4767 = SURFACE_CURVE('',#4768,(#4772,#4779),.PCURVE_S1.);
#4768 = LINE('',#4769,#4770);
#4769 = CARTESIAN_POINT('',(-15.,-18.,1.5));
#4770 = VECTOR('',#4771,1.);
#4771 = DIRECTION('',(0.,0.,-1.));
#4772 = PCURVE('',#428,#4773);
#4773 = DEFINITIONAL_REPRESENTATION('',(#4774),#4778);
#4774 = LINE('',#4775,#4776);
#4775 = CARTESIAN_POINT('',(1.570796326795,0.));
#4776 = VECTOR('',#4777,1.);
#4777 = DIRECTION('',(0.,1.));
#4778 = ( GEOMETRIC_REPRESENTATION_CONTEXT(2) 
PARAMETRIC_REPRESENTATION_CONTEXT() REPRESENTATION_CONTEXT('2D SPACE',''
  ) );
#4779 = PCURVE('',#456,#4780);
#4780 = DEFINITIONAL_REPRESENTATION('',(#4781),#4785);
#4781 = LINE('',#4782,#4783);
#4782 = CARTESIAN_POINT('',(3.,-57.2));
#4783 = VECTOR('',#4784,1.);
#4784 = DIRECTION('',(-1.,0.));
#4785 = ( GEOMETRIC_REPRESENTATION_CONTEXT(2) 
PARAMETRIC_REPRESENTATION_CONTEXT() REPRESENTATION_CONTEXT('2D SPACE',''
  ) );
#4786 = ORIENTED_EDGE('',*,*,#407,.F.);
#4787 = ORIENTED_EDGE('',*,*,#4665,.F.);
#4788 = ADVANCED_FACE('',(#4789),#686,.T.);
#4789 = FACE_BOUND('',#4790,.T.);
#4790 = EDGE_LOOP('',(#4791,#4814,#4835,#4836));
#4791 = ORIENTED_EDGE('',*,*,#4792,.F.);
#4792 = EDGE_CURVE('',#4793,#4692,#4795,.T.);
#4793 = VERTEX_POINT('',#4794);
#4794 = CARTESIAN_POINT('',(15.,18.,1.5));
#4795 = SURFACE_CURVE('',#4796,(#4800,#4807),.PCURVE_S1.);
#4796 = LINE('',#4797,#4798);
#4797 = CARTESIAN_POINT('',(15.,-75.2,1.5));
#4798 = VECTOR('',#4799,1.);
#4799 = DIRECTION('',(0.,1.,0.));
#4800 = PCURVE('',#686,#4801);
#4801 = DEFINITIONAL_REPRESENTATION('',(#4802),#4806);
#4802 = LINE('',#4803,#4804);
#4803 = CARTESIAN_POINT('',(3.,0.));
#4804 = VECTOR('',#4805,1.);
#4805 = DIRECTION('',(0.,-1.));
#4806 = ( GEOMETRIC_REPRESENTATION_CONTEXT(2) 
PARAMETRIC_REPRESENTATION_CONTEXT() REPRESENTATION_CONTEXT('2D SPACE',''
  ) );
#4807 = PCURVE('',#4456,#4808);
#4808 = DEFINITIONAL_REPRESENTATION('',(#4809),#4813);
#4809 = LINE('',#4810,#4811);
#4810 = CARTESIAN_POINT('',(90.2,-60.2));
#4811 = VECTOR('',#4812,1.);
#4812 = DIRECTION('',(0.,1.));
#4813 = ( GEOMETRIC_REPRESENTATION_CONTEXT(2) 
PARAMETRIC_REPRESENTATION_CONTEXT() REPRESENTATION_CONTEXT('2D SPACE',''
  ) );
#4814 = ORIENTED_EDGE('',*,*,#4815,.T.);
#4815 = EDGE_CURVE('',#4793,#642,#4816,.T.);
#4816 = SURFACE_CURVE('',#4817,(#4821,#4828),.PCURVE_S1.);
#4817 = LINE('',#4818,#4819);
#4818 = CARTESIAN_POINT('',(15.,18.,1.5));
#4819 = VECTOR('',#4820,1.);
#4820 = DIRECTION('',(0.,0.,-1.));
#4821 = PCURVE('',#686,#4822);
#4822 = DEFINITIONAL_REPRESENTATION('',(#4823),#4827);
#4823 = LINE('',#4824,#4825);
#4824 = CARTESIAN_POINT('',(3.,-93.2));
#4825 = VECTOR('',#4826,1.);
#4826 = DIRECTION('',(-1.,0.));
#4827 = ( GEOMETRIC_REPRESENTATION_CONTEXT(2) 
PARAMETRIC_REPRESENTATION_CONTEXT() REPRESENTATION_CONTEXT('2D SPACE',''
  ) );
#4828 = PCURVE('',#658,#4829);
#4829 = DEFINITIONAL_REPRESENTATION('',(#4830),#4834);
#4830 = LINE('',#4831,#4832);
#4831 = CARTESIAN_POINT('',(-0.,0.));
#4832 = VECTOR('',#4833,1.);
#4833 = DIRECTION('',(-0.,1.));
#4834 = ( GEOMETRIC_REPRESENTATION_CONTEXT(2) 
PARAMETRIC_REPRESENTATION_CONTEXT() REPRESENTATION_CONTEXT('2D SPACE',''
  ) );
#4835 = ORIENTED_EDGE('',*,*,#670,.T.);
#4836 = ORIENTED_EDGE('',*,*,#4714,.T.);
#4837 = ADVANCED_FACE('',(#4838),#456,.F.);
#4838 = FACE_BOUND('',#4839,.F.);
#4839 = EDGE_LOOP('',(#4840,#4863,#4884,#4885));
#4840 = ORIENTED_EDGE('',*,*,#4841,.F.);
#4841 = EDGE_CURVE('',#4842,#4739,#4844,.T.);
#4842 = VERTEX_POINT('',#4843);
#4843 = CARTESIAN_POINT('',(-15.,-75.2,1.5));
#4844 = SURFACE_CURVE('',#4845,(#4849,#4856),.PCURVE_S1.);
#4845 = LINE('',#4846,#4847);
#4846 = CARTESIAN_POINT('',(-15.,-75.2,1.5));
#4847 = VECTOR('',#4848,1.);
#4848 = DIRECTION('',(0.,1.,0.));
#4849 = PCURVE('',#456,#4850);
#4850 = DEFINITIONAL_REPRESENTATION('',(#4851),#4855);
#4851 = LINE('',#4852,#4853);
#4852 = CARTESIAN_POINT('',(3.,0.));
#4853 = VECTOR('',#4854,1.);
#4854 = DIRECTION('',(0.,-1.));
#4855 = ( GEOMETRIC_REPRESENTATION_CONTEXT(2) 
PARAMETRIC_REPRESENTATION_CONTEXT() REPRESENTATION_CONTEXT('2D SPACE',''
  ) );
#4856 = PCURVE('',#4456,#4857);
#4857 = DEFINITIONAL_REPRESENTATION('',(#4858),#4862);
#4858 = LINE('',#4859,#4860);
#4859 = CARTESIAN_POINT('',(60.2,-60.2));
#4860 = VECTOR('',#4861,1.);
#4861 = DIRECTION('',(0.,1.));
#4862 = ( GEOMETRIC_REPRESENTATION_CONTEXT(2) 
PARAMETRIC_REPRESENTATION_CONTEXT() REPRESENTATION_CONTEXT('2D SPACE',''
  ) );
#4863 = ORIENTED_EDGE('',*,*,#4864,.F.);
#4864 = EDGE_CURVE('',#441,#4842,#4865,.T.);
#4865 = SURFACE_CURVE('',#4866,(#4870,#4877),.PCURVE_S1.);
#4866 = LINE('',#4867,#4868);
#4867 = CARTESIAN_POINT('',(-15.,-75.2,-1.5));
#4868 = VECTOR('',#4869,1.);
#4869 = DIRECTION('',(0.,0.,1.));
#4870 = PCURVE('',#456,#4871);
#4871 = DEFINITIONAL_REPRESENTATION('',(#4872),#4876);
#4872 = LINE('',#4873,#4874);
#4873 = CARTESIAN_POINT('',(0.,0.));
#4874 = VECTOR('',#4875,1.);
#4875 = DIRECTION('',(1.,0.));
#4876 = ( GEOMETRIC_REPRESENTATION_CONTEXT(2) 
PARAMETRIC_REPRESENTATION_CONTEXT() REPRESENTATION_CONTEXT('2D SPACE',''
  ) );
#4877 = PCURVE('',#484,#4878);
#4878 = DEFINITIONAL_REPRESENTATION('',(#4879),#4883);
#4879 = LINE('',#4880,#4881);
#4880 = CARTESIAN_POINT('',(0.,0.));
#4881 = VECTOR('',#4882,1.);
#4882 = DIRECTION('',(1.,0.));
#4883 = ( GEOMETRIC_REPRESENTATION_CONTEXT(2) 
PARAMETRIC_REPRESENTATION_CONTEXT() REPRESENTATION_CONTEXT('2D SPACE',''
  ) );
#4884 = ORIENTED_EDGE('',*,*,#440,.T.);
#4885 = ORIENTED_EDGE('',*,*,#4766,.F.);
#4886 = ADVANCED_FACE('',(#4887),#658,.F.);
#4887 = FACE_BOUND('',#4888,.T.);
#4888 = EDGE_LOOP('',(#4889,#4913,#4934,#4935));
#4889 = ORIENTED_EDGE('',*,*,#4890,.T.);
#4890 = EDGE_CURVE('',#4793,#4891,#4893,.T.);
#4891 = VERTEX_POINT('',#4892);
#4892 = CARTESIAN_POINT('',(18.,15.,1.5));
#4893 = SURFACE_CURVE('',#4894,(#4899,#4906),.PCURVE_S1.);
#4894 = CIRCLE('',#4895,3.);
#4895 = AXIS2_PLACEMENT_3D('',#4896,#4897,#4898);
#4896 = CARTESIAN_POINT('',(18.,18.,1.5));
#4897 = DIRECTION('',(0.,-0.,1.));
#4898 = DIRECTION('',(0.,1.,0.));
#4899 = PCURVE('',#658,#4900);
#4900 = DEFINITIONAL_REPRESENTATION('',(#4901),#4905);
#4901 = LINE('',#4902,#4903);
#4902 = CARTESIAN_POINT('',(1.570796326795,-0.));
#4903 = VECTOR('',#4904,1.);
#4904 = DIRECTION('',(-1.,0.));
#4905 = ( GEOMETRIC_REPRESENTATION_CONTEXT(2) 
PARAMETRIC_REPRESENTATION_CONTEXT() REPRESENTATION_CONTEXT('2D SPACE',''
  ) );
#4906 = PCURVE('',#4456,#4907);
#4907 = DEFINITIONAL_REPRESENTATION('',(#4908),#4912);
#4908 = CIRCLE('',#4909,3.);
#4909 = AXIS2_PLACEMENT_2D('',#4910,#4911);
#4910 = CARTESIAN_POINT('',(93.2,33.));
#4911 = DIRECTION('',(0.,1.));
#4912 = ( GEOMETRIC_REPRESENTATION_CONTEXT(2) 
PARAMETRIC_REPRESENTATION_CONTEXT() REPRESENTATION_CONTEXT('2D SPACE',''
  ) );
#4913 = ORIENTED_EDGE('',*,*,#4914,.T.);
#4914 = EDGE_CURVE('',#4891,#614,#4915,.T.);
#4915 = SURFACE_CURVE('',#4916,(#4920,#4927),.PCURVE_S1.);
#4916 = LINE('',#4917,#4918);
#4917 = CARTESIAN_POINT('',(18.,15.,1.5));
#4918 = VECTOR('',#4919,1.);
#4919 = DIRECTION('',(0.,0.,-1.));
#4920 = PCURVE('',#658,#4921);
#4921 = DEFINITIONAL_REPRESENTATION('',(#4922),#4926);
#4922 = LINE('',#4923,#4924);
#4923 = CARTESIAN_POINT('',(-1.570796326795,0.));
#4924 = VECTOR('',#4925,1.);
#4925 = DIRECTION('',(-0.,1.));
#4926 = ( GEOMETRIC_REPRESENTATION_CONTEXT(2) 
PARAMETRIC_REPRESENTATION_CONTEXT() REPRESENTATION_CONTEXT('2D SPACE',''
  ) );
#4927 = PCURVE('',#629,#4928);
#4928 = DEFINITIONAL_REPRESENTATION('',(#4929),#4933);
#4929 = LINE('',#4930,#4931);
#4930 = CARTESIAN_POINT('',(3.,93.2));
#4931 = VECTOR('',#4932,1.);
#4932 = DIRECTION('',(-1.,0.));
#4933 = ( GEOMETRIC_REPRESENTATION_CONTEXT(2) 
PARAMETRIC_REPRESENTATION_CONTEXT() REPRESENTATION_CONTEXT('2D SPACE',''
  ) );
#4934 = ORIENTED_EDGE('',*,*,#641,.F.);
#4935 = ORIENTED_EDGE('',*,*,#4815,.F.);
#4936 = ADVANCED_FACE('',(#4937),#484,.F.);
#4937 = FACE_BOUND('',#4938,.F.);
#4938 = EDGE_LOOP('',(#4939,#4940,#4941,#4964));
#4939 = ORIENTED_EDGE('',*,*,#468,.F.);
#4940 = ORIENTED_EDGE('',*,*,#4864,.T.);
#4941 = ORIENTED_EDGE('',*,*,#4942,.T.);
#4942 = EDGE_CURVE('',#4842,#4943,#4945,.T.);
#4943 = VERTEX_POINT('',#4944);
#4944 = CARTESIAN_POINT('',(15.,-75.2,1.5));
#4945 = SURFACE_CURVE('',#4946,(#4950,#4957),.PCURVE_S1.);
#4946 = LINE('',#4947,#4948);
#4947 = CARTESIAN_POINT('',(-15.,-75.2,1.5));
#4948 = VECTOR('',#4949,1.);
#4949 = DIRECTION('',(1.,0.,0.));
#4950 = PCURVE('',#484,#4951);
#4951 = DEFINITIONAL_REPRESENTATION('',(#4952),#4956);
#4952 = LINE('',#4953,#4954);
#4953 = CARTESIAN_POINT('',(3.,0.));
#4954 = VECTOR('',#4955,1.);
#4955 = DIRECTION('',(0.,1.));
#4956 = ( GEOMETRIC_REPRESENTATION_CONTEXT(2) 
PARAMETRIC_REPRESENTATION_CONTEXT() REPRESENTATION_CONTEXT('2D SPACE',''
  ) );
#4957 = PCURVE('',#4456,#4958);
#4958 = DEFINITIONAL_REPRESENTATION('',(#4959),#4963);
#4959 = LINE('',#4960,#4961);
#4960 = CARTESIAN_POINT('',(60.2,-60.2));
#4961 = VECTOR('',#4962,1.);
#4962 = DIRECTION('',(1.,0.));
#4963 = ( GEOMETRIC_REPRESENTATION_CONTEXT(2) 
PARAMETRIC_REPRESENTATION_CONTEXT() REPRESENTATION_CONTEXT('2D SPACE',''
  ) );
#4964 = ORIENTED_EDGE('',*,*,#4965,.F.);
#4965 = EDGE_CURVE('',#469,#4943,#4966,.T.);
#4966 = SURFACE_CURVE('',#4967,(#4971,#4978),.PCURVE_S1.);
#4967 = LINE('',#4968,#4969);
#4968 = CARTESIAN_POINT('',(15.,-75.2,-1.5));
#4969 = VECTOR('',#4970,1.);
#4970 = DIRECTION('',(0.,0.,1.));
#4971 = PCURVE('',#484,#4972);
#4972 = DEFINITIONAL_REPRESENTATION('',(#4973),#4977);
#4973 = LINE('',#4974,#4975);
#4974 = CARTESIAN_POINT('',(0.,30.));
#4975 = VECTOR('',#4976,1.);
#4976 = DIRECTION('',(1.,0.));
#4977 = ( GEOMETRIC_REPRESENTATION_CONTEXT(2) 
PARAMETRIC_REPRESENTATION_CONTEXT() REPRESENTATION_CONTEXT('2D SPACE',''
  ) );
#4978 = PCURVE('',#512,#4979);
#4979 = DEFINITIONAL_REPRESENTATION('',(#4980),#4984);
#4980 = LINE('',#4981,#4982);
#4981 = CARTESIAN_POINT('',(0.,0.));
#4982 = VECTOR('',#4983,1.);
#4983 = DIRECTION('',(1.,0.));
#4984 = ( GEOMETRIC_REPRESENTATION_CONTEXT(2) 
PARAMETRIC_REPRESENTATION_CONTEXT() REPRESENTATION_CONTEXT('2D SPACE',''
  ) );
#4985 = ADVANCED_FACE('',(#4986),#629,.T.);
#4986 = FACE_BOUND('',#4987,.T.);
#4987 = EDGE_LOOP('',(#4988,#4989,#4990,#5013));
#4988 = ORIENTED_EDGE('',*,*,#613,.F.);
#4989 = ORIENTED_EDGE('',*,*,#4914,.F.);
#4990 = ORIENTED_EDGE('',*,*,#4991,.T.);
#4991 = EDGE_CURVE('',#4891,#4992,#4994,.T.);
#4992 = VERTEX_POINT('',#4993);
#4993 = CARTESIAN_POINT('',(75.2,15.,1.5));
#4994 = SURFACE_CURVE('',#4995,(#4999,#5006),.PCURVE_S1.);
#4995 = LINE('',#4996,#4997);
#4996 = CARTESIAN_POINT('',(-75.2,15.,1.5));
#4997 = VECTOR('',#4998,1.);
#4998 = DIRECTION('',(1.,0.,0.));
#4999 = PCURVE('',#629,#5000);
#5000 = DEFINITIONAL_REPRESENTATION('',(#5001),#5005);
#5001 = LINE('',#5002,#5003);
#5002 = CARTESIAN_POINT('',(3.,0.));
#5003 = VECTOR('',#5004,1.);
#5004 = DIRECTION('',(0.,1.));
#5005 = ( GEOMETRIC_REPRESENTATION_CONTEXT(2) 
PARAMETRIC_REPRESENTATION_CONTEXT() REPRESENTATION_CONTEXT('2D SPACE',''
  ) );
#5006 = PCURVE('',#4456,#5007);
#5007 = DEFINITIONAL_REPRESENTATION('',(#5008),#5012);
#5008 = LINE('',#5009,#5010);
#5009 = CARTESIAN_POINT('',(0.,30.));
#5010 = VECTOR('',#5011,1.);
#5011 = DIRECTION('',(1.,0.));
#5012 = ( GEOMETRIC_REPRESENTATION_CONTEXT(2) 
PARAMETRIC_REPRESENTATION_CONTEXT() REPRESENTATION_CONTEXT('2D SPACE',''
  ) );
#5013 = ORIENTED_EDGE('',*,*,#5014,.F.);
#5014 = EDGE_CURVE('',#586,#4992,#5015,.T.);
#5015 = SURFACE_CURVE('',#5016,(#5020,#5027),.PCURVE_S1.);
#5016 = LINE('',#5017,#5018);
#5017 = CARTESIAN_POINT('',(75.2,15.,-1.5));
#5018 = VECTOR('',#5019,1.);
#5019 = DIRECTION('',(0.,0.,1.));
#5020 = PCURVE('',#629,#5021);
#5021 = DEFINITIONAL_REPRESENTATION('',(#5022),#5026);
#5022 = LINE('',#5023,#5024);
#5023 = CARTESIAN_POINT('',(0.,150.4));
#5024 = VECTOR('',#5025,1.);
#5025 = DIRECTION('',(1.,0.));
#5026 = ( GEOMETRIC_REPRESENTATION_CONTEXT(2) 
PARAMETRIC_REPRESENTATION_CONTEXT() REPRESENTATION_CONTEXT('2D SPACE',''
  ) );
#5027 = PCURVE('',#601,#5028);
#5028 = DEFINITIONAL_REPRESENTATION('',(#5029),#5033);
#5029 = LINE('',#5030,#5031);
#5030 = CARTESIAN_POINT('',(0.,-30.));
#5031 = VECTOR('',#5032,1.);
#5032 = DIRECTION('',(1.,0.));
#5033 = ( GEOMETRIC_REPRESENTATION_CONTEXT(2) 
PARAMETRIC_REPRESENTATION_CONTEXT() REPRESENTATION_CONTEXT('2D SPACE',''
  ) );
#5034 = ADVANCED_FACE('',(#5035),#512,.T.);
#5035 = FACE_BOUND('',#5036,.T.);
#5036 = EDGE_LOOP('',(#5037,#5060,#5061,#5062));
#5037 = ORIENTED_EDGE('',*,*,#5038,.F.);
#5038 = EDGE_CURVE('',#4943,#5039,#5041,.T.);
#5039 = VERTEX_POINT('',#5040);
#5040 = CARTESIAN_POINT('',(15.,-18.,1.5));
#5041 = SURFACE_CURVE('',#5042,(#5046,#5053),.PCURVE_S1.);
#5042 = LINE('',#5043,#5044);
#5043 = CARTESIAN_POINT('',(15.,-75.2,1.5));
#5044 = VECTOR('',#5045,1.);
#5045 = DIRECTION('',(0.,1.,0.));
#5046 = PCURVE('',#512,#5047);
#5047 = DEFINITIONAL_REPRESENTATION('',(#5048),#5052);
#5048 = LINE('',#5049,#5050);
#5049 = CARTESIAN_POINT('',(3.,0.));
#5050 = VECTOR('',#5051,1.);
#5051 = DIRECTION('',(0.,-1.));
#5052 = ( GEOMETRIC_REPRESENTATION_CONTEXT(2) 
PARAMETRIC_REPRESENTATION_CONTEXT() REPRESENTATION_CONTEXT('2D SPACE',''
  ) );
#5053 = PCURVE('',#4456,#5054);
#5054 = DEFINITIONAL_REPRESENTATION('',(#5055),#5059);
#5055 = LINE('',#5056,#5057);
#5056 = CARTESIAN_POINT('',(90.2,-60.2));
#5057 = VECTOR('',#5058,1.);
#5058 = DIRECTION('',(0.,1.));
#5059 = ( GEOMETRIC_REPRESENTATION_CONTEXT(2) 
PARAMETRIC_REPRESENTATION_CONTEXT() REPRESENTATION_CONTEXT('2D SPACE',''
  ) );
#5060 = ORIENTED_EDGE('',*,*,#4965,.F.);
#5061 = ORIENTED_EDGE('',*,*,#496,.T.);
#5062 = ORIENTED_EDGE('',*,*,#5063,.F.);
#5063 = EDGE_CURVE('',#5039,#497,#5064,.T.);
#5064 = SURFACE_CURVE('',#5065,(#5069,#5076),.PCURVE_S1.);
#5065 = LINE('',#5066,#5067);
#5066 = CARTESIAN_POINT('',(15.,-18.,1.5));
#5067 = VECTOR('',#5068,1.);
#5068 = DIRECTION('',(0.,0.,-1.));
#5069 = PCURVE('',#512,#5070);
#5070 = DEFINITIONAL_REPRESENTATION('',(#5071),#5075);
#5071 = LINE('',#5072,#5073);
#5072 = CARTESIAN_POINT('',(3.,-57.2));
#5073 = VECTOR('',#5074,1.);
#5074 = DIRECTION('',(-1.,0.));
#5075 = ( GEOMETRIC_REPRESENTATION_CONTEXT(2) 
PARAMETRIC_REPRESENTATION_CONTEXT() REPRESENTATION_CONTEXT('2D SPACE',''
  ) );
#5076 = PCURVE('',#545,#5077);
#5077 = DEFINITIONAL_REPRESENTATION('',(#5078),#5082);
#5078 = LINE('',#5079,#5080);
#5079 = CARTESIAN_POINT('',(0.,0.));
#5080 = VECTOR('',#5081,1.);
#5081 = DIRECTION('',(0.,1.));
#5082 = ( GEOMETRIC_REPRESENTATION_CONTEXT(2) 
PARAMETRIC_REPRESENTATION_CONTEXT() REPRESENTATION_CONTEXT('2D SPACE',''
  ) );
#5083 = ADVANCED_FACE('',(#5084),#601,.T.);
#5084 = FACE_BOUND('',#5085,.T.);
#5085 = EDGE_LOOP('',(#5086,#5109,#5110,#5111));
#5086 = ORIENTED_EDGE('',*,*,#5087,.F.);
#5087 = EDGE_CURVE('',#558,#5088,#5090,.T.);
#5088 = VERTEX_POINT('',#5089);
#5089 = CARTESIAN_POINT('',(75.2,-15.,1.5));
#5090 = SURFACE_CURVE('',#5091,(#5095,#5102),.PCURVE_S1.);
#5091 = LINE('',#5092,#5093);
#5092 = CARTESIAN_POINT('',(75.2,-15.,-1.5));
#5093 = VECTOR('',#5094,1.);
#5094 = DIRECTION('',(0.,0.,1.));
#5095 = PCURVE('',#601,#5096);
#5096 = DEFINITIONAL_REPRESENTATION('',(#5097),#5101);
#5097 = LINE('',#5098,#5099);
#5098 = CARTESIAN_POINT('',(0.,0.));
#5099 = VECTOR('',#5100,1.);
#5100 = DIRECTION('',(1.,0.));
#5101 = ( GEOMETRIC_REPRESENTATION_CONTEXT(2) 
PARAMETRIC_REPRESENTATION_CONTEXT() REPRESENTATION_CONTEXT('2D SPACE',''
  ) );
#5102 = PCURVE('',#573,#5103);
#5103 = DEFINITIONAL_REPRESENTATION('',(#5104),#5108);
#5104 = LINE('',#5105,#5106);
#5105 = CARTESIAN_POINT('',(0.,150.4));
#5106 = VECTOR('',#5107,1.);
#5107 = DIRECTION('',(1.,0.));
#5108 = ( GEOMETRIC_REPRESENTATION_CONTEXT(2) 
PARAMETRIC_REPRESENTATION_CONTEXT() REPRESENTATION_CONTEXT('2D SPACE',''
  ) );
#5109 = ORIENTED_EDGE('',*,*,#585,.T.);
#5110 = ORIENTED_EDGE('',*,*,#5014,.T.);
#5111 = ORIENTED_EDGE('',*,*,#5112,.F.);
#5112 = EDGE_CURVE('',#5088,#4992,#5113,.T.);
#5113 = SURFACE_CURVE('',#5114,(#5118,#5125),.PCURVE_S1.);
#5114 = LINE('',#5115,#5116);
#5115 = CARTESIAN_POINT('',(75.2,-15.,1.5));
#5116 = VECTOR('',#5117,1.);
#5117 = DIRECTION('',(0.,1.,0.));
#5118 = PCURVE('',#601,#5119);
#5119 = DEFINITIONAL_REPRESENTATION('',(#5120),#5124);
#5120 = LINE('',#5121,#5122);
#5121 = CARTESIAN_POINT('',(3.,0.));
#5122 = VECTOR('',#5123,1.);
#5123 = DIRECTION('',(0.,-1.));
#5124 = ( GEOMETRIC_REPRESENTATION_CONTEXT(2) 
PARAMETRIC_REPRESENTATION_CONTEXT() REPRESENTATION_CONTEXT('2D SPACE',''
  ) );
#5125 = PCURVE('',#4456,#5126);
#5126 = DEFINITIONAL_REPRESENTATION('',(#5127),#5131);
#5127 = LINE('',#5128,#5129);
#5128 = CARTESIAN_POINT('',(150.4,0.));
#5129 = VECTOR('',#5130,1.);
#5130 = DIRECTION('',(0.,1.));
#5131 = ( GEOMETRIC_REPRESENTATION_CONTEXT(2) 
PARAMETRIC_REPRESENTATION_CONTEXT() REPRESENTATION_CONTEXT('2D SPACE',''
  ) );
#5132 = ADVANCED_FACE('',(#5133),#545,.F.);
#5133 = FACE_BOUND('',#5134,.F.);
#5134 = EDGE_LOOP('',(#5135,#5163,#5184,#5185));
#5135 = ORIENTED_EDGE('',*,*,#5136,.T.);
#5136 = EDGE_CURVE('',#5039,#5137,#5139,.T.);
#5137 = VERTEX_POINT('',#5138);
#5138 = CARTESIAN_POINT('',(18.,-15.,1.5));
#5139 = SURFACE_CURVE('',#5140,(#5145,#5152),.PCURVE_S1.);
#5140 = CIRCLE('',#5141,3.);
#5141 = AXIS2_PLACEMENT_3D('',#5142,#5143,#5144);
#5142 = CARTESIAN_POINT('',(18.,-18.,1.5));
#5143 = DIRECTION('',(0.,0.,-1.));
#5144 = DIRECTION('',(0.,1.,0.));
#5145 = PCURVE('',#545,#5146);
#5146 = DEFINITIONAL_REPRESENTATION('',(#5147),#5151);
#5147 = LINE('',#5148,#5149);
#5148 = CARTESIAN_POINT('',(-4.712388980385,0.));
#5149 = VECTOR('',#5150,1.);
#5150 = DIRECTION('',(1.,0.));
#5151 = ( GEOMETRIC_REPRESENTATION_CONTEXT(2) 
PARAMETRIC_REPRESENTATION_CONTEXT() REPRESENTATION_CONTEXT('2D SPACE',''
  ) );
#5152 = PCURVE('',#4456,#5153);
#5153 = DEFINITIONAL_REPRESENTATION('',(#5154),#5162);
#5154 = ( BOUNDED_CURVE() B_SPLINE_CURVE(2,(#5155,#5156,#5157,#5158,
#5159,#5160,#5161),.UNSPECIFIED.,.T.,.F.) B_SPLINE_CURVE_WITH_KNOTS((1,2
    ,2,2,2,1),(-2.094395102393,0.,2.094395102393,4.188790204786,
6.28318530718,8.377580409573),.UNSPECIFIED.) CURVE() 
GEOMETRIC_REPRESENTATION_ITEM() RATIONAL_B_SPLINE_CURVE((1.,0.5,1.,0.5,
1.,0.5,1.)) REPRESENTATION_ITEM('') );
#5155 = CARTESIAN_POINT('',(93.2,0.));
#5156 = CARTESIAN_POINT('',(98.396152422707,0.));
#5157 = CARTESIAN_POINT('',(95.798076211353,-4.5));
#5158 = CARTESIAN_POINT('',(93.2,-9.));
#5159 = CARTESIAN_POINT('',(90.601923788647,-4.5));
#5160 = CARTESIAN_POINT('',(88.003847577293,-4.440892098501E-15));
#5161 = CARTESIAN_POINT('',(93.2,0.));
#5162 = ( GEOMETRIC_REPRESENTATION_CONTEXT(2) 
PARAMETRIC_REPRESENTATION_CONTEXT() REPRESENTATION_CONTEXT('2D SPACE',''
  ) );
#5163 = ORIENTED_EDGE('',*,*,#5164,.T.);
#5164 = EDGE_CURVE('',#5137,#525,#5165,.T.);
#5165 = SURFACE_CURVE('',#5166,(#5170,#5177),.PCURVE_S1.);
#5166 = LINE('',#5167,#5168);
#5167 = CARTESIAN_POINT('',(18.,-15.,1.5));
#5168 = VECTOR('',#5169,1.);
#5169 = DIRECTION('',(0.,0.,-1.));
#5170 = PCURVE('',#545,#5171);
#5171 = DEFINITIONAL_REPRESENTATION('',(#5172),#5176);
#5172 = LINE('',#5173,#5174);
#5173 = CARTESIAN_POINT('',(1.570796326795,0.));
#5174 = VECTOR('',#5175,1.);
#5175 = DIRECTION('',(0.,1.));
#5176 = ( GEOMETRIC_REPRESENTATION_CONTEXT(2) 
PARAMETRIC_REPRESENTATION_CONTEXT() REPRESENTATION_CONTEXT('2D SPACE',''
  ) );
#5177 = PCURVE('',#573,#5178);
#5178 = DEFINITIONAL_REPRESENTATION('',(#5179),#5183);
#5179 = LINE('',#5180,#5181);
#5180 = CARTESIAN_POINT('',(3.,93.2));
#5181 = VECTOR('',#5182,1.);
#5182 = DIRECTION('',(-1.,0.));
#5183 = ( GEOMETRIC_REPRESENTATION_CONTEXT(2) 
PARAMETRIC_REPRESENTATION_CONTEXT() REPRESENTATION_CONTEXT('2D SPACE',''
  ) );
#5184 = ORIENTED_EDGE('',*,*,#524,.F.);
#5185 = ORIENTED_EDGE('',*,*,#5063,.F.);
#5186 = ADVANCED_FACE('',(#5187),#573,.F.);
#5187 = FACE_BOUND('',#5188,.F.);
#5188 = EDGE_LOOP('',(#5189,#5190,#5191,#5212));
#5189 = ORIENTED_EDGE('',*,*,#557,.F.);
#5190 = ORIENTED_EDGE('',*,*,#5164,.F.);
#5191 = ORIENTED_EDGE('',*,*,#5192,.T.);
#5192 = EDGE_CURVE('',#5137,#5088,#5193,.T.);
#5193 = SURFACE_CURVE('',#5194,(#5198,#5205),.PCURVE_S1.);
#5194 = LINE('',#5195,#5196);
#5195 = CARTESIAN_POINT('',(-75.2,-15.,1.5));
#5196 = VECTOR('',#5197,1.);
#5197 = DIRECTION('',(1.,0.,0.));
#5198 = PCURVE('',#573,#5199);
#5199 = DEFINITIONAL_REPRESENTATION('',(#5200),#5204);
#5200 = LINE('',#5201,#5202);
#5201 = CARTESIAN_POINT('',(3.,0.));
#5202 = VECTOR('',#5203,1.);
#5203 = DIRECTION('',(0.,1.));
#5204 = ( GEOMETRIC_REPRESENTATION_CONTEXT(2) 
PARAMETRIC_REPRESENTATION_CONTEXT() REPRESENTATION_CONTEXT('2D SPACE',''
  ) );
#5205 = PCURVE('',#4456,#5206);
#5206 = DEFINITIONAL_REPRESENTATION('',(#5207),#5211);
#5207 = LINE('',#5208,#5209);
#5208 = CARTESIAN_POINT('',(0.,0.));
#5209 = VECTOR('',#5210,1.);
#5210 = DIRECTION('',(1.,0.));
#5211 = ( GEOMETRIC_REPRESENTATION_CONTEXT(2) 
PARAMETRIC_REPRESENTATION_CONTEXT() REPRESENTATION_CONTEXT('2D SPACE',''
  ) );
#5212 = ORIENTED_EDGE('',*,*,#5087,.F.);
#5213 = ADVANCED_FACE('',(#5214),#800,.F.);
#5214 = FACE_BOUND('',#5215,.F.);
#5215 = EDGE_LOOP('',(#5216,#5239,#5260,#5281));
#5216 = ORIENTED_EDGE('',*,*,#5217,.T.);
#5217 = EDGE_CURVE('',#786,#5218,#5220,.T.);
#5218 = VERTEX_POINT('',#5219);
#5219 = CARTESIAN_POINT('',(-11.875,-54.575,1.5));
#5220 = SURFACE_CURVE('',#5221,(#5225,#5232),.PCURVE_S1.);
#5221 = LINE('',#5222,#5223);
#5222 = CARTESIAN_POINT('',(-11.875,-54.575,-5.));
#5223 = VECTOR('',#5224,1.);
#5224 = DIRECTION('',(0.,0.,1.));
#5225 = PCURVE('',#800,#5226);
#5226 = DEFINITIONAL_REPRESENTATION('',(#5227),#5231);
#5227 = LINE('',#5228,#5229);
#5228 = CARTESIAN_POINT('',(0.,5.));
#5229 = VECTOR('',#5230,1.);
#5230 = DIRECTION('',(0.,-1.));
#5231 = ( GEOMETRIC_REPRESENTATION_CONTEXT(2) 
PARAMETRIC_REPRESENTATION_CONTEXT() REPRESENTATION_CONTEXT('2D SPACE',''
  ) );
#5232 = PCURVE('',#889,#5233);
#5233 = DEFINITIONAL_REPRESENTATION('',(#5234),#5238);
#5234 = LINE('',#5235,#5236);
#5235 = CARTESIAN_POINT('',(3.14159265359,5.));
#5236 = VECTOR('',#5237,1.);
#5237 = DIRECTION('',(0.,-1.));
#5238 = ( GEOMETRIC_REPRESENTATION_CONTEXT(2) 
PARAMETRIC_REPRESENTATION_CONTEXT() REPRESENTATION_CONTEXT('2D SPACE',''
  ) );
#5239 = ORIENTED_EDGE('',*,*,#5240,.F.);
#5240 = EDGE_CURVE('',#5241,#5218,#5243,.T.);
#5241 = VERTEX_POINT('',#5242);
#5242 = CARTESIAN_POINT('',(-11.875,-15.825,1.5));
#5243 = SURFACE_CURVE('',#5244,(#5248,#5254),.PCURVE_S1.);
#5244 = LINE('',#5245,#5246);
#5245 = CARTESIAN_POINT('',(-11.875,-34.7875,1.5));
#5246 = VECTOR('',#5247,1.);
#5247 = DIRECTION('',(-1.110223024625E-16,-1.,0.));
#5248 = PCURVE('',#800,#5249);
#5249 = DEFINITIONAL_REPRESENTATION('',(#5250),#5253);
#5250 = B_SPLINE_CURVE_WITH_KNOTS('',1,(#5251,#5252),.UNSPECIFIED.,.F.,
  .F.,(2,2),(-18.9625,19.7875),.PIECEWISE_BEZIER_KNOTS.);
#5251 = CARTESIAN_POINT('',(38.75,-1.5));
#5252 = CARTESIAN_POINT('',(0.,-1.5));
#5253 = ( GEOMETRIC_REPRESENTATION_CONTEXT(2) 
PARAMETRIC_REPRESENTATION_CONTEXT() REPRESENTATION_CONTEXT('2D SPACE',''
  ) );
#5254 = PCURVE('',#4456,#5255);
#5255 = DEFINITIONAL_REPRESENTATION('',(#5256),#5259);
#5256 = B_SPLINE_CURVE_WITH_KNOTS('',1,(#5257,#5258),.UNSPECIFIED.,.F.,
  .F.,(2,2),(-18.9625,19.7875),.PIECEWISE_BEZIER_KNOTS.);
#5257 = CARTESIAN_POINT('',(63.325,-0.825));
#5258 = CARTESIAN_POINT('',(63.325,-39.575));
#5259 = ( GEOMETRIC_REPRESENTATION_CONTEXT(2) 
PARAMETRIC_REPRESENTATION_CONTEXT() REPRESENTATION_CONTEXT('2D SPACE',''
  ) );
#5260 = ORIENTED_EDGE('',*,*,#5261,.T.);
#5261 = EDGE_CURVE('',#5241,#784,#5262,.T.);
#5262 = SURFACE_CURVE('',#5263,(#5267,#5274),.PCURVE_S1.);
#5263 = LINE('',#5264,#5265);
#5264 = CARTESIAN_POINT('',(-11.875,-15.825,5.));
#5265 = VECTOR('',#5266,1.);
#5266 = DIRECTION('',(0.,0.,-1.));
#5267 = PCURVE('',#800,#5268);
#5268 = DEFINITIONAL_REPRESENTATION('',(#5269),#5273);
#5269 = LINE('',#5270,#5271);
#5270 = CARTESIAN_POINT('',(38.75,-5.));
#5271 = VECTOR('',#5272,1.);
#5272 = DIRECTION('',(0.,1.));
#5273 = ( GEOMETRIC_REPRESENTATION_CONTEXT(2) 
PARAMETRIC_REPRESENTATION_CONTEXT() REPRESENTATION_CONTEXT('2D SPACE',''
  ) );
#5274 = PCURVE('',#832,#5275);
#5275 = DEFINITIONAL_REPRESENTATION('',(#5276),#5280);
#5276 = LINE('',#5277,#5278);
#5277 = CARTESIAN_POINT('',(0.,-5.));
#5278 = VECTOR('',#5279,1.);
#5279 = DIRECTION('',(-0.,1.));
#5280 = ( GEOMETRIC_REPRESENTATION_CONTEXT(2) 
PARAMETRIC_REPRESENTATION_CONTEXT() REPRESENTATION_CONTEXT('2D SPACE',''
  ) );
#5281 = ORIENTED_EDGE('',*,*,#783,.T.);
#5282 = ADVANCED_FACE('',(#5283),#832,.F.);
#5283 = FACE_BOUND('',#5284,.F.);
#5284 = EDGE_LOOP('',(#5285,#5286,#5314,#5335));
#5285 = ORIENTED_EDGE('',*,*,#5261,.F.);
#5286 = ORIENTED_EDGE('',*,*,#5287,.T.);
#5287 = EDGE_CURVE('',#5241,#5288,#5290,.T.);
#5288 = VERTEX_POINT('',#5289);
#5289 = CARTESIAN_POINT('',(-10.625,-15.825,1.5));
#5290 = SURFACE_CURVE('',#5291,(#5296,#5303),.PCURVE_S1.);
#5291 = CIRCLE('',#5292,0.625);
#5292 = AXIS2_PLACEMENT_3D('',#5293,#5294,#5295);
#5293 = CARTESIAN_POINT('',(-11.25,-15.825,1.5));
#5294 = DIRECTION('',(0.,0.,-1.));
#5295 = DIRECTION('',(-1.,1.110223024625E-16,0.));
#5296 = PCURVE('',#832,#5297);
#5297 = DEFINITIONAL_REPRESENTATION('',(#5298),#5302);
#5298 = LINE('',#5299,#5300);
#5299 = CARTESIAN_POINT('',(0.,-1.5));
#5300 = VECTOR('',#5301,1.);
#5301 = DIRECTION('',(1.,0.));
#5302 = ( GEOMETRIC_REPRESENTATION_CONTEXT(2) 
PARAMETRIC_REPRESENTATION_CONTEXT() REPRESENTATION_CONTEXT('2D SPACE',''
  ) );
#5303 = PCURVE('',#4456,#5304);
#5304 = DEFINITIONAL_REPRESENTATION('',(#5305),#5313);
#5305 = ( BOUNDED_CURVE() B_SPLINE_CURVE(2,(#5306,#5307,#5308,#5309,
#5310,#5311,#5312),.UNSPECIFIED.,.T.,.F.) B_SPLINE_CURVE_WITH_KNOTS((1,2
    ,2,2,2,1),(-2.094395102393,0.,2.094395102393,4.188790204786,
6.28318530718,8.377580409573),.UNSPECIFIED.) CURVE() 
GEOMETRIC_REPRESENTATION_ITEM() RATIONAL_B_SPLINE_CURVE((1.,0.5,1.,0.5,
1.,0.5,1.)) REPRESENTATION_ITEM('') );
#5306 = CARTESIAN_POINT('',(63.325,-0.825));
#5307 = CARTESIAN_POINT('',(63.325,0.257531754731));
#5308 = CARTESIAN_POINT('',(64.2625,-0.283734122635));
#5309 = CARTESIAN_POINT('',(65.2,-0.825));
#5310 = CARTESIAN_POINT('',(64.2625,-1.366265877365));
#5311 = CARTESIAN_POINT('',(63.325,-1.907531754731));
#5312 = CARTESIAN_POINT('',(63.325,-0.825));
#5313 = ( GEOMETRIC_REPRESENTATION_CONTEXT(2) 
PARAMETRIC_REPRESENTATION_CONTEXT() REPRESENTATION_CONTEXT('2D SPACE',''
  ) );
#5314 = ORIENTED_EDGE('',*,*,#5315,.T.);
#5315 = EDGE_CURVE('',#5288,#812,#5316,.T.);
#5316 = SURFACE_CURVE('',#5317,(#5321,#5328),.PCURVE_S1.);
#5317 = LINE('',#5318,#5319);
#5318 = CARTESIAN_POINT('',(-10.625,-15.825,5.));
#5319 = VECTOR('',#5320,1.);
#5320 = DIRECTION('',(0.,0.,-1.));
#5321 = PCURVE('',#832,#5322);
#5322 = DEFINITIONAL_REPRESENTATION('',(#5323),#5327);
#5323 = LINE('',#5324,#5325);
#5324 = CARTESIAN_POINT('',(3.14159265359,-5.));
#5325 = VECTOR('',#5326,1.);
#5326 = DIRECTION('',(-0.,1.));
#5327 = ( GEOMETRIC_REPRESENTATION_CONTEXT(2) 
PARAMETRIC_REPRESENTATION_CONTEXT() REPRESENTATION_CONTEXT('2D SPACE',''
  ) );
#5328 = PCURVE('',#859,#5329);
#5329 = DEFINITIONAL_REPRESENTATION('',(#5330),#5334);
#5330 = LINE('',#5331,#5332);
#5331 = CARTESIAN_POINT('',(0.,-5.));
#5332 = VECTOR('',#5333,1.);
#5333 = DIRECTION('',(-0.,1.));
#5334 = ( GEOMETRIC_REPRESENTATION_CONTEXT(2) 
PARAMETRIC_REPRESENTATION_CONTEXT() REPRESENTATION_CONTEXT('2D SPACE',''
  ) );
#5335 = ORIENTED_EDGE('',*,*,#811,.F.);
#5336 = ADVANCED_FACE('',(#5337),#889,.F.);
#5337 = FACE_BOUND('',#5338,.F.);
#5338 = EDGE_LOOP('',(#5339,#5362,#5388,#5389));
#5339 = ORIENTED_EDGE('',*,*,#5340,.T.);
#5340 = EDGE_CURVE('',#845,#5341,#5343,.T.);
#5341 = VERTEX_POINT('',#5342);
#5342 = CARTESIAN_POINT('',(-10.625,-54.575,1.5));
#5343 = SURFACE_CURVE('',#5344,(#5348,#5355),.PCURVE_S1.);
#5344 = LINE('',#5345,#5346);
#5345 = CARTESIAN_POINT('',(-10.625,-54.575,-5.));
#5346 = VECTOR('',#5347,1.);
#5347 = DIRECTION('',(0.,0.,1.));
#5348 = PCURVE('',#889,#5349);
#5349 = DEFINITIONAL_REPRESENTATION('',(#5350),#5354);
#5350 = LINE('',#5351,#5352);
#5351 = CARTESIAN_POINT('',(0.,5.));
#5352 = VECTOR('',#5353,1.);
#5353 = DIRECTION('',(0.,-1.));
#5354 = ( GEOMETRIC_REPRESENTATION_CONTEXT(2) 
PARAMETRIC_REPRESENTATION_CONTEXT() REPRESENTATION_CONTEXT('2D SPACE',''
  ) );
#5355 = PCURVE('',#859,#5356);
#5356 = DEFINITIONAL_REPRESENTATION('',(#5357),#5361);
#5357 = LINE('',#5358,#5359);
#5358 = CARTESIAN_POINT('',(38.75,5.));
#5359 = VECTOR('',#5360,1.);
#5360 = DIRECTION('',(0.,-1.));
#5361 = ( GEOMETRIC_REPRESENTATION_CONTEXT(2) 
PARAMETRIC_REPRESENTATION_CONTEXT() REPRESENTATION_CONTEXT('2D SPACE',''
  ) );
#5362 = ORIENTED_EDGE('',*,*,#5363,.T.);
#5363 = EDGE_CURVE('',#5341,#5218,#5364,.T.);
#5364 = SURFACE_CURVE('',#5365,(#5370,#5377),.PCURVE_S1.);
#5365 = CIRCLE('',#5366,0.625);
#5366 = AXIS2_PLACEMENT_3D('',#5367,#5368,#5369);
#5367 = CARTESIAN_POINT('',(-11.25,-54.575,1.5));
#5368 = DIRECTION('',(0.,-0.,-1.));
#5369 = DIRECTION('',(1.,-1.110223024625E-16,0.));
#5370 = PCURVE('',#889,#5371);
#5371 = DEFINITIONAL_REPRESENTATION('',(#5372),#5376);
#5372 = LINE('',#5373,#5374);
#5373 = CARTESIAN_POINT('',(0.,-1.5));
#5374 = VECTOR('',#5375,1.);
#5375 = DIRECTION('',(1.,0.));
#5376 = ( GEOMETRIC_REPRESENTATION_CONTEXT(2) 
PARAMETRIC_REPRESENTATION_CONTEXT() REPRESENTATION_CONTEXT('2D SPACE',''
  ) );
#5377 = PCURVE('',#4456,#5378);
#5378 = DEFINITIONAL_REPRESENTATION('',(#5379),#5387);
#5379 = ( BOUNDED_CURVE() B_SPLINE_CURVE(2,(#5380,#5381,#5382,#5383,
#5384,#5385,#5386),.UNSPECIFIED.,.T.,.F.) B_SPLINE_CURVE_WITH_KNOTS((1,2
    ,2,2,2,1),(-2.094395102393,0.,2.094395102393,4.188790204786,
6.28318530718,8.377580409573),.UNSPECIFIED.) CURVE() 
GEOMETRIC_REPRESENTATION_ITEM() RATIONAL_B_SPLINE_CURVE((1.,0.5,1.,0.5,
1.,0.5,1.)) REPRESENTATION_ITEM('') );
#5380 = CARTESIAN_POINT('',(64.575,-39.575));
#5381 = CARTESIAN_POINT('',(64.575,-40.65753175473));
#5382 = CARTESIAN_POINT('',(63.6375,-40.11626587736));
#5383 = CARTESIAN_POINT('',(62.7,-39.575));
#5384 = CARTESIAN_POINT('',(63.6375,-39.03373412263));
#5385 = CARTESIAN_POINT('',(64.575,-38.49246824526));
#5386 = CARTESIAN_POINT('',(64.575,-39.575));
#5387 = ( GEOMETRIC_REPRESENTATION_CONTEXT(2) 
PARAMETRIC_REPRESENTATION_CONTEXT() REPRESENTATION_CONTEXT('2D SPACE',''
  ) );
#5388 = ORIENTED_EDGE('',*,*,#5217,.F.);
#5389 = ORIENTED_EDGE('',*,*,#870,.F.);
#5390 = ADVANCED_FACE('',(#5391),#859,.F.);
#5391 = FACE_BOUND('',#5392,.F.);
#5392 = EDGE_LOOP('',(#5393,#5394,#5413,#5414));
#5393 = ORIENTED_EDGE('',*,*,#5315,.F.);
#5394 = ORIENTED_EDGE('',*,*,#5395,.F.);
#5395 = EDGE_CURVE('',#5341,#5288,#5396,.T.);
#5396 = SURFACE_CURVE('',#5397,(#5401,#5407),.PCURVE_S1.);
#5397 = LINE('',#5398,#5399);
#5398 = CARTESIAN_POINT('',(-10.625,-15.4125,1.5));
#5399 = VECTOR('',#5400,1.);
#5400 = DIRECTION('',(1.110223024625E-16,1.,-0.));
#5401 = PCURVE('',#859,#5402);
#5402 = DEFINITIONAL_REPRESENTATION('',(#5403),#5406);
#5403 = B_SPLINE_CURVE_WITH_KNOTS('',1,(#5404,#5405),.UNSPECIFIED.,.F.,
  .F.,(2,2),(-39.1625,-0.4125),.PIECEWISE_BEZIER_KNOTS.);
#5404 = CARTESIAN_POINT('',(38.75,-1.5));
#5405 = CARTESIAN_POINT('',(0.,-1.5));
#5406 = ( GEOMETRIC_REPRESENTATION_CONTEXT(2) 
PARAMETRIC_REPRESENTATION_CONTEXT() REPRESENTATION_CONTEXT('2D SPACE',''
  ) );
#5407 = PCURVE('',#4456,#5408);
#5408 = DEFINITIONAL_REPRESENTATION('',(#5409),#5412);
#5409 = B_SPLINE_CURVE_WITH_KNOTS('',1,(#5410,#5411),.UNSPECIFIED.,.F.,
  .F.,(2,2),(-39.1625,-0.4125),.PIECEWISE_BEZIER_KNOTS.);
#5410 = CARTESIAN_POINT('',(64.575,-39.575));
#5411 = CARTESIAN_POINT('',(64.575,-0.825));
#5412 = ( GEOMETRIC_REPRESENTATION_CONTEXT(2) 
PARAMETRIC_REPRESENTATION_CONTEXT() REPRESENTATION_CONTEXT('2D SPACE',''
  ) );
#5413 = ORIENTED_EDGE('',*,*,#5340,.F.);
#5414 = ORIENTED_EDGE('',*,*,#844,.T.);
#5415 = ADVANCED_FACE('',(#5416),#920,.F.);
#5416 = FACE_BOUND('',#5417,.F.);
#5417 = EDGE_LOOP('',(#5418,#5441,#5462,#5483));
#5418 = ORIENTED_EDGE('',*,*,#5419,.T.);
#5419 = EDGE_CURVE('',#906,#5420,#5422,.T.);
#5420 = VERTEX_POINT('',#5421);
#5421 = CARTESIAN_POINT('',(-8.125,-54.575,1.5));
#5422 = SURFACE_CURVE('',#5423,(#5427,#5434),.PCURVE_S1.);
#5423 = LINE('',#5424,#5425);
#5424 = CARTESIAN_POINT('',(-8.125,-54.575,-5.));
#5425 = VECTOR('',#5426,1.);
#5426 = DIRECTION('',(0.,0.,1.));
#5427 = PCURVE('',#920,#5428);
#5428 = DEFINITIONAL_REPRESENTATION('',(#5429),#5433);
#5429 = LINE('',#5430,#5431);
#5430 = CARTESIAN_POINT('',(0.,5.));
#5431 = VECTOR('',#5432,1.);
#5432 = DIRECTION('',(0.,-1.));
#5433 = ( GEOMETRIC_REPRESENTATION_CONTEXT(2) 
PARAMETRIC_REPRESENTATION_CONTEXT() REPRESENTATION_CONTEXT('2D SPACE',''
  ) );
#5434 = PCURVE('',#1009,#5435);
#5435 = DEFINITIONAL_REPRESENTATION('',(#5436),#5440);
#5436 = LINE('',#5437,#5438);
#5437 = CARTESIAN_POINT('',(3.14159265359,5.));
#5438 = VECTOR('',#5439,1.);
#5439 = DIRECTION('',(0.,-1.));
#5440 = ( GEOMETRIC_REPRESENTATION_CONTEXT(2) 
PARAMETRIC_REPRESENTATION_CONTEXT() REPRESENTATION_CONTEXT('2D SPACE',''
  ) );
#5441 = ORIENTED_EDGE('',*,*,#5442,.F.);
#5442 = EDGE_CURVE('',#5443,#5420,#5445,.T.);
#5443 = VERTEX_POINT('',#5444);
#5444 = CARTESIAN_POINT('',(-8.125,-15.825,1.5));
#5445 = SURFACE_CURVE('',#5446,(#5450,#5456),.PCURVE_S1.);
#5446 = LINE('',#5447,#5448);
#5447 = CARTESIAN_POINT('',(-8.125,-34.7875,1.5));
#5448 = VECTOR('',#5449,1.);
#5449 = DIRECTION('',(-1.110223024625E-16,-1.,0.));
#5450 = PCURVE('',#920,#5451);
#5451 = DEFINITIONAL_REPRESENTATION('',(#5452),#5455);
#5452 = B_SPLINE_CURVE_WITH_KNOTS('',1,(#5453,#5454),.UNSPECIFIED.,.F.,
  .F.,(2,2),(-18.9625,19.7875),.PIECEWISE_BEZIER_KNOTS.);
#5453 = CARTESIAN_POINT('',(38.75,-1.5));
#5454 = CARTESIAN_POINT('',(0.,-1.5));
#5455 = ( GEOMETRIC_REPRESENTATION_CONTEXT(2) 
PARAMETRIC_REPRESENTATION_CONTEXT() REPRESENTATION_CONTEXT('2D SPACE',''
  ) );
#5456 = PCURVE('',#4456,#5457);
#5457 = DEFINITIONAL_REPRESENTATION('',(#5458),#5461);
#5458 = B_SPLINE_CURVE_WITH_KNOTS('',1,(#5459,#5460),.UNSPECIFIED.,.F.,
  .F.,(2,2),(-18.9625,19.7875),.PIECEWISE_BEZIER_KNOTS.);
#5459 = CARTESIAN_POINT('',(67.075,-0.825));
#5460 = CARTESIAN_POINT('',(67.075,-39.575));
#5461 = ( GEOMETRIC_REPRESENTATION_CONTEXT(2) 
PARAMETRIC_REPRESENTATION_CONTEXT() REPRESENTATION_CONTEXT('2D SPACE',''
  ) );
#5462 = ORIENTED_EDGE('',*,*,#5463,.T.);
#5463 = EDGE_CURVE('',#5443,#904,#5464,.T.);
#5464 = SURFACE_CURVE('',#5465,(#5469,#5476),.PCURVE_S1.);
#5465 = LINE('',#5466,#5467);
#5466 = CARTESIAN_POINT('',(-8.125,-15.825,5.));
#5467 = VECTOR('',#5468,1.);
#5468 = DIRECTION('',(0.,0.,-1.));
#5469 = PCURVE('',#920,#5470);
#5470 = DEFINITIONAL_REPRESENTATION('',(#5471),#5475);
#5471 = LINE('',#5472,#5473);
#5472 = CARTESIAN_POINT('',(38.75,-5.));
#5473 = VECTOR('',#5474,1.);
#5474 = DIRECTION('',(0.,1.));
#5475 = ( GEOMETRIC_REPRESENTATION_CONTEXT(2) 
PARAMETRIC_REPRESENTATION_CONTEXT() REPRESENTATION_CONTEXT('2D SPACE',''
  ) );
#5476 = PCURVE('',#952,#5477);
#5477 = DEFINITIONAL_REPRESENTATION('',(#5478),#5482);
#5478 = LINE('',#5479,#5480);
#5479 = CARTESIAN_POINT('',(0.,-5.));
#5480 = VECTOR('',#5481,1.);
#5481 = DIRECTION('',(-0.,1.));
#5482 = ( GEOMETRIC_REPRESENTATION_CONTEXT(2) 
PARAMETRIC_REPRESENTATION_CONTEXT() REPRESENTATION_CONTEXT('2D SPACE',''
  ) );
#5483 = ORIENTED_EDGE('',*,*,#903,.T.);
#5484 = ADVANCED_FACE('',(#5485),#952,.F.);
#5485 = FACE_BOUND('',#5486,.F.);
#5486 = EDGE_LOOP('',(#5487,#5488,#5516,#5537));
#5487 = ORIENTED_EDGE('',*,*,#5463,.F.);
#5488 = ORIENTED_EDGE('',*,*,#5489,.T.);
#5489 = EDGE_CURVE('',#5443,#5490,#5492,.T.);
#5490 = VERTEX_POINT('',#5491);
#5491 = CARTESIAN_POINT('',(-6.875,-15.825,1.5));
#5492 = SURFACE_CURVE('',#5493,(#5498,#5505),.PCURVE_S1.);
#5493 = CIRCLE('',#5494,0.625);
#5494 = AXIS2_PLACEMENT_3D('',#5495,#5496,#5497);
#5495 = CARTESIAN_POINT('',(-7.5,-15.825,1.5));
#5496 = DIRECTION('',(0.,0.,-1.));
#5497 = DIRECTION('',(-1.,1.110223024625E-16,0.));
#5498 = PCURVE('',#952,#5499);
#5499 = DEFINITIONAL_REPRESENTATION('',(#5500),#5504);
#5500 = LINE('',#5501,#5502);
#5501 = CARTESIAN_POINT('',(0.,-1.5));
#5502 = VECTOR('',#5503,1.);
#5503 = DIRECTION('',(1.,0.));
#5504 = ( GEOMETRIC_REPRESENTATION_CONTEXT(2) 
PARAMETRIC_REPRESENTATION_CONTEXT() REPRESENTATION_CONTEXT('2D SPACE',''
  ) );
#5505 = PCURVE('',#4456,#5506);
#5506 = DEFINITIONAL_REPRESENTATION('',(#5507),#5515);
#5507 = ( BOUNDED_CURVE() B_SPLINE_CURVE(2,(#5508,#5509,#5510,#5511,
#5512,#5513,#5514),.UNSPECIFIED.,.T.,.F.) B_SPLINE_CURVE_WITH_KNOTS((1,2
    ,2,2,2,1),(-2.094395102393,0.,2.094395102393,4.188790204786,
6.28318530718,8.377580409573),.UNSPECIFIED.) CURVE() 
GEOMETRIC_REPRESENTATION_ITEM() RATIONAL_B_SPLINE_CURVE((1.,0.5,1.,0.5,
1.,0.5,1.)) REPRESENTATION_ITEM('') );
#5508 = CARTESIAN_POINT('',(67.075,-0.825));
#5509 = CARTESIAN_POINT('',(67.075,0.257531754731));
#5510 = CARTESIAN_POINT('',(68.0125,-0.283734122635));
#5511 = CARTESIAN_POINT('',(68.95,-0.825));
#5512 = CARTESIAN_POINT('',(68.0125,-1.366265877365));
#5513 = CARTESIAN_POINT('',(67.075,-1.907531754731));
#5514 = CARTESIAN_POINT('',(67.075,-0.825));
#5515 = ( GEOMETRIC_REPRESENTATION_CONTEXT(2) 
PARAMETRIC_REPRESENTATION_CONTEXT() REPRESENTATION_CONTEXT('2D SPACE',''
  ) );
#5516 = ORIENTED_EDGE('',*,*,#5517,.T.);
#5517 = EDGE_CURVE('',#5490,#932,#5518,.T.);
#5518 = SURFACE_CURVE('',#5519,(#5523,#5530),.PCURVE_S1.);
#5519 = LINE('',#5520,#5521);
#5520 = CARTESIAN_POINT('',(-6.875,-15.825,5.));
#5521 = VECTOR('',#5522,1.);
#5522 = DIRECTION('',(0.,0.,-1.));
#5523 = PCURVE('',#952,#5524);
#5524 = DEFINITIONAL_REPRESENTATION('',(#5525),#5529);
#5525 = LINE('',#5526,#5527);
#5526 = CARTESIAN_POINT('',(3.14159265359,-5.));
#5527 = VECTOR('',#5528,1.);
#5528 = DIRECTION('',(-0.,1.));
#5529 = ( GEOMETRIC_REPRESENTATION_CONTEXT(2) 
PARAMETRIC_REPRESENTATION_CONTEXT() REPRESENTATION_CONTEXT('2D SPACE',''
  ) );
#5530 = PCURVE('',#979,#5531);
#5531 = DEFINITIONAL_REPRESENTATION('',(#5532),#5536);
#5532 = LINE('',#5533,#5534);
#5533 = CARTESIAN_POINT('',(0.,-5.));
#5534 = VECTOR('',#5535,1.);
#5535 = DIRECTION('',(-0.,1.));
#5536 = ( GEOMETRIC_REPRESENTATION_CONTEXT(2) 
PARAMETRIC_REPRESENTATION_CONTEXT() REPRESENTATION_CONTEXT('2D SPACE',''
  ) );
#5537 = ORIENTED_EDGE('',*,*,#931,.F.);
#5538 = ADVANCED_FACE('',(#5539),#1009,.F.);
#5539 = FACE_BOUND('',#5540,.F.);
#5540 = EDGE_LOOP('',(#5541,#5564,#5590,#5591));
#5541 = ORIENTED_EDGE('',*,*,#5542,.T.);
#5542 = EDGE_CURVE('',#965,#5543,#5545,.T.);
#5543 = VERTEX_POINT('',#5544);
#5544 = CARTESIAN_POINT('',(-6.875,-54.575,1.5));
#5545 = SURFACE_CURVE('',#5546,(#5550,#5557),.PCURVE_S1.);
#5546 = LINE('',#5547,#5548);
#5547 = CARTESIAN_POINT('',(-6.875,-54.575,-5.));
#5548 = VECTOR('',#5549,1.);
#5549 = DIRECTION('',(0.,0.,1.));
#5550 = PCURVE('',#1009,#5551);
#5551 = DEFINITIONAL_REPRESENTATION('',(#5552),#5556);
#5552 = LINE('',#5553,#5554);
#5553 = CARTESIAN_POINT('',(0.,5.));
#5554 = VECTOR('',#5555,1.);
#5555 = DIRECTION('',(0.,-1.));
#5556 = ( GEOMETRIC_REPRESENTATION_CONTEXT(2) 
PARAMETRIC_REPRESENTATION_CONTEXT() REPRESENTATION_CONTEXT('2D SPACE',''
  ) );
#5557 = PCURVE('',#979,#5558);
#5558 = DEFINITIONAL_REPRESENTATION('',(#5559),#5563);
#5559 = LINE('',#5560,#5561);
#5560 = CARTESIAN_POINT('',(38.75,5.));
#5561 = VECTOR('',#5562,1.);
#5562 = DIRECTION('',(0.,-1.));
#5563 = ( GEOMETRIC_REPRESENTATION_CONTEXT(2) 
PARAMETRIC_REPRESENTATION_CONTEXT() REPRESENTATION_CONTEXT('2D SPACE',''
  ) );
#5564 = ORIENTED_EDGE('',*,*,#5565,.T.);
#5565 = EDGE_CURVE('',#5543,#5420,#5566,.T.);
#5566 = SURFACE_CURVE('',#5567,(#5572,#5579),.PCURVE_S1.);
#5567 = CIRCLE('',#5568,0.625);
#5568 = AXIS2_PLACEMENT_3D('',#5569,#5570,#5571);
#5569 = CARTESIAN_POINT('',(-7.5,-54.575,1.5));
#5570 = DIRECTION('',(0.,-0.,-1.));
#5571 = DIRECTION('',(1.,-1.110223024625E-16,0.));
#5572 = PCURVE('',#1009,#5573);
#5573 = DEFINITIONAL_REPRESENTATION('',(#5574),#5578);
#5574 = LINE('',#5575,#5576);
#5575 = CARTESIAN_POINT('',(0.,-1.5));
#5576 = VECTOR('',#5577,1.);
#5577 = DIRECTION('',(1.,0.));
#5578 = ( GEOMETRIC_REPRESENTATION_CONTEXT(2) 
PARAMETRIC_REPRESENTATION_CONTEXT() REPRESENTATION_CONTEXT('2D SPACE',''
  ) );
#5579 = PCURVE('',#4456,#5580);
#5580 = DEFINITIONAL_REPRESENTATION('',(#5581),#5589);
#5581 = ( BOUNDED_CURVE() B_SPLINE_CURVE(2,(#5582,#5583,#5584,#5585,
#5586,#5587,#5588),.UNSPECIFIED.,.T.,.F.) B_SPLINE_CURVE_WITH_KNOTS((1,2
    ,2,2,2,1),(-2.094395102393,0.,2.094395102393,4.188790204786,
6.28318530718,8.377580409573),.UNSPECIFIED.) CURVE() 
GEOMETRIC_REPRESENTATION_ITEM() RATIONAL_B_SPLINE_CURVE((1.,0.5,1.,0.5,
1.,0.5,1.)) REPRESENTATION_ITEM('') );
#5582 = CARTESIAN_POINT('',(68.325,-39.575));
#5583 = CARTESIAN_POINT('',(68.325,-40.65753175473));
#5584 = CARTESIAN_POINT('',(67.3875,-40.11626587736));
#5585 = CARTESIAN_POINT('',(66.45,-39.575));
#5586 = CARTESIAN_POINT('',(67.3875,-39.03373412263));
#5587 = CARTESIAN_POINT('',(68.325,-38.49246824526));
#5588 = CARTESIAN_POINT('',(68.325,-39.575));
#5589 = ( GEOMETRIC_REPRESENTATION_CONTEXT(2) 
PARAMETRIC_REPRESENTATION_CONTEXT() REPRESENTATION_CONTEXT('2D SPACE',''
  ) );
#5590 = ORIENTED_EDGE('',*,*,#5419,.F.);
#5591 = ORIENTED_EDGE('',*,*,#990,.F.);
#5592 = ADVANCED_FACE('',(#5593),#979,.F.);
#5593 = FACE_BOUND('',#5594,.F.);
#5594 = EDGE_LOOP('',(#5595,#5596,#5615,#5616));
#5595 = ORIENTED_EDGE('',*,*,#5517,.F.);
#5596 = ORIENTED_EDGE('',*,*,#5597,.F.);
#5597 = EDGE_CURVE('',#5543,#5490,#5598,.T.);
#5598 = SURFACE_CURVE('',#5599,(#5603,#5609),.PCURVE_S1.);
#5599 = LINE('',#5600,#5601);
#5600 = CARTESIAN_POINT('',(-6.875,-15.4125,1.5));
#5601 = VECTOR('',#5602,1.);
#5602 = DIRECTION('',(1.110223024625E-16,1.,-0.));
#5603 = PCURVE('',#979,#5604);
#5604 = DEFINITIONAL_REPRESENTATION('',(#5605),#5608);
#5605 = B_SPLINE_CURVE_WITH_KNOTS('',1,(#5606,#5607),.UNSPECIFIED.,.F.,
  .F.,(2,2),(-39.1625,-0.4125),.PIECEWISE_BEZIER_KNOTS.);
#5606 = CARTESIAN_POINT('',(38.75,-1.5));
#5607 = CARTESIAN_POINT('',(0.,-1.5));
#5608 = ( GEOMETRIC_REPRESENTATION_CONTEXT(2) 
PARAMETRIC_REPRESENTATION_CONTEXT() REPRESENTATION_CONTEXT('2D SPACE',''
  ) );
#5609 = PCURVE('',#4456,#5610);
#5610 = DEFINITIONAL_REPRESENTATION('',(#5611),#5614);
#5611 = B_SPLINE_CURVE_WITH_KNOTS('',1,(#5612,#5613),.UNSPECIFIED.,.F.,
  .F.,(2,2),(-39.1625,-0.4125),.PIECEWISE_BEZIER_KNOTS.);
#5612 = CARTESIAN_POINT('',(68.325,-39.575));
#5613 = CARTESIAN_POINT('',(68.325,-0.825));
#5614 = ( GEOMETRIC_REPRESENTATION_CONTEXT(2) 
PARAMETRIC_REPRESENTATION_CONTEXT() REPRESENTATION_CONTEXT('2D SPACE',''
  ) );
#5615 = ORIENTED_EDGE('',*,*,#5542,.F.);
#5616 = ORIENTED_EDGE('',*,*,#964,.T.);
#5617 = ADVANCED_FACE('',(#5618),#1040,.F.);
#5618 = FACE_BOUND('',#5619,.F.);
#5619 = EDGE_LOOP('',(#5620,#5643,#5664,#5685));
#5620 = ORIENTED_EDGE('',*,*,#5621,.T.);
#5621 = EDGE_CURVE('',#1026,#5622,#5624,.T.);
#5622 = VERTEX_POINT('',#5623);
#5623 = CARTESIAN_POINT('',(-4.375,-54.575,1.5));
#5624 = SURFACE_CURVE('',#5625,(#5629,#5636),.PCURVE_S1.);
#5625 = LINE('',#5626,#5627);
#5626 = CARTESIAN_POINT('',(-4.375,-54.575,-5.));
#5627 = VECTOR('',#5628,1.);
#5628 = DIRECTION('',(0.,0.,1.));
#5629 = PCURVE('',#1040,#5630);
#5630 = DEFINITIONAL_REPRESENTATION('',(#5631),#5635);
#5631 = LINE('',#5632,#5633);
#5632 = CARTESIAN_POINT('',(0.,5.));
#5633 = VECTOR('',#5634,1.);
#5634 = DIRECTION('',(0.,-1.));
#5635 = ( GEOMETRIC_REPRESENTATION_CONTEXT(2) 
PARAMETRIC_REPRESENTATION_CONTEXT() REPRESENTATION_CONTEXT('2D SPACE',''
  ) );
#5636 = PCURVE('',#1129,#5637);
#5637 = DEFINITIONAL_REPRESENTATION('',(#5638),#5642);
#5638 = LINE('',#5639,#5640);
#5639 = CARTESIAN_POINT('',(3.14159265359,5.));
#5640 = VECTOR('',#5641,1.);
#5641 = DIRECTION('',(0.,-1.));
#5642 = ( GEOMETRIC_REPRESENTATION_CONTEXT(2) 
PARAMETRIC_REPRESENTATION_CONTEXT() REPRESENTATION_CONTEXT('2D SPACE',''
  ) );
#5643 = ORIENTED_EDGE('',*,*,#5644,.F.);
#5644 = EDGE_CURVE('',#5645,#5622,#5647,.T.);
#5645 = VERTEX_POINT('',#5646);
#5646 = CARTESIAN_POINT('',(-4.375,-15.825,1.5));
#5647 = SURFACE_CURVE('',#5648,(#5652,#5658),.PCURVE_S1.);
#5648 = LINE('',#5649,#5650);
#5649 = CARTESIAN_POINT('',(-4.375,-34.7875,1.5));
#5650 = VECTOR('',#5651,1.);
#5651 = DIRECTION('',(-1.110223024625E-16,-1.,0.));
#5652 = PCURVE('',#1040,#5653);
#5653 = DEFINITIONAL_REPRESENTATION('',(#5654),#5657);
#5654 = B_SPLINE_CURVE_WITH_KNOTS('',1,(#5655,#5656),.UNSPECIFIED.,.F.,
  .F.,(2,2),(-18.9625,19.7875),.PIECEWISE_BEZIER_KNOTS.);
#5655 = CARTESIAN_POINT('',(38.75,-1.5));
#5656 = CARTESIAN_POINT('',(0.,-1.5));
#5657 = ( GEOMETRIC_REPRESENTATION_CONTEXT(2) 
PARAMETRIC_REPRESENTATION_CONTEXT() REPRESENTATION_CONTEXT('2D SPACE',''
  ) );
#5658 = PCURVE('',#4456,#5659);
#5659 = DEFINITIONAL_REPRESENTATION('',(#5660),#5663);
#5660 = B_SPLINE_CURVE_WITH_KNOTS('',1,(#5661,#5662),.UNSPECIFIED.,.F.,
  .F.,(2,2),(-18.9625,19.7875),.PIECEWISE_BEZIER_KNOTS.);
#5661 = CARTESIAN_POINT('',(70.825,-0.825));
#5662 = CARTESIAN_POINT('',(70.825,-39.575));
#5663 = ( GEOMETRIC_REPRESENTATION_CONTEXT(2) 
PARAMETRIC_REPRESENTATION_CONTEXT() REPRESENTATION_CONTEXT('2D SPACE',''
  ) );
#5664 = ORIENTED_EDGE('',*,*,#5665,.T.);
#5665 = EDGE_CURVE('',#5645,#1024,#5666,.T.);
#5666 = SURFACE_CURVE('',#5667,(#5671,#5678),.PCURVE_S1.);
#5667 = LINE('',#5668,#5669);
#5668 = CARTESIAN_POINT('',(-4.375,-15.825,5.));
#5669 = VECTOR('',#5670,1.);
#5670 = DIRECTION('',(0.,0.,-1.));
#5671 = PCURVE('',#1040,#5672);
#5672 = DEFINITIONAL_REPRESENTATION('',(#5673),#5677);
#5673 = LINE('',#5674,#5675);
#5674 = CARTESIAN_POINT('',(38.75,-5.));
#5675 = VECTOR('',#5676,1.);
#5676 = DIRECTION('',(0.,1.));
#5677 = ( GEOMETRIC_REPRESENTATION_CONTEXT(2) 
PARAMETRIC_REPRESENTATION_CONTEXT() REPRESENTATION_CONTEXT('2D SPACE',''
  ) );
#5678 = PCURVE('',#1072,#5679);
#5679 = DEFINITIONAL_REPRESENTATION('',(#5680),#5684);
#5680 = LINE('',#5681,#5682);
#5681 = CARTESIAN_POINT('',(0.,-5.));
#5682 = VECTOR('',#5683,1.);
#5683 = DIRECTION('',(-0.,1.));
#5684 = ( GEOMETRIC_REPRESENTATION_CONTEXT(2) 
PARAMETRIC_REPRESENTATION_CONTEXT() REPRESENTATION_CONTEXT('2D SPACE',''
  ) );
#5685 = ORIENTED_EDGE('',*,*,#1023,.T.);
#5686 = ADVANCED_FACE('',(#5687),#1072,.F.);
#5687 = FACE_BOUND('',#5688,.F.);
#5688 = EDGE_LOOP('',(#5689,#5690,#5718,#5739));
#5689 = ORIENTED_EDGE('',*,*,#5665,.F.);
#5690 = ORIENTED_EDGE('',*,*,#5691,.T.);
#5691 = EDGE_CURVE('',#5645,#5692,#5694,.T.);
#5692 = VERTEX_POINT('',#5693);
#5693 = CARTESIAN_POINT('',(-3.125,-15.825,1.5));
#5694 = SURFACE_CURVE('',#5695,(#5700,#5707),.PCURVE_S1.);
#5695 = CIRCLE('',#5696,0.625);
#5696 = AXIS2_PLACEMENT_3D('',#5697,#5698,#5699);
#5697 = CARTESIAN_POINT('',(-3.75,-15.825,1.5));
#5698 = DIRECTION('',(0.,0.,-1.));
#5699 = DIRECTION('',(-1.,1.110223024625E-16,0.));
#5700 = PCURVE('',#1072,#5701);
#5701 = DEFINITIONAL_REPRESENTATION('',(#5702),#5706);
#5702 = LINE('',#5703,#5704);
#5703 = CARTESIAN_POINT('',(0.,-1.5));
#5704 = VECTOR('',#5705,1.);
#5705 = DIRECTION('',(1.,0.));
#5706 = ( GEOMETRIC_REPRESENTATION_CONTEXT(2) 
PARAMETRIC_REPRESENTATION_CONTEXT() REPRESENTATION_CONTEXT('2D SPACE',''
  ) );
#5707 = PCURVE('',#4456,#5708);
#5708 = DEFINITIONAL_REPRESENTATION('',(#5709),#5717);
#5709 = ( BOUNDED_CURVE() B_SPLINE_CURVE(2,(#5710,#5711,#5712,#5713,
#5714,#5715,#5716),.UNSPECIFIED.,.T.,.F.) B_SPLINE_CURVE_WITH_KNOTS((1,2
    ,2,2,2,1),(-2.094395102393,0.,2.094395102393,4.188790204786,
6.28318530718,8.377580409573),.UNSPECIFIED.) CURVE() 
GEOMETRIC_REPRESENTATION_ITEM() RATIONAL_B_SPLINE_CURVE((1.,0.5,1.,0.5,
1.,0.5,1.)) REPRESENTATION_ITEM('') );
#5710 = CARTESIAN_POINT('',(70.825,-0.825));
#5711 = CARTESIAN_POINT('',(70.825,0.257531754731));
#5712 = CARTESIAN_POINT('',(71.7625,-0.283734122635));
#5713 = CARTESIAN_POINT('',(72.7,-0.825));
#5714 = CARTESIAN_POINT('',(71.7625,-1.366265877365));
#5715 = CARTESIAN_POINT('',(70.825,-1.907531754731));
#5716 = CARTESIAN_POINT('',(70.825,-0.825));
#5717 = ( GEOMETRIC_REPRESENTATION_CONTEXT(2) 
PARAMETRIC_REPRESENTATION_CONTEXT() REPRESENTATION_CONTEXT('2D SPACE',''
  ) );
#5718 = ORIENTED_EDGE('',*,*,#5719,.T.);
#5719 = EDGE_CURVE('',#5692,#1052,#5720,.T.);
#5720 = SURFACE_CURVE('',#5721,(#5725,#5732),.PCURVE_S1.);
#5721 = LINE('',#5722,#5723);
#5722 = CARTESIAN_POINT('',(-3.125,-15.825,5.));
#5723 = VECTOR('',#5724,1.);
#5724 = DIRECTION('',(0.,0.,-1.));
#5725 = PCURVE('',#1072,#5726);
#5726 = DEFINITIONAL_REPRESENTATION('',(#5727),#5731);
#5727 = LINE('',#5728,#5729);
#5728 = CARTESIAN_POINT('',(3.14159265359,-5.));
#5729 = VECTOR('',#5730,1.);
#5730 = DIRECTION('',(-0.,1.));
#5731 = ( GEOMETRIC_REPRESENTATION_CONTEXT(2) 
PARAMETRIC_REPRESENTATION_CONTEXT() REPRESENTATION_CONTEXT('2D SPACE',''
  ) );
#5732 = PCURVE('',#1099,#5733);
#5733 = DEFINITIONAL_REPRESENTATION('',(#5734),#5738);
#5734 = LINE('',#5735,#5736);
#5735 = CARTESIAN_POINT('',(0.,-5.));
#5736 = VECTOR('',#5737,1.);
#5737 = DIRECTION('',(-0.,1.));
#5738 = ( GEOMETRIC_REPRESENTATION_CONTEXT(2) 
PARAMETRIC_REPRESENTATION_CONTEXT() REPRESENTATION_CONTEXT('2D SPACE',''
  ) );
#5739 = ORIENTED_EDGE('',*,*,#1051,.F.);
#5740 = ADVANCED_FACE('',(#5741),#1129,.F.);
#5741 = FACE_BOUND('',#5742,.F.);
#5742 = EDGE_LOOP('',(#5743,#5766,#5792,#5793));
#5743 = ORIENTED_EDGE('',*,*,#5744,.T.);
#5744 = EDGE_CURVE('',#1085,#5745,#5747,.T.);
#5745 = VERTEX_POINT('',#5746);
#5746 = CARTESIAN_POINT('',(-3.125,-54.575,1.5));
#5747 = SURFACE_CURVE('',#5748,(#5752,#5759),.PCURVE_S1.);
#5748 = LINE('',#5749,#5750);
#5749 = CARTESIAN_POINT('',(-3.125,-54.575,-5.));
#5750 = VECTOR('',#5751,1.);
#5751 = DIRECTION('',(0.,0.,1.));
#5752 = PCURVE('',#1129,#5753);
#5753 = DEFINITIONAL_REPRESENTATION('',(#5754),#5758);
#5754 = LINE('',#5755,#5756);
#5755 = CARTESIAN_POINT('',(0.,5.));
#5756 = VECTOR('',#5757,1.);
#5757 = DIRECTION('',(0.,-1.));
#5758 = ( GEOMETRIC_REPRESENTATION_CONTEXT(2) 
PARAMETRIC_REPRESENTATION_CONTEXT() REPRESENTATION_CONTEXT('2D SPACE',''
  ) );
#5759 = PCURVE('',#1099,#5760);
#5760 = DEFINITIONAL_REPRESENTATION('',(#5761),#5765);
#5761 = LINE('',#5762,#5763);
#5762 = CARTESIAN_POINT('',(38.75,5.));
#5763 = VECTOR('',#5764,1.);
#5764 = DIRECTION('',(0.,-1.));
#5765 = ( GEOMETRIC_REPRESENTATION_CONTEXT(2) 
PARAMETRIC_REPRESENTATION_CONTEXT() REPRESENTATION_CONTEXT('2D SPACE',''
  ) );
#5766 = ORIENTED_EDGE('',*,*,#5767,.T.);
#5767 = EDGE_CURVE('',#5745,#5622,#5768,.T.);
#5768 = SURFACE_CURVE('',#5769,(#5774,#5781),.PCURVE_S1.);
#5769 = CIRCLE('',#5770,0.625);
#5770 = AXIS2_PLACEMENT_3D('',#5771,#5772,#5773);
#5771 = CARTESIAN_POINT('',(-3.75,-54.575,1.5));
#5772 = DIRECTION('',(0.,-0.,-1.));
#5773 = DIRECTION('',(1.,-1.110223024625E-16,0.));
#5774 = PCURVE('',#1129,#5775);
#5775 = DEFINITIONAL_REPRESENTATION('',(#5776),#5780);
#5776 = LINE('',#5777,#5778);
#5777 = CARTESIAN_POINT('',(0.,-1.5));
#5778 = VECTOR('',#5779,1.);
#5779 = DIRECTION('',(1.,0.));
#5780 = ( GEOMETRIC_REPRESENTATION_CONTEXT(2) 
PARAMETRIC_REPRESENTATION_CONTEXT() REPRESENTATION_CONTEXT('2D SPACE',''
  ) );
#5781 = PCURVE('',#4456,#5782);
#5782 = DEFINITIONAL_REPRESENTATION('',(#5783),#5791);
#5783 = ( BOUNDED_CURVE() B_SPLINE_CURVE(2,(#5784,#5785,#5786,#5787,
#5788,#5789,#5790),.UNSPECIFIED.,.T.,.F.) B_SPLINE_CURVE_WITH_KNOTS((1,2
    ,2,2,2,1),(-2.094395102393,0.,2.094395102393,4.188790204786,
6.28318530718,8.377580409573),.UNSPECIFIED.) CURVE() 
GEOMETRIC_REPRESENTATION_ITEM() RATIONAL_B_SPLINE_CURVE((1.,0.5,1.,0.5,
1.,0.5,1.)) REPRESENTATION_ITEM('') );
#5784 = CARTESIAN_POINT('',(72.075,-39.575));
#5785 = CARTESIAN_POINT('',(72.075,-40.65753175473));
#5786 = CARTESIAN_POINT('',(71.1375,-40.11626587736));
#5787 = CARTESIAN_POINT('',(70.2,-39.575));
#5788 = CARTESIAN_POINT('',(71.1375,-39.03373412263));
#5789 = CARTESIAN_POINT('',(72.075,-38.49246824526));
#5790 = CARTESIAN_POINT('',(72.075,-39.575));
#5791 = ( GEOMETRIC_REPRESENTATION_CONTEXT(2) 
PARAMETRIC_REPRESENTATION_CONTEXT() REPRESENTATION_CONTEXT('2D SPACE',''
  ) );
#5792 = ORIENTED_EDGE('',*,*,#5621,.F.);
#5793 = ORIENTED_EDGE('',*,*,#1110,.F.);
#5794 = ADVANCED_FACE('',(#5795),#1099,.F.);
#5795 = FACE_BOUND('',#5796,.F.);
#5796 = EDGE_LOOP('',(#5797,#5798,#5817,#5818));
#5797 = ORIENTED_EDGE('',*,*,#5719,.F.);
#5798 = ORIENTED_EDGE('',*,*,#5799,.F.);
#5799 = EDGE_CURVE('',#5745,#5692,#5800,.T.);
#5800 = SURFACE_CURVE('',#5801,(#5805,#5811),.PCURVE_S1.);
#5801 = LINE('',#5802,#5803);
#5802 = CARTESIAN_POINT('',(-3.125,-15.4125,1.5));
#5803 = VECTOR('',#5804,1.);
#5804 = DIRECTION('',(1.110223024625E-16,1.,-0.));
#5805 = PCURVE('',#1099,#5806);
#5806 = DEFINITIONAL_REPRESENTATION('',(#5807),#5810);
#5807 = B_SPLINE_CURVE_WITH_KNOTS('',1,(#5808,#5809),.UNSPECIFIED.,.F.,
  .F.,(2,2),(-39.1625,-0.4125),.PIECEWISE_BEZIER_KNOTS.);
#5808 = CARTESIAN_POINT('',(38.75,-1.5));
#5809 = CARTESIAN_POINT('',(0.,-1.5));
#5810 = ( GEOMETRIC_REPRESENTATION_CONTEXT(2) 
PARAMETRIC_REPRESENTATION_CONTEXT() REPRESENTATION_CONTEXT('2D SPACE',''
  ) );
#5811 = PCURVE('',#4456,#5812);
#5812 = DEFINITIONAL_REPRESENTATION('',(#5813),#5816);
#5813 = B_SPLINE_CURVE_WITH_KNOTS('',1,(#5814,#5815),.UNSPECIFIED.,.F.,
  .F.,(2,2),(-39.1625,-0.4125),.PIECEWISE_BEZIER_KNOTS.);
#5814 = CARTESIAN_POINT('',(72.075,-39.575));
#5815 = CARTESIAN_POINT('',(72.075,-0.825));
#5816 = ( GEOMETRIC_REPRESENTATION_CONTEXT(2) 
PARAMETRIC_REPRESENTATION_CONTEXT() REPRESENTATION_CONTEXT('2D SPACE',''
  ) );
#5817 = ORIENTED_EDGE('',*,*,#5744,.F.);
#5818 = ORIENTED_EDGE('',*,*,#1084,.T.);
#5819 = ADVANCED_FACE('',(#5820),#1160,.F.);
#5820 = FACE_BOUND('',#5821,.F.);
#5821 = EDGE_LOOP('',(#5822,#5845,#5866,#5887));
#5822 = ORIENTED_EDGE('',*,*,#5823,.T.);
#5823 = EDGE_CURVE('',#1146,#5824,#5826,.T.);
#5824 = VERTEX_POINT('',#5825);
#5825 = CARTESIAN_POINT('',(-54.575,-10.625,1.5));
#5826 = SURFACE_CURVE('',#5827,(#5831,#5838),.PCURVE_S1.);
#5827 = LINE('',#5828,#5829);
#5828 = CARTESIAN_POINT('',(-54.575,-10.625,-5.));
#5829 = VECTOR('',#5830,1.);
#5830 = DIRECTION('',(0.,0.,1.));
#5831 = PCURVE('',#1160,#5832);
#5832 = DEFINITIONAL_REPRESENTATION('',(#5833),#5837);
#5833 = LINE('',#5834,#5835);
#5834 = CARTESIAN_POINT('',(0.,5.));
#5835 = VECTOR('',#5836,1.);
#5836 = DIRECTION('',(0.,-1.));
#5837 = ( GEOMETRIC_REPRESENTATION_CONTEXT(2) 
PARAMETRIC_REPRESENTATION_CONTEXT() REPRESENTATION_CONTEXT('2D SPACE',''
  ) );
#5838 = PCURVE('',#1249,#5839);
#5839 = DEFINITIONAL_REPRESENTATION('',(#5840),#5844);
#5840 = LINE('',#5841,#5842);
#5841 = CARTESIAN_POINT('',(3.14159265359,5.));
#5842 = VECTOR('',#5843,1.);
#5843 = DIRECTION('',(0.,-1.));
#5844 = ( GEOMETRIC_REPRESENTATION_CONTEXT(2) 
PARAMETRIC_REPRESENTATION_CONTEXT() REPRESENTATION_CONTEXT('2D SPACE',''
  ) );
#5845 = ORIENTED_EDGE('',*,*,#5846,.F.);
#5846 = EDGE_CURVE('',#5847,#5824,#5849,.T.);
#5847 = VERTEX_POINT('',#5848);
#5848 = CARTESIAN_POINT('',(-15.825,-10.625,1.5));
#5849 = SURFACE_CURVE('',#5850,(#5854,#5860),.PCURVE_S1.);
#5850 = LINE('',#5851,#5852);
#5851 = CARTESIAN_POINT('',(-64.8875,-10.625,1.5));
#5852 = VECTOR('',#5853,1.);
#5853 = DIRECTION('',(-1.,0.,0.));
#5854 = PCURVE('',#1160,#5855);
#5855 = DEFINITIONAL_REPRESENTATION('',(#5856),#5859);
#5856 = B_SPLINE_CURVE_WITH_KNOTS('',1,(#5857,#5858),.UNSPECIFIED.,.F.,
  .F.,(2,2),(-49.0625,-10.3125),.PIECEWISE_BEZIER_KNOTS.);
#5857 = CARTESIAN_POINT('',(38.75,-1.5));
#5858 = CARTESIAN_POINT('',(0.,-1.5));
#5859 = ( GEOMETRIC_REPRESENTATION_CONTEXT(2) 
PARAMETRIC_REPRESENTATION_CONTEXT() REPRESENTATION_CONTEXT('2D SPACE',''
  ) );
#5860 = PCURVE('',#4456,#5861);
#5861 = DEFINITIONAL_REPRESENTATION('',(#5862),#5865);
#5862 = B_SPLINE_CURVE_WITH_KNOTS('',1,(#5863,#5864),.UNSPECIFIED.,.F.,
  .F.,(2,2),(-49.0625,-10.3125),.PIECEWISE_BEZIER_KNOTS.);
#5863 = CARTESIAN_POINT('',(59.375,4.375));
#5864 = CARTESIAN_POINT('',(20.625,4.375));
#5865 = ( GEOMETRIC_REPRESENTATION_CONTEXT(2) 
PARAMETRIC_REPRESENTATION_CONTEXT() REPRESENTATION_CONTEXT('2D SPACE',''
  ) );
#5866 = ORIENTED_EDGE('',*,*,#5867,.T.);
#5867 = EDGE_CURVE('',#5847,#1144,#5868,.T.);
#5868 = SURFACE_CURVE('',#5869,(#5873,#5880),.PCURVE_S1.);
#5869 = LINE('',#5870,#5871);
#5870 = CARTESIAN_POINT('',(-15.825,-10.625,5.));
#5871 = VECTOR('',#5872,1.);
#5872 = DIRECTION('',(0.,0.,-1.));
#5873 = PCURVE('',#1160,#5874);
#5874 = DEFINITIONAL_REPRESENTATION('',(#5875),#5879);
#5875 = LINE('',#5876,#5877);
#5876 = CARTESIAN_POINT('',(38.75,-5.));
#5877 = VECTOR('',#5878,1.);
#5878 = DIRECTION('',(0.,1.));
#5879 = ( GEOMETRIC_REPRESENTATION_CONTEXT(2) 
PARAMETRIC_REPRESENTATION_CONTEXT() REPRESENTATION_CONTEXT('2D SPACE',''
  ) );
#5880 = PCURVE('',#1192,#5881);
#5881 = DEFINITIONAL_REPRESENTATION('',(#5882),#5886);
#5882 = LINE('',#5883,#5884);
#5883 = CARTESIAN_POINT('',(0.,-5.));
#5884 = VECTOR('',#5885,1.);
#5885 = DIRECTION('',(-0.,1.));
#5886 = ( GEOMETRIC_REPRESENTATION_CONTEXT(2) 
PARAMETRIC_REPRESENTATION_CONTEXT() REPRESENTATION_CONTEXT('2D SPACE',''
  ) );
#5887 = ORIENTED_EDGE('',*,*,#1143,.T.);
#5888 = ADVANCED_FACE('',(#5889),#1192,.F.);
#5889 = FACE_BOUND('',#5890,.F.);
#5890 = EDGE_LOOP('',(#5891,#5892,#5920,#5941));
#5891 = ORIENTED_EDGE('',*,*,#5867,.F.);
#5892 = ORIENTED_EDGE('',*,*,#5893,.T.);
#5893 = EDGE_CURVE('',#5847,#5894,#5896,.T.);
#5894 = VERTEX_POINT('',#5895);
#5895 = CARTESIAN_POINT('',(-15.825,-11.875,1.5));
#5896 = SURFACE_CURVE('',#5897,(#5902,#5909),.PCURVE_S1.);
#5897 = CIRCLE('',#5898,0.625);
#5898 = AXIS2_PLACEMENT_3D('',#5899,#5900,#5901);
#5899 = CARTESIAN_POINT('',(-15.825,-11.25,1.5));
#5900 = DIRECTION('',(0.,0.,-1.));
#5901 = DIRECTION('',(0.,1.,0.));
#5902 = PCURVE('',#1192,#5903);
#5903 = DEFINITIONAL_REPRESENTATION('',(#5904),#5908);
#5904 = LINE('',#5905,#5906);
#5905 = CARTESIAN_POINT('',(0.,-1.5));
#5906 = VECTOR('',#5907,1.);
#5907 = DIRECTION('',(1.,0.));
#5908 = ( GEOMETRIC_REPRESENTATION_CONTEXT(2) 
PARAMETRIC_REPRESENTATION_CONTEXT() REPRESENTATION_CONTEXT('2D SPACE',''
  ) );
#5909 = PCURVE('',#4456,#5910);
#5910 = DEFINITIONAL_REPRESENTATION('',(#5911),#5919);
#5911 = ( BOUNDED_CURVE() B_SPLINE_CURVE(2,(#5912,#5913,#5914,#5915,
#5916,#5917,#5918),.UNSPECIFIED.,.T.,.F.) B_SPLINE_CURVE_WITH_KNOTS((1,2
    ,2,2,2,1),(-2.094395102393,0.,2.094395102393,4.188790204786,
6.28318530718,8.377580409573),.UNSPECIFIED.) CURVE() 
GEOMETRIC_REPRESENTATION_ITEM() RATIONAL_B_SPLINE_CURVE((1.,0.5,1.,0.5,
1.,0.5,1.)) REPRESENTATION_ITEM('') );
#5912 = CARTESIAN_POINT('',(59.375,4.375));
#5913 = CARTESIAN_POINT('',(60.457531754731,4.375));
#5914 = CARTESIAN_POINT('',(59.916265877365,3.4375));
#5915 = CARTESIAN_POINT('',(59.375,2.5));
#5916 = CARTESIAN_POINT('',(58.833734122635,3.4375));
#5917 = CARTESIAN_POINT('',(58.292468245269,4.375));
#5918 = CARTESIAN_POINT('',(59.375,4.375));
#5919 = ( GEOMETRIC_REPRESENTATION_CONTEXT(2) 
PARAMETRIC_REPRESENTATION_CONTEXT() REPRESENTATION_CONTEXT('2D SPACE',''
  ) );
#5920 = ORIENTED_EDGE('',*,*,#5921,.T.);
#5921 = EDGE_CURVE('',#5894,#1172,#5922,.T.);
#5922 = SURFACE_CURVE('',#5923,(#5927,#5934),.PCURVE_S1.);
#5923 = LINE('',#5924,#5925);
#5924 = CARTESIAN_POINT('',(-15.825,-11.875,5.));
#5925 = VECTOR('',#5926,1.);
#5926 = DIRECTION('',(0.,0.,-1.));
#5927 = PCURVE('',#1192,#5928);
#5928 = DEFINITIONAL_REPRESENTATION('',(#5929),#5933);
#5929 = LINE('',#5930,#5931);
#5930 = CARTESIAN_POINT('',(3.14159265359,-5.));
#5931 = VECTOR('',#5932,1.);
#5932 = DIRECTION('',(-0.,1.));
#5933 = ( GEOMETRIC_REPRESENTATION_CONTEXT(2) 
PARAMETRIC_REPRESENTATION_CONTEXT() REPRESENTATION_CONTEXT('2D SPACE',''
  ) );
#5934 = PCURVE('',#1219,#5935);
#5935 = DEFINITIONAL_REPRESENTATION('',(#5936),#5940);
#5936 = LINE('',#5937,#5938);
#5937 = CARTESIAN_POINT('',(0.,-5.));
#5938 = VECTOR('',#5939,1.);
#5939 = DIRECTION('',(0.,1.));
#5940 = ( GEOMETRIC_REPRESENTATION_CONTEXT(2) 
PARAMETRIC_REPRESENTATION_CONTEXT() REPRESENTATION_CONTEXT('2D SPACE',''
  ) );
#5941 = ORIENTED_EDGE('',*,*,#1171,.F.);
#5942 = ADVANCED_FACE('',(#5943),#1249,.F.);
#5943 = FACE_BOUND('',#5944,.F.);
#5944 = EDGE_LOOP('',(#5945,#5968,#5994,#5995));
#5945 = ORIENTED_EDGE('',*,*,#5946,.T.);
#5946 = EDGE_CURVE('',#1205,#5947,#5949,.T.);
#5947 = VERTEX_POINT('',#5948);
#5948 = CARTESIAN_POINT('',(-54.575,-11.875,1.5));
#5949 = SURFACE_CURVE('',#5950,(#5954,#5961),.PCURVE_S1.);
#5950 = LINE('',#5951,#5952);
#5951 = CARTESIAN_POINT('',(-54.575,-11.875,-5.));
#5952 = VECTOR('',#5953,1.);
#5953 = DIRECTION('',(0.,0.,1.));
#5954 = PCURVE('',#1249,#5955);
#5955 = DEFINITIONAL_REPRESENTATION('',(#5956),#5960);
#5956 = LINE('',#5957,#5958);
#5957 = CARTESIAN_POINT('',(0.,5.));
#5958 = VECTOR('',#5959,1.);
#5959 = DIRECTION('',(0.,-1.));
#5960 = ( GEOMETRIC_REPRESENTATION_CONTEXT(2) 
PARAMETRIC_REPRESENTATION_CONTEXT() REPRESENTATION_CONTEXT('2D SPACE',''
  ) );
#5961 = PCURVE('',#1219,#5962);
#5962 = DEFINITIONAL_REPRESENTATION('',(#5963),#5967);
#5963 = LINE('',#5964,#5965);
#5964 = CARTESIAN_POINT('',(38.75,5.));
#5965 = VECTOR('',#5966,1.);
#5966 = DIRECTION('',(0.,-1.));
#5967 = ( GEOMETRIC_REPRESENTATION_CONTEXT(2) 
PARAMETRIC_REPRESENTATION_CONTEXT() REPRESENTATION_CONTEXT('2D SPACE',''
  ) );
#5968 = ORIENTED_EDGE('',*,*,#5969,.T.);
#5969 = EDGE_CURVE('',#5947,#5824,#5970,.T.);
#5970 = SURFACE_CURVE('',#5971,(#5976,#5983),.PCURVE_S1.);
#5971 = CIRCLE('',#5972,0.625);
#5972 = AXIS2_PLACEMENT_3D('',#5973,#5974,#5975);
#5973 = CARTESIAN_POINT('',(-54.575,-11.25,1.5));
#5974 = DIRECTION('',(0.,-0.,-1.));
#5975 = DIRECTION('',(0.,-1.,0.));
#5976 = PCURVE('',#1249,#5977);
#5977 = DEFINITIONAL_REPRESENTATION('',(#5978),#5982);
#5978 = LINE('',#5979,#5980);
#5979 = CARTESIAN_POINT('',(0.,-1.5));
#5980 = VECTOR('',#5981,1.);
#5981 = DIRECTION('',(1.,0.));
#5982 = ( GEOMETRIC_REPRESENTATION_CONTEXT(2) 
PARAMETRIC_REPRESENTATION_CONTEXT() REPRESENTATION_CONTEXT('2D SPACE',''
  ) );
#5983 = PCURVE('',#4456,#5984);
#5984 = DEFINITIONAL_REPRESENTATION('',(#5985),#5993);
#5985 = ( BOUNDED_CURVE() B_SPLINE_CURVE(2,(#5986,#5987,#5988,#5989,
#5990,#5991,#5992),.UNSPECIFIED.,.T.,.F.) B_SPLINE_CURVE_WITH_KNOTS((1,2
    ,2,2,2,1),(-2.094395102393,0.,2.094395102393,4.188790204786,
6.28318530718,8.377580409573),.UNSPECIFIED.) CURVE() 
GEOMETRIC_REPRESENTATION_ITEM() RATIONAL_B_SPLINE_CURVE((1.,0.5,1.,0.5,
1.,0.5,1.)) REPRESENTATION_ITEM('') );
#5986 = CARTESIAN_POINT('',(20.625,3.125));
#5987 = CARTESIAN_POINT('',(19.542468245269,3.125));
#5988 = CARTESIAN_POINT('',(20.083734122635,4.0625));
#5989 = CARTESIAN_POINT('',(20.625,5.));
#5990 = CARTESIAN_POINT('',(21.166265877365,4.0625));
#5991 = CARTESIAN_POINT('',(21.707531754731,3.125));
#5992 = CARTESIAN_POINT('',(20.625,3.125));
#5993 = ( GEOMETRIC_REPRESENTATION_CONTEXT(2) 
PARAMETRIC_REPRESENTATION_CONTEXT() REPRESENTATION_CONTEXT('2D SPACE',''
  ) );
#5994 = ORIENTED_EDGE('',*,*,#5823,.F.);
#5995 = ORIENTED_EDGE('',*,*,#1230,.F.);
#5996 = ADVANCED_FACE('',(#5997),#1219,.F.);
#5997 = FACE_BOUND('',#5998,.F.);
#5998 = EDGE_LOOP('',(#5999,#6000,#6019,#6020));
#5999 = ORIENTED_EDGE('',*,*,#5921,.F.);
#6000 = ORIENTED_EDGE('',*,*,#6001,.F.);
#6001 = EDGE_CURVE('',#5947,#5894,#6002,.T.);
#6002 = SURFACE_CURVE('',#6003,(#6007,#6013),.PCURVE_S1.);
#6003 = LINE('',#6004,#6005);
#6004 = CARTESIAN_POINT('',(-45.5125,-11.875,1.5));
#6005 = VECTOR('',#6006,1.);
#6006 = DIRECTION('',(1.,0.,-0.));
#6007 = PCURVE('',#1219,#6008);
#6008 = DEFINITIONAL_REPRESENTATION('',(#6009),#6012);
#6009 = B_SPLINE_CURVE_WITH_KNOTS('',1,(#6010,#6011),.UNSPECIFIED.,.F.,
  .F.,(2,2),(-9.0625,29.6875),.PIECEWISE_BEZIER_KNOTS.);
#6010 = CARTESIAN_POINT('',(38.75,-1.5));
#6011 = CARTESIAN_POINT('',(0.,-1.5));
#6012 = ( GEOMETRIC_REPRESENTATION_CONTEXT(2) 
PARAMETRIC_REPRESENTATION_CONTEXT() REPRESENTATION_CONTEXT('2D SPACE',''
  ) );
#6013 = PCURVE('',#4456,#6014);
#6014 = DEFINITIONAL_REPRESENTATION('',(#6015),#6018);
#6015 = B_SPLINE_CURVE_WITH_KNOTS('',1,(#6016,#6017),.UNSPECIFIED.,.F.,
  .F.,(2,2),(-9.0625,29.6875),.PIECEWISE_BEZIER_KNOTS.);
#6016 = CARTESIAN_POINT('',(20.625,3.125));
#6017 = CARTESIAN_POINT('',(59.375,3.125));
#6018 = ( GEOMETRIC_REPRESENTATION_CONTEXT(2) 
PARAMETRIC_REPRESENTATION_CONTEXT() REPRESENTATION_CONTEXT('2D SPACE',''
  ) );
#6019 = ORIENTED_EDGE('',*,*,#5946,.F.);
#6020 = ORIENTED_EDGE('',*,*,#1204,.T.);
#6021 = ADVANCED_FACE('',(#6022),#1280,.F.);
#6022 = FACE_BOUND('',#6023,.F.);
#6023 = EDGE_LOOP('',(#6024,#6047,#6068,#6089));
#6024 = ORIENTED_EDGE('',*,*,#6025,.T.);
#6025 = EDGE_CURVE('',#1266,#6026,#6028,.T.);
#6026 = VERTEX_POINT('',#6027);
#6027 = CARTESIAN_POINT('',(-54.575,-6.875,1.5));
#6028 = SURFACE_CURVE('',#6029,(#6033,#6040),.PCURVE_S1.);
#6029 = LINE('',#6030,#6031);
#6030 = CARTESIAN_POINT('',(-54.575,-6.875,-5.));
#6031 = VECTOR('',#6032,1.);
#6032 = DIRECTION('',(0.,0.,1.));
#6033 = PCURVE('',#1280,#6034);
#6034 = DEFINITIONAL_REPRESENTATION('',(#6035),#6039);
#6035 = LINE('',#6036,#6037);
#6036 = CARTESIAN_POINT('',(0.,5.));
#6037 = VECTOR('',#6038,1.);
#6038 = DIRECTION('',(0.,-1.));
#6039 = ( GEOMETRIC_REPRESENTATION_CONTEXT(2) 
PARAMETRIC_REPRESENTATION_CONTEXT() REPRESENTATION_CONTEXT('2D SPACE',''
  ) );
#6040 = PCURVE('',#1369,#6041);
#6041 = DEFINITIONAL_REPRESENTATION('',(#6042),#6046);
#6042 = LINE('',#6043,#6044);
#6043 = CARTESIAN_POINT('',(3.14159265359,5.));
#6044 = VECTOR('',#6045,1.);
#6045 = DIRECTION('',(0.,-1.));
#6046 = ( GEOMETRIC_REPRESENTATION_CONTEXT(2) 
PARAMETRIC_REPRESENTATION_CONTEXT() REPRESENTATION_CONTEXT('2D SPACE',''
  ) );
#6047 = ORIENTED_EDGE('',*,*,#6048,.F.);
#6048 = EDGE_CURVE('',#6049,#6026,#6051,.T.);
#6049 = VERTEX_POINT('',#6050);
#6050 = CARTESIAN_POINT('',(-15.825,-6.875,1.5));
#6051 = SURFACE_CURVE('',#6052,(#6056,#6062),.PCURVE_S1.);
#6052 = LINE('',#6053,#6054);
#6053 = CARTESIAN_POINT('',(-64.8875,-6.875,1.5));
#6054 = VECTOR('',#6055,1.);
#6055 = DIRECTION('',(-1.,0.,0.));
#6056 = PCURVE('',#1280,#6057);
#6057 = DEFINITIONAL_REPRESENTATION('',(#6058),#6061);
#6058 = B_SPLINE_CURVE_WITH_KNOTS('',1,(#6059,#6060),.UNSPECIFIED.,.F.,
  .F.,(2,2),(-49.0625,-10.3125),.PIECEWISE_BEZIER_KNOTS.);
#6059 = CARTESIAN_POINT('',(38.75,-1.5));
#6060 = CARTESIAN_POINT('',(0.,-1.5));
#6061 = ( GEOMETRIC_REPRESENTATION_CONTEXT(2) 
PARAMETRIC_REPRESENTATION_CONTEXT() REPRESENTATION_CONTEXT('2D SPACE',''
  ) );
#6062 = PCURVE('',#4456,#6063);
#6063 = DEFINITIONAL_REPRESENTATION('',(#6064),#6067);
#6064 = B_SPLINE_CURVE_WITH_KNOTS('',1,(#6065,#6066),.UNSPECIFIED.,.F.,
  .F.,(2,2),(-49.0625,-10.3125),.PIECEWISE_BEZIER_KNOTS.);
#6065 = CARTESIAN_POINT('',(59.375,8.125));
#6066 = CARTESIAN_POINT('',(20.625,8.125));
#6067 = ( GEOMETRIC_REPRESENTATION_CONTEXT(2) 
PARAMETRIC_REPRESENTATION_CONTEXT() REPRESENTATION_CONTEXT('2D SPACE',''
  ) );
#6068 = ORIENTED_EDGE('',*,*,#6069,.T.);
#6069 = EDGE_CURVE('',#6049,#1264,#6070,.T.);
#6070 = SURFACE_CURVE('',#6071,(#6075,#6082),.PCURVE_S1.);
#6071 = LINE('',#6072,#6073);
#6072 = CARTESIAN_POINT('',(-15.825,-6.875,5.));
#6073 = VECTOR('',#6074,1.);
#6074 = DIRECTION('',(0.,0.,-1.));
#6075 = PCURVE('',#1280,#6076);
#6076 = DEFINITIONAL_REPRESENTATION('',(#6077),#6081);
#6077 = LINE('',#6078,#6079);
#6078 = CARTESIAN_POINT('',(38.75,-5.));
#6079 = VECTOR('',#6080,1.);
#6080 = DIRECTION('',(0.,1.));
#6081 = ( GEOMETRIC_REPRESENTATION_CONTEXT(2) 
PARAMETRIC_REPRESENTATION_CONTEXT() REPRESENTATION_CONTEXT('2D SPACE',''
  ) );
#6082 = PCURVE('',#1312,#6083);
#6083 = DEFINITIONAL_REPRESENTATION('',(#6084),#6088);
#6084 = LINE('',#6085,#6086);
#6085 = CARTESIAN_POINT('',(0.,-5.));
#6086 = VECTOR('',#6087,1.);
#6087 = DIRECTION('',(-0.,1.));
#6088 = ( GEOMETRIC_REPRESENTATION_CONTEXT(2) 
PARAMETRIC_REPRESENTATION_CONTEXT() REPRESENTATION_CONTEXT('2D SPACE',''
  ) );
#6089 = ORIENTED_EDGE('',*,*,#1263,.T.);
#6090 = ADVANCED_FACE('',(#6091),#1312,.F.);
#6091 = FACE_BOUND('',#6092,.F.);
#6092 = EDGE_LOOP('',(#6093,#6094,#6122,#6143));
#6093 = ORIENTED_EDGE('',*,*,#6069,.F.);
#6094 = ORIENTED_EDGE('',*,*,#6095,.T.);
#6095 = EDGE_CURVE('',#6049,#6096,#6098,.T.);
#6096 = VERTEX_POINT('',#6097);
#6097 = CARTESIAN_POINT('',(-15.825,-8.125,1.5));
#6098 = SURFACE_CURVE('',#6099,(#6104,#6111),.PCURVE_S1.);
#6099 = CIRCLE('',#6100,0.625);
#6100 = AXIS2_PLACEMENT_3D('',#6101,#6102,#6103);
#6101 = CARTESIAN_POINT('',(-15.825,-7.5,1.5));
#6102 = DIRECTION('',(0.,0.,-1.));
#6103 = DIRECTION('',(0.,1.,0.));
#6104 = PCURVE('',#1312,#6105);
#6105 = DEFINITIONAL_REPRESENTATION('',(#6106),#6110);
#6106 = LINE('',#6107,#6108);
#6107 = CARTESIAN_POINT('',(0.,-1.5));
#6108 = VECTOR('',#6109,1.);
#6109 = DIRECTION('',(1.,0.));
#6110 = ( GEOMETRIC_REPRESENTATION_CONTEXT(2) 
PARAMETRIC_REPRESENTATION_CONTEXT() REPRESENTATION_CONTEXT('2D SPACE',''
  ) );
#6111 = PCURVE('',#4456,#6112);
#6112 = DEFINITIONAL_REPRESENTATION('',(#6113),#6121);
#6113 = ( BOUNDED_CURVE() B_SPLINE_CURVE(2,(#6114,#6115,#6116,#6117,
#6118,#6119,#6120),.UNSPECIFIED.,.T.,.F.) B_SPLINE_CURVE_WITH_KNOTS((1,2
    ,2,2,2,1),(-2.094395102393,0.,2.094395102393,4.188790204786,
6.28318530718,8.377580409573),.UNSPECIFIED.) CURVE() 
GEOMETRIC_REPRESENTATION_ITEM() RATIONAL_B_SPLINE_CURVE((1.,0.5,1.,0.5,
1.,0.5,1.)) REPRESENTATION_ITEM('') );
#6114 = CARTESIAN_POINT('',(59.375,8.125));
#6115 = CARTESIAN_POINT('',(60.457531754731,8.125));
#6116 = CARTESIAN_POINT('',(59.916265877365,7.1875));
#6117 = CARTESIAN_POINT('',(59.375,6.25));
#6118 = CARTESIAN_POINT('',(58.833734122635,7.1875));
#6119 = CARTESIAN_POINT('',(58.292468245269,8.125));
#6120 = CARTESIAN_POINT('',(59.375,8.125));
#6121 = ( GEOMETRIC_REPRESENTATION_CONTEXT(2) 
PARAMETRIC_REPRESENTATION_CONTEXT() REPRESENTATION_CONTEXT('2D SPACE',''
  ) );
#6122 = ORIENTED_EDGE('',*,*,#6123,.T.);
#6123 = EDGE_CURVE('',#6096,#1292,#6124,.T.);
#6124 = SURFACE_CURVE('',#6125,(#6129,#6136),.PCURVE_S1.);
#6125 = LINE('',#6126,#6127);
#6126 = CARTESIAN_POINT('',(-15.825,-8.125,5.));
#6127 = VECTOR('',#6128,1.);
#6128 = DIRECTION('',(0.,0.,-1.));
#6129 = PCURVE('',#1312,#6130);
#6130 = DEFINITIONAL_REPRESENTATION('',(#6131),#6135);
#6131 = LINE('',#6132,#6133);
#6132 = CARTESIAN_POINT('',(3.14159265359,-5.));
#6133 = VECTOR('',#6134,1.);
#6134 = DIRECTION('',(-0.,1.));
#6135 = ( GEOMETRIC_REPRESENTATION_CONTEXT(2) 
PARAMETRIC_REPRESENTATION_CONTEXT() REPRESENTATION_CONTEXT('2D SPACE',''
  ) );
#6136 = PCURVE('',#1339,#6137);
#6137 = DEFINITIONAL_REPRESENTATION('',(#6138),#6142);
#6138 = LINE('',#6139,#6140);
#6139 = CARTESIAN_POINT('',(0.,-5.));
#6140 = VECTOR('',#6141,1.);
#6141 = DIRECTION('',(0.,1.));
#6142 = ( GEOMETRIC_REPRESENTATION_CONTEXT(2) 
PARAMETRIC_REPRESENTATION_CONTEXT() REPRESENTATION_CONTEXT('2D SPACE',''
  ) );
#6143 = ORIENTED_EDGE('',*,*,#1291,.F.);
#6144 = ADVANCED_FACE('',(#6145),#1369,.F.);
#6145 = FACE_BOUND('',#6146,.F.);
#6146 = EDGE_LOOP('',(#6147,#6170,#6196,#6197));
#6147 = ORIENTED_EDGE('',*,*,#6148,.T.);
#6148 = EDGE_CURVE('',#1325,#6149,#6151,.T.);
#6149 = VERTEX_POINT('',#6150);
#6150 = CARTESIAN_POINT('',(-54.575,-8.125,1.5));
#6151 = SURFACE_CURVE('',#6152,(#6156,#6163),.PCURVE_S1.);
#6152 = LINE('',#6153,#6154);
#6153 = CARTESIAN_POINT('',(-54.575,-8.125,-5.));
#6154 = VECTOR('',#6155,1.);
#6155 = DIRECTION('',(0.,0.,1.));
#6156 = PCURVE('',#1369,#6157);
#6157 = DEFINITIONAL_REPRESENTATION('',(#6158),#6162);
#6158 = LINE('',#6159,#6160);
#6159 = CARTESIAN_POINT('',(0.,5.));
#6160 = VECTOR('',#6161,1.);
#6161 = DIRECTION('',(0.,-1.));
#6162 = ( GEOMETRIC_REPRESENTATION_CONTEXT(2) 
PARAMETRIC_REPRESENTATION_CONTEXT() REPRESENTATION_CONTEXT('2D SPACE',''
  ) );
#6163 = PCURVE('',#1339,#6164);
#6164 = DEFINITIONAL_REPRESENTATION('',(#6165),#6169);
#6165 = LINE('',#6166,#6167);
#6166 = CARTESIAN_POINT('',(38.75,5.));
#6167 = VECTOR('',#6168,1.);
#6168 = DIRECTION('',(0.,-1.));
#6169 = ( GEOMETRIC_REPRESENTATION_CONTEXT(2) 
PARAMETRIC_REPRESENTATION_CONTEXT() REPRESENTATION_CONTEXT('2D SPACE',''
  ) );
#6170 = ORIENTED_EDGE('',*,*,#6171,.T.);
#6171 = EDGE_CURVE('',#6149,#6026,#6172,.T.);
#6172 = SURFACE_CURVE('',#6173,(#6178,#6185),.PCURVE_S1.);
#6173 = CIRCLE('',#6174,0.625);
#6174 = AXIS2_PLACEMENT_3D('',#6175,#6176,#6177);
#6175 = CARTESIAN_POINT('',(-54.575,-7.5,1.5));
#6176 = DIRECTION('',(0.,-0.,-1.));
#6177 = DIRECTION('',(0.,-1.,0.));
#6178 = PCURVE('',#1369,#6179);
#6179 = DEFINITIONAL_REPRESENTATION('',(#6180),#6184);
#6180 = LINE('',#6181,#6182);
#6181 = CARTESIAN_POINT('',(0.,-1.5));
#6182 = VECTOR('',#6183,1.);
#6183 = DIRECTION('',(1.,0.));
#6184 = ( GEOMETRIC_REPRESENTATION_CONTEXT(2) 
PARAMETRIC_REPRESENTATION_CONTEXT() REPRESENTATION_CONTEXT('2D SPACE',''
  ) );
#6185 = PCURVE('',#4456,#6186);
#6186 = DEFINITIONAL_REPRESENTATION('',(#6187),#6195);
#6187 = ( BOUNDED_CURVE() B_SPLINE_CURVE(2,(#6188,#6189,#6190,#6191,
#6192,#6193,#6194),.UNSPECIFIED.,.T.,.F.) B_SPLINE_CURVE_WITH_KNOTS((1,2
    ,2,2,2,1),(-2.094395102393,0.,2.094395102393,4.188790204786,
6.28318530718,8.377580409573),.UNSPECIFIED.) CURVE() 
GEOMETRIC_REPRESENTATION_ITEM() RATIONAL_B_SPLINE_CURVE((1.,0.5,1.,0.5,
1.,0.5,1.)) REPRESENTATION_ITEM('') );
#6188 = CARTESIAN_POINT('',(20.625,6.875));
#6189 = CARTESIAN_POINT('',(19.542468245269,6.875));
#6190 = CARTESIAN_POINT('',(20.083734122635,7.8125));
#6191 = CARTESIAN_POINT('',(20.625,8.75));
#6192 = CARTESIAN_POINT('',(21.166265877365,7.8125));
#6193 = CARTESIAN_POINT('',(21.707531754731,6.875));
#6194 = CARTESIAN_POINT('',(20.625,6.875));
#6195 = ( GEOMETRIC_REPRESENTATION_CONTEXT(2) 
PARAMETRIC_REPRESENTATION_CONTEXT() REPRESENTATION_CONTEXT('2D SPACE',''
  ) );
#6196 = ORIENTED_EDGE('',*,*,#6025,.F.);
#6197 = ORIENTED_EDGE('',*,*,#1350,.F.);
#6198 = ADVANCED_FACE('',(#6199),#1339,.F.);
#6199 = FACE_BOUND('',#6200,.F.);
#6200 = EDGE_LOOP('',(#6201,#6202,#6221,#6222));
#6201 = ORIENTED_EDGE('',*,*,#6123,.F.);
#6202 = ORIENTED_EDGE('',*,*,#6203,.F.);
#6203 = EDGE_CURVE('',#6149,#6096,#6204,.T.);
#6204 = SURFACE_CURVE('',#6205,(#6209,#6215),.PCURVE_S1.);
#6205 = LINE('',#6206,#6207);
#6206 = CARTESIAN_POINT('',(-45.5125,-8.125,1.5));
#6207 = VECTOR('',#6208,1.);
#6208 = DIRECTION('',(1.,0.,-0.));
#6209 = PCURVE('',#1339,#6210);
#6210 = DEFINITIONAL_REPRESENTATION('',(#6211),#6214);
#6211 = B_SPLINE_CURVE_WITH_KNOTS('',1,(#6212,#6213),.UNSPECIFIED.,.F.,
  .F.,(2,2),(-9.0625,29.6875),.PIECEWISE_BEZIER_KNOTS.);
#6212 = CARTESIAN_POINT('',(38.75,-1.5));
#6213 = CARTESIAN_POINT('',(0.,-1.5));
#6214 = ( GEOMETRIC_REPRESENTATION_CONTEXT(2) 
PARAMETRIC_REPRESENTATION_CONTEXT() REPRESENTATION_CONTEXT('2D SPACE',''
  ) );
#6215 = PCURVE('',#4456,#6216);
#6216 = DEFINITIONAL_REPRESENTATION('',(#6217),#6220);
#6217 = B_SPLINE_CURVE_WITH_KNOTS('',1,(#6218,#6219),.UNSPECIFIED.,.F.,
  .F.,(2,2),(-9.0625,29.6875),.PIECEWISE_BEZIER_KNOTS.);
#6218 = CARTESIAN_POINT('',(20.625,6.875));
#6219 = CARTESIAN_POINT('',(59.375,6.875));
#6220 = ( GEOMETRIC_REPRESENTATION_CONTEXT(2) 
PARAMETRIC_REPRESENTATION_CONTEXT() REPRESENTATION_CONTEXT('2D SPACE',''
  ) );
#6221 = ORIENTED_EDGE('',*,*,#6148,.F.);
#6222 = ORIENTED_EDGE('',*,*,#1324,.T.);
#6223 = ADVANCED_FACE('',(#6224),#1400,.F.);
#6224 = FACE_BOUND('',#6225,.F.);
#6225 = EDGE_LOOP('',(#6226,#6249,#6270,#6291));
#6226 = ORIENTED_EDGE('',*,*,#6227,.T.);
#6227 = EDGE_CURVE('',#1386,#6228,#6230,.T.);
#6228 = VERTEX_POINT('',#6229);
#6229 = CARTESIAN_POINT('',(-54.575,-3.125,1.5));
#6230 = SURFACE_CURVE('',#6231,(#6235,#6242),.PCURVE_S1.);
#6231 = LINE('',#6232,#6233);
#6232 = CARTESIAN_POINT('',(-54.575,-3.125,-5.));
#6233 = VECTOR('',#6234,1.);
#6234 = DIRECTION('',(0.,0.,1.));
#6235 = PCURVE('',#1400,#6236);
#6236 = DEFINITIONAL_REPRESENTATION('',(#6237),#6241);
#6237 = LINE('',#6238,#6239);
#6238 = CARTESIAN_POINT('',(0.,5.));
#6239 = VECTOR('',#6240,1.);
#6240 = DIRECTION('',(0.,-1.));
#6241 = ( GEOMETRIC_REPRESENTATION_CONTEXT(2) 
PARAMETRIC_REPRESENTATION_CONTEXT() REPRESENTATION_CONTEXT('2D SPACE',''
  ) );
#6242 = PCURVE('',#1489,#6243);
#6243 = DEFINITIONAL_REPRESENTATION('',(#6244),#6248);
#6244 = LINE('',#6245,#6246);
#6245 = CARTESIAN_POINT('',(3.14159265359,5.));
#6246 = VECTOR('',#6247,1.);
#6247 = DIRECTION('',(0.,-1.));
#6248 = ( GEOMETRIC_REPRESENTATION_CONTEXT(2) 
PARAMETRIC_REPRESENTATION_CONTEXT() REPRESENTATION_CONTEXT('2D SPACE',''
  ) );
#6249 = ORIENTED_EDGE('',*,*,#6250,.F.);
#6250 = EDGE_CURVE('',#6251,#6228,#6253,.T.);
#6251 = VERTEX_POINT('',#6252);
#6252 = CARTESIAN_POINT('',(-15.825,-3.125,1.5));
#6253 = SURFACE_CURVE('',#6254,(#6258,#6264),.PCURVE_S1.);
#6254 = LINE('',#6255,#6256);
#6255 = CARTESIAN_POINT('',(-64.8875,-3.125,1.5));
#6256 = VECTOR('',#6257,1.);
#6257 = DIRECTION('',(-1.,0.,0.));
#6258 = PCURVE('',#1400,#6259);
#6259 = DEFINITIONAL_REPRESENTATION('',(#6260),#6263);
#6260 = B_SPLINE_CURVE_WITH_KNOTS('',1,(#6261,#6262),.UNSPECIFIED.,.F.,
  .F.,(2,2),(-49.0625,-10.3125),.PIECEWISE_BEZIER_KNOTS.);
#6261 = CARTESIAN_POINT('',(38.75,-1.5));
#6262 = CARTESIAN_POINT('',(0.,-1.5));
#6263 = ( GEOMETRIC_REPRESENTATION_CONTEXT(2) 
PARAMETRIC_REPRESENTATION_CONTEXT() REPRESENTATION_CONTEXT('2D SPACE',''
  ) );
#6264 = PCURVE('',#4456,#6265);
#6265 = DEFINITIONAL_REPRESENTATION('',(#6266),#6269);
#6266 = B_SPLINE_CURVE_WITH_KNOTS('',1,(#6267,#6268),.UNSPECIFIED.,.F.,
  .F.,(2,2),(-49.0625,-10.3125),.PIECEWISE_BEZIER_KNOTS.);
#6267 = CARTESIAN_POINT('',(59.375,11.875));
#6268 = CARTESIAN_POINT('',(20.625,11.875));
#6269 = ( GEOMETRIC_REPRESENTATION_CONTEXT(2) 
PARAMETRIC_REPRESENTATION_CONTEXT() REPRESENTATION_CONTEXT('2D SPACE',''
  ) );
#6270 = ORIENTED_EDGE('',*,*,#6271,.T.);
#6271 = EDGE_CURVE('',#6251,#1384,#6272,.T.);
#6272 = SURFACE_CURVE('',#6273,(#6277,#6284),.PCURVE_S1.);
#6273 = LINE('',#6274,#6275);
#6274 = CARTESIAN_POINT('',(-15.825,-3.125,5.));
#6275 = VECTOR('',#6276,1.);
#6276 = DIRECTION('',(0.,0.,-1.));
#6277 = PCURVE('',#1400,#6278);
#6278 = DEFINITIONAL_REPRESENTATION('',(#6279),#6283);
#6279 = LINE('',#6280,#6281);
#6280 = CARTESIAN_POINT('',(38.75,-5.));
#6281 = VECTOR('',#6282,1.);
#6282 = DIRECTION('',(0.,1.));
#6283 = ( GEOMETRIC_REPRESENTATION_CONTEXT(2) 
PARAMETRIC_REPRESENTATION_CONTEXT() REPRESENTATION_CONTEXT('2D SPACE',''
  ) );
#6284 = PCURVE('',#1432,#6285);
#6285 = DEFINITIONAL_REPRESENTATION('',(#6286),#6290);
#6286 = LINE('',#6287,#6288);
#6287 = CARTESIAN_POINT('',(0.,-5.));
#6288 = VECTOR('',#6289,1.);
#6289 = DIRECTION('',(-0.,1.));
#6290 = ( GEOMETRIC_REPRESENTATION_CONTEXT(2) 
PARAMETRIC_REPRESENTATION_CONTEXT() REPRESENTATION_CONTEXT('2D SPACE',''
  ) );
#6291 = ORIENTED_EDGE('',*,*,#1383,.T.);
#6292 = ADVANCED_FACE('',(#6293),#1432,.F.);
#6293 = FACE_BOUND('',#6294,.F.);
#6294 = EDGE_LOOP('',(#6295,#6296,#6324,#6345));
#6295 = ORIENTED_EDGE('',*,*,#6271,.F.);
#6296 = ORIENTED_EDGE('',*,*,#6297,.T.);
#6297 = EDGE_CURVE('',#6251,#6298,#6300,.T.);
#6298 = VERTEX_POINT('',#6299);
#6299 = CARTESIAN_POINT('',(-15.825,-4.375,1.5));
#6300 = SURFACE_CURVE('',#6301,(#6306,#6313),.PCURVE_S1.);
#6301 = CIRCLE('',#6302,0.625);
#6302 = AXIS2_PLACEMENT_3D('',#6303,#6304,#6305);
#6303 = CARTESIAN_POINT('',(-15.825,-3.75,1.5));
#6304 = DIRECTION('',(0.,0.,-1.));
#6305 = DIRECTION('',(0.,1.,0.));
#6306 = PCURVE('',#1432,#6307);
#6307 = DEFINITIONAL_REPRESENTATION('',(#6308),#6312);
#6308 = LINE('',#6309,#6310);
#6309 = CARTESIAN_POINT('',(0.,-1.5));
#6310 = VECTOR('',#6311,1.);
#6311 = DIRECTION('',(1.,0.));
#6312 = ( GEOMETRIC_REPRESENTATION_CONTEXT(2) 
PARAMETRIC_REPRESENTATION_CONTEXT() REPRESENTATION_CONTEXT('2D SPACE',''
  ) );
#6313 = PCURVE('',#4456,#6314);
#6314 = DEFINITIONAL_REPRESENTATION('',(#6315),#6323);
#6315 = ( BOUNDED_CURVE() B_SPLINE_CURVE(2,(#6316,#6317,#6318,#6319,
#6320,#6321,#6322),.UNSPECIFIED.,.T.,.F.) B_SPLINE_CURVE_WITH_KNOTS((1,2
    ,2,2,2,1),(-2.094395102393,0.,2.094395102393,4.188790204786,
6.28318530718,8.377580409573),.UNSPECIFIED.) CURVE() 
GEOMETRIC_REPRESENTATION_ITEM() RATIONAL_B_SPLINE_CURVE((1.,0.5,1.,0.5,
1.,0.5,1.)) REPRESENTATION_ITEM('') );
#6316 = CARTESIAN_POINT('',(59.375,11.875));
#6317 = CARTESIAN_POINT('',(60.457531754731,11.875));
#6318 = CARTESIAN_POINT('',(59.916265877365,10.9375));
#6319 = CARTESIAN_POINT('',(59.375,10.));
#6320 = CARTESIAN_POINT('',(58.833734122635,10.9375));
#6321 = CARTESIAN_POINT('',(58.292468245269,11.875));
#6322 = CARTESIAN_POINT('',(59.375,11.875));
#6323 = ( GEOMETRIC_REPRESENTATION_CONTEXT(2) 
PARAMETRIC_REPRESENTATION_CONTEXT() REPRESENTATION_CONTEXT('2D SPACE',''
  ) );
#6324 = ORIENTED_EDGE('',*,*,#6325,.T.);
#6325 = EDGE_CURVE('',#6298,#1412,#6326,.T.);
#6326 = SURFACE_CURVE('',#6327,(#6331,#6338),.PCURVE_S1.);
#6327 = LINE('',#6328,#6329);
#6328 = CARTESIAN_POINT('',(-15.825,-4.375,5.));
#6329 = VECTOR('',#6330,1.);
#6330 = DIRECTION('',(0.,0.,-1.));
#6331 = PCURVE('',#1432,#6332);
#6332 = DEFINITIONAL_REPRESENTATION('',(#6333),#6337);
#6333 = LINE('',#6334,#6335);
#6334 = CARTESIAN_POINT('',(3.14159265359,-5.));
#6335 = VECTOR('',#6336,1.);
#6336 = DIRECTION('',(-0.,1.));
#6337 = ( GEOMETRIC_REPRESENTATION_CONTEXT(2) 
PARAMETRIC_REPRESENTATION_CONTEXT() REPRESENTATION_CONTEXT('2D SPACE',''
  ) );
#6338 = PCURVE('',#1459,#6339);
#6339 = DEFINITIONAL_REPRESENTATION('',(#6340),#6344);
#6340 = LINE('',#6341,#6342);
#6341 = CARTESIAN_POINT('',(0.,-5.));
#6342 = VECTOR('',#6343,1.);
#6343 = DIRECTION('',(0.,1.));
#6344 = ( GEOMETRIC_REPRESENTATION_CONTEXT(2) 
PARAMETRIC_REPRESENTATION_CONTEXT() REPRESENTATION_CONTEXT('2D SPACE',''
  ) );
#6345 = ORIENTED_EDGE('',*,*,#1411,.F.);
#6346 = ADVANCED_FACE('',(#6347),#1489,.F.);
#6347 = FACE_BOUND('',#6348,.F.);
#6348 = EDGE_LOOP('',(#6349,#6372,#6398,#6399));
#6349 = ORIENTED_EDGE('',*,*,#6350,.T.);
#6350 = EDGE_CURVE('',#1445,#6351,#6353,.T.);
#6351 = VERTEX_POINT('',#6352);
#6352 = CARTESIAN_POINT('',(-54.575,-4.375,1.5));
#6353 = SURFACE_CURVE('',#6354,(#6358,#6365),.PCURVE_S1.);
#6354 = LINE('',#6355,#6356);
#6355 = CARTESIAN_POINT('',(-54.575,-4.375,-5.));
#6356 = VECTOR('',#6357,1.);
#6357 = DIRECTION('',(0.,0.,1.));
#6358 = PCURVE('',#1489,#6359);
#6359 = DEFINITIONAL_REPRESENTATION('',(#6360),#6364);
#6360 = LINE('',#6361,#6362);
#6361 = CARTESIAN_POINT('',(0.,5.));
#6362 = VECTOR('',#6363,1.);
#6363 = DIRECTION('',(0.,-1.));
#6364 = ( GEOMETRIC_REPRESENTATION_CONTEXT(2) 
PARAMETRIC_REPRESENTATION_CONTEXT() REPRESENTATION_CONTEXT('2D SPACE',''
  ) );
#6365 = PCURVE('',#1459,#6366);
#6366 = DEFINITIONAL_REPRESENTATION('',(#6367),#6371);
#6367 = LINE('',#6368,#6369);
#6368 = CARTESIAN_POINT('',(38.75,5.));
#6369 = VECTOR('',#6370,1.);
#6370 = DIRECTION('',(0.,-1.));
#6371 = ( GEOMETRIC_REPRESENTATION_CONTEXT(2) 
PARAMETRIC_REPRESENTATION_CONTEXT() REPRESENTATION_CONTEXT('2D SPACE',''
  ) );
#6372 = ORIENTED_EDGE('',*,*,#6373,.T.);
#6373 = EDGE_CURVE('',#6351,#6228,#6374,.T.);
#6374 = SURFACE_CURVE('',#6375,(#6380,#6387),.PCURVE_S1.);
#6375 = CIRCLE('',#6376,0.625);
#6376 = AXIS2_PLACEMENT_3D('',#6377,#6378,#6379);
#6377 = CARTESIAN_POINT('',(-54.575,-3.75,1.5));
#6378 = DIRECTION('',(0.,-0.,-1.));
#6379 = DIRECTION('',(0.,-1.,0.));
#6380 = PCURVE('',#1489,#6381);
#6381 = DEFINITIONAL_REPRESENTATION('',(#6382),#6386);
#6382 = LINE('',#6383,#6384);
#6383 = CARTESIAN_POINT('',(0.,-1.5));
#6384 = VECTOR('',#6385,1.);
#6385 = DIRECTION('',(1.,0.));
#6386 = ( GEOMETRIC_REPRESENTATION_CONTEXT(2) 
PARAMETRIC_REPRESENTATION_CONTEXT() REPRESENTATION_CONTEXT('2D SPACE',''
  ) );
#6387 = PCURVE('',#4456,#6388);
#6388 = DEFINITIONAL_REPRESENTATION('',(#6389),#6397);
#6389 = ( BOUNDED_CURVE() B_SPLINE_CURVE(2,(#6390,#6391,#6392,#6393,
#6394,#6395,#6396),.UNSPECIFIED.,.T.,.F.) B_SPLINE_CURVE_WITH_KNOTS((1,2
    ,2,2,2,1),(-2.094395102393,0.,2.094395102393,4.188790204786,
6.28318530718,8.377580409573),.UNSPECIFIED.) CURVE() 
GEOMETRIC_REPRESENTATION_ITEM() RATIONAL_B_SPLINE_CURVE((1.,0.5,1.,0.5,
1.,0.5,1.)) REPRESENTATION_ITEM('') );
#6390 = CARTESIAN_POINT('',(20.625,10.625));
#6391 = CARTESIAN_POINT('',(19.542468245269,10.625));
#6392 = CARTESIAN_POINT('',(20.083734122635,11.5625));
#6393 = CARTESIAN_POINT('',(20.625,12.5));
#6394 = CARTESIAN_POINT('',(21.166265877365,11.5625));
#6395 = CARTESIAN_POINT('',(21.707531754731,10.625));
#6396 = CARTESIAN_POINT('',(20.625,10.625));
#6397 = ( GEOMETRIC_REPRESENTATION_CONTEXT(2) 
PARAMETRIC_REPRESENTATION_CONTEXT() REPRESENTATION_CONTEXT('2D SPACE',''
  ) );
#6398 = ORIENTED_EDGE('',*,*,#6227,.F.);
#6399 = ORIENTED_EDGE('',*,*,#1470,.F.);
#6400 = ADVANCED_FACE('',(#6401),#1459,.F.);
#6401 = FACE_BOUND('',#6402,.F.);
#6402 = EDGE_LOOP('',(#6403,#6404,#6423,#6424));
#6403 = ORIENTED_EDGE('',*,*,#6325,.F.);
#6404 = ORIENTED_EDGE('',*,*,#6405,.F.);
#6405 = EDGE_CURVE('',#6351,#6298,#6406,.T.);
#6406 = SURFACE_CURVE('',#6407,(#6411,#6417),.PCURVE_S1.);
#6407 = LINE('',#6408,#6409);
#6408 = CARTESIAN_POINT('',(-45.5125,-4.375,1.5));
#6409 = VECTOR('',#6410,1.);
#6410 = DIRECTION('',(1.,0.,-0.));
#6411 = PCURVE('',#1459,#6412);
#6412 = DEFINITIONAL_REPRESENTATION('',(#6413),#6416);
#6413 = B_SPLINE_CURVE_WITH_KNOTS('',1,(#6414,#6415),.UNSPECIFIED.,.F.,
  .F.,(2,2),(-9.0625,29.6875),.PIECEWISE_BEZIER_KNOTS.);
#6414 = CARTESIAN_POINT('',(38.75,-1.5));
#6415 = CARTESIAN_POINT('',(0.,-1.5));
#6416 = ( GEOMETRIC_REPRESENTATION_CONTEXT(2) 
PARAMETRIC_REPRESENTATION_CONTEXT() REPRESENTATION_CONTEXT('2D SPACE',''
  ) );
#6417 = PCURVE('',#4456,#6418);
#6418 = DEFINITIONAL_REPRESENTATION('',(#6419),#6422);
#6419 = B_SPLINE_CURVE_WITH_KNOTS('',1,(#6420,#6421),.UNSPECIFIED.,.F.,
  .F.,(2,2),(-9.0625,29.6875),.PIECEWISE_BEZIER_KNOTS.);
#6420 = CARTESIAN_POINT('',(20.625,10.625));
#6421 = CARTESIAN_POINT('',(59.375,10.625));
#6422 = ( GEOMETRIC_REPRESENTATION_CONTEXT(2) 
PARAMETRIC_REPRESENTATION_CONTEXT() REPRESENTATION_CONTEXT('2D SPACE',''
  ) );
#6423 = ORIENTED_EDGE('',*,*,#6350,.F.);
#6424 = ORIENTED_EDGE('',*,*,#1444,.T.);
#6425 = ADVANCED_FACE('',(#6426),#1520,.F.);
#6426 = FACE_BOUND('',#6427,.F.);
#6427 = EDGE_LOOP('',(#6428,#6451,#6472,#6493));
#6428 = ORIENTED_EDGE('',*,*,#6429,.T.);
#6429 = EDGE_CURVE('',#1506,#6430,#6432,.T.);
#6430 = VERTEX_POINT('',#6431);
#6431 = CARTESIAN_POINT('',(-0.625,-54.575,1.5));
#6432 = SURFACE_CURVE('',#6433,(#6437,#6444),.PCURVE_S1.);
#6433 = LINE('',#6434,#6435);
#6434 = CARTESIAN_POINT('',(-0.625,-54.575,-5.));
#6435 = VECTOR('',#6436,1.);
#6436 = DIRECTION('',(0.,0.,1.));
#6437 = PCURVE('',#1520,#6438);
#6438 = DEFINITIONAL_REPRESENTATION('',(#6439),#6443);
#6439 = LINE('',#6440,#6441);
#6440 = CARTESIAN_POINT('',(0.,5.));
#6441 = VECTOR('',#6442,1.);
#6442 = DIRECTION('',(0.,-1.));
#6443 = ( GEOMETRIC_REPRESENTATION_CONTEXT(2) 
PARAMETRIC_REPRESENTATION_CONTEXT() REPRESENTATION_CONTEXT('2D SPACE',''
  ) );
#6444 = PCURVE('',#1609,#6445);
#6445 = DEFINITIONAL_REPRESENTATION('',(#6446),#6450);
#6446 = LINE('',#6447,#6448);
#6447 = CARTESIAN_POINT('',(3.14159265359,5.));
#6448 = VECTOR('',#6449,1.);
#6449 = DIRECTION('',(0.,-1.));
#6450 = ( GEOMETRIC_REPRESENTATION_CONTEXT(2) 
PARAMETRIC_REPRESENTATION_CONTEXT() REPRESENTATION_CONTEXT('2D SPACE',''
  ) );
#6451 = ORIENTED_EDGE('',*,*,#6452,.F.);
#6452 = EDGE_CURVE('',#6453,#6430,#6455,.T.);
#6453 = VERTEX_POINT('',#6454);
#6454 = CARTESIAN_POINT('',(-0.625,-15.825,1.5));
#6455 = SURFACE_CURVE('',#6456,(#6460,#6466),.PCURVE_S1.);
#6456 = LINE('',#6457,#6458);
#6457 = CARTESIAN_POINT('',(-0.625,-34.7875,1.5));
#6458 = VECTOR('',#6459,1.);
#6459 = DIRECTION('',(-1.110223024625E-16,-1.,0.));
#6460 = PCURVE('',#1520,#6461);
#6461 = DEFINITIONAL_REPRESENTATION('',(#6462),#6465);
#6462 = B_SPLINE_CURVE_WITH_KNOTS('',1,(#6463,#6464),.UNSPECIFIED.,.F.,
  .F.,(2,2),(-18.9625,19.7875),.PIECEWISE_BEZIER_KNOTS.);
#6463 = CARTESIAN_POINT('',(38.75,-1.5));
#6464 = CARTESIAN_POINT('',(0.,-1.5));
#6465 = ( GEOMETRIC_REPRESENTATION_CONTEXT(2) 
PARAMETRIC_REPRESENTATION_CONTEXT() REPRESENTATION_CONTEXT('2D SPACE',''
  ) );
#6466 = PCURVE('',#4456,#6467);
#6467 = DEFINITIONAL_REPRESENTATION('',(#6468),#6471);
#6468 = B_SPLINE_CURVE_WITH_KNOTS('',1,(#6469,#6470),.UNSPECIFIED.,.F.,
  .F.,(2,2),(-18.9625,19.7875),.PIECEWISE_BEZIER_KNOTS.);
#6469 = CARTESIAN_POINT('',(74.575,-0.825));
#6470 = CARTESIAN_POINT('',(74.575,-39.575));
#6471 = ( GEOMETRIC_REPRESENTATION_CONTEXT(2) 
PARAMETRIC_REPRESENTATION_CONTEXT() REPRESENTATION_CONTEXT('2D SPACE',''
  ) );
#6472 = ORIENTED_EDGE('',*,*,#6473,.T.);
#6473 = EDGE_CURVE('',#6453,#1504,#6474,.T.);
#6474 = SURFACE_CURVE('',#6475,(#6479,#6486),.PCURVE_S1.);
#6475 = LINE('',#6476,#6477);
#6476 = CARTESIAN_POINT('',(-0.625,-15.825,5.));
#6477 = VECTOR('',#6478,1.);
#6478 = DIRECTION('',(0.,0.,-1.));
#6479 = PCURVE('',#1520,#6480);
#6480 = DEFINITIONAL_REPRESENTATION('',(#6481),#6485);
#6481 = LINE('',#6482,#6483);
#6482 = CARTESIAN_POINT('',(38.75,-5.));
#6483 = VECTOR('',#6484,1.);
#6484 = DIRECTION('',(0.,1.));
#6485 = ( GEOMETRIC_REPRESENTATION_CONTEXT(2) 
PARAMETRIC_REPRESENTATION_CONTEXT() REPRESENTATION_CONTEXT('2D SPACE',''
  ) );
#6486 = PCURVE('',#1552,#6487);
#6487 = DEFINITIONAL_REPRESENTATION('',(#6488),#6492);
#6488 = LINE('',#6489,#6490);
#6489 = CARTESIAN_POINT('',(0.,-5.));
#6490 = VECTOR('',#6491,1.);
#6491 = DIRECTION('',(-0.,1.));
#6492 = ( GEOMETRIC_REPRESENTATION_CONTEXT(2) 
PARAMETRIC_REPRESENTATION_CONTEXT() REPRESENTATION_CONTEXT('2D SPACE',''
  ) );
#6493 = ORIENTED_EDGE('',*,*,#1503,.T.);
#6494 = ADVANCED_FACE('',(#6495),#1552,.F.);
#6495 = FACE_BOUND('',#6496,.F.);
#6496 = EDGE_LOOP('',(#6497,#6498,#6526,#6547));
#6497 = ORIENTED_EDGE('',*,*,#6473,.F.);
#6498 = ORIENTED_EDGE('',*,*,#6499,.T.);
#6499 = EDGE_CURVE('',#6453,#6500,#6502,.T.);
#6500 = VERTEX_POINT('',#6501);
#6501 = CARTESIAN_POINT('',(0.625,-15.825,1.5));
#6502 = SURFACE_CURVE('',#6503,(#6508,#6515),.PCURVE_S1.);
#6503 = CIRCLE('',#6504,0.625);
#6504 = AXIS2_PLACEMENT_3D('',#6505,#6506,#6507);
#6505 = CARTESIAN_POINT('',(2.206568261442E-15,-15.825,1.5));
#6506 = DIRECTION('',(0.,0.,-1.));
#6507 = DIRECTION('',(-1.,1.110223024625E-16,0.));
#6508 = PCURVE('',#1552,#6509);
#6509 = DEFINITIONAL_REPRESENTATION('',(#6510),#6514);
#6510 = LINE('',#6511,#6512);
#6511 = CARTESIAN_POINT('',(0.,-1.5));
#6512 = VECTOR('',#6513,1.);
#6513 = DIRECTION('',(1.,0.));
#6514 = ( GEOMETRIC_REPRESENTATION_CONTEXT(2) 
PARAMETRIC_REPRESENTATION_CONTEXT() REPRESENTATION_CONTEXT('2D SPACE',''
  ) );
#6515 = PCURVE('',#4456,#6516);
#6516 = DEFINITIONAL_REPRESENTATION('',(#6517),#6525);
#6517 = ( BOUNDED_CURVE() B_SPLINE_CURVE(2,(#6518,#6519,#6520,#6521,
#6522,#6523,#6524),.UNSPECIFIED.,.T.,.F.) B_SPLINE_CURVE_WITH_KNOTS((1,2
    ,2,2,2,1),(-2.094395102393,0.,2.094395102393,4.188790204786,
6.28318530718,8.377580409573),.UNSPECIFIED.) CURVE() 
GEOMETRIC_REPRESENTATION_ITEM() RATIONAL_B_SPLINE_CURVE((1.,0.5,1.,0.5,
1.,0.5,1.)) REPRESENTATION_ITEM('') );
#6518 = CARTESIAN_POINT('',(74.575,-0.825));
#6519 = CARTESIAN_POINT('',(74.575,0.257531754731));
#6520 = CARTESIAN_POINT('',(75.5125,-0.283734122635));
#6521 = CARTESIAN_POINT('',(76.45,-0.825));
#6522 = CARTESIAN_POINT('',(75.5125,-1.366265877365));
#6523 = CARTESIAN_POINT('',(74.575,-1.907531754731));
#6524 = CARTESIAN_POINT('',(74.575,-0.825));
#6525 = ( GEOMETRIC_REPRESENTATION_CONTEXT(2) 
PARAMETRIC_REPRESENTATION_CONTEXT() REPRESENTATION_CONTEXT('2D SPACE',''
  ) );
#6526 = ORIENTED_EDGE('',*,*,#6527,.T.);
#6527 = EDGE_CURVE('',#6500,#1532,#6528,.T.);
#6528 = SURFACE_CURVE('',#6529,(#6533,#6540),.PCURVE_S1.);
#6529 = LINE('',#6530,#6531);
#6530 = CARTESIAN_POINT('',(0.625,-15.825,5.));
#6531 = VECTOR('',#6532,1.);
#6532 = DIRECTION('',(0.,0.,-1.));
#6533 = PCURVE('',#1552,#6534);
#6534 = DEFINITIONAL_REPRESENTATION('',(#6535),#6539);
#6535 = LINE('',#6536,#6537);
#6536 = CARTESIAN_POINT('',(3.14159265359,-5.));
#6537 = VECTOR('',#6538,1.);
#6538 = DIRECTION('',(-0.,1.));
#6539 = ( GEOMETRIC_REPRESENTATION_CONTEXT(2) 
PARAMETRIC_REPRESENTATION_CONTEXT() REPRESENTATION_CONTEXT('2D SPACE',''
  ) );
#6540 = PCURVE('',#1579,#6541);
#6541 = DEFINITIONAL_REPRESENTATION('',(#6542),#6546);
#6542 = LINE('',#6543,#6544);
#6543 = CARTESIAN_POINT('',(0.,-5.));
#6544 = VECTOR('',#6545,1.);
#6545 = DIRECTION('',(-0.,1.));
#6546 = ( GEOMETRIC_REPRESENTATION_CONTEXT(2) 
PARAMETRIC_REPRESENTATION_CONTEXT() REPRESENTATION_CONTEXT('2D SPACE',''
  ) );
#6547 = ORIENTED_EDGE('',*,*,#1531,.F.);
#6548 = ADVANCED_FACE('',(#6549),#1609,.F.);
#6549 = FACE_BOUND('',#6550,.F.);
#6550 = EDGE_LOOP('',(#6551,#6574,#6600,#6601));
#6551 = ORIENTED_EDGE('',*,*,#6552,.T.);
#6552 = EDGE_CURVE('',#1565,#6553,#6555,.T.);
#6553 = VERTEX_POINT('',#6554);
#6554 = CARTESIAN_POINT('',(0.625,-54.575,1.5));
#6555 = SURFACE_CURVE('',#6556,(#6560,#6567),.PCURVE_S1.);
#6556 = LINE('',#6557,#6558);
#6557 = CARTESIAN_POINT('',(0.625,-54.575,-5.));
#6558 = VECTOR('',#6559,1.);
#6559 = DIRECTION('',(0.,0.,1.));
#6560 = PCURVE('',#1609,#6561);
#6561 = DEFINITIONAL_REPRESENTATION('',(#6562),#6566);
#6562 = LINE('',#6563,#6564);
#6563 = CARTESIAN_POINT('',(0.,5.));
#6564 = VECTOR('',#6565,1.);
#6565 = DIRECTION('',(0.,-1.));
#6566 = ( GEOMETRIC_REPRESENTATION_CONTEXT(2) 
PARAMETRIC_REPRESENTATION_CONTEXT() REPRESENTATION_CONTEXT('2D SPACE',''
  ) );
#6567 = PCURVE('',#1579,#6568);
#6568 = DEFINITIONAL_REPRESENTATION('',(#6569),#6573);
#6569 = LINE('',#6570,#6571);
#6570 = CARTESIAN_POINT('',(38.75,5.));
#6571 = VECTOR('',#6572,1.);
#6572 = DIRECTION('',(0.,-1.));
#6573 = ( GEOMETRIC_REPRESENTATION_CONTEXT(2) 
PARAMETRIC_REPRESENTATION_CONTEXT() REPRESENTATION_CONTEXT('2D SPACE',''
  ) );
#6574 = ORIENTED_EDGE('',*,*,#6575,.T.);
#6575 = EDGE_CURVE('',#6553,#6430,#6576,.T.);
#6576 = SURFACE_CURVE('',#6577,(#6582,#6589),.PCURVE_S1.);
#6577 = CIRCLE('',#6578,0.625);
#6578 = AXIS2_PLACEMENT_3D('',#6579,#6580,#6581);
#6579 = CARTESIAN_POINT('',(-2.206568261442E-15,-54.575,1.5));
#6580 = DIRECTION('',(0.,-0.,-1.));
#6581 = DIRECTION('',(1.,-1.110223024625E-16,0.));
#6582 = PCURVE('',#1609,#6583);
#6583 = DEFINITIONAL_REPRESENTATION('',(#6584),#6588);
#6584 = LINE('',#6585,#6586);
#6585 = CARTESIAN_POINT('',(0.,-1.5));
#6586 = VECTOR('',#6587,1.);
#6587 = DIRECTION('',(1.,0.));
#6588 = ( GEOMETRIC_REPRESENTATION_CONTEXT(2) 
PARAMETRIC_REPRESENTATION_CONTEXT() REPRESENTATION_CONTEXT('2D SPACE',''
  ) );
#6589 = PCURVE('',#4456,#6590);
#6590 = DEFINITIONAL_REPRESENTATION('',(#6591),#6599);
#6591 = ( BOUNDED_CURVE() B_SPLINE_CURVE(2,(#6592,#6593,#6594,#6595,
#6596,#6597,#6598),.UNSPECIFIED.,.T.,.F.) B_SPLINE_CURVE_WITH_KNOTS((1,2
    ,2,2,2,1),(-2.094395102393,0.,2.094395102393,4.188790204786,
6.28318530718,8.377580409573),.UNSPECIFIED.) CURVE() 
GEOMETRIC_REPRESENTATION_ITEM() RATIONAL_B_SPLINE_CURVE((1.,0.5,1.,0.5,
1.,0.5,1.)) REPRESENTATION_ITEM('') );
#6592 = CARTESIAN_POINT('',(75.825,-39.575));
#6593 = CARTESIAN_POINT('',(75.825,-40.65753175473));
#6594 = CARTESIAN_POINT('',(74.8875,-40.11626587736));
#6595 = CARTESIAN_POINT('',(73.95,-39.575));
#6596 = CARTESIAN_POINT('',(74.8875,-39.03373412263));
#6597 = CARTESIAN_POINT('',(75.825,-38.49246824526));
#6598 = CARTESIAN_POINT('',(75.825,-39.575));
#6599 = ( GEOMETRIC_REPRESENTATION_CONTEXT(2) 
PARAMETRIC_REPRESENTATION_CONTEXT() REPRESENTATION_CONTEXT('2D SPACE',''
  ) );
#6600 = ORIENTED_EDGE('',*,*,#6429,.F.);
#6601 = ORIENTED_EDGE('',*,*,#1590,.F.);
#6602 = ADVANCED_FACE('',(#6603),#1579,.F.);
#6603 = FACE_BOUND('',#6604,.F.);
#6604 = EDGE_LOOP('',(#6605,#6606,#6625,#6626));
#6605 = ORIENTED_EDGE('',*,*,#6527,.F.);
#6606 = ORIENTED_EDGE('',*,*,#6607,.F.);
#6607 = EDGE_CURVE('',#6553,#6500,#6608,.T.);
#6608 = SURFACE_CURVE('',#6609,(#6613,#6619),.PCURVE_S1.);
#6609 = LINE('',#6610,#6611);
#6610 = CARTESIAN_POINT('',(0.625,-15.4125,1.5));
#6611 = VECTOR('',#6612,1.);
#6612 = DIRECTION('',(1.110223024625E-16,1.,-0.));
#6613 = PCURVE('',#1579,#6614);
#6614 = DEFINITIONAL_REPRESENTATION('',(#6615),#6618);
#6615 = B_SPLINE_CURVE_WITH_KNOTS('',1,(#6616,#6617),.UNSPECIFIED.,.F.,
  .F.,(2,2),(-39.1625,-0.4125),.PIECEWISE_BEZIER_KNOTS.);
#6616 = CARTESIAN_POINT('',(38.75,-1.5));
#6617 = CARTESIAN_POINT('',(0.,-1.5));
#6618 = ( GEOMETRIC_REPRESENTATION_CONTEXT(2) 
PARAMETRIC_REPRESENTATION_CONTEXT() REPRESENTATION_CONTEXT('2D SPACE',''
  ) );
#6619 = PCURVE('',#4456,#6620);
#6620 = DEFINITIONAL_REPRESENTATION('',(#6621),#6624);
#6621 = B_SPLINE_CURVE_WITH_KNOTS('',1,(#6622,#6623),.UNSPECIFIED.,.F.,
  .F.,(2,2),(-39.1625,-0.4125),.PIECEWISE_BEZIER_KNOTS.);
#6622 = CARTESIAN_POINT('',(75.825,-39.575));
#6623 = CARTESIAN_POINT('',(75.825,-0.825));
#6624 = ( GEOMETRIC_REPRESENTATION_CONTEXT(2) 
PARAMETRIC_REPRESENTATION_CONTEXT() REPRESENTATION_CONTEXT('2D SPACE',''
  ) );
#6625 = ORIENTED_EDGE('',*,*,#6552,.F.);
#6626 = ORIENTED_EDGE('',*,*,#1564,.T.);
#6627 = ADVANCED_FACE('',(#6628),#1640,.F.);
#6628 = FACE_BOUND('',#6629,.F.);
#6629 = EDGE_LOOP('',(#6630,#6653,#6674,#6695));
#6630 = ORIENTED_EDGE('',*,*,#6631,.T.);
#6631 = EDGE_CURVE('',#1626,#6632,#6634,.T.);
#6632 = VERTEX_POINT('',#6633);
#6633 = CARTESIAN_POINT('',(3.125,-54.575,1.5));
#6634 = SURFACE_CURVE('',#6635,(#6639,#6646),.PCURVE_S1.);
#6635 = LINE('',#6636,#6637);
#6636 = CARTESIAN_POINT('',(3.125,-54.575,-5.));
#6637 = VECTOR('',#6638,1.);
#6638 = DIRECTION('',(0.,0.,1.));
#6639 = PCURVE('',#1640,#6640);
#6640 = DEFINITIONAL_REPRESENTATION('',(#6641),#6645);
#6641 = LINE('',#6642,#6643);
#6642 = CARTESIAN_POINT('',(0.,5.));
#6643 = VECTOR('',#6644,1.);
#6644 = DIRECTION('',(0.,-1.));
#6645 = ( GEOMETRIC_REPRESENTATION_CONTEXT(2) 
PARAMETRIC_REPRESENTATION_CONTEXT() REPRESENTATION_CONTEXT('2D SPACE',''
  ) );
#6646 = PCURVE('',#1729,#6647);
#6647 = DEFINITIONAL_REPRESENTATION('',(#6648),#6652);
#6648 = LINE('',#6649,#6650);
#6649 = CARTESIAN_POINT('',(3.14159265359,5.));
#6650 = VECTOR('',#6651,1.);
#6651 = DIRECTION('',(0.,-1.));
#6652 = ( GEOMETRIC_REPRESENTATION_CONTEXT(2) 
PARAMETRIC_REPRESENTATION_CONTEXT() REPRESENTATION_CONTEXT('2D SPACE',''
  ) );
#6653 = ORIENTED_EDGE('',*,*,#6654,.F.);
#6654 = EDGE_CURVE('',#6655,#6632,#6657,.T.);
#6655 = VERTEX_POINT('',#6656);
#6656 = CARTESIAN_POINT('',(3.125,-15.825,1.5));
#6657 = SURFACE_CURVE('',#6658,(#6662,#6668),.PCURVE_S1.);
#6658 = LINE('',#6659,#6660);
#6659 = CARTESIAN_POINT('',(3.125,-34.7875,1.5));
#6660 = VECTOR('',#6661,1.);
#6661 = DIRECTION('',(-1.110223024625E-16,-1.,0.));
#6662 = PCURVE('',#1640,#6663);
#6663 = DEFINITIONAL_REPRESENTATION('',(#6664),#6667);
#6664 = B_SPLINE_CURVE_WITH_KNOTS('',1,(#6665,#6666),.UNSPECIFIED.,.F.,
  .F.,(2,2),(-18.9625,19.7875),.PIECEWISE_BEZIER_KNOTS.);
#6665 = CARTESIAN_POINT('',(38.75,-1.5));
#6666 = CARTESIAN_POINT('',(0.,-1.5));
#6667 = ( GEOMETRIC_REPRESENTATION_CONTEXT(2) 
PARAMETRIC_REPRESENTATION_CONTEXT() REPRESENTATION_CONTEXT('2D SPACE',''
  ) );
#6668 = PCURVE('',#4456,#6669);
#6669 = DEFINITIONAL_REPRESENTATION('',(#6670),#6673);
#6670 = B_SPLINE_CURVE_WITH_KNOTS('',1,(#6671,#6672),.UNSPECIFIED.,.F.,
  .F.,(2,2),(-18.9625,19.7875),.PIECEWISE_BEZIER_KNOTS.);
#6671 = CARTESIAN_POINT('',(78.325,-0.825));
#6672 = CARTESIAN_POINT('',(78.325,-39.575));
#6673 = ( GEOMETRIC_REPRESENTATION_CONTEXT(2) 
PARAMETRIC_REPRESENTATION_CONTEXT() REPRESENTATION_CONTEXT('2D SPACE',''
  ) );
#6674 = ORIENTED_EDGE('',*,*,#6675,.T.);
#6675 = EDGE_CURVE('',#6655,#1624,#6676,.T.);
#6676 = SURFACE_CURVE('',#6677,(#6681,#6688),.PCURVE_S1.);
#6677 = LINE('',#6678,#6679);
#6678 = CARTESIAN_POINT('',(3.125,-15.825,5.));
#6679 = VECTOR('',#6680,1.);
#6680 = DIRECTION('',(0.,0.,-1.));
#6681 = PCURVE('',#1640,#6682);
#6682 = DEFINITIONAL_REPRESENTATION('',(#6683),#6687);
#6683 = LINE('',#6684,#6685);
#6684 = CARTESIAN_POINT('',(38.75,-5.));
#6685 = VECTOR('',#6686,1.);
#6686 = DIRECTION('',(0.,1.));
#6687 = ( GEOMETRIC_REPRESENTATION_CONTEXT(2) 
PARAMETRIC_REPRESENTATION_CONTEXT() REPRESENTATION_CONTEXT('2D SPACE',''
  ) );
#6688 = PCURVE('',#1672,#6689);
#6689 = DEFINITIONAL_REPRESENTATION('',(#6690),#6694);
#6690 = LINE('',#6691,#6692);
#6691 = CARTESIAN_POINT('',(0.,-5.));
#6692 = VECTOR('',#6693,1.);
#6693 = DIRECTION('',(-0.,1.));
#6694 = ( GEOMETRIC_REPRESENTATION_CONTEXT(2) 
PARAMETRIC_REPRESENTATION_CONTEXT() REPRESENTATION_CONTEXT('2D SPACE',''
  ) );
#6695 = ORIENTED_EDGE('',*,*,#1623,.T.);
#6696 = ADVANCED_FACE('',(#6697),#1672,.F.);
#6697 = FACE_BOUND('',#6698,.F.);
#6698 = EDGE_LOOP('',(#6699,#6700,#6728,#6749));
#6699 = ORIENTED_EDGE('',*,*,#6675,.F.);
#6700 = ORIENTED_EDGE('',*,*,#6701,.T.);
#6701 = EDGE_CURVE('',#6655,#6702,#6704,.T.);
#6702 = VERTEX_POINT('',#6703);
#6703 = CARTESIAN_POINT('',(4.375,-15.825,1.5));
#6704 = SURFACE_CURVE('',#6705,(#6710,#6717),.PCURVE_S1.);
#6705 = CIRCLE('',#6706,0.625);
#6706 = AXIS2_PLACEMENT_3D('',#6707,#6708,#6709);
#6707 = CARTESIAN_POINT('',(3.75,-15.825,1.5));
#6708 = DIRECTION('',(0.,0.,-1.));
#6709 = DIRECTION('',(-1.,1.110223024625E-16,0.));
#6710 = PCURVE('',#1672,#6711);
#6711 = DEFINITIONAL_REPRESENTATION('',(#6712),#6716);
#6712 = LINE('',#6713,#6714);
#6713 = CARTESIAN_POINT('',(0.,-1.5));
#6714 = VECTOR('',#6715,1.);
#6715 = DIRECTION('',(1.,0.));
#6716 = ( GEOMETRIC_REPRESENTATION_CONTEXT(2) 
PARAMETRIC_REPRESENTATION_CONTEXT() REPRESENTATION_CONTEXT('2D SPACE',''
  ) );
#6717 = PCURVE('',#4456,#6718);
#6718 = DEFINITIONAL_REPRESENTATION('',(#6719),#6727);
#6719 = ( BOUNDED_CURVE() B_SPLINE_CURVE(2,(#6720,#6721,#6722,#6723,
#6724,#6725,#6726),.UNSPECIFIED.,.T.,.F.) B_SPLINE_CURVE_WITH_KNOTS((1,2
    ,2,2,2,1),(-2.094395102393,0.,2.094395102393,4.188790204786,
6.28318530718,8.377580409573),.UNSPECIFIED.) CURVE() 
GEOMETRIC_REPRESENTATION_ITEM() RATIONAL_B_SPLINE_CURVE((1.,0.5,1.,0.5,
1.,0.5,1.)) REPRESENTATION_ITEM('') );
#6720 = CARTESIAN_POINT('',(78.325,-0.825));
#6721 = CARTESIAN_POINT('',(78.325,0.257531754731));
#6722 = CARTESIAN_POINT('',(79.2625,-0.283734122635));
#6723 = CARTESIAN_POINT('',(80.2,-0.825));
#6724 = CARTESIAN_POINT('',(79.2625,-1.366265877365));
#6725 = CARTESIAN_POINT('',(78.325,-1.907531754731));
#6726 = CARTESIAN_POINT('',(78.325,-0.825));
#6727 = ( GEOMETRIC_REPRESENTATION_CONTEXT(2) 
PARAMETRIC_REPRESENTATION_CONTEXT() REPRESENTATION_CONTEXT('2D SPACE',''
  ) );
#6728 = ORIENTED_EDGE('',*,*,#6729,.T.);
#6729 = EDGE_CURVE('',#6702,#1652,#6730,.T.);
#6730 = SURFACE_CURVE('',#6731,(#6735,#6742),.PCURVE_S1.);
#6731 = LINE('',#6732,#6733);
#6732 = CARTESIAN_POINT('',(4.375,-15.825,5.));
#6733 = VECTOR('',#6734,1.);
#6734 = DIRECTION('',(0.,0.,-1.));
#6735 = PCURVE('',#1672,#6736);
#6736 = DEFINITIONAL_REPRESENTATION('',(#6737),#6741);
#6737 = LINE('',#6738,#6739);
#6738 = CARTESIAN_POINT('',(3.14159265359,-5.));
#6739 = VECTOR('',#6740,1.);
#6740 = DIRECTION('',(-0.,1.));
#6741 = ( GEOMETRIC_REPRESENTATION_CONTEXT(2) 
PARAMETRIC_REPRESENTATION_CONTEXT() REPRESENTATION_CONTEXT('2D SPACE',''
  ) );
#6742 = PCURVE('',#1699,#6743);
#6743 = DEFINITIONAL_REPRESENTATION('',(#6744),#6748);
#6744 = LINE('',#6745,#6746);
#6745 = CARTESIAN_POINT('',(0.,-5.));
#6746 = VECTOR('',#6747,1.);
#6747 = DIRECTION('',(-0.,1.));
#6748 = ( GEOMETRIC_REPRESENTATION_CONTEXT(2) 
PARAMETRIC_REPRESENTATION_CONTEXT() REPRESENTATION_CONTEXT('2D SPACE',''
  ) );
#6749 = ORIENTED_EDGE('',*,*,#1651,.F.);
#6750 = ADVANCED_FACE('',(#6751),#1729,.F.);
#6751 = FACE_BOUND('',#6752,.F.);
#6752 = EDGE_LOOP('',(#6753,#6776,#6802,#6803));
#6753 = ORIENTED_EDGE('',*,*,#6754,.T.);
#6754 = EDGE_CURVE('',#1685,#6755,#6757,.T.);
#6755 = VERTEX_POINT('',#6756);
#6756 = CARTESIAN_POINT('',(4.375,-54.575,1.5));
#6757 = SURFACE_CURVE('',#6758,(#6762,#6769),.PCURVE_S1.);
#6758 = LINE('',#6759,#6760);
#6759 = CARTESIAN_POINT('',(4.375,-54.575,-5.));
#6760 = VECTOR('',#6761,1.);
#6761 = DIRECTION('',(0.,0.,1.));
#6762 = PCURVE('',#1729,#6763);
#6763 = DEFINITIONAL_REPRESENTATION('',(#6764),#6768);
#6764 = LINE('',#6765,#6766);
#6765 = CARTESIAN_POINT('',(0.,5.));
#6766 = VECTOR('',#6767,1.);
#6767 = DIRECTION('',(0.,-1.));
#6768 = ( GEOMETRIC_REPRESENTATION_CONTEXT(2) 
PARAMETRIC_REPRESENTATION_CONTEXT() REPRESENTATION_CONTEXT('2D SPACE',''
  ) );
#6769 = PCURVE('',#1699,#6770);
#6770 = DEFINITIONAL_REPRESENTATION('',(#6771),#6775);
#6771 = LINE('',#6772,#6773);
#6772 = CARTESIAN_POINT('',(38.75,5.));
#6773 = VECTOR('',#6774,1.);
#6774 = DIRECTION('',(0.,-1.));
#6775 = ( GEOMETRIC_REPRESENTATION_CONTEXT(2) 
PARAMETRIC_REPRESENTATION_CONTEXT() REPRESENTATION_CONTEXT('2D SPACE',''
  ) );
#6776 = ORIENTED_EDGE('',*,*,#6777,.T.);
#6777 = EDGE_CURVE('',#6755,#6632,#6778,.T.);
#6778 = SURFACE_CURVE('',#6779,(#6784,#6791),.PCURVE_S1.);
#6779 = CIRCLE('',#6780,0.625);
#6780 = AXIS2_PLACEMENT_3D('',#6781,#6782,#6783);
#6781 = CARTESIAN_POINT('',(3.75,-54.575,1.5));
#6782 = DIRECTION('',(0.,-0.,-1.));
#6783 = DIRECTION('',(1.,-1.110223024625E-16,0.));
#6784 = PCURVE('',#1729,#6785);
#6785 = DEFINITIONAL_REPRESENTATION('',(#6786),#6790);
#6786 = LINE('',#6787,#6788);
#6787 = CARTESIAN_POINT('',(0.,-1.5));
#6788 = VECTOR('',#6789,1.);
#6789 = DIRECTION('',(1.,0.));
#6790 = ( GEOMETRIC_REPRESENTATION_CONTEXT(2) 
PARAMETRIC_REPRESENTATION_CONTEXT() REPRESENTATION_CONTEXT('2D SPACE',''
  ) );
#6791 = PCURVE('',#4456,#6792);
#6792 = DEFINITIONAL_REPRESENTATION('',(#6793),#6801);
#6793 = ( BOUNDED_CURVE() B_SPLINE_CURVE(2,(#6794,#6795,#6796,#6797,
#6798,#6799,#6800),.UNSPECIFIED.,.T.,.F.) B_SPLINE_CURVE_WITH_KNOTS((1,2
    ,2,2,2,1),(-2.094395102393,0.,2.094395102393,4.188790204786,
6.28318530718,8.377580409573),.UNSPECIFIED.) CURVE() 
GEOMETRIC_REPRESENTATION_ITEM() RATIONAL_B_SPLINE_CURVE((1.,0.5,1.,0.5,
1.,0.5,1.)) REPRESENTATION_ITEM('') );
#6794 = CARTESIAN_POINT('',(79.575,-39.575));
#6795 = CARTESIAN_POINT('',(79.575,-40.65753175473));
#6796 = CARTESIAN_POINT('',(78.6375,-40.11626587736));
#6797 = CARTESIAN_POINT('',(77.7,-39.575));
#6798 = CARTESIAN_POINT('',(78.6375,-39.03373412263));
#6799 = CARTESIAN_POINT('',(79.575,-38.49246824526));
#6800 = CARTESIAN_POINT('',(79.575,-39.575));
#6801 = ( GEOMETRIC_REPRESENTATION_CONTEXT(2) 
PARAMETRIC_REPRESENTATION_CONTEXT() REPRESENTATION_CONTEXT('2D SPACE',''
  ) );
#6802 = ORIENTED_EDGE('',*,*,#6631,.F.);
#6803 = ORIENTED_EDGE('',*,*,#1710,.F.);
#6804 = ADVANCED_FACE('',(#6805),#1699,.F.);
#6805 = FACE_BOUND('',#6806,.F.);
#6806 = EDGE_LOOP('',(#6807,#6808,#6827,#6828));
#6807 = ORIENTED_EDGE('',*,*,#6729,.F.);
#6808 = ORIENTED_EDGE('',*,*,#6809,.F.);
#6809 = EDGE_CURVE('',#6755,#6702,#6810,.T.);
#6810 = SURFACE_CURVE('',#6811,(#6815,#6821),.PCURVE_S1.);
#6811 = LINE('',#6812,#6813);
#6812 = CARTESIAN_POINT('',(4.375,-15.4125,1.5));
#6813 = VECTOR('',#6814,1.);
#6814 = DIRECTION('',(1.110223024625E-16,1.,-0.));
#6815 = PCURVE('',#1699,#6816);
#6816 = DEFINITIONAL_REPRESENTATION('',(#6817),#6820);
#6817 = B_SPLINE_CURVE_WITH_KNOTS('',1,(#6818,#6819),.UNSPECIFIED.,.F.,
  .F.,(2,2),(-39.1625,-0.4125),.PIECEWISE_BEZIER_KNOTS.);
#6818 = CARTESIAN_POINT('',(38.75,-1.5));
#6819 = CARTESIAN_POINT('',(0.,-1.5));
#6820 = ( GEOMETRIC_REPRESENTATION_CONTEXT(2) 
PARAMETRIC_REPRESENTATION_CONTEXT() REPRESENTATION_CONTEXT('2D SPACE',''
  ) );
#6821 = PCURVE('',#4456,#6822);
#6822 = DEFINITIONAL_REPRESENTATION('',(#6823),#6826);
#6823 = B_SPLINE_CURVE_WITH_KNOTS('',1,(#6824,#6825),.UNSPECIFIED.,.F.,
  .F.,(2,2),(-39.1625,-0.4125),.PIECEWISE_BEZIER_KNOTS.);
#6824 = CARTESIAN_POINT('',(79.575,-39.575));
#6825 = CARTESIAN_POINT('',(79.575,-0.825));
#6826 = ( GEOMETRIC_REPRESENTATION_CONTEXT(2) 
PARAMETRIC_REPRESENTATION_CONTEXT() REPRESENTATION_CONTEXT('2D SPACE',''
  ) );
#6827 = ORIENTED_EDGE('',*,*,#6754,.F.);
#6828 = ORIENTED_EDGE('',*,*,#1684,.T.);
#6829 = ADVANCED_FACE('',(#6830),#1760,.F.);
#6830 = FACE_BOUND('',#6831,.F.);
#6831 = EDGE_LOOP('',(#6832,#6855,#6876,#6897));
#6832 = ORIENTED_EDGE('',*,*,#6833,.T.);
#6833 = EDGE_CURVE('',#1746,#6834,#6836,.T.);
#6834 = VERTEX_POINT('',#6835);
#6835 = CARTESIAN_POINT('',(6.875,-54.575,1.5));
#6836 = SURFACE_CURVE('',#6837,(#6841,#6848),.PCURVE_S1.);
#6837 = LINE('',#6838,#6839);
#6838 = CARTESIAN_POINT('',(6.875,-54.575,-5.));
#6839 = VECTOR('',#6840,1.);
#6840 = DIRECTION('',(0.,0.,1.));
#6841 = PCURVE('',#1760,#6842);
#6842 = DEFINITIONAL_REPRESENTATION('',(#6843),#6847);
#6843 = LINE('',#6844,#6845);
#6844 = CARTESIAN_POINT('',(0.,5.));
#6845 = VECTOR('',#6846,1.);
#6846 = DIRECTION('',(0.,-1.));
#6847 = ( GEOMETRIC_REPRESENTATION_CONTEXT(2) 
PARAMETRIC_REPRESENTATION_CONTEXT() REPRESENTATION_CONTEXT('2D SPACE',''
  ) );
#6848 = PCURVE('',#1849,#6849);
#6849 = DEFINITIONAL_REPRESENTATION('',(#6850),#6854);
#6850 = LINE('',#6851,#6852);
#6851 = CARTESIAN_POINT('',(3.14159265359,5.));
#6852 = VECTOR('',#6853,1.);
#6853 = DIRECTION('',(0.,-1.));
#6854 = ( GEOMETRIC_REPRESENTATION_CONTEXT(2) 
PARAMETRIC_REPRESENTATION_CONTEXT() REPRESENTATION_CONTEXT('2D SPACE',''
  ) );
#6855 = ORIENTED_EDGE('',*,*,#6856,.F.);
#6856 = EDGE_CURVE('',#6857,#6834,#6859,.T.);
#6857 = VERTEX_POINT('',#6858);
#6858 = CARTESIAN_POINT('',(6.875,-15.825,1.5));
#6859 = SURFACE_CURVE('',#6860,(#6864,#6870),.PCURVE_S1.);
#6860 = LINE('',#6861,#6862);
#6861 = CARTESIAN_POINT('',(6.875,-34.7875,1.5));
#6862 = VECTOR('',#6863,1.);
#6863 = DIRECTION('',(-1.110223024625E-16,-1.,0.));
#6864 = PCURVE('',#1760,#6865);
#6865 = DEFINITIONAL_REPRESENTATION('',(#6866),#6869);
#6866 = B_SPLINE_CURVE_WITH_KNOTS('',1,(#6867,#6868),.UNSPECIFIED.,.F.,
  .F.,(2,2),(-18.9625,19.7875),.PIECEWISE_BEZIER_KNOTS.);
#6867 = CARTESIAN_POINT('',(38.75,-1.5));
#6868 = CARTESIAN_POINT('',(0.,-1.5));
#6869 = ( GEOMETRIC_REPRESENTATION_CONTEXT(2) 
PARAMETRIC_REPRESENTATION_CONTEXT() REPRESENTATION_CONTEXT('2D SPACE',''
  ) );
#6870 = PCURVE('',#4456,#6871);
#6871 = DEFINITIONAL_REPRESENTATION('',(#6872),#6875);
#6872 = B_SPLINE_CURVE_WITH_KNOTS('',1,(#6873,#6874),.UNSPECIFIED.,.F.,
  .F.,(2,2),(-18.9625,19.7875),.PIECEWISE_BEZIER_KNOTS.);
#6873 = CARTESIAN_POINT('',(82.075,-0.825));
#6874 = CARTESIAN_POINT('',(82.075,-39.575));
#6875 = ( GEOMETRIC_REPRESENTATION_CONTEXT(2) 
PARAMETRIC_REPRESENTATION_CONTEXT() REPRESENTATION_CONTEXT('2D SPACE',''
  ) );
#6876 = ORIENTED_EDGE('',*,*,#6877,.T.);
#6877 = EDGE_CURVE('',#6857,#1744,#6878,.T.);
#6878 = SURFACE_CURVE('',#6879,(#6883,#6890),.PCURVE_S1.);
#6879 = LINE('',#6880,#6881);
#6880 = CARTESIAN_POINT('',(6.875,-15.825,5.));
#6881 = VECTOR('',#6882,1.);
#6882 = DIRECTION('',(0.,0.,-1.));
#6883 = PCURVE('',#1760,#6884);
#6884 = DEFINITIONAL_REPRESENTATION('',(#6885),#6889);
#6885 = LINE('',#6886,#6887);
#6886 = CARTESIAN_POINT('',(38.75,-5.));
#6887 = VECTOR('',#6888,1.);
#6888 = DIRECTION('',(0.,1.));
#6889 = ( GEOMETRIC_REPRESENTATION_CONTEXT(2) 
PARAMETRIC_REPRESENTATION_CONTEXT() REPRESENTATION_CONTEXT('2D SPACE',''
  ) );
#6890 = PCURVE('',#1792,#6891);
#6891 = DEFINITIONAL_REPRESENTATION('',(#6892),#6896);
#6892 = LINE('',#6893,#6894);
#6893 = CARTESIAN_POINT('',(0.,-5.));
#6894 = VECTOR('',#6895,1.);
#6895 = DIRECTION('',(-0.,1.));
#6896 = ( GEOMETRIC_REPRESENTATION_CONTEXT(2) 
PARAMETRIC_REPRESENTATION_CONTEXT() REPRESENTATION_CONTEXT('2D SPACE',''
  ) );
#6897 = ORIENTED_EDGE('',*,*,#1743,.T.);
#6898 = ADVANCED_FACE('',(#6899),#1792,.F.);
#6899 = FACE_BOUND('',#6900,.F.);
#6900 = EDGE_LOOP('',(#6901,#6902,#6930,#6951));
#6901 = ORIENTED_EDGE('',*,*,#6877,.F.);
#6902 = ORIENTED_EDGE('',*,*,#6903,.T.);
#6903 = EDGE_CURVE('',#6857,#6904,#6906,.T.);
#6904 = VERTEX_POINT('',#6905);
#6905 = CARTESIAN_POINT('',(8.125,-15.825,1.5));
#6906 = SURFACE_CURVE('',#6907,(#6912,#6919),.PCURVE_S1.);
#6907 = CIRCLE('',#6908,0.625);
#6908 = AXIS2_PLACEMENT_3D('',#6909,#6910,#6911);
#6909 = CARTESIAN_POINT('',(7.5,-15.825,1.5));
#6910 = DIRECTION('',(0.,0.,-1.));
#6911 = DIRECTION('',(-1.,1.110223024625E-16,0.));
#6912 = PCURVE('',#1792,#6913);
#6913 = DEFINITIONAL_REPRESENTATION('',(#6914),#6918);
#6914 = LINE('',#6915,#6916);
#6915 = CARTESIAN_POINT('',(0.,-1.5));
#6916 = VECTOR('',#6917,1.);
#6917 = DIRECTION('',(1.,0.));
#6918 = ( GEOMETRIC_REPRESENTATION_CONTEXT(2) 
PARAMETRIC_REPRESENTATION_CONTEXT() REPRESENTATION_CONTEXT('2D SPACE',''
  ) );
#6919 = PCURVE('',#4456,#6920);
#6920 = DEFINITIONAL_REPRESENTATION('',(#6921),#6929);
#6921 = ( BOUNDED_CURVE() B_SPLINE_CURVE(2,(#6922,#6923,#6924,#6925,
#6926,#6927,#6928),.UNSPECIFIED.,.T.,.F.) B_SPLINE_CURVE_WITH_KNOTS((1,2
    ,2,2,2,1),(-2.094395102393,0.,2.094395102393,4.188790204786,
6.28318530718,8.377580409573),.UNSPECIFIED.) CURVE() 
GEOMETRIC_REPRESENTATION_ITEM() RATIONAL_B_SPLINE_CURVE((1.,0.5,1.,0.5,
1.,0.5,1.)) REPRESENTATION_ITEM('') );
#6922 = CARTESIAN_POINT('',(82.075,-0.825));
#6923 = CARTESIAN_POINT('',(82.075,0.257531754731));
#6924 = CARTESIAN_POINT('',(83.0125,-0.283734122635));
#6925 = CARTESIAN_POINT('',(83.95,-0.825));
#6926 = CARTESIAN_POINT('',(83.0125,-1.366265877365));
#6927 = CARTESIAN_POINT('',(82.075,-1.907531754731));
#6928 = CARTESIAN_POINT('',(82.075,-0.825));
#6929 = ( GEOMETRIC_REPRESENTATION_CONTEXT(2) 
PARAMETRIC_REPRESENTATION_CONTEXT() REPRESENTATION_CONTEXT('2D SPACE',''
  ) );
#6930 = ORIENTED_EDGE('',*,*,#6931,.T.);
#6931 = EDGE_CURVE('',#6904,#1772,#6932,.T.);
#6932 = SURFACE_CURVE('',#6933,(#6937,#6944),.PCURVE_S1.);
#6933 = LINE('',#6934,#6935);
#6934 = CARTESIAN_POINT('',(8.125,-15.825,5.));
#6935 = VECTOR('',#6936,1.);
#6936 = DIRECTION('',(0.,0.,-1.));
#6937 = PCURVE('',#1792,#6938);
#6938 = DEFINITIONAL_REPRESENTATION('',(#6939),#6943);
#6939 = LINE('',#6940,#6941);
#6940 = CARTESIAN_POINT('',(3.14159265359,-5.));
#6941 = VECTOR('',#6942,1.);
#6942 = DIRECTION('',(-0.,1.));
#6943 = ( GEOMETRIC_REPRESENTATION_CONTEXT(2) 
PARAMETRIC_REPRESENTATION_CONTEXT() REPRESENTATION_CONTEXT('2D SPACE',''
  ) );
#6944 = PCURVE('',#1819,#6945);
#6945 = DEFINITIONAL_REPRESENTATION('',(#6946),#6950);
#6946 = LINE('',#6947,#6948);
#6947 = CARTESIAN_POINT('',(0.,-5.));
#6948 = VECTOR('',#6949,1.);
#6949 = DIRECTION('',(-0.,1.));
#6950 = ( GEOMETRIC_REPRESENTATION_CONTEXT(2) 
PARAMETRIC_REPRESENTATION_CONTEXT() REPRESENTATION_CONTEXT('2D SPACE',''
  ) );
#6951 = ORIENTED_EDGE('',*,*,#1771,.F.);
#6952 = ADVANCED_FACE('',(#6953),#1849,.F.);
#6953 = FACE_BOUND('',#6954,.F.);
#6954 = EDGE_LOOP('',(#6955,#6978,#7004,#7005));
#6955 = ORIENTED_EDGE('',*,*,#6956,.T.);
#6956 = EDGE_CURVE('',#1805,#6957,#6959,.T.);
#6957 = VERTEX_POINT('',#6958);
#6958 = CARTESIAN_POINT('',(8.125,-54.575,1.5));
#6959 = SURFACE_CURVE('',#6960,(#6964,#6971),.PCURVE_S1.);
#6960 = LINE('',#6961,#6962);
#6961 = CARTESIAN_POINT('',(8.125,-54.575,-5.));
#6962 = VECTOR('',#6963,1.);
#6963 = DIRECTION('',(0.,0.,1.));
#6964 = PCURVE('',#1849,#6965);
#6965 = DEFINITIONAL_REPRESENTATION('',(#6966),#6970);
#6966 = LINE('',#6967,#6968);
#6967 = CARTESIAN_POINT('',(0.,5.));
#6968 = VECTOR('',#6969,1.);
#6969 = DIRECTION('',(0.,-1.));
#6970 = ( GEOMETRIC_REPRESENTATION_CONTEXT(2) 
PARAMETRIC_REPRESENTATION_CONTEXT() REPRESENTATION_CONTEXT('2D SPACE',''
  ) );
#6971 = PCURVE('',#1819,#6972);
#6972 = DEFINITIONAL_REPRESENTATION('',(#6973),#6977);
#6973 = LINE('',#6974,#6975);
#6974 = CARTESIAN_POINT('',(38.75,5.));
#6975 = VECTOR('',#6976,1.);
#6976 = DIRECTION('',(0.,-1.));
#6977 = ( GEOMETRIC_REPRESENTATION_CONTEXT(2) 
PARAMETRIC_REPRESENTATION_CONTEXT() REPRESENTATION_CONTEXT('2D SPACE',''
  ) );
#6978 = ORIENTED_EDGE('',*,*,#6979,.T.);
#6979 = EDGE_CURVE('',#6957,#6834,#6980,.T.);
#6980 = SURFACE_CURVE('',#6981,(#6986,#6993),.PCURVE_S1.);
#6981 = CIRCLE('',#6982,0.625);
#6982 = AXIS2_PLACEMENT_3D('',#6983,#6984,#6985);
#6983 = CARTESIAN_POINT('',(7.5,-54.575,1.5));
#6984 = DIRECTION('',(0.,-0.,-1.));
#6985 = DIRECTION('',(1.,-1.110223024625E-16,0.));
#6986 = PCURVE('',#1849,#6987);
#6987 = DEFINITIONAL_REPRESENTATION('',(#6988),#6992);
#6988 = LINE('',#6989,#6990);
#6989 = CARTESIAN_POINT('',(0.,-1.5));
#6990 = VECTOR('',#6991,1.);
#6991 = DIRECTION('',(1.,0.));
#6992 = ( GEOMETRIC_REPRESENTATION_CONTEXT(2) 
PARAMETRIC_REPRESENTATION_CONTEXT() REPRESENTATION_CONTEXT('2D SPACE',''
  ) );
#6993 = PCURVE('',#4456,#6994);
#6994 = DEFINITIONAL_REPRESENTATION('',(#6995),#7003);
#6995 = ( BOUNDED_CURVE() B_SPLINE_CURVE(2,(#6996,#6997,#6998,#6999,
#7000,#7001,#7002),.UNSPECIFIED.,.T.,.F.) B_SPLINE_CURVE_WITH_KNOTS((1,2
    ,2,2,2,1),(-2.094395102393,0.,2.094395102393,4.188790204786,
6.28318530718,8.377580409573),.UNSPECIFIED.) CURVE() 
GEOMETRIC_REPRESENTATION_ITEM() RATIONAL_B_SPLINE_CURVE((1.,0.5,1.,0.5,
1.,0.5,1.)) REPRESENTATION_ITEM('') );
#6996 = CARTESIAN_POINT('',(83.325,-39.575));
#6997 = CARTESIAN_POINT('',(83.325,-40.65753175473));
#6998 = CARTESIAN_POINT('',(82.3875,-40.11626587736));
#6999 = CARTESIAN_POINT('',(81.45,-39.575));
#7000 = CARTESIAN_POINT('',(82.3875,-39.03373412263));
#7001 = CARTESIAN_POINT('',(83.325,-38.49246824526));
#7002 = CARTESIAN_POINT('',(83.325,-39.575));
#7003 = ( GEOMETRIC_REPRESENTATION_CONTEXT(2) 
PARAMETRIC_REPRESENTATION_CONTEXT() REPRESENTATION_CONTEXT('2D SPACE',''
  ) );
#7004 = ORIENTED_EDGE('',*,*,#6833,.F.);
#7005 = ORIENTED_EDGE('',*,*,#1830,.F.);
#7006 = ADVANCED_FACE('',(#7007),#1819,.F.);
#7007 = FACE_BOUND('',#7008,.F.);
#7008 = EDGE_LOOP('',(#7009,#7010,#7029,#7030));
#7009 = ORIENTED_EDGE('',*,*,#6931,.F.);
#7010 = ORIENTED_EDGE('',*,*,#7011,.F.);
#7011 = EDGE_CURVE('',#6957,#6904,#7012,.T.);
#7012 = SURFACE_CURVE('',#7013,(#7017,#7023),.PCURVE_S1.);
#7013 = LINE('',#7014,#7015);
#7014 = CARTESIAN_POINT('',(8.125,-15.4125,1.5));
#7015 = VECTOR('',#7016,1.);
#7016 = DIRECTION('',(1.110223024625E-16,1.,-0.));
#7017 = PCURVE('',#1819,#7018);
#7018 = DEFINITIONAL_REPRESENTATION('',(#7019),#7022);
#7019 = B_SPLINE_CURVE_WITH_KNOTS('',1,(#7020,#7021),.UNSPECIFIED.,.F.,
  .F.,(2,2),(-39.1625,-0.4125),.PIECEWISE_BEZIER_KNOTS.);
#7020 = CARTESIAN_POINT('',(38.75,-1.5));
#7021 = CARTESIAN_POINT('',(0.,-1.5));
#7022 = ( GEOMETRIC_REPRESENTATION_CONTEXT(2) 
PARAMETRIC_REPRESENTATION_CONTEXT() REPRESENTATION_CONTEXT('2D SPACE',''
  ) );
#7023 = PCURVE('',#4456,#7024);
#7024 = DEFINITIONAL_REPRESENTATION('',(#7025),#7028);
#7025 = B_SPLINE_CURVE_WITH_KNOTS('',1,(#7026,#7027),.UNSPECIFIED.,.F.,
  .F.,(2,2),(-39.1625,-0.4125),.PIECEWISE_BEZIER_KNOTS.);
#7026 = CARTESIAN_POINT('',(83.325,-39.575));
#7027 = CARTESIAN_POINT('',(83.325,-0.825));
#7028 = ( GEOMETRIC_REPRESENTATION_CONTEXT(2) 
PARAMETRIC_REPRESENTATION_CONTEXT() REPRESENTATION_CONTEXT('2D SPACE',''
  ) );
#7029 = ORIENTED_EDGE('',*,*,#6956,.F.);
#7030 = ORIENTED_EDGE('',*,*,#1804,.T.);
#7031 = ADVANCED_FACE('',(#7032),#1880,.F.);
#7032 = FACE_BOUND('',#7033,.F.);
#7033 = EDGE_LOOP('',(#7034,#7057,#7078,#7099));
#7034 = ORIENTED_EDGE('',*,*,#7035,.T.);
#7035 = EDGE_CURVE('',#1866,#7036,#7038,.T.);
#7036 = VERTEX_POINT('',#7037);
#7037 = CARTESIAN_POINT('',(10.625,-54.575,1.5));
#7038 = SURFACE_CURVE('',#7039,(#7043,#7050),.PCURVE_S1.);
#7039 = LINE('',#7040,#7041);
#7040 = CARTESIAN_POINT('',(10.625,-54.575,-5.));
#7041 = VECTOR('',#7042,1.);
#7042 = DIRECTION('',(0.,0.,1.));
#7043 = PCURVE('',#1880,#7044);
#7044 = DEFINITIONAL_REPRESENTATION('',(#7045),#7049);
#7045 = LINE('',#7046,#7047);
#7046 = CARTESIAN_POINT('',(0.,5.));
#7047 = VECTOR('',#7048,1.);
#7048 = DIRECTION('',(0.,-1.));
#7049 = ( GEOMETRIC_REPRESENTATION_CONTEXT(2) 
PARAMETRIC_REPRESENTATION_CONTEXT() REPRESENTATION_CONTEXT('2D SPACE',''
  ) );
#7050 = PCURVE('',#1969,#7051);
#7051 = DEFINITIONAL_REPRESENTATION('',(#7052),#7056);
#7052 = LINE('',#7053,#7054);
#7053 = CARTESIAN_POINT('',(3.14159265359,5.));
#7054 = VECTOR('',#7055,1.);
#7055 = DIRECTION('',(0.,-1.));
#7056 = ( GEOMETRIC_REPRESENTATION_CONTEXT(2) 
PARAMETRIC_REPRESENTATION_CONTEXT() REPRESENTATION_CONTEXT('2D SPACE',''
  ) );
#7057 = ORIENTED_EDGE('',*,*,#7058,.F.);
#7058 = EDGE_CURVE('',#7059,#7036,#7061,.T.);
#7059 = VERTEX_POINT('',#7060);
#7060 = CARTESIAN_POINT('',(10.625,-15.825,1.5));
#7061 = SURFACE_CURVE('',#7062,(#7066,#7072),.PCURVE_S1.);
#7062 = LINE('',#7063,#7064);
#7063 = CARTESIAN_POINT('',(10.625,-34.7875,1.5));
#7064 = VECTOR('',#7065,1.);
#7065 = DIRECTION('',(-1.110223024625E-16,-1.,0.));
#7066 = PCURVE('',#1880,#7067);
#7067 = DEFINITIONAL_REPRESENTATION('',(#7068),#7071);
#7068 = B_SPLINE_CURVE_WITH_KNOTS('',1,(#7069,#7070),.UNSPECIFIED.,.F.,
  .F.,(2,2),(-18.9625,19.7875),.PIECEWISE_BEZIER_KNOTS.);
#7069 = CARTESIAN_POINT('',(38.75,-1.5));
#7070 = CARTESIAN_POINT('',(0.,-1.5));
#7071 = ( GEOMETRIC_REPRESENTATION_CONTEXT(2) 
PARAMETRIC_REPRESENTATION_CONTEXT() REPRESENTATION_CONTEXT('2D SPACE',''
  ) );
#7072 = PCURVE('',#4456,#7073);
#7073 = DEFINITIONAL_REPRESENTATION('',(#7074),#7077);
#7074 = B_SPLINE_CURVE_WITH_KNOTS('',1,(#7075,#7076),.UNSPECIFIED.,.F.,
  .F.,(2,2),(-18.9625,19.7875),.PIECEWISE_BEZIER_KNOTS.);
#7075 = CARTESIAN_POINT('',(85.825,-0.825));
#7076 = CARTESIAN_POINT('',(85.825,-39.575));
#7077 = ( GEOMETRIC_REPRESENTATION_CONTEXT(2) 
PARAMETRIC_REPRESENTATION_CONTEXT() REPRESENTATION_CONTEXT('2D SPACE',''
  ) );
#7078 = ORIENTED_EDGE('',*,*,#7079,.T.);
#7079 = EDGE_CURVE('',#7059,#1864,#7080,.T.);
#7080 = SURFACE_CURVE('',#7081,(#7085,#7092),.PCURVE_S1.);
#7081 = LINE('',#7082,#7083);
#7082 = CARTESIAN_POINT('',(10.625,-15.825,5.));
#7083 = VECTOR('',#7084,1.);
#7084 = DIRECTION('',(0.,0.,-1.));
#7085 = PCURVE('',#1880,#7086);
#7086 = DEFINITIONAL_REPRESENTATION('',(#7087),#7091);
#7087 = LINE('',#7088,#7089);
#7088 = CARTESIAN_POINT('',(38.75,-5.));
#7089 = VECTOR('',#7090,1.);
#7090 = DIRECTION('',(0.,1.));
#7091 = ( GEOMETRIC_REPRESENTATION_CONTEXT(2) 
PARAMETRIC_REPRESENTATION_CONTEXT() REPRESENTATION_CONTEXT('2D SPACE',''
  ) );
#7092 = PCURVE('',#1912,#7093);
#7093 = DEFINITIONAL_REPRESENTATION('',(#7094),#7098);
#7094 = LINE('',#7095,#7096);
#7095 = CARTESIAN_POINT('',(0.,-5.));
#7096 = VECTOR('',#7097,1.);
#7097 = DIRECTION('',(-0.,1.));
#7098 = ( GEOMETRIC_REPRESENTATION_CONTEXT(2) 
PARAMETRIC_REPRESENTATION_CONTEXT() REPRESENTATION_CONTEXT('2D SPACE',''
  ) );
#7099 = ORIENTED_EDGE('',*,*,#1863,.T.);
#7100 = ADVANCED_FACE('',(#7101),#1912,.F.);
#7101 = FACE_BOUND('',#7102,.F.);
#7102 = EDGE_LOOP('',(#7103,#7104,#7132,#7153));
#7103 = ORIENTED_EDGE('',*,*,#7079,.F.);
#7104 = ORIENTED_EDGE('',*,*,#7105,.T.);
#7105 = EDGE_CURVE('',#7059,#7106,#7108,.T.);
#7106 = VERTEX_POINT('',#7107);
#7107 = CARTESIAN_POINT('',(11.875,-15.825,1.5));
#7108 = SURFACE_CURVE('',#7109,(#7114,#7121),.PCURVE_S1.);
#7109 = CIRCLE('',#7110,0.625);
#7110 = AXIS2_PLACEMENT_3D('',#7111,#7112,#7113);
#7111 = CARTESIAN_POINT('',(11.25,-15.825,1.5));
#7112 = DIRECTION('',(0.,0.,-1.));
#7113 = DIRECTION('',(-1.,1.110223024625E-16,0.));
#7114 = PCURVE('',#1912,#7115);
#7115 = DEFINITIONAL_REPRESENTATION('',(#7116),#7120);
#7116 = LINE('',#7117,#7118);
#7117 = CARTESIAN_POINT('',(0.,-1.5));
#7118 = VECTOR('',#7119,1.);
#7119 = DIRECTION('',(1.,0.));
#7120 = ( GEOMETRIC_REPRESENTATION_CONTEXT(2) 
PARAMETRIC_REPRESENTATION_CONTEXT() REPRESENTATION_CONTEXT('2D SPACE',''
  ) );
#7121 = PCURVE('',#4456,#7122);
#7122 = DEFINITIONAL_REPRESENTATION('',(#7123),#7131);
#7123 = ( BOUNDED_CURVE() B_SPLINE_CURVE(2,(#7124,#7125,#7126,#7127,
#7128,#7129,#7130),.UNSPECIFIED.,.T.,.F.) B_SPLINE_CURVE_WITH_KNOTS((1,2
    ,2,2,2,1),(-2.094395102393,0.,2.094395102393,4.188790204786,
6.28318530718,8.377580409573),.UNSPECIFIED.) CURVE() 
GEOMETRIC_REPRESENTATION_ITEM() RATIONAL_B_SPLINE_CURVE((1.,0.5,1.,0.5,
1.,0.5,1.)) REPRESENTATION_ITEM('') );
#7124 = CARTESIAN_POINT('',(85.825,-0.825));
#7125 = CARTESIAN_POINT('',(85.825,0.257531754731));
#7126 = CARTESIAN_POINT('',(86.7625,-0.283734122635));
#7127 = CARTESIAN_POINT('',(87.7,-0.825));
#7128 = CARTESIAN_POINT('',(86.7625,-1.366265877365));
#7129 = CARTESIAN_POINT('',(85.825,-1.907531754731));
#7130 = CARTESIAN_POINT('',(85.825,-0.825));
#7131 = ( GEOMETRIC_REPRESENTATION_CONTEXT(2) 
PARAMETRIC_REPRESENTATION_CONTEXT() REPRESENTATION_CONTEXT('2D SPACE',''
  ) );
#7132 = ORIENTED_EDGE('',*,*,#7133,.T.);
#7133 = EDGE_CURVE('',#7106,#1892,#7134,.T.);
#7134 = SURFACE_CURVE('',#7135,(#7139,#7146),.PCURVE_S1.);
#7135 = LINE('',#7136,#7137);
#7136 = CARTESIAN_POINT('',(11.875,-15.825,5.));
#7137 = VECTOR('',#7138,1.);
#7138 = DIRECTION('',(0.,0.,-1.));
#7139 = PCURVE('',#1912,#7140);
#7140 = DEFINITIONAL_REPRESENTATION('',(#7141),#7145);
#7141 = LINE('',#7142,#7143);
#7142 = CARTESIAN_POINT('',(3.14159265359,-5.));
#7143 = VECTOR('',#7144,1.);
#7144 = DIRECTION('',(-0.,1.));
#7145 = ( GEOMETRIC_REPRESENTATION_CONTEXT(2) 
PARAMETRIC_REPRESENTATION_CONTEXT() REPRESENTATION_CONTEXT('2D SPACE',''
  ) );
#7146 = PCURVE('',#1939,#7147);
#7147 = DEFINITIONAL_REPRESENTATION('',(#7148),#7152);
#7148 = LINE('',#7149,#7150);
#7149 = CARTESIAN_POINT('',(0.,-5.));
#7150 = VECTOR('',#7151,1.);
#7151 = DIRECTION('',(-0.,1.));
#7152 = ( GEOMETRIC_REPRESENTATION_CONTEXT(2) 
PARAMETRIC_REPRESENTATION_CONTEXT() REPRESENTATION_CONTEXT('2D SPACE',''
  ) );
#7153 = ORIENTED_EDGE('',*,*,#1891,.F.);
#7154 = ADVANCED_FACE('',(#7155),#1969,.F.);
#7155 = FACE_BOUND('',#7156,.F.);
#7156 = EDGE_LOOP('',(#7157,#7180,#7206,#7207));
#7157 = ORIENTED_EDGE('',*,*,#7158,.T.);
#7158 = EDGE_CURVE('',#1925,#7159,#7161,.T.);
#7159 = VERTEX_POINT('',#7160);
#7160 = CARTESIAN_POINT('',(11.875,-54.575,1.5));
#7161 = SURFACE_CURVE('',#7162,(#7166,#7173),.PCURVE_S1.);
#7162 = LINE('',#7163,#7164);
#7163 = CARTESIAN_POINT('',(11.875,-54.575,-5.));
#7164 = VECTOR('',#7165,1.);
#7165 = DIRECTION('',(0.,0.,1.));
#7166 = PCURVE('',#1969,#7167);
#7167 = DEFINITIONAL_REPRESENTATION('',(#7168),#7172);
#7168 = LINE('',#7169,#7170);
#7169 = CARTESIAN_POINT('',(0.,5.));
#7170 = VECTOR('',#7171,1.);
#7171 = DIRECTION('',(0.,-1.));
#7172 = ( GEOMETRIC_REPRESENTATION_CONTEXT(2) 
PARAMETRIC_REPRESENTATION_CONTEXT() REPRESENTATION_CONTEXT('2D SPACE',''
  ) );
#7173 = PCURVE('',#1939,#7174);
#7174 = DEFINITIONAL_REPRESENTATION('',(#7175),#7179);
#7175 = LINE('',#7176,#7177);
#7176 = CARTESIAN_POINT('',(38.75,5.));
#7177 = VECTOR('',#7178,1.);
#7178 = DIRECTION('',(0.,-1.));
#7179 = ( GEOMETRIC_REPRESENTATION_CONTEXT(2) 
PARAMETRIC_REPRESENTATION_CONTEXT() REPRESENTATION_CONTEXT('2D SPACE',''
  ) );
#7180 = ORIENTED_EDGE('',*,*,#7181,.T.);
#7181 = EDGE_CURVE('',#7159,#7036,#7182,.T.);
#7182 = SURFACE_CURVE('',#7183,(#7188,#7195),.PCURVE_S1.);
#7183 = CIRCLE('',#7184,0.625);
#7184 = AXIS2_PLACEMENT_3D('',#7185,#7186,#7187);
#7185 = CARTESIAN_POINT('',(11.25,-54.575,1.5));
#7186 = DIRECTION('',(0.,-0.,-1.));
#7187 = DIRECTION('',(1.,-1.110223024625E-16,0.));
#7188 = PCURVE('',#1969,#7189);
#7189 = DEFINITIONAL_REPRESENTATION('',(#7190),#7194);
#7190 = LINE('',#7191,#7192);
#7191 = CARTESIAN_POINT('',(0.,-1.5));
#7192 = VECTOR('',#7193,1.);
#7193 = DIRECTION('',(1.,0.));
#7194 = ( GEOMETRIC_REPRESENTATION_CONTEXT(2) 
PARAMETRIC_REPRESENTATION_CONTEXT() REPRESENTATION_CONTEXT('2D SPACE',''
  ) );
#7195 = PCURVE('',#4456,#7196);
#7196 = DEFINITIONAL_REPRESENTATION('',(#7197),#7205);
#7197 = ( BOUNDED_CURVE() B_SPLINE_CURVE(2,(#7198,#7199,#7200,#7201,
#7202,#7203,#7204),.UNSPECIFIED.,.T.,.F.) B_SPLINE_CURVE_WITH_KNOTS((1,2
    ,2,2,2,1),(-2.094395102393,0.,2.094395102393,4.188790204786,
6.28318530718,8.377580409573),.UNSPECIFIED.) CURVE() 
GEOMETRIC_REPRESENTATION_ITEM() RATIONAL_B_SPLINE_CURVE((1.,0.5,1.,0.5,
1.,0.5,1.)) REPRESENTATION_ITEM('') );
#7198 = CARTESIAN_POINT('',(87.075,-39.575));
#7199 = CARTESIAN_POINT('',(87.075,-40.65753175473));
#7200 = CARTESIAN_POINT('',(86.1375,-40.11626587736));
#7201 = CARTESIAN_POINT('',(85.2,-39.575));
#7202 = CARTESIAN_POINT('',(86.1375,-39.03373412263));
#7203 = CARTESIAN_POINT('',(87.075,-38.49246824526));
#7204 = CARTESIAN_POINT('',(87.075,-39.575));
#7205 = ( GEOMETRIC_REPRESENTATION_CONTEXT(2) 
PARAMETRIC_REPRESENTATION_CONTEXT() REPRESENTATION_CONTEXT('2D SPACE',''
  ) );
#7206 = ORIENTED_EDGE('',*,*,#7035,.F.);
#7207 = ORIENTED_EDGE('',*,*,#1950,.F.);
#7208 = ADVANCED_FACE('',(#7209),#1939,.F.);
#7209 = FACE_BOUND('',#7210,.F.);
#7210 = EDGE_LOOP('',(#7211,#7212,#7231,#7232));
#7211 = ORIENTED_EDGE('',*,*,#7133,.F.);
#7212 = ORIENTED_EDGE('',*,*,#7213,.F.);
#7213 = EDGE_CURVE('',#7159,#7106,#7214,.T.);
#7214 = SURFACE_CURVE('',#7215,(#7219,#7225),.PCURVE_S1.);
#7215 = LINE('',#7216,#7217);
#7216 = CARTESIAN_POINT('',(11.875,-15.4125,1.5));
#7217 = VECTOR('',#7218,1.);
#7218 = DIRECTION('',(1.110223024625E-16,1.,-0.));
#7219 = PCURVE('',#1939,#7220);
#7220 = DEFINITIONAL_REPRESENTATION('',(#7221),#7224);
#7221 = B_SPLINE_CURVE_WITH_KNOTS('',1,(#7222,#7223),.UNSPECIFIED.,.F.,
  .F.,(2,2),(-39.1625,-0.4125),.PIECEWISE_BEZIER_KNOTS.);
#7222 = CARTESIAN_POINT('',(38.75,-1.5));
#7223 = CARTESIAN_POINT('',(0.,-1.5));
#7224 = ( GEOMETRIC_REPRESENTATION_CONTEXT(2) 
PARAMETRIC_REPRESENTATION_CONTEXT() REPRESENTATION_CONTEXT('2D SPACE',''
  ) );
#7225 = PCURVE('',#4456,#7226);
#7226 = DEFINITIONAL_REPRESENTATION('',(#7227),#7230);
#7227 = B_SPLINE_CURVE_WITH_KNOTS('',1,(#7228,#7229),.UNSPECIFIED.,.F.,
  .F.,(2,2),(-39.1625,-0.4125),.PIECEWISE_BEZIER_KNOTS.);
#7228 = CARTESIAN_POINT('',(87.075,-39.575));
#7229 = CARTESIAN_POINT('',(87.075,-0.825));
#7230 = ( GEOMETRIC_REPRESENTATION_CONTEXT(2) 
PARAMETRIC_REPRESENTATION_CONTEXT() REPRESENTATION_CONTEXT('2D SPACE',''
  ) );
#7231 = ORIENTED_EDGE('',*,*,#7158,.F.);
#7232 = ORIENTED_EDGE('',*,*,#1924,.T.);
#7233 = ADVANCED_FACE('',(#7234),#2000,.F.);
#7234 = FACE_BOUND('',#7235,.F.);
#7235 = EDGE_LOOP('',(#7236,#7259,#7280,#7301));
#7236 = ORIENTED_EDGE('',*,*,#7237,.T.);
#7237 = EDGE_CURVE('',#1986,#7238,#7240,.T.);
#7238 = VERTEX_POINT('',#7239);
#7239 = CARTESIAN_POINT('',(15.825,-10.625,1.5));
#7240 = SURFACE_CURVE('',#7241,(#7245,#7252),.PCURVE_S1.);
#7241 = LINE('',#7242,#7243);
#7242 = CARTESIAN_POINT('',(15.825,-10.625,-5.));
#7243 = VECTOR('',#7244,1.);
#7244 = DIRECTION('',(0.,0.,1.));
#7245 = PCURVE('',#2000,#7246);
#7246 = DEFINITIONAL_REPRESENTATION('',(#7247),#7251);
#7247 = LINE('',#7248,#7249);
#7248 = CARTESIAN_POINT('',(0.,5.));
#7249 = VECTOR('',#7250,1.);
#7250 = DIRECTION('',(0.,-1.));
#7251 = ( GEOMETRIC_REPRESENTATION_CONTEXT(2) 
PARAMETRIC_REPRESENTATION_CONTEXT() REPRESENTATION_CONTEXT('2D SPACE',''
  ) );
#7252 = PCURVE('',#2089,#7253);
#7253 = DEFINITIONAL_REPRESENTATION('',(#7254),#7258);
#7254 = LINE('',#7255,#7256);
#7255 = CARTESIAN_POINT('',(3.14159265359,5.));
#7256 = VECTOR('',#7257,1.);
#7257 = DIRECTION('',(0.,-1.));
#7258 = ( GEOMETRIC_REPRESENTATION_CONTEXT(2) 
PARAMETRIC_REPRESENTATION_CONTEXT() REPRESENTATION_CONTEXT('2D SPACE',''
  ) );
#7259 = ORIENTED_EDGE('',*,*,#7260,.F.);
#7260 = EDGE_CURVE('',#7261,#7238,#7263,.T.);
#7261 = VERTEX_POINT('',#7262);
#7262 = CARTESIAN_POINT('',(54.575,-10.625,1.5));
#7263 = SURFACE_CURVE('',#7264,(#7268,#7274),.PCURVE_S1.);
#7264 = LINE('',#7265,#7266);
#7265 = CARTESIAN_POINT('',(-29.6875,-10.625,1.5));
#7266 = VECTOR('',#7267,1.);
#7267 = DIRECTION('',(-1.,0.,0.));
#7268 = PCURVE('',#2000,#7269);
#7269 = DEFINITIONAL_REPRESENTATION('',(#7270),#7273);
#7270 = B_SPLINE_CURVE_WITH_KNOTS('',1,(#7271,#7272),.UNSPECIFIED.,.F.,
  .F.,(2,2),(-84.2625,-45.5125),.PIECEWISE_BEZIER_KNOTS.);
#7271 = CARTESIAN_POINT('',(38.75,-1.5));
#7272 = CARTESIAN_POINT('',(0.,-1.5));
#7273 = ( GEOMETRIC_REPRESENTATION_CONTEXT(2) 
PARAMETRIC_REPRESENTATION_CONTEXT() REPRESENTATION_CONTEXT('2D SPACE',''
  ) );
#7274 = PCURVE('',#4456,#7275);
#7275 = DEFINITIONAL_REPRESENTATION('',(#7276),#7279);
#7276 = B_SPLINE_CURVE_WITH_KNOTS('',1,(#7277,#7278),.UNSPECIFIED.,.F.,
  .F.,(2,2),(-84.2625,-45.5125),.PIECEWISE_BEZIER_KNOTS.);
#7277 = CARTESIAN_POINT('',(129.775,4.375));
#7278 = CARTESIAN_POINT('',(91.025,4.375));
#7279 = ( GEOMETRIC_REPRESENTATION_CONTEXT(2) 
PARAMETRIC_REPRESENTATION_CONTEXT() REPRESENTATION_CONTEXT('2D SPACE',''
  ) );
#7280 = ORIENTED_EDGE('',*,*,#7281,.T.);
#7281 = EDGE_CURVE('',#7261,#1984,#7282,.T.);
#7282 = SURFACE_CURVE('',#7283,(#7287,#7294),.PCURVE_S1.);
#7283 = LINE('',#7284,#7285);
#7284 = CARTESIAN_POINT('',(54.575,-10.625,5.));
#7285 = VECTOR('',#7286,1.);
#7286 = DIRECTION('',(0.,0.,-1.));
#7287 = PCURVE('',#2000,#7288);
#7288 = DEFINITIONAL_REPRESENTATION('',(#7289),#7293);
#7289 = LINE('',#7290,#7291);
#7290 = CARTESIAN_POINT('',(38.75,-5.));
#7291 = VECTOR('',#7292,1.);
#7292 = DIRECTION('',(0.,1.));
#7293 = ( GEOMETRIC_REPRESENTATION_CONTEXT(2) 
PARAMETRIC_REPRESENTATION_CONTEXT() REPRESENTATION_CONTEXT('2D SPACE',''
  ) );
#7294 = PCURVE('',#2032,#7295);
#7295 = DEFINITIONAL_REPRESENTATION('',(#7296),#7300);
#7296 = LINE('',#7297,#7298);
#7297 = CARTESIAN_POINT('',(0.,-5.));
#7298 = VECTOR('',#7299,1.);
#7299 = DIRECTION('',(-0.,1.));
#7300 = ( GEOMETRIC_REPRESENTATION_CONTEXT(2) 
PARAMETRIC_REPRESENTATION_CONTEXT() REPRESENTATION_CONTEXT('2D SPACE',''
  ) );
#7301 = ORIENTED_EDGE('',*,*,#1983,.T.);
#7302 = ADVANCED_FACE('',(#7303),#2032,.F.);
#7303 = FACE_BOUND('',#7304,.F.);
#7304 = EDGE_LOOP('',(#7305,#7306,#7334,#7355));
#7305 = ORIENTED_EDGE('',*,*,#7281,.F.);
#7306 = ORIENTED_EDGE('',*,*,#7307,.T.);
#7307 = EDGE_CURVE('',#7261,#7308,#7310,.T.);
#7308 = VERTEX_POINT('',#7309);
#7309 = CARTESIAN_POINT('',(54.575,-11.875,1.5));
#7310 = SURFACE_CURVE('',#7311,(#7316,#7323),.PCURVE_S1.);
#7311 = CIRCLE('',#7312,0.625);
#7312 = AXIS2_PLACEMENT_3D('',#7313,#7314,#7315);
#7313 = CARTESIAN_POINT('',(54.575,-11.25,1.5));
#7314 = DIRECTION('',(0.,0.,-1.));
#7315 = DIRECTION('',(0.,1.,0.));
#7316 = PCURVE('',#2032,#7317);
#7317 = DEFINITIONAL_REPRESENTATION('',(#7318),#7322);
#7318 = LINE('',#7319,#7320);
#7319 = CARTESIAN_POINT('',(0.,-1.5));
#7320 = VECTOR('',#7321,1.);
#7321 = DIRECTION('',(1.,0.));
#7322 = ( GEOMETRIC_REPRESENTATION_CONTEXT(2) 
PARAMETRIC_REPRESENTATION_CONTEXT() REPRESENTATION_CONTEXT('2D SPACE',''
  ) );
#7323 = PCURVE('',#4456,#7324);
#7324 = DEFINITIONAL_REPRESENTATION('',(#7325),#7333);
#7325 = ( BOUNDED_CURVE() B_SPLINE_CURVE(2,(#7326,#7327,#7328,#7329,
#7330,#7331,#7332),.UNSPECIFIED.,.T.,.F.) B_SPLINE_CURVE_WITH_KNOTS((1,2
    ,2,2,2,1),(-2.094395102393,0.,2.094395102393,4.188790204786,
6.28318530718,8.377580409573),.UNSPECIFIED.) CURVE() 
GEOMETRIC_REPRESENTATION_ITEM() RATIONAL_B_SPLINE_CURVE((1.,0.5,1.,0.5,
1.,0.5,1.)) REPRESENTATION_ITEM('') );
#7326 = CARTESIAN_POINT('',(129.775,4.375));
#7327 = CARTESIAN_POINT('',(130.85753175473,4.375));
#7328 = CARTESIAN_POINT('',(130.31626587736,3.4375));
#7329 = CARTESIAN_POINT('',(129.775,2.5));
#7330 = CARTESIAN_POINT('',(129.23373412263,3.4375));
#7331 = CARTESIAN_POINT('',(128.69246824526,4.375));
#7332 = CARTESIAN_POINT('',(129.775,4.375));
#7333 = ( GEOMETRIC_REPRESENTATION_CONTEXT(2) 
PARAMETRIC_REPRESENTATION_CONTEXT() REPRESENTATION_CONTEXT('2D SPACE',''
  ) );
#7334 = ORIENTED_EDGE('',*,*,#7335,.T.);
#7335 = EDGE_CURVE('',#7308,#2012,#7336,.T.);
#7336 = SURFACE_CURVE('',#7337,(#7341,#7348),.PCURVE_S1.);
#7337 = LINE('',#7338,#7339);
#7338 = CARTESIAN_POINT('',(54.575,-11.875,5.));
#7339 = VECTOR('',#7340,1.);
#7340 = DIRECTION('',(0.,0.,-1.));
#7341 = PCURVE('',#2032,#7342);
#7342 = DEFINITIONAL_REPRESENTATION('',(#7343),#7347);
#7343 = LINE('',#7344,#7345);
#7344 = CARTESIAN_POINT('',(3.14159265359,-5.));
#7345 = VECTOR('',#7346,1.);
#7346 = DIRECTION('',(-0.,1.));
#7347 = ( GEOMETRIC_REPRESENTATION_CONTEXT(2) 
PARAMETRIC_REPRESENTATION_CONTEXT() REPRESENTATION_CONTEXT('2D SPACE',''
  ) );
#7348 = PCURVE('',#2059,#7349);
#7349 = DEFINITIONAL_REPRESENTATION('',(#7350),#7354);
#7350 = LINE('',#7351,#7352);
#7351 = CARTESIAN_POINT('',(0.,-5.));
#7352 = VECTOR('',#7353,1.);
#7353 = DIRECTION('',(0.,1.));
#7354 = ( GEOMETRIC_REPRESENTATION_CONTEXT(2) 
PARAMETRIC_REPRESENTATION_CONTEXT() REPRESENTATION_CONTEXT('2D SPACE',''
  ) );
#7355 = ORIENTED_EDGE('',*,*,#2011,.F.);
#7356 = ADVANCED_FACE('',(#7357),#2089,.F.);
#7357 = FACE_BOUND('',#7358,.F.);
#7358 = EDGE_LOOP('',(#7359,#7382,#7408,#7409));
#7359 = ORIENTED_EDGE('',*,*,#7360,.T.);
#7360 = EDGE_CURVE('',#2045,#7361,#7363,.T.);
#7361 = VERTEX_POINT('',#7362);
#7362 = CARTESIAN_POINT('',(15.825,-11.875,1.5));
#7363 = SURFACE_CURVE('',#7364,(#7368,#7375),.PCURVE_S1.);
#7364 = LINE('',#7365,#7366);
#7365 = CARTESIAN_POINT('',(15.825,-11.875,-5.));
#7366 = VECTOR('',#7367,1.);
#7367 = DIRECTION('',(0.,0.,1.));
#7368 = PCURVE('',#2089,#7369);
#7369 = DEFINITIONAL_REPRESENTATION('',(#7370),#7374);
#7370 = LINE('',#7371,#7372);
#7371 = CARTESIAN_POINT('',(0.,5.));
#7372 = VECTOR('',#7373,1.);
#7373 = DIRECTION('',(0.,-1.));
#7374 = ( GEOMETRIC_REPRESENTATION_CONTEXT(2) 
PARAMETRIC_REPRESENTATION_CONTEXT() REPRESENTATION_CONTEXT('2D SPACE',''
  ) );
#7375 = PCURVE('',#2059,#7376);
#7376 = DEFINITIONAL_REPRESENTATION('',(#7377),#7381);
#7377 = LINE('',#7378,#7379);
#7378 = CARTESIAN_POINT('',(38.75,5.));
#7379 = VECTOR('',#7380,1.);
#7380 = DIRECTION('',(0.,-1.));
#7381 = ( GEOMETRIC_REPRESENTATION_CONTEXT(2) 
PARAMETRIC_REPRESENTATION_CONTEXT() REPRESENTATION_CONTEXT('2D SPACE',''
  ) );
#7382 = ORIENTED_EDGE('',*,*,#7383,.T.);
#7383 = EDGE_CURVE('',#7361,#7238,#7384,.T.);
#7384 = SURFACE_CURVE('',#7385,(#7390,#7397),.PCURVE_S1.);
#7385 = CIRCLE('',#7386,0.625);
#7386 = AXIS2_PLACEMENT_3D('',#7387,#7388,#7389);
#7387 = CARTESIAN_POINT('',(15.825,-11.25,1.5));
#7388 = DIRECTION('',(0.,-0.,-1.));
#7389 = DIRECTION('',(0.,-1.,0.));
#7390 = PCURVE('',#2089,#7391);
#7391 = DEFINITIONAL_REPRESENTATION('',(#7392),#7396);
#7392 = LINE('',#7393,#7394);
#7393 = CARTESIAN_POINT('',(0.,-1.5));
#7394 = VECTOR('',#7395,1.);
#7395 = DIRECTION('',(1.,0.));
#7396 = ( GEOMETRIC_REPRESENTATION_CONTEXT(2) 
PARAMETRIC_REPRESENTATION_CONTEXT() REPRESENTATION_CONTEXT('2D SPACE',''
  ) );
#7397 = PCURVE('',#4456,#7398);
#7398 = DEFINITIONAL_REPRESENTATION('',(#7399),#7407);
#7399 = ( BOUNDED_CURVE() B_SPLINE_CURVE(2,(#7400,#7401,#7402,#7403,
#7404,#7405,#7406),.UNSPECIFIED.,.T.,.F.) B_SPLINE_CURVE_WITH_KNOTS((1,2
    ,2,2,2,1),(-2.094395102393,0.,2.094395102393,4.188790204786,
6.28318530718,8.377580409573),.UNSPECIFIED.) CURVE() 
GEOMETRIC_REPRESENTATION_ITEM() RATIONAL_B_SPLINE_CURVE((1.,0.5,1.,0.5,
1.,0.5,1.)) REPRESENTATION_ITEM('') );
#7400 = CARTESIAN_POINT('',(91.025,3.125));
#7401 = CARTESIAN_POINT('',(89.942468245269,3.125));
#7402 = CARTESIAN_POINT('',(90.483734122635,4.0625));
#7403 = CARTESIAN_POINT('',(91.025,5.));
#7404 = CARTESIAN_POINT('',(91.566265877365,4.0625));
#7405 = CARTESIAN_POINT('',(92.107531754731,3.125));
#7406 = CARTESIAN_POINT('',(91.025,3.125));
#7407 = ( GEOMETRIC_REPRESENTATION_CONTEXT(2) 
PARAMETRIC_REPRESENTATION_CONTEXT() REPRESENTATION_CONTEXT('2D SPACE',''
  ) );
#7408 = ORIENTED_EDGE('',*,*,#7237,.F.);
#7409 = ORIENTED_EDGE('',*,*,#2070,.F.);
#7410 = ADVANCED_FACE('',(#7411),#2059,.F.);
#7411 = FACE_BOUND('',#7412,.F.);
#7412 = EDGE_LOOP('',(#7413,#7414,#7433,#7434));
#7413 = ORIENTED_EDGE('',*,*,#7335,.F.);
#7414 = ORIENTED_EDGE('',*,*,#7415,.F.);
#7415 = EDGE_CURVE('',#7361,#7308,#7416,.T.);
#7416 = SURFACE_CURVE('',#7417,(#7421,#7427),.PCURVE_S1.);
#7417 = LINE('',#7418,#7419);
#7418 = CARTESIAN_POINT('',(-10.3125,-11.875,1.5));
#7419 = VECTOR('',#7420,1.);
#7420 = DIRECTION('',(1.,0.,-0.));
#7421 = PCURVE('',#2059,#7422);
#7422 = DEFINITIONAL_REPRESENTATION('',(#7423),#7426);
#7423 = B_SPLINE_CURVE_WITH_KNOTS('',1,(#7424,#7425),.UNSPECIFIED.,.F.,
  .F.,(2,2),(26.1375,64.8875),.PIECEWISE_BEZIER_KNOTS.);
#7424 = CARTESIAN_POINT('',(38.75,-1.5));
#7425 = CARTESIAN_POINT('',(0.,-1.5));
#7426 = ( GEOMETRIC_REPRESENTATION_CONTEXT(2) 
PARAMETRIC_REPRESENTATION_CONTEXT() REPRESENTATION_CONTEXT('2D SPACE',''
  ) );
#7427 = PCURVE('',#4456,#7428);
#7428 = DEFINITIONAL_REPRESENTATION('',(#7429),#7432);
#7429 = B_SPLINE_CURVE_WITH_KNOTS('',1,(#7430,#7431),.UNSPECIFIED.,.F.,
  .F.,(2,2),(26.1375,64.8875),.PIECEWISE_BEZIER_KNOTS.);
#7430 = CARTESIAN_POINT('',(91.025,3.125));
#7431 = CARTESIAN_POINT('',(129.775,3.125));
#7432 = ( GEOMETRIC_REPRESENTATION_CONTEXT(2) 
PARAMETRIC_REPRESENTATION_CONTEXT() REPRESENTATION_CONTEXT('2D SPACE',''
  ) );
#7433 = ORIENTED_EDGE('',*,*,#7360,.F.);
#7434 = ORIENTED_EDGE('',*,*,#2044,.T.);
#7435 = ADVANCED_FACE('',(#7436),#2120,.F.);
#7436 = FACE_BOUND('',#7437,.F.);
#7437 = EDGE_LOOP('',(#7438,#7461,#7482,#7503));
#7438 = ORIENTED_EDGE('',*,*,#7439,.T.);
#7439 = EDGE_CURVE('',#2106,#7440,#7442,.T.);
#7440 = VERTEX_POINT('',#7441);
#7441 = CARTESIAN_POINT('',(15.825,-6.875,1.5));
#7442 = SURFACE_CURVE('',#7443,(#7447,#7454),.PCURVE_S1.);
#7443 = LINE('',#7444,#7445);
#7444 = CARTESIAN_POINT('',(15.825,-6.875,-5.));
#7445 = VECTOR('',#7446,1.);
#7446 = DIRECTION('',(0.,0.,1.));
#7447 = PCURVE('',#2120,#7448);
#7448 = DEFINITIONAL_REPRESENTATION('',(#7449),#7453);
#7449 = LINE('',#7450,#7451);
#7450 = CARTESIAN_POINT('',(0.,5.));
#7451 = VECTOR('',#7452,1.);
#7452 = DIRECTION('',(0.,-1.));
#7453 = ( GEOMETRIC_REPRESENTATION_CONTEXT(2) 
PARAMETRIC_REPRESENTATION_CONTEXT() REPRESENTATION_CONTEXT('2D SPACE',''
  ) );
#7454 = PCURVE('',#2209,#7455);
#7455 = DEFINITIONAL_REPRESENTATION('',(#7456),#7460);
#7456 = LINE('',#7457,#7458);
#7457 = CARTESIAN_POINT('',(3.14159265359,5.));
#7458 = VECTOR('',#7459,1.);
#7459 = DIRECTION('',(0.,-1.));
#7460 = ( GEOMETRIC_REPRESENTATION_CONTEXT(2) 
PARAMETRIC_REPRESENTATION_CONTEXT() REPRESENTATION_CONTEXT('2D SPACE',''
  ) );
#7461 = ORIENTED_EDGE('',*,*,#7462,.F.);
#7462 = EDGE_CURVE('',#7463,#7440,#7465,.T.);
#7463 = VERTEX_POINT('',#7464);
#7464 = CARTESIAN_POINT('',(54.575,-6.875,1.5));
#7465 = SURFACE_CURVE('',#7466,(#7470,#7476),.PCURVE_S1.);
#7466 = LINE('',#7467,#7468);
#7467 = CARTESIAN_POINT('',(-29.6875,-6.875,1.5));
#7468 = VECTOR('',#7469,1.);
#7469 = DIRECTION('',(-1.,0.,0.));
#7470 = PCURVE('',#2120,#7471);
#7471 = DEFINITIONAL_REPRESENTATION('',(#7472),#7475);
#7472 = B_SPLINE_CURVE_WITH_KNOTS('',1,(#7473,#7474),.UNSPECIFIED.,.F.,
  .F.,(2,2),(-84.2625,-45.5125),.PIECEWISE_BEZIER_KNOTS.);
#7473 = CARTESIAN_POINT('',(38.75,-1.5));
#7474 = CARTESIAN_POINT('',(0.,-1.5));
#7475 = ( GEOMETRIC_REPRESENTATION_CONTEXT(2) 
PARAMETRIC_REPRESENTATION_CONTEXT() REPRESENTATION_CONTEXT('2D SPACE',''
  ) );
#7476 = PCURVE('',#4456,#7477);
#7477 = DEFINITIONAL_REPRESENTATION('',(#7478),#7481);
#7478 = B_SPLINE_CURVE_WITH_KNOTS('',1,(#7479,#7480),.UNSPECIFIED.,.F.,
  .F.,(2,2),(-84.2625,-45.5125),.PIECEWISE_BEZIER_KNOTS.);
#7479 = CARTESIAN_POINT('',(129.775,8.125));
#7480 = CARTESIAN_POINT('',(91.025,8.125));
#7481 = ( GEOMETRIC_REPRESENTATION_CONTEXT(2) 
PARAMETRIC_REPRESENTATION_CONTEXT() REPRESENTATION_CONTEXT('2D SPACE',''
  ) );
#7482 = ORIENTED_EDGE('',*,*,#7483,.T.);
#7483 = EDGE_CURVE('',#7463,#2104,#7484,.T.);
#7484 = SURFACE_CURVE('',#7485,(#7489,#7496),.PCURVE_S1.);
#7485 = LINE('',#7486,#7487);
#7486 = CARTESIAN_POINT('',(54.575,-6.875,5.));
#7487 = VECTOR('',#7488,1.);
#7488 = DIRECTION('',(0.,0.,-1.));
#7489 = PCURVE('',#2120,#7490);
#7490 = DEFINITIONAL_REPRESENTATION('',(#7491),#7495);
#7491 = LINE('',#7492,#7493);
#7492 = CARTESIAN_POINT('',(38.75,-5.));
#7493 = VECTOR('',#7494,1.);
#7494 = DIRECTION('',(0.,1.));
#7495 = ( GEOMETRIC_REPRESENTATION_CONTEXT(2) 
PARAMETRIC_REPRESENTATION_CONTEXT() REPRESENTATION_CONTEXT('2D SPACE',''
  ) );
#7496 = PCURVE('',#2152,#7497);
#7497 = DEFINITIONAL_REPRESENTATION('',(#7498),#7502);
#7498 = LINE('',#7499,#7500);
#7499 = CARTESIAN_POINT('',(0.,-5.));
#7500 = VECTOR('',#7501,1.);
#7501 = DIRECTION('',(-0.,1.));
#7502 = ( GEOMETRIC_REPRESENTATION_CONTEXT(2) 
PARAMETRIC_REPRESENTATION_CONTEXT() REPRESENTATION_CONTEXT('2D SPACE',''
  ) );
#7503 = ORIENTED_EDGE('',*,*,#2103,.T.);
#7504 = ADVANCED_FACE('',(#7505),#2152,.F.);
#7505 = FACE_BOUND('',#7506,.F.);
#7506 = EDGE_LOOP('',(#7507,#7508,#7536,#7557));
#7507 = ORIENTED_EDGE('',*,*,#7483,.F.);
#7508 = ORIENTED_EDGE('',*,*,#7509,.T.);
#7509 = EDGE_CURVE('',#7463,#7510,#7512,.T.);
#7510 = VERTEX_POINT('',#7511);
#7511 = CARTESIAN_POINT('',(54.575,-8.125,1.5));
#7512 = SURFACE_CURVE('',#7513,(#7518,#7525),.PCURVE_S1.);
#7513 = CIRCLE('',#7514,0.625);
#7514 = AXIS2_PLACEMENT_3D('',#7515,#7516,#7517);
#7515 = CARTESIAN_POINT('',(54.575,-7.5,1.5));
#7516 = DIRECTION('',(0.,0.,-1.));
#7517 = DIRECTION('',(0.,1.,0.));
#7518 = PCURVE('',#2152,#7519);
#7519 = DEFINITIONAL_REPRESENTATION('',(#7520),#7524);
#7520 = LINE('',#7521,#7522);
#7521 = CARTESIAN_POINT('',(0.,-1.5));
#7522 = VECTOR('',#7523,1.);
#7523 = DIRECTION('',(1.,0.));
#7524 = ( GEOMETRIC_REPRESENTATION_CONTEXT(2) 
PARAMETRIC_REPRESENTATION_CONTEXT() REPRESENTATION_CONTEXT('2D SPACE',''
  ) );
#7525 = PCURVE('',#4456,#7526);
#7526 = DEFINITIONAL_REPRESENTATION('',(#7527),#7535);
#7527 = ( BOUNDED_CURVE() B_SPLINE_CURVE(2,(#7528,#7529,#7530,#7531,
#7532,#7533,#7534),.UNSPECIFIED.,.T.,.F.) B_SPLINE_CURVE_WITH_KNOTS((1,2
    ,2,2,2,1),(-2.094395102393,0.,2.094395102393,4.188790204786,
6.28318530718,8.377580409573),.UNSPECIFIED.) CURVE() 
GEOMETRIC_REPRESENTATION_ITEM() RATIONAL_B_SPLINE_CURVE((1.,0.5,1.,0.5,
1.,0.5,1.)) REPRESENTATION_ITEM('') );
#7528 = CARTESIAN_POINT('',(129.775,8.125));
#7529 = CARTESIAN_POINT('',(130.85753175473,8.125));
#7530 = CARTESIAN_POINT('',(130.31626587736,7.1875));
#7531 = CARTESIAN_POINT('',(129.775,6.25));
#7532 = CARTESIAN_POINT('',(129.23373412263,7.1875));
#7533 = CARTESIAN_POINT('',(128.69246824526,8.125));
#7534 = CARTESIAN_POINT('',(129.775,8.125));
#7535 = ( GEOMETRIC_REPRESENTATION_CONTEXT(2) 
PARAMETRIC_REPRESENTATION_CONTEXT() REPRESENTATION_CONTEXT('2D SPACE',''
  ) );
#7536 = ORIENTED_EDGE('',*,*,#7537,.T.);
#7537 = EDGE_CURVE('',#7510,#2132,#7538,.T.);
#7538 = SURFACE_CURVE('',#7539,(#7543,#7550),.PCURVE_S1.);
#7539 = LINE('',#7540,#7541);
#7540 = CARTESIAN_POINT('',(54.575,-8.125,5.));
#7541 = VECTOR('',#7542,1.);
#7542 = DIRECTION('',(0.,0.,-1.));
#7543 = PCURVE('',#2152,#7544);
#7544 = DEFINITIONAL_REPRESENTATION('',(#7545),#7549);
#7545 = LINE('',#7546,#7547);
#7546 = CARTESIAN_POINT('',(3.14159265359,-5.));
#7547 = VECTOR('',#7548,1.);
#7548 = DIRECTION('',(-0.,1.));
#7549 = ( GEOMETRIC_REPRESENTATION_CONTEXT(2) 
PARAMETRIC_REPRESENTATION_CONTEXT() REPRESENTATION_CONTEXT('2D SPACE',''
  ) );
#7550 = PCURVE('',#2179,#7551);
#7551 = DEFINITIONAL_REPRESENTATION('',(#7552),#7556);
#7552 = LINE('',#7553,#7554);
#7553 = CARTESIAN_POINT('',(0.,-5.));
#7554 = VECTOR('',#7555,1.);
#7555 = DIRECTION('',(0.,1.));
#7556 = ( GEOMETRIC_REPRESENTATION_CONTEXT(2) 
PARAMETRIC_REPRESENTATION_CONTEXT() REPRESENTATION_CONTEXT('2D SPACE',''
  ) );
#7557 = ORIENTED_EDGE('',*,*,#2131,.F.);
#7558 = ADVANCED_FACE('',(#7559),#2209,.F.);
#7559 = FACE_BOUND('',#7560,.F.);
#7560 = EDGE_LOOP('',(#7561,#7584,#7610,#7611));
#7561 = ORIENTED_EDGE('',*,*,#7562,.T.);
#7562 = EDGE_CURVE('',#2165,#7563,#7565,.T.);
#7563 = VERTEX_POINT('',#7564);
#7564 = CARTESIAN_POINT('',(15.825,-8.125,1.5));
#7565 = SURFACE_CURVE('',#7566,(#7570,#7577),.PCURVE_S1.);
#7566 = LINE('',#7567,#7568);
#7567 = CARTESIAN_POINT('',(15.825,-8.125,-5.));
#7568 = VECTOR('',#7569,1.);
#7569 = DIRECTION('',(0.,0.,1.));
#7570 = PCURVE('',#2209,#7571);
#7571 = DEFINITIONAL_REPRESENTATION('',(#7572),#7576);
#7572 = LINE('',#7573,#7574);
#7573 = CARTESIAN_POINT('',(0.,5.));
#7574 = VECTOR('',#7575,1.);
#7575 = DIRECTION('',(0.,-1.));
#7576 = ( GEOMETRIC_REPRESENTATION_CONTEXT(2) 
PARAMETRIC_REPRESENTATION_CONTEXT() REPRESENTATION_CONTEXT('2D SPACE',''
  ) );
#7577 = PCURVE('',#2179,#7578);
#7578 = DEFINITIONAL_REPRESENTATION('',(#7579),#7583);
#7579 = LINE('',#7580,#7581);
#7580 = CARTESIAN_POINT('',(38.75,5.));
#7581 = VECTOR('',#7582,1.);
#7582 = DIRECTION('',(0.,-1.));
#7583 = ( GEOMETRIC_REPRESENTATION_CONTEXT(2) 
PARAMETRIC_REPRESENTATION_CONTEXT() REPRESENTATION_CONTEXT('2D SPACE',''
  ) );
#7584 = ORIENTED_EDGE('',*,*,#7585,.T.);
#7585 = EDGE_CURVE('',#7563,#7440,#7586,.T.);
#7586 = SURFACE_CURVE('',#7587,(#7592,#7599),.PCURVE_S1.);
#7587 = CIRCLE('',#7588,0.625);
#7588 = AXIS2_PLACEMENT_3D('',#7589,#7590,#7591);
#7589 = CARTESIAN_POINT('',(15.825,-7.5,1.5));
#7590 = DIRECTION('',(0.,-0.,-1.));
#7591 = DIRECTION('',(0.,-1.,0.));
#7592 = PCURVE('',#2209,#7593);
#7593 = DEFINITIONAL_REPRESENTATION('',(#7594),#7598);
#7594 = LINE('',#7595,#7596);
#7595 = CARTESIAN_POINT('',(0.,-1.5));
#7596 = VECTOR('',#7597,1.);
#7597 = DIRECTION('',(1.,0.));
#7598 = ( GEOMETRIC_REPRESENTATION_CONTEXT(2) 
PARAMETRIC_REPRESENTATION_CONTEXT() REPRESENTATION_CONTEXT('2D SPACE',''
  ) );
#7599 = PCURVE('',#4456,#7600);
#7600 = DEFINITIONAL_REPRESENTATION('',(#7601),#7609);
#7601 = ( BOUNDED_CURVE() B_SPLINE_CURVE(2,(#7602,#7603,#7604,#7605,
#7606,#7607,#7608),.UNSPECIFIED.,.T.,.F.) B_SPLINE_CURVE_WITH_KNOTS((1,2
    ,2,2,2,1),(-2.094395102393,0.,2.094395102393,4.188790204786,
6.28318530718,8.377580409573),.UNSPECIFIED.) CURVE() 
GEOMETRIC_REPRESENTATION_ITEM() RATIONAL_B_SPLINE_CURVE((1.,0.5,1.,0.5,
1.,0.5,1.)) REPRESENTATION_ITEM('') );
#7602 = CARTESIAN_POINT('',(91.025,6.875));
#7603 = CARTESIAN_POINT('',(89.942468245269,6.875));
#7604 = CARTESIAN_POINT('',(90.483734122635,7.8125));
#7605 = CARTESIAN_POINT('',(91.025,8.75));
#7606 = CARTESIAN_POINT('',(91.566265877365,7.8125));
#7607 = CARTESIAN_POINT('',(92.107531754731,6.875));
#7608 = CARTESIAN_POINT('',(91.025,6.875));
#7609 = ( GEOMETRIC_REPRESENTATION_CONTEXT(2) 
PARAMETRIC_REPRESENTATION_CONTEXT() REPRESENTATION_CONTEXT('2D SPACE',''
  ) );
#7610 = ORIENTED_EDGE('',*,*,#7439,.F.);
#7611 = ORIENTED_EDGE('',*,*,#2190,.F.);
#7612 = ADVANCED_FACE('',(#7613),#2179,.F.);
#7613 = FACE_BOUND('',#7614,.F.);
#7614 = EDGE_LOOP('',(#7615,#7616,#7635,#7636));
#7615 = ORIENTED_EDGE('',*,*,#7537,.F.);
#7616 = ORIENTED_EDGE('',*,*,#7617,.F.);
#7617 = EDGE_CURVE('',#7563,#7510,#7618,.T.);
#7618 = SURFACE_CURVE('',#7619,(#7623,#7629),.PCURVE_S1.);
#7619 = LINE('',#7620,#7621);
#7620 = CARTESIAN_POINT('',(-10.3125,-8.125,1.5));
#7621 = VECTOR('',#7622,1.);
#7622 = DIRECTION('',(1.,0.,-0.));
#7623 = PCURVE('',#2179,#7624);
#7624 = DEFINITIONAL_REPRESENTATION('',(#7625),#7628);
#7625 = B_SPLINE_CURVE_WITH_KNOTS('',1,(#7626,#7627),.UNSPECIFIED.,.F.,
  .F.,(2,2),(26.1375,64.8875),.PIECEWISE_BEZIER_KNOTS.);
#7626 = CARTESIAN_POINT('',(38.75,-1.5));
#7627 = CARTESIAN_POINT('',(0.,-1.5));
#7628 = ( GEOMETRIC_REPRESENTATION_CONTEXT(2) 
PARAMETRIC_REPRESENTATION_CONTEXT() REPRESENTATION_CONTEXT('2D SPACE',''
  ) );
#7629 = PCURVE('',#4456,#7630);
#7630 = DEFINITIONAL_REPRESENTATION('',(#7631),#7634);
#7631 = B_SPLINE_CURVE_WITH_KNOTS('',1,(#7632,#7633),.UNSPECIFIED.,.F.,
  .F.,(2,2),(26.1375,64.8875),.PIECEWISE_BEZIER_KNOTS.);
#7632 = CARTESIAN_POINT('',(91.025,6.875));
#7633 = CARTESIAN_POINT('',(129.775,6.875));
#7634 = ( GEOMETRIC_REPRESENTATION_CONTEXT(2) 
PARAMETRIC_REPRESENTATION_CONTEXT() REPRESENTATION_CONTEXT('2D SPACE',''
  ) );
#7635 = ORIENTED_EDGE('',*,*,#7562,.F.);
#7636 = ORIENTED_EDGE('',*,*,#2164,.T.);
#7637 = ADVANCED_FACE('',(#7638),#2240,.F.);
#7638 = FACE_BOUND('',#7639,.F.);
#7639 = EDGE_LOOP('',(#7640,#7663,#7684,#7705));
#7640 = ORIENTED_EDGE('',*,*,#7641,.T.);
#7641 = EDGE_CURVE('',#2226,#7642,#7644,.T.);
#7642 = VERTEX_POINT('',#7643);
#7643 = CARTESIAN_POINT('',(15.825,-3.125,1.5));
#7644 = SURFACE_CURVE('',#7645,(#7649,#7656),.PCURVE_S1.);
#7645 = LINE('',#7646,#7647);
#7646 = CARTESIAN_POINT('',(15.825,-3.125,-5.));
#7647 = VECTOR('',#7648,1.);
#7648 = DIRECTION('',(0.,0.,1.));
#7649 = PCURVE('',#2240,#7650);
#7650 = DEFINITIONAL_REPRESENTATION('',(#7651),#7655);
#7651 = LINE('',#7652,#7653);
#7652 = CARTESIAN_POINT('',(0.,5.));
#7653 = VECTOR('',#7654,1.);
#7654 = DIRECTION('',(0.,-1.));
#7655 = ( GEOMETRIC_REPRESENTATION_CONTEXT(2) 
PARAMETRIC_REPRESENTATION_CONTEXT() REPRESENTATION_CONTEXT('2D SPACE',''
  ) );
#7656 = PCURVE('',#2329,#7657);
#7657 = DEFINITIONAL_REPRESENTATION('',(#7658),#7662);
#7658 = LINE('',#7659,#7660);
#7659 = CARTESIAN_POINT('',(3.14159265359,5.));
#7660 = VECTOR('',#7661,1.);
#7661 = DIRECTION('',(0.,-1.));
#7662 = ( GEOMETRIC_REPRESENTATION_CONTEXT(2) 
PARAMETRIC_REPRESENTATION_CONTEXT() REPRESENTATION_CONTEXT('2D SPACE',''
  ) );
#7663 = ORIENTED_EDGE('',*,*,#7664,.F.);
#7664 = EDGE_CURVE('',#7665,#7642,#7667,.T.);
#7665 = VERTEX_POINT('',#7666);
#7666 = CARTESIAN_POINT('',(54.575,-3.125,1.5));
#7667 = SURFACE_CURVE('',#7668,(#7672,#7678),.PCURVE_S1.);
#7668 = LINE('',#7669,#7670);
#7669 = CARTESIAN_POINT('',(-29.6875,-3.125,1.5));
#7670 = VECTOR('',#7671,1.);
#7671 = DIRECTION('',(-1.,0.,0.));
#7672 = PCURVE('',#2240,#7673);
#7673 = DEFINITIONAL_REPRESENTATION('',(#7674),#7677);
#7674 = B_SPLINE_CURVE_WITH_KNOTS('',1,(#7675,#7676),.UNSPECIFIED.,.F.,
  .F.,(2,2),(-84.2625,-45.5125),.PIECEWISE_BEZIER_KNOTS.);
#7675 = CARTESIAN_POINT('',(38.75,-1.5));
#7676 = CARTESIAN_POINT('',(0.,-1.5));
#7677 = ( GEOMETRIC_REPRESENTATION_CONTEXT(2) 
PARAMETRIC_REPRESENTATION_CONTEXT() REPRESENTATION_CONTEXT('2D SPACE',''
  ) );
#7678 = PCURVE('',#4456,#7679);
#7679 = DEFINITIONAL_REPRESENTATION('',(#7680),#7683);
#7680 = B_SPLINE_CURVE_WITH_KNOTS('',1,(#7681,#7682),.UNSPECIFIED.,.F.,
  .F.,(2,2),(-84.2625,-45.5125),.PIECEWISE_BEZIER_KNOTS.);
#7681 = CARTESIAN_POINT('',(129.775,11.875));
#7682 = CARTESIAN_POINT('',(91.025,11.875));
#7683 = ( GEOMETRIC_REPRESENTATION_CONTEXT(2) 
PARAMETRIC_REPRESENTATION_CONTEXT() REPRESENTATION_CONTEXT('2D SPACE',''
  ) );
#7684 = ORIENTED_EDGE('',*,*,#7685,.T.);
#7685 = EDGE_CURVE('',#7665,#2224,#7686,.T.);
#7686 = SURFACE_CURVE('',#7687,(#7691,#7698),.PCURVE_S1.);
#7687 = LINE('',#7688,#7689);
#7688 = CARTESIAN_POINT('',(54.575,-3.125,5.));
#7689 = VECTOR('',#7690,1.);
#7690 = DIRECTION('',(0.,0.,-1.));
#7691 = PCURVE('',#2240,#7692);
#7692 = DEFINITIONAL_REPRESENTATION('',(#7693),#7697);
#7693 = LINE('',#7694,#7695);
#7694 = CARTESIAN_POINT('',(38.75,-5.));
#7695 = VECTOR('',#7696,1.);
#7696 = DIRECTION('',(0.,1.));
#7697 = ( GEOMETRIC_REPRESENTATION_CONTEXT(2) 
PARAMETRIC_REPRESENTATION_CONTEXT() REPRESENTATION_CONTEXT('2D SPACE',''
  ) );
#7698 = PCURVE('',#2272,#7699);
#7699 = DEFINITIONAL_REPRESENTATION('',(#7700),#7704);
#7700 = LINE('',#7701,#7702);
#7701 = CARTESIAN_POINT('',(0.,-5.));
#7702 = VECTOR('',#7703,1.);
#7703 = DIRECTION('',(-0.,1.));
#7704 = ( GEOMETRIC_REPRESENTATION_CONTEXT(2) 
PARAMETRIC_REPRESENTATION_CONTEXT() REPRESENTATION_CONTEXT('2D SPACE',''
  ) );
#7705 = ORIENTED_EDGE('',*,*,#2223,.T.);
#7706 = ADVANCED_FACE('',(#7707),#2272,.F.);
#7707 = FACE_BOUND('',#7708,.F.);
#7708 = EDGE_LOOP('',(#7709,#7710,#7738,#7759));
#7709 = ORIENTED_EDGE('',*,*,#7685,.F.);
#7710 = ORIENTED_EDGE('',*,*,#7711,.T.);
#7711 = EDGE_CURVE('',#7665,#7712,#7714,.T.);
#7712 = VERTEX_POINT('',#7713);
#7713 = CARTESIAN_POINT('',(54.575,-4.375,1.5));
#7714 = SURFACE_CURVE('',#7715,(#7720,#7727),.PCURVE_S1.);
#7715 = CIRCLE('',#7716,0.625);
#7716 = AXIS2_PLACEMENT_3D('',#7717,#7718,#7719);
#7717 = CARTESIAN_POINT('',(54.575,-3.75,1.5));
#7718 = DIRECTION('',(0.,0.,-1.));
#7719 = DIRECTION('',(0.,1.,0.));
#7720 = PCURVE('',#2272,#7721);
#7721 = DEFINITIONAL_REPRESENTATION('',(#7722),#7726);
#7722 = LINE('',#7723,#7724);
#7723 = CARTESIAN_POINT('',(0.,-1.5));
#7724 = VECTOR('',#7725,1.);
#7725 = DIRECTION('',(1.,0.));
#7726 = ( GEOMETRIC_REPRESENTATION_CONTEXT(2) 
PARAMETRIC_REPRESENTATION_CONTEXT() REPRESENTATION_CONTEXT('2D SPACE',''
  ) );
#7727 = PCURVE('',#4456,#7728);
#7728 = DEFINITIONAL_REPRESENTATION('',(#7729),#7737);
#7729 = ( BOUNDED_CURVE() B_SPLINE_CURVE(2,(#7730,#7731,#7732,#7733,
#7734,#7735,#7736),.UNSPECIFIED.,.T.,.F.) B_SPLINE_CURVE_WITH_KNOTS((1,2
    ,2,2,2,1),(-2.094395102393,0.,2.094395102393,4.188790204786,
6.28318530718,8.377580409573),.UNSPECIFIED.) CURVE() 
GEOMETRIC_REPRESENTATION_ITEM() RATIONAL_B_SPLINE_CURVE((1.,0.5,1.,0.5,
1.,0.5,1.)) REPRESENTATION_ITEM('') );
#7730 = CARTESIAN_POINT('',(129.775,11.875));
#7731 = CARTESIAN_POINT('',(130.85753175473,11.875));
#7732 = CARTESIAN_POINT('',(130.31626587736,10.9375));
#7733 = CARTESIAN_POINT('',(129.775,10.));
#7734 = CARTESIAN_POINT('',(129.23373412263,10.9375));
#7735 = CARTESIAN_POINT('',(128.69246824526,11.875));
#7736 = CARTESIAN_POINT('',(129.775,11.875));
#7737 = ( GEOMETRIC_REPRESENTATION_CONTEXT(2) 
PARAMETRIC_REPRESENTATION_CONTEXT() REPRESENTATION_CONTEXT('2D SPACE',''
  ) );
#7738 = ORIENTED_EDGE('',*,*,#7739,.T.);
#7739 = EDGE_CURVE('',#7712,#2252,#7740,.T.);
#7740 = SURFACE_CURVE('',#7741,(#7745,#7752),.PCURVE_S1.);
#7741 = LINE('',#7742,#7743);
#7742 = CARTESIAN_POINT('',(54.575,-4.375,5.));
#7743 = VECTOR('',#7744,1.);
#7744 = DIRECTION('',(0.,0.,-1.));
#7745 = PCURVE('',#2272,#7746);
#7746 = DEFINITIONAL_REPRESENTATION('',(#7747),#7751);
#7747 = LINE('',#7748,#7749);
#7748 = CARTESIAN_POINT('',(3.14159265359,-5.));
#7749 = VECTOR('',#7750,1.);
#7750 = DIRECTION('',(-0.,1.));
#7751 = ( GEOMETRIC_REPRESENTATION_CONTEXT(2) 
PARAMETRIC_REPRESENTATION_CONTEXT() REPRESENTATION_CONTEXT('2D SPACE',''
  ) );
#7752 = PCURVE('',#2299,#7753);
#7753 = DEFINITIONAL_REPRESENTATION('',(#7754),#7758);
#7754 = LINE('',#7755,#7756);
#7755 = CARTESIAN_POINT('',(0.,-5.));
#7756 = VECTOR('',#7757,1.);
#7757 = DIRECTION('',(0.,1.));
#7758 = ( GEOMETRIC_REPRESENTATION_CONTEXT(2) 
PARAMETRIC_REPRESENTATION_CONTEXT() REPRESENTATION_CONTEXT('2D SPACE',''
  ) );
#7759 = ORIENTED_EDGE('',*,*,#2251,.F.);
#7760 = ADVANCED_FACE('',(#7761),#2329,.F.);
#7761 = FACE_BOUND('',#7762,.F.);
#7762 = EDGE_LOOP('',(#7763,#7786,#7812,#7813));
#7763 = ORIENTED_EDGE('',*,*,#7764,.T.);
#7764 = EDGE_CURVE('',#2285,#7765,#7767,.T.);
#7765 = VERTEX_POINT('',#7766);
#7766 = CARTESIAN_POINT('',(15.825,-4.375,1.5));
#7767 = SURFACE_CURVE('',#7768,(#7772,#7779),.PCURVE_S1.);
#7768 = LINE('',#7769,#7770);
#7769 = CARTESIAN_POINT('',(15.825,-4.375,-5.));
#7770 = VECTOR('',#7771,1.);
#7771 = DIRECTION('',(0.,0.,1.));
#7772 = PCURVE('',#2329,#7773);
#7773 = DEFINITIONAL_REPRESENTATION('',(#7774),#7778);
#7774 = LINE('',#7775,#7776);
#7775 = CARTESIAN_POINT('',(0.,5.));
#7776 = VECTOR('',#7777,1.);
#7777 = DIRECTION('',(0.,-1.));
#7778 = ( GEOMETRIC_REPRESENTATION_CONTEXT(2) 
PARAMETRIC_REPRESENTATION_CONTEXT() REPRESENTATION_CONTEXT('2D SPACE',''
  ) );
#7779 = PCURVE('',#2299,#7780);
#7780 = DEFINITIONAL_REPRESENTATION('',(#7781),#7785);
#7781 = LINE('',#7782,#7783);
#7782 = CARTESIAN_POINT('',(38.75,5.));
#7783 = VECTOR('',#7784,1.);
#7784 = DIRECTION('',(0.,-1.));
#7785 = ( GEOMETRIC_REPRESENTATION_CONTEXT(2) 
PARAMETRIC_REPRESENTATION_CONTEXT() REPRESENTATION_CONTEXT('2D SPACE',''
  ) );
#7786 = ORIENTED_EDGE('',*,*,#7787,.T.);
#7787 = EDGE_CURVE('',#7765,#7642,#7788,.T.);
#7788 = SURFACE_CURVE('',#7789,(#7794,#7801),.PCURVE_S1.);
#7789 = CIRCLE('',#7790,0.625);
#7790 = AXIS2_PLACEMENT_3D('',#7791,#7792,#7793);
#7791 = CARTESIAN_POINT('',(15.825,-3.75,1.5));
#7792 = DIRECTION('',(0.,-0.,-1.));
#7793 = DIRECTION('',(0.,-1.,0.));
#7794 = PCURVE('',#2329,#7795);
#7795 = DEFINITIONAL_REPRESENTATION('',(#7796),#7800);
#7796 = LINE('',#7797,#7798);
#7797 = CARTESIAN_POINT('',(0.,-1.5));
#7798 = VECTOR('',#7799,1.);
#7799 = DIRECTION('',(1.,0.));
#7800 = ( GEOMETRIC_REPRESENTATION_CONTEXT(2) 
PARAMETRIC_REPRESENTATION_CONTEXT() REPRESENTATION_CONTEXT('2D SPACE',''
  ) );
#7801 = PCURVE('',#4456,#7802);
#7802 = DEFINITIONAL_REPRESENTATION('',(#7803),#7811);
#7803 = ( BOUNDED_CURVE() B_SPLINE_CURVE(2,(#7804,#7805,#7806,#7807,
#7808,#7809,#7810),.UNSPECIFIED.,.T.,.F.) B_SPLINE_CURVE_WITH_KNOTS((1,2
    ,2,2,2,1),(-2.094395102393,0.,2.094395102393,4.188790204786,
6.28318530718,8.377580409573),.UNSPECIFIED.) CURVE() 
GEOMETRIC_REPRESENTATION_ITEM() RATIONAL_B_SPLINE_CURVE((1.,0.5,1.,0.5,
1.,0.5,1.)) REPRESENTATION_ITEM('') );
#7804 = CARTESIAN_POINT('',(91.025,10.625));
#7805 = CARTESIAN_POINT('',(89.942468245269,10.625));
#7806 = CARTESIAN_POINT('',(90.483734122635,11.5625));
#7807 = CARTESIAN_POINT('',(91.025,12.5));
#7808 = CARTESIAN_POINT('',(91.566265877365,11.5625));
#7809 = CARTESIAN_POINT('',(92.107531754731,10.625));
#7810 = CARTESIAN_POINT('',(91.025,10.625));
#7811 = ( GEOMETRIC_REPRESENTATION_CONTEXT(2) 
PARAMETRIC_REPRESENTATION_CONTEXT() REPRESENTATION_CONTEXT('2D SPACE',''
  ) );
#7812 = ORIENTED_EDGE('',*,*,#7641,.F.);
#7813 = ORIENTED_EDGE('',*,*,#2310,.F.);
#7814 = ADVANCED_FACE('',(#7815),#2299,.F.);
#7815 = FACE_BOUND('',#7816,.F.);
#7816 = EDGE_LOOP('',(#7817,#7818,#7837,#7838));
#7817 = ORIENTED_EDGE('',*,*,#7739,.F.);
#7818 = ORIENTED_EDGE('',*,*,#7819,.F.);
#7819 = EDGE_CURVE('',#7765,#7712,#7820,.T.);
#7820 = SURFACE_CURVE('',#7821,(#7825,#7831),.PCURVE_S1.);
#7821 = LINE('',#7822,#7823);
#7822 = CARTESIAN_POINT('',(-10.3125,-4.375,1.5));
#7823 = VECTOR('',#7824,1.);
#7824 = DIRECTION('',(1.,0.,-0.));
#7825 = PCURVE('',#2299,#7826);
#7826 = DEFINITIONAL_REPRESENTATION('',(#7827),#7830);
#7827 = B_SPLINE_CURVE_WITH_KNOTS('',1,(#7828,#7829),.UNSPECIFIED.,.F.,
  .F.,(2,2),(26.1375,64.8875),.PIECEWISE_BEZIER_KNOTS.);
#7828 = CARTESIAN_POINT('',(38.75,-1.5));
#7829 = CARTESIAN_POINT('',(0.,-1.5));
#7830 = ( GEOMETRIC_REPRESENTATION_CONTEXT(2) 
PARAMETRIC_REPRESENTATION_CONTEXT() REPRESENTATION_CONTEXT('2D SPACE',''
  ) );
#7831 = PCURVE('',#4456,#7832);
#7832 = DEFINITIONAL_REPRESENTATION('',(#7833),#7836);
#7833 = B_SPLINE_CURVE_WITH_KNOTS('',1,(#7834,#7835),.UNSPECIFIED.,.F.,
  .F.,(2,2),(26.1375,64.8875),.PIECEWISE_BEZIER_KNOTS.);
#7834 = CARTESIAN_POINT('',(91.025,10.625));
#7835 = CARTESIAN_POINT('',(129.775,10.625));
#7836 = ( GEOMETRIC_REPRESENTATION_CONTEXT(2) 
PARAMETRIC_REPRESENTATION_CONTEXT() REPRESENTATION_CONTEXT('2D SPACE',''
  ) );
#7837 = ORIENTED_EDGE('',*,*,#7764,.F.);
#7838 = ORIENTED_EDGE('',*,*,#2284,.T.);
#7839 = ADVANCED_FACE('',(#7840),#2360,.F.);
#7840 = FACE_BOUND('',#7841,.F.);
#7841 = EDGE_LOOP('',(#7842,#7865,#7886,#7907));
#7842 = ORIENTED_EDGE('',*,*,#7843,.T.);
#7843 = EDGE_CURVE('',#2346,#7844,#7846,.T.);
#7844 = VERTEX_POINT('',#7845);
#7845 = CARTESIAN_POINT('',(-54.575,0.625,1.5));
#7846 = SURFACE_CURVE('',#7847,(#7851,#7858),.PCURVE_S1.);
#7847 = LINE('',#7848,#7849);
#7848 = CARTESIAN_POINT('',(-54.575,0.625,-5.));
#7849 = VECTOR('',#7850,1.);
#7850 = DIRECTION('',(0.,0.,1.));
#7851 = PCURVE('',#2360,#7852);
#7852 = DEFINITIONAL_REPRESENTATION('',(#7853),#7857);
#7853 = LINE('',#7854,#7855);
#7854 = CARTESIAN_POINT('',(0.,5.));
#7855 = VECTOR('',#7856,1.);
#7856 = DIRECTION('',(0.,-1.));
#7857 = ( GEOMETRIC_REPRESENTATION_CONTEXT(2) 
PARAMETRIC_REPRESENTATION_CONTEXT() REPRESENTATION_CONTEXT('2D SPACE',''
  ) );
#7858 = PCURVE('',#2449,#7859);
#7859 = DEFINITIONAL_REPRESENTATION('',(#7860),#7864);
#7860 = LINE('',#7861,#7862);
#7861 = CARTESIAN_POINT('',(3.14159265359,5.));
#7862 = VECTOR('',#7863,1.);
#7863 = DIRECTION('',(0.,-1.));
#7864 = ( GEOMETRIC_REPRESENTATION_CONTEXT(2) 
PARAMETRIC_REPRESENTATION_CONTEXT() REPRESENTATION_CONTEXT('2D SPACE',''
  ) );
#7865 = ORIENTED_EDGE('',*,*,#7866,.F.);
#7866 = EDGE_CURVE('',#7867,#7844,#7869,.T.);
#7867 = VERTEX_POINT('',#7868);
#7868 = CARTESIAN_POINT('',(-15.825,0.625,1.5));
#7869 = SURFACE_CURVE('',#7870,(#7874,#7880),.PCURVE_S1.);
#7870 = LINE('',#7871,#7872);
#7871 = CARTESIAN_POINT('',(-64.8875,0.625,1.5));
#7872 = VECTOR('',#7873,1.);
#7873 = DIRECTION('',(-1.,0.,0.));
#7874 = PCURVE('',#2360,#7875);
#7875 = DEFINITIONAL_REPRESENTATION('',(#7876),#7879);
#7876 = B_SPLINE_CURVE_WITH_KNOTS('',1,(#7877,#7878),.UNSPECIFIED.,.F.,
  .F.,(2,2),(-49.0625,-10.3125),.PIECEWISE_BEZIER_KNOTS.);
#7877 = CARTESIAN_POINT('',(38.75,-1.5));
#7878 = CARTESIAN_POINT('',(0.,-1.5));
#7879 = ( GEOMETRIC_REPRESENTATION_CONTEXT(2) 
PARAMETRIC_REPRESENTATION_CONTEXT() REPRESENTATION_CONTEXT('2D SPACE',''
  ) );
#7880 = PCURVE('',#4456,#7881);
#7881 = DEFINITIONAL_REPRESENTATION('',(#7882),#7885);
#7882 = B_SPLINE_CURVE_WITH_KNOTS('',1,(#7883,#7884),.UNSPECIFIED.,.F.,
  .F.,(2,2),(-49.0625,-10.3125),.PIECEWISE_BEZIER_KNOTS.);
#7883 = CARTESIAN_POINT('',(59.375,15.625));
#7884 = CARTESIAN_POINT('',(20.625,15.625));
#7885 = ( GEOMETRIC_REPRESENTATION_CONTEXT(2) 
PARAMETRIC_REPRESENTATION_CONTEXT() REPRESENTATION_CONTEXT('2D SPACE',''
  ) );
#7886 = ORIENTED_EDGE('',*,*,#7887,.T.);
#7887 = EDGE_CURVE('',#7867,#2344,#7888,.T.);
#7888 = SURFACE_CURVE('',#7889,(#7893,#7900),.PCURVE_S1.);
#7889 = LINE('',#7890,#7891);
#7890 = CARTESIAN_POINT('',(-15.825,0.625,5.));
#7891 = VECTOR('',#7892,1.);
#7892 = DIRECTION('',(0.,0.,-1.));
#7893 = PCURVE('',#2360,#7894);
#7894 = DEFINITIONAL_REPRESENTATION('',(#7895),#7899);
#7895 = LINE('',#7896,#7897);
#7896 = CARTESIAN_POINT('',(38.75,-5.));
#7897 = VECTOR('',#7898,1.);
#7898 = DIRECTION('',(0.,1.));
#7899 = ( GEOMETRIC_REPRESENTATION_CONTEXT(2) 
PARAMETRIC_REPRESENTATION_CONTEXT() REPRESENTATION_CONTEXT('2D SPACE',''
  ) );
#7900 = PCURVE('',#2392,#7901);
#7901 = DEFINITIONAL_REPRESENTATION('',(#7902),#7906);
#7902 = LINE('',#7903,#7904);
#7903 = CARTESIAN_POINT('',(0.,-5.));
#7904 = VECTOR('',#7905,1.);
#7905 = DIRECTION('',(-0.,1.));
#7906 = ( GEOMETRIC_REPRESENTATION_CONTEXT(2) 
PARAMETRIC_REPRESENTATION_CONTEXT() REPRESENTATION_CONTEXT('2D SPACE',''
  ) );
#7907 = ORIENTED_EDGE('',*,*,#2343,.T.);
#7908 = ADVANCED_FACE('',(#7909),#2392,.F.);
#7909 = FACE_BOUND('',#7910,.F.);
#7910 = EDGE_LOOP('',(#7911,#7912,#7940,#7961));
#7911 = ORIENTED_EDGE('',*,*,#7887,.F.);
#7912 = ORIENTED_EDGE('',*,*,#7913,.T.);
#7913 = EDGE_CURVE('',#7867,#7914,#7916,.T.);
#7914 = VERTEX_POINT('',#7915);
#7915 = CARTESIAN_POINT('',(-15.825,-0.625,1.5));
#7916 = SURFACE_CURVE('',#7917,(#7922,#7929),.PCURVE_S1.);
#7917 = CIRCLE('',#7918,0.625);
#7918 = AXIS2_PLACEMENT_3D('',#7919,#7920,#7921);
#7919 = CARTESIAN_POINT('',(-15.825,-5.551115123126E-17,1.5));
#7920 = DIRECTION('',(0.,0.,-1.));
#7921 = DIRECTION('',(0.,1.,0.));
#7922 = PCURVE('',#2392,#7923);
#7923 = DEFINITIONAL_REPRESENTATION('',(#7924),#7928);
#7924 = LINE('',#7925,#7926);
#7925 = CARTESIAN_POINT('',(0.,-1.5));
#7926 = VECTOR('',#7927,1.);
#7927 = DIRECTION('',(1.,0.));
#7928 = ( GEOMETRIC_REPRESENTATION_CONTEXT(2) 
PARAMETRIC_REPRESENTATION_CONTEXT() REPRESENTATION_CONTEXT('2D SPACE',''
  ) );
#7929 = PCURVE('',#4456,#7930);
#7930 = DEFINITIONAL_REPRESENTATION('',(#7931),#7939);
#7931 = ( BOUNDED_CURVE() B_SPLINE_CURVE(2,(#7932,#7933,#7934,#7935,
#7936,#7937,#7938),.UNSPECIFIED.,.T.,.F.) B_SPLINE_CURVE_WITH_KNOTS((1,2
    ,2,2,2,1),(-2.094395102393,0.,2.094395102393,4.188790204786,
6.28318530718,8.377580409573),.UNSPECIFIED.) CURVE() 
GEOMETRIC_REPRESENTATION_ITEM() RATIONAL_B_SPLINE_CURVE((1.,0.5,1.,0.5,
1.,0.5,1.)) REPRESENTATION_ITEM('') );
#7932 = CARTESIAN_POINT('',(59.375,15.625));
#7933 = CARTESIAN_POINT('',(60.457531754731,15.625));
#7934 = CARTESIAN_POINT('',(59.916265877365,14.6875));
#7935 = CARTESIAN_POINT('',(59.375,13.75));
#7936 = CARTESIAN_POINT('',(58.833734122635,14.6875));
#7937 = CARTESIAN_POINT('',(58.292468245269,15.625));
#7938 = CARTESIAN_POINT('',(59.375,15.625));
#7939 = ( GEOMETRIC_REPRESENTATION_CONTEXT(2) 
PARAMETRIC_REPRESENTATION_CONTEXT() REPRESENTATION_CONTEXT('2D SPACE',''
  ) );
#7940 = ORIENTED_EDGE('',*,*,#7941,.T.);
#7941 = EDGE_CURVE('',#7914,#2372,#7942,.T.);
#7942 = SURFACE_CURVE('',#7943,(#7947,#7954),.PCURVE_S1.);
#7943 = LINE('',#7944,#7945);
#7944 = CARTESIAN_POINT('',(-15.825,-0.625,5.));
#7945 = VECTOR('',#7946,1.);
#7946 = DIRECTION('',(0.,0.,-1.));
#7947 = PCURVE('',#2392,#7948);
#7948 = DEFINITIONAL_REPRESENTATION('',(#7949),#7953);
#7949 = LINE('',#7950,#7951);
#7950 = CARTESIAN_POINT('',(3.14159265359,-5.));
#7951 = VECTOR('',#7952,1.);
#7952 = DIRECTION('',(-0.,1.));
#7953 = ( GEOMETRIC_REPRESENTATION_CONTEXT(2) 
PARAMETRIC_REPRESENTATION_CONTEXT() REPRESENTATION_CONTEXT('2D SPACE',''
  ) );
#7954 = PCURVE('',#2419,#7955);
#7955 = DEFINITIONAL_REPRESENTATION('',(#7956),#7960);
#7956 = LINE('',#7957,#7958);
#7957 = CARTESIAN_POINT('',(0.,-5.));
#7958 = VECTOR('',#7959,1.);
#7959 = DIRECTION('',(0.,1.));
#7960 = ( GEOMETRIC_REPRESENTATION_CONTEXT(2) 
PARAMETRIC_REPRESENTATION_CONTEXT() REPRESENTATION_CONTEXT('2D SPACE',''
  ) );
#7961 = ORIENTED_EDGE('',*,*,#2371,.F.);
#7962 = ADVANCED_FACE('',(#7963),#2449,.F.);
#7963 = FACE_BOUND('',#7964,.F.);
#7964 = EDGE_LOOP('',(#7965,#7988,#8014,#8015));
#7965 = ORIENTED_EDGE('',*,*,#7966,.T.);
#7966 = EDGE_CURVE('',#2405,#7967,#7969,.T.);
#7967 = VERTEX_POINT('',#7968);
#7968 = CARTESIAN_POINT('',(-54.575,-0.625,1.5));
#7969 = SURFACE_CURVE('',#7970,(#7974,#7981),.PCURVE_S1.);
#7970 = LINE('',#7971,#7972);
#7971 = CARTESIAN_POINT('',(-54.575,-0.625,-5.));
#7972 = VECTOR('',#7973,1.);
#7973 = DIRECTION('',(0.,0.,1.));
#7974 = PCURVE('',#2449,#7975);
#7975 = DEFINITIONAL_REPRESENTATION('',(#7976),#7980);
#7976 = LINE('',#7977,#7978);
#7977 = CARTESIAN_POINT('',(0.,5.));
#7978 = VECTOR('',#7979,1.);
#7979 = DIRECTION('',(0.,-1.));
#7980 = ( GEOMETRIC_REPRESENTATION_CONTEXT(2) 
PARAMETRIC_REPRESENTATION_CONTEXT() REPRESENTATION_CONTEXT('2D SPACE',''
  ) );
#7981 = PCURVE('',#2419,#7982);
#7982 = DEFINITIONAL_REPRESENTATION('',(#7983),#7987);
#7983 = LINE('',#7984,#7985);
#7984 = CARTESIAN_POINT('',(38.75,5.));
#7985 = VECTOR('',#7986,1.);
#7986 = DIRECTION('',(0.,-1.));
#7987 = ( GEOMETRIC_REPRESENTATION_CONTEXT(2) 
PARAMETRIC_REPRESENTATION_CONTEXT() REPRESENTATION_CONTEXT('2D SPACE',''
  ) );
#7988 = ORIENTED_EDGE('',*,*,#7989,.T.);
#7989 = EDGE_CURVE('',#7967,#7844,#7990,.T.);
#7990 = SURFACE_CURVE('',#7991,(#7996,#8003),.PCURVE_S1.);
#7991 = CIRCLE('',#7992,0.625);
#7992 = AXIS2_PLACEMENT_3D('',#7993,#7994,#7995);
#7993 = CARTESIAN_POINT('',(-54.575,5.551115123126E-17,1.5));
#7994 = DIRECTION('',(0.,-0.,-1.));
#7995 = DIRECTION('',(0.,-1.,0.));
#7996 = PCURVE('',#2449,#7997);
#7997 = DEFINITIONAL_REPRESENTATION('',(#7998),#8002);
#7998 = LINE('',#7999,#8000);
#7999 = CARTESIAN_POINT('',(0.,-1.5));
#8000 = VECTOR('',#8001,1.);
#8001 = DIRECTION('',(1.,0.));
#8002 = ( GEOMETRIC_REPRESENTATION_CONTEXT(2) 
PARAMETRIC_REPRESENTATION_CONTEXT() REPRESENTATION_CONTEXT('2D SPACE',''
  ) );
#8003 = PCURVE('',#4456,#8004);
#8004 = DEFINITIONAL_REPRESENTATION('',(#8005),#8013);
#8005 = ( BOUNDED_CURVE() B_SPLINE_CURVE(2,(#8006,#8007,#8008,#8009,
#8010,#8011,#8012),.UNSPECIFIED.,.T.,.F.) B_SPLINE_CURVE_WITH_KNOTS((1,2
    ,2,2,2,1),(-2.094395102393,0.,2.094395102393,4.188790204786,
6.28318530718,8.377580409573),.UNSPECIFIED.) CURVE() 
GEOMETRIC_REPRESENTATION_ITEM() RATIONAL_B_SPLINE_CURVE((1.,0.5,1.,0.5,
1.,0.5,1.)) REPRESENTATION_ITEM('') );
#8006 = CARTESIAN_POINT('',(20.625,14.375));
#8007 = CARTESIAN_POINT('',(19.542468245269,14.375));
#8008 = CARTESIAN_POINT('',(20.083734122635,15.3125));
#8009 = CARTESIAN_POINT('',(20.625,16.25));
#8010 = CARTESIAN_POINT('',(21.166265877365,15.3125));
#8011 = CARTESIAN_POINT('',(21.707531754731,14.375));
#8012 = CARTESIAN_POINT('',(20.625,14.375));
#8013 = ( GEOMETRIC_REPRESENTATION_CONTEXT(2) 
PARAMETRIC_REPRESENTATION_CONTEXT() REPRESENTATION_CONTEXT('2D SPACE',''
  ) );
#8014 = ORIENTED_EDGE('',*,*,#7843,.F.);
#8015 = ORIENTED_EDGE('',*,*,#2430,.F.);
#8016 = ADVANCED_FACE('',(#8017),#2419,.F.);
#8017 = FACE_BOUND('',#8018,.F.);
#8018 = EDGE_LOOP('',(#8019,#8020,#8039,#8040));
#8019 = ORIENTED_EDGE('',*,*,#7941,.F.);
#8020 = ORIENTED_EDGE('',*,*,#8021,.F.);
#8021 = EDGE_CURVE('',#7967,#7914,#8022,.T.);
#8022 = SURFACE_CURVE('',#8023,(#8027,#8033),.PCURVE_S1.);
#8023 = LINE('',#8024,#8025);
#8024 = CARTESIAN_POINT('',(-45.5125,-0.625,1.5));
#8025 = VECTOR('',#8026,1.);
#8026 = DIRECTION('',(1.,0.,-0.));
#8027 = PCURVE('',#2419,#8028);
#8028 = DEFINITIONAL_REPRESENTATION('',(#8029),#8032);
#8029 = B_SPLINE_CURVE_WITH_KNOTS('',1,(#8030,#8031),.UNSPECIFIED.,.F.,
  .F.,(2,2),(-9.0625,29.6875),.PIECEWISE_BEZIER_KNOTS.);
#8030 = CARTESIAN_POINT('',(38.75,-1.5));
#8031 = CARTESIAN_POINT('',(0.,-1.5));
#8032 = ( GEOMETRIC_REPRESENTATION_CONTEXT(2) 
PARAMETRIC_REPRESENTATION_CONTEXT() REPRESENTATION_CONTEXT('2D SPACE',''
  ) );
#8033 = PCURVE('',#4456,#8034);
#8034 = DEFINITIONAL_REPRESENTATION('',(#8035),#8038);
#8035 = B_SPLINE_CURVE_WITH_KNOTS('',1,(#8036,#8037),.UNSPECIFIED.,.F.,
  .F.,(2,2),(-9.0625,29.6875),.PIECEWISE_BEZIER_KNOTS.);
#8036 = CARTESIAN_POINT('',(20.625,14.375));
#8037 = CARTESIAN_POINT('',(59.375,14.375));
#8038 = ( GEOMETRIC_REPRESENTATION_CONTEXT(2) 
PARAMETRIC_REPRESENTATION_CONTEXT() REPRESENTATION_CONTEXT('2D SPACE',''
  ) );
#8039 = ORIENTED_EDGE('',*,*,#7966,.F.);
#8040 = ORIENTED_EDGE('',*,*,#2404,.T.);
#8041 = ADVANCED_FACE('',(#8042),#2480,.F.);
#8042 = FACE_BOUND('',#8043,.F.);
#8043 = EDGE_LOOP('',(#8044,#8067,#8088,#8109));
#8044 = ORIENTED_EDGE('',*,*,#8045,.T.);
#8045 = EDGE_CURVE('',#2466,#8046,#8048,.T.);
#8046 = VERTEX_POINT('',#8047);
#8047 = CARTESIAN_POINT('',(-54.575,4.375,1.5));
#8048 = SURFACE_CURVE('',#8049,(#8053,#8060),.PCURVE_S1.);
#8049 = LINE('',#8050,#8051);
#8050 = CARTESIAN_POINT('',(-54.575,4.375,-5.));
#8051 = VECTOR('',#8052,1.);
#8052 = DIRECTION('',(0.,0.,1.));
#8053 = PCURVE('',#2480,#8054);
#8054 = DEFINITIONAL_REPRESENTATION('',(#8055),#8059);
#8055 = LINE('',#8056,#8057);
#8056 = CARTESIAN_POINT('',(0.,5.));
#8057 = VECTOR('',#8058,1.);
#8058 = DIRECTION('',(0.,-1.));
#8059 = ( GEOMETRIC_REPRESENTATION_CONTEXT(2) 
PARAMETRIC_REPRESENTATION_CONTEXT() REPRESENTATION_CONTEXT('2D SPACE',''
  ) );
#8060 = PCURVE('',#2569,#8061);
#8061 = DEFINITIONAL_REPRESENTATION('',(#8062),#8066);
#8062 = LINE('',#8063,#8064);
#8063 = CARTESIAN_POINT('',(3.14159265359,5.));
#8064 = VECTOR('',#8065,1.);
#8065 = DIRECTION('',(0.,-1.));
#8066 = ( GEOMETRIC_REPRESENTATION_CONTEXT(2) 
PARAMETRIC_REPRESENTATION_CONTEXT() REPRESENTATION_CONTEXT('2D SPACE',''
  ) );
#8067 = ORIENTED_EDGE('',*,*,#8068,.F.);
#8068 = EDGE_CURVE('',#8069,#8046,#8071,.T.);
#8069 = VERTEX_POINT('',#8070);
#8070 = CARTESIAN_POINT('',(-15.825,4.375,1.5));
#8071 = SURFACE_CURVE('',#8072,(#8076,#8082),.PCURVE_S1.);
#8072 = LINE('',#8073,#8074);
#8073 = CARTESIAN_POINT('',(-64.8875,4.375,1.5));
#8074 = VECTOR('',#8075,1.);
#8075 = DIRECTION('',(-1.,0.,0.));
#8076 = PCURVE('',#2480,#8077);
#8077 = DEFINITIONAL_REPRESENTATION('',(#8078),#8081);
#8078 = B_SPLINE_CURVE_WITH_KNOTS('',1,(#8079,#8080),.UNSPECIFIED.,.F.,
  .F.,(2,2),(-49.0625,-10.3125),.PIECEWISE_BEZIER_KNOTS.);
#8079 = CARTESIAN_POINT('',(38.75,-1.5));
#8080 = CARTESIAN_POINT('',(0.,-1.5));
#8081 = ( GEOMETRIC_REPRESENTATION_CONTEXT(2) 
PARAMETRIC_REPRESENTATION_CONTEXT() REPRESENTATION_CONTEXT('2D SPACE',''
  ) );
#8082 = PCURVE('',#4456,#8083);
#8083 = DEFINITIONAL_REPRESENTATION('',(#8084),#8087);
#8084 = B_SPLINE_CURVE_WITH_KNOTS('',1,(#8085,#8086),.UNSPECIFIED.,.F.,
  .F.,(2,2),(-49.0625,-10.3125),.PIECEWISE_BEZIER_KNOTS.);
#8085 = CARTESIAN_POINT('',(59.375,19.375));
#8086 = CARTESIAN_POINT('',(20.625,19.375));
#8087 = ( GEOMETRIC_REPRESENTATION_CONTEXT(2) 
PARAMETRIC_REPRESENTATION_CONTEXT() REPRESENTATION_CONTEXT('2D SPACE',''
  ) );
#8088 = ORIENTED_EDGE('',*,*,#8089,.T.);
#8089 = EDGE_CURVE('',#8069,#2464,#8090,.T.);
#8090 = SURFACE_CURVE('',#8091,(#8095,#8102),.PCURVE_S1.);
#8091 = LINE('',#8092,#8093);
#8092 = CARTESIAN_POINT('',(-15.825,4.375,5.));
#8093 = VECTOR('',#8094,1.);
#8094 = DIRECTION('',(0.,0.,-1.));
#8095 = PCURVE('',#2480,#8096);
#8096 = DEFINITIONAL_REPRESENTATION('',(#8097),#8101);
#8097 = LINE('',#8098,#8099);
#8098 = CARTESIAN_POINT('',(38.75,-5.));
#8099 = VECTOR('',#8100,1.);
#8100 = DIRECTION('',(0.,1.));
#8101 = ( GEOMETRIC_REPRESENTATION_CONTEXT(2) 
PARAMETRIC_REPRESENTATION_CONTEXT() REPRESENTATION_CONTEXT('2D SPACE',''
  ) );
#8102 = PCURVE('',#2512,#8103);
#8103 = DEFINITIONAL_REPRESENTATION('',(#8104),#8108);
#8104 = LINE('',#8105,#8106);
#8105 = CARTESIAN_POINT('',(0.,-5.));
#8106 = VECTOR('',#8107,1.);
#8107 = DIRECTION('',(-0.,1.));
#8108 = ( GEOMETRIC_REPRESENTATION_CONTEXT(2) 
PARAMETRIC_REPRESENTATION_CONTEXT() REPRESENTATION_CONTEXT('2D SPACE',''
  ) );
#8109 = ORIENTED_EDGE('',*,*,#2463,.T.);
#8110 = ADVANCED_FACE('',(#8111),#2512,.F.);
#8111 = FACE_BOUND('',#8112,.F.);
#8112 = EDGE_LOOP('',(#8113,#8114,#8142,#8163));
#8113 = ORIENTED_EDGE('',*,*,#8089,.F.);
#8114 = ORIENTED_EDGE('',*,*,#8115,.T.);
#8115 = EDGE_CURVE('',#8069,#8116,#8118,.T.);
#8116 = VERTEX_POINT('',#8117);
#8117 = CARTESIAN_POINT('',(-15.825,3.125,1.5));
#8118 = SURFACE_CURVE('',#8119,(#8124,#8131),.PCURVE_S1.);
#8119 = CIRCLE('',#8120,0.625);
#8120 = AXIS2_PLACEMENT_3D('',#8121,#8122,#8123);
#8121 = CARTESIAN_POINT('',(-15.825,3.75,1.5));
#8122 = DIRECTION('',(0.,0.,-1.));
#8123 = DIRECTION('',(0.,1.,0.));
#8124 = PCURVE('',#2512,#8125);
#8125 = DEFINITIONAL_REPRESENTATION('',(#8126),#8130);
#8126 = LINE('',#8127,#8128);
#8127 = CARTESIAN_POINT('',(0.,-1.5));
#8128 = VECTOR('',#8129,1.);
#8129 = DIRECTION('',(1.,0.));
#8130 = ( GEOMETRIC_REPRESENTATION_CONTEXT(2) 
PARAMETRIC_REPRESENTATION_CONTEXT() REPRESENTATION_CONTEXT('2D SPACE',''
  ) );
#8131 = PCURVE('',#4456,#8132);
#8132 = DEFINITIONAL_REPRESENTATION('',(#8133),#8141);
#8133 = ( BOUNDED_CURVE() B_SPLINE_CURVE(2,(#8134,#8135,#8136,#8137,
#8138,#8139,#8140),.UNSPECIFIED.,.T.,.F.) B_SPLINE_CURVE_WITH_KNOTS((1,2
    ,2,2,2,1),(-2.094395102393,0.,2.094395102393,4.188790204786,
6.28318530718,8.377580409573),.UNSPECIFIED.) CURVE() 
GEOMETRIC_REPRESENTATION_ITEM() RATIONAL_B_SPLINE_CURVE((1.,0.5,1.,0.5,
1.,0.5,1.)) REPRESENTATION_ITEM('') );
#8134 = CARTESIAN_POINT('',(59.375,19.375));
#8135 = CARTESIAN_POINT('',(60.457531754731,19.375));
#8136 = CARTESIAN_POINT('',(59.916265877365,18.4375));
#8137 = CARTESIAN_POINT('',(59.375,17.5));
#8138 = CARTESIAN_POINT('',(58.833734122635,18.4375));
#8139 = CARTESIAN_POINT('',(58.292468245269,19.375));
#8140 = CARTESIAN_POINT('',(59.375,19.375));
#8141 = ( GEOMETRIC_REPRESENTATION_CONTEXT(2) 
PARAMETRIC_REPRESENTATION_CONTEXT() REPRESENTATION_CONTEXT('2D SPACE',''
  ) );
#8142 = ORIENTED_EDGE('',*,*,#8143,.T.);
#8143 = EDGE_CURVE('',#8116,#2492,#8144,.T.);
#8144 = SURFACE_CURVE('',#8145,(#8149,#8156),.PCURVE_S1.);
#8145 = LINE('',#8146,#8147);
#8146 = CARTESIAN_POINT('',(-15.825,3.125,5.));
#8147 = VECTOR('',#8148,1.);
#8148 = DIRECTION('',(0.,0.,-1.));
#8149 = PCURVE('',#2512,#8150);
#8150 = DEFINITIONAL_REPRESENTATION('',(#8151),#8155);
#8151 = LINE('',#8152,#8153);
#8152 = CARTESIAN_POINT('',(3.14159265359,-5.));
#8153 = VECTOR('',#8154,1.);
#8154 = DIRECTION('',(-0.,1.));
#8155 = ( GEOMETRIC_REPRESENTATION_CONTEXT(2) 
PARAMETRIC_REPRESENTATION_CONTEXT() REPRESENTATION_CONTEXT('2D SPACE',''
  ) );
#8156 = PCURVE('',#2539,#8157);
#8157 = DEFINITIONAL_REPRESENTATION('',(#8158),#8162);
#8158 = LINE('',#8159,#8160);
#8159 = CARTESIAN_POINT('',(0.,-5.));
#8160 = VECTOR('',#8161,1.);
#8161 = DIRECTION('',(0.,1.));
#8162 = ( GEOMETRIC_REPRESENTATION_CONTEXT(2) 
PARAMETRIC_REPRESENTATION_CONTEXT() REPRESENTATION_CONTEXT('2D SPACE',''
  ) );
#8163 = ORIENTED_EDGE('',*,*,#2491,.F.);
#8164 = ADVANCED_FACE('',(#8165),#2569,.F.);
#8165 = FACE_BOUND('',#8166,.F.);
#8166 = EDGE_LOOP('',(#8167,#8190,#8216,#8217));
#8167 = ORIENTED_EDGE('',*,*,#8168,.T.);
#8168 = EDGE_CURVE('',#2525,#8169,#8171,.T.);
#8169 = VERTEX_POINT('',#8170);
#8170 = CARTESIAN_POINT('',(-54.575,3.125,1.5));
#8171 = SURFACE_CURVE('',#8172,(#8176,#8183),.PCURVE_S1.);
#8172 = LINE('',#8173,#8174);
#8173 = CARTESIAN_POINT('',(-54.575,3.125,-5.));
#8174 = VECTOR('',#8175,1.);
#8175 = DIRECTION('',(0.,0.,1.));
#8176 = PCURVE('',#2569,#8177);
#8177 = DEFINITIONAL_REPRESENTATION('',(#8178),#8182);
#8178 = LINE('',#8179,#8180);
#8179 = CARTESIAN_POINT('',(0.,5.));
#8180 = VECTOR('',#8181,1.);
#8181 = DIRECTION('',(0.,-1.));
#8182 = ( GEOMETRIC_REPRESENTATION_CONTEXT(2) 
PARAMETRIC_REPRESENTATION_CONTEXT() REPRESENTATION_CONTEXT('2D SPACE',''
  ) );
#8183 = PCURVE('',#2539,#8184);
#8184 = DEFINITIONAL_REPRESENTATION('',(#8185),#8189);
#8185 = LINE('',#8186,#8187);
#8186 = CARTESIAN_POINT('',(38.75,5.));
#8187 = VECTOR('',#8188,1.);
#8188 = DIRECTION('',(0.,-1.));
#8189 = ( GEOMETRIC_REPRESENTATION_CONTEXT(2) 
PARAMETRIC_REPRESENTATION_CONTEXT() REPRESENTATION_CONTEXT('2D SPACE',''
  ) );
#8190 = ORIENTED_EDGE('',*,*,#8191,.T.);
#8191 = EDGE_CURVE('',#8169,#8046,#8192,.T.);
#8192 = SURFACE_CURVE('',#8193,(#8198,#8205),.PCURVE_S1.);
#8193 = CIRCLE('',#8194,0.625);
#8194 = AXIS2_PLACEMENT_3D('',#8195,#8196,#8197);
#8195 = CARTESIAN_POINT('',(-54.575,3.75,1.5));
#8196 = DIRECTION('',(0.,-0.,-1.));
#8197 = DIRECTION('',(0.,-1.,0.));
#8198 = PCURVE('',#2569,#8199);
#8199 = DEFINITIONAL_REPRESENTATION('',(#8200),#8204);
#8200 = LINE('',#8201,#8202);
#8201 = CARTESIAN_POINT('',(0.,-1.5));
#8202 = VECTOR('',#8203,1.);
#8203 = DIRECTION('',(1.,0.));
#8204 = ( GEOMETRIC_REPRESENTATION_CONTEXT(2) 
PARAMETRIC_REPRESENTATION_CONTEXT() REPRESENTATION_CONTEXT('2D SPACE',''
  ) );
#8205 = PCURVE('',#4456,#8206);
#8206 = DEFINITIONAL_REPRESENTATION('',(#8207),#8215);
#8207 = ( BOUNDED_CURVE() B_SPLINE_CURVE(2,(#8208,#8209,#8210,#8211,
#8212,#8213,#8214),.UNSPECIFIED.,.T.,.F.) B_SPLINE_CURVE_WITH_KNOTS((1,2
    ,2,2,2,1),(-2.094395102393,0.,2.094395102393,4.188790204786,
6.28318530718,8.377580409573),.UNSPECIFIED.) CURVE() 
GEOMETRIC_REPRESENTATION_ITEM() RATIONAL_B_SPLINE_CURVE((1.,0.5,1.,0.5,
1.,0.5,1.)) REPRESENTATION_ITEM('') );
#8208 = CARTESIAN_POINT('',(20.625,18.125));
#8209 = CARTESIAN_POINT('',(19.542468245269,18.125));
#8210 = CARTESIAN_POINT('',(20.083734122635,19.0625));
#8211 = CARTESIAN_POINT('',(20.625,20.));
#8212 = CARTESIAN_POINT('',(21.166265877365,19.0625));
#8213 = CARTESIAN_POINT('',(21.707531754731,18.125));
#8214 = CARTESIAN_POINT('',(20.625,18.125));
#8215 = ( GEOMETRIC_REPRESENTATION_CONTEXT(2) 
PARAMETRIC_REPRESENTATION_CONTEXT() REPRESENTATION_CONTEXT('2D SPACE',''
  ) );
#8216 = ORIENTED_EDGE('',*,*,#8045,.F.);
#8217 = ORIENTED_EDGE('',*,*,#2550,.F.);
#8218 = ADVANCED_FACE('',(#8219),#2539,.F.);
#8219 = FACE_BOUND('',#8220,.F.);
#8220 = EDGE_LOOP('',(#8221,#8222,#8241,#8242));
#8221 = ORIENTED_EDGE('',*,*,#8143,.F.);
#8222 = ORIENTED_EDGE('',*,*,#8223,.F.);
#8223 = EDGE_CURVE('',#8169,#8116,#8224,.T.);
#8224 = SURFACE_CURVE('',#8225,(#8229,#8235),.PCURVE_S1.);
#8225 = LINE('',#8226,#8227);
#8226 = CARTESIAN_POINT('',(-45.5125,3.125,1.5));
#8227 = VECTOR('',#8228,1.);
#8228 = DIRECTION('',(1.,0.,-0.));
#8229 = PCURVE('',#2539,#8230);
#8230 = DEFINITIONAL_REPRESENTATION('',(#8231),#8234);
#8231 = B_SPLINE_CURVE_WITH_KNOTS('',1,(#8232,#8233),.UNSPECIFIED.,.F.,
  .F.,(2,2),(-9.0625,29.6875),.PIECEWISE_BEZIER_KNOTS.);
#8232 = CARTESIAN_POINT('',(38.75,-1.5));
#8233 = CARTESIAN_POINT('',(0.,-1.5));
#8234 = ( GEOMETRIC_REPRESENTATION_CONTEXT(2) 
PARAMETRIC_REPRESENTATION_CONTEXT() REPRESENTATION_CONTEXT('2D SPACE',''
  ) );
#8235 = PCURVE('',#4456,#8236);
#8236 = DEFINITIONAL_REPRESENTATION('',(#8237),#8240);
#8237 = B_SPLINE_CURVE_WITH_KNOTS('',1,(#8238,#8239),.UNSPECIFIED.,.F.,
  .F.,(2,2),(-9.0625,29.6875),.PIECEWISE_BEZIER_KNOTS.);
#8238 = CARTESIAN_POINT('',(20.625,18.125));
#8239 = CARTESIAN_POINT('',(59.375,18.125));
#8240 = ( GEOMETRIC_REPRESENTATION_CONTEXT(2) 
PARAMETRIC_REPRESENTATION_CONTEXT() REPRESENTATION_CONTEXT('2D SPACE',''
  ) );
#8241 = ORIENTED_EDGE('',*,*,#8168,.F.);
#8242 = ORIENTED_EDGE('',*,*,#2524,.T.);
#8243 = ADVANCED_FACE('',(#8244),#2600,.F.);
#8244 = FACE_BOUND('',#8245,.F.);
#8245 = EDGE_LOOP('',(#8246,#8269,#8290,#8311));
#8246 = ORIENTED_EDGE('',*,*,#8247,.T.);
#8247 = EDGE_CURVE('',#2586,#8248,#8250,.T.);
#8248 = VERTEX_POINT('',#8249);
#8249 = CARTESIAN_POINT('',(-54.575,8.125,1.5));
#8250 = SURFACE_CURVE('',#8251,(#8255,#8262),.PCURVE_S1.);
#8251 = LINE('',#8252,#8253);
#8252 = CARTESIAN_POINT('',(-54.575,8.125,-5.));
#8253 = VECTOR('',#8254,1.);
#8254 = DIRECTION('',(0.,0.,1.));
#8255 = PCURVE('',#2600,#8256);
#8256 = DEFINITIONAL_REPRESENTATION('',(#8257),#8261);
#8257 = LINE('',#8258,#8259);
#8258 = CARTESIAN_POINT('',(0.,5.));
#8259 = VECTOR('',#8260,1.);
#8260 = DIRECTION('',(0.,-1.));
#8261 = ( GEOMETRIC_REPRESENTATION_CONTEXT(2) 
PARAMETRIC_REPRESENTATION_CONTEXT() REPRESENTATION_CONTEXT('2D SPACE',''
  ) );
#8262 = PCURVE('',#2689,#8263);
#8263 = DEFINITIONAL_REPRESENTATION('',(#8264),#8268);
#8264 = LINE('',#8265,#8266);
#8265 = CARTESIAN_POINT('',(3.14159265359,5.));
#8266 = VECTOR('',#8267,1.);
#8267 = DIRECTION('',(0.,-1.));
#8268 = ( GEOMETRIC_REPRESENTATION_CONTEXT(2) 
PARAMETRIC_REPRESENTATION_CONTEXT() REPRESENTATION_CONTEXT('2D SPACE',''
  ) );
#8269 = ORIENTED_EDGE('',*,*,#8270,.F.);
#8270 = EDGE_CURVE('',#8271,#8248,#8273,.T.);
#8271 = VERTEX_POINT('',#8272);
#8272 = CARTESIAN_POINT('',(-15.825,8.125,1.5));
#8273 = SURFACE_CURVE('',#8274,(#8278,#8284),.PCURVE_S1.);
#8274 = LINE('',#8275,#8276);
#8275 = CARTESIAN_POINT('',(-64.8875,8.125,1.5));
#8276 = VECTOR('',#8277,1.);
#8277 = DIRECTION('',(-1.,0.,0.));
#8278 = PCURVE('',#2600,#8279);
#8279 = DEFINITIONAL_REPRESENTATION('',(#8280),#8283);
#8280 = B_SPLINE_CURVE_WITH_KNOTS('',1,(#8281,#8282),.UNSPECIFIED.,.F.,
  .F.,(2,2),(-49.0625,-10.3125),.PIECEWISE_BEZIER_KNOTS.);
#8281 = CARTESIAN_POINT('',(38.75,-1.5));
#8282 = CARTESIAN_POINT('',(0.,-1.5));
#8283 = ( GEOMETRIC_REPRESENTATION_CONTEXT(2) 
PARAMETRIC_REPRESENTATION_CONTEXT() REPRESENTATION_CONTEXT('2D SPACE',''
  ) );
#8284 = PCURVE('',#4456,#8285);
#8285 = DEFINITIONAL_REPRESENTATION('',(#8286),#8289);
#8286 = B_SPLINE_CURVE_WITH_KNOTS('',1,(#8287,#8288),.UNSPECIFIED.,.F.,
  .F.,(2,2),(-49.0625,-10.3125),.PIECEWISE_BEZIER_KNOTS.);
#8287 = CARTESIAN_POINT('',(59.375,23.125));
#8288 = CARTESIAN_POINT('',(20.625,23.125));
#8289 = ( GEOMETRIC_REPRESENTATION_CONTEXT(2) 
PARAMETRIC_REPRESENTATION_CONTEXT() REPRESENTATION_CONTEXT('2D SPACE',''
  ) );
#8290 = ORIENTED_EDGE('',*,*,#8291,.T.);
#8291 = EDGE_CURVE('',#8271,#2584,#8292,.T.);
#8292 = SURFACE_CURVE('',#8293,(#8297,#8304),.PCURVE_S1.);
#8293 = LINE('',#8294,#8295);
#8294 = CARTESIAN_POINT('',(-15.825,8.125,5.));
#8295 = VECTOR('',#8296,1.);
#8296 = DIRECTION('',(0.,0.,-1.));
#8297 = PCURVE('',#2600,#8298);
#8298 = DEFINITIONAL_REPRESENTATION('',(#8299),#8303);
#8299 = LINE('',#8300,#8301);
#8300 = CARTESIAN_POINT('',(38.75,-5.));
#8301 = VECTOR('',#8302,1.);
#8302 = DIRECTION('',(0.,1.));
#8303 = ( GEOMETRIC_REPRESENTATION_CONTEXT(2) 
PARAMETRIC_REPRESENTATION_CONTEXT() REPRESENTATION_CONTEXT('2D SPACE',''
  ) );
#8304 = PCURVE('',#2632,#8305);
#8305 = DEFINITIONAL_REPRESENTATION('',(#8306),#8310);
#8306 = LINE('',#8307,#8308);
#8307 = CARTESIAN_POINT('',(0.,-5.));
#8308 = VECTOR('',#8309,1.);
#8309 = DIRECTION('',(-0.,1.));
#8310 = ( GEOMETRIC_REPRESENTATION_CONTEXT(2) 
PARAMETRIC_REPRESENTATION_CONTEXT() REPRESENTATION_CONTEXT('2D SPACE',''
  ) );
#8311 = ORIENTED_EDGE('',*,*,#2583,.T.);
#8312 = ADVANCED_FACE('',(#8313),#2632,.F.);
#8313 = FACE_BOUND('',#8314,.F.);
#8314 = EDGE_LOOP('',(#8315,#8316,#8344,#8365));
#8315 = ORIENTED_EDGE('',*,*,#8291,.F.);
#8316 = ORIENTED_EDGE('',*,*,#8317,.T.);
#8317 = EDGE_CURVE('',#8271,#8318,#8320,.T.);
#8318 = VERTEX_POINT('',#8319);
#8319 = CARTESIAN_POINT('',(-15.825,6.875,1.5));
#8320 = SURFACE_CURVE('',#8321,(#8326,#8333),.PCURVE_S1.);
#8321 = CIRCLE('',#8322,0.625);
#8322 = AXIS2_PLACEMENT_3D('',#8323,#8324,#8325);
#8323 = CARTESIAN_POINT('',(-15.825,7.5,1.5));
#8324 = DIRECTION('',(0.,0.,-1.));
#8325 = DIRECTION('',(0.,1.,0.));
#8326 = PCURVE('',#2632,#8327);
#8327 = DEFINITIONAL_REPRESENTATION('',(#8328),#8332);
#8328 = LINE('',#8329,#8330);
#8329 = CARTESIAN_POINT('',(0.,-1.5));
#8330 = VECTOR('',#8331,1.);
#8331 = DIRECTION('',(1.,0.));
#8332 = ( GEOMETRIC_REPRESENTATION_CONTEXT(2) 
PARAMETRIC_REPRESENTATION_CONTEXT() REPRESENTATION_CONTEXT('2D SPACE',''
  ) );
#8333 = PCURVE('',#4456,#8334);
#8334 = DEFINITIONAL_REPRESENTATION('',(#8335),#8343);
#8335 = ( BOUNDED_CURVE() B_SPLINE_CURVE(2,(#8336,#8337,#8338,#8339,
#8340,#8341,#8342),.UNSPECIFIED.,.T.,.F.) B_SPLINE_CURVE_WITH_KNOTS((1,2
    ,2,2,2,1),(-2.094395102393,0.,2.094395102393,4.188790204786,
6.28318530718,8.377580409573),.UNSPECIFIED.) CURVE() 
GEOMETRIC_REPRESENTATION_ITEM() RATIONAL_B_SPLINE_CURVE((1.,0.5,1.,0.5,
1.,0.5,1.)) REPRESENTATION_ITEM('') );
#8336 = CARTESIAN_POINT('',(59.375,23.125));
#8337 = CARTESIAN_POINT('',(60.457531754731,23.125));
#8338 = CARTESIAN_POINT('',(59.916265877365,22.1875));
#8339 = CARTESIAN_POINT('',(59.375,21.25));
#8340 = CARTESIAN_POINT('',(58.833734122635,22.1875));
#8341 = CARTESIAN_POINT('',(58.292468245269,23.125));
#8342 = CARTESIAN_POINT('',(59.375,23.125));
#8343 = ( GEOMETRIC_REPRESENTATION_CONTEXT(2) 
PARAMETRIC_REPRESENTATION_CONTEXT() REPRESENTATION_CONTEXT('2D SPACE',''
  ) );
#8344 = ORIENTED_EDGE('',*,*,#8345,.T.);
#8345 = EDGE_CURVE('',#8318,#2612,#8346,.T.);
#8346 = SURFACE_CURVE('',#8347,(#8351,#8358),.PCURVE_S1.);
#8347 = LINE('',#8348,#8349);
#8348 = CARTESIAN_POINT('',(-15.825,6.875,5.));
#8349 = VECTOR('',#8350,1.);
#8350 = DIRECTION('',(0.,0.,-1.));
#8351 = PCURVE('',#2632,#8352);
#8352 = DEFINITIONAL_REPRESENTATION('',(#8353),#8357);
#8353 = LINE('',#8354,#8355);
#8354 = CARTESIAN_POINT('',(3.14159265359,-5.));
#8355 = VECTOR('',#8356,1.);
#8356 = DIRECTION('',(-0.,1.));
#8357 = ( GEOMETRIC_REPRESENTATION_CONTEXT(2) 
PARAMETRIC_REPRESENTATION_CONTEXT() REPRESENTATION_CONTEXT('2D SPACE',''
  ) );
#8358 = PCURVE('',#2659,#8359);
#8359 = DEFINITIONAL_REPRESENTATION('',(#8360),#8364);
#8360 = LINE('',#8361,#8362);
#8361 = CARTESIAN_POINT('',(0.,-5.));
#8362 = VECTOR('',#8363,1.);
#8363 = DIRECTION('',(0.,1.));
#8364 = ( GEOMETRIC_REPRESENTATION_CONTEXT(2) 
PARAMETRIC_REPRESENTATION_CONTEXT() REPRESENTATION_CONTEXT('2D SPACE',''
  ) );
#8365 = ORIENTED_EDGE('',*,*,#2611,.F.);
#8366 = ADVANCED_FACE('',(#8367),#2689,.F.);
#8367 = FACE_BOUND('',#8368,.F.);
#8368 = EDGE_LOOP('',(#8369,#8392,#8418,#8419));
#8369 = ORIENTED_EDGE('',*,*,#8370,.T.);
#8370 = EDGE_CURVE('',#2645,#8371,#8373,.T.);
#8371 = VERTEX_POINT('',#8372);
#8372 = CARTESIAN_POINT('',(-54.575,6.875,1.5));
#8373 = SURFACE_CURVE('',#8374,(#8378,#8385),.PCURVE_S1.);
#8374 = LINE('',#8375,#8376);
#8375 = CARTESIAN_POINT('',(-54.575,6.875,-5.));
#8376 = VECTOR('',#8377,1.);
#8377 = DIRECTION('',(0.,0.,1.));
#8378 = PCURVE('',#2689,#8379);
#8379 = DEFINITIONAL_REPRESENTATION('',(#8380),#8384);
#8380 = LINE('',#8381,#8382);
#8381 = CARTESIAN_POINT('',(0.,5.));
#8382 = VECTOR('',#8383,1.);
#8383 = DIRECTION('',(0.,-1.));
#8384 = ( GEOMETRIC_REPRESENTATION_CONTEXT(2) 
PARAMETRIC_REPRESENTATION_CONTEXT() REPRESENTATION_CONTEXT('2D SPACE',''
  ) );
#8385 = PCURVE('',#2659,#8386);
#8386 = DEFINITIONAL_REPRESENTATION('',(#8387),#8391);
#8387 = LINE('',#8388,#8389);
#8388 = CARTESIAN_POINT('',(38.75,5.));
#8389 = VECTOR('',#8390,1.);
#8390 = DIRECTION('',(0.,-1.));
#8391 = ( GEOMETRIC_REPRESENTATION_CONTEXT(2) 
PARAMETRIC_REPRESENTATION_CONTEXT() REPRESENTATION_CONTEXT('2D SPACE',''
  ) );
#8392 = ORIENTED_EDGE('',*,*,#8393,.T.);
#8393 = EDGE_CURVE('',#8371,#8248,#8394,.T.);
#8394 = SURFACE_CURVE('',#8395,(#8400,#8407),.PCURVE_S1.);
#8395 = CIRCLE('',#8396,0.625);
#8396 = AXIS2_PLACEMENT_3D('',#8397,#8398,#8399);
#8397 = CARTESIAN_POINT('',(-54.575,7.5,1.5));
#8398 = DIRECTION('',(0.,-0.,-1.));
#8399 = DIRECTION('',(0.,-1.,0.));
#8400 = PCURVE('',#2689,#8401);
#8401 = DEFINITIONAL_REPRESENTATION('',(#8402),#8406);
#8402 = LINE('',#8403,#8404);
#8403 = CARTESIAN_POINT('',(0.,-1.5));
#8404 = VECTOR('',#8405,1.);
#8405 = DIRECTION('',(1.,0.));
#8406 = ( GEOMETRIC_REPRESENTATION_CONTEXT(2) 
PARAMETRIC_REPRESENTATION_CONTEXT() REPRESENTATION_CONTEXT('2D SPACE',''
  ) );
#8407 = PCURVE('',#4456,#8408);
#8408 = DEFINITIONAL_REPRESENTATION('',(#8409),#8417);
#8409 = ( BOUNDED_CURVE() B_SPLINE_CURVE(2,(#8410,#8411,#8412,#8413,
#8414,#8415,#8416),.UNSPECIFIED.,.T.,.F.) B_SPLINE_CURVE_WITH_KNOTS((1,2
    ,2,2,2,1),(-2.094395102393,0.,2.094395102393,4.188790204786,
6.28318530718,8.377580409573),.UNSPECIFIED.) CURVE() 
GEOMETRIC_REPRESENTATION_ITEM() RATIONAL_B_SPLINE_CURVE((1.,0.5,1.,0.5,
1.,0.5,1.)) REPRESENTATION_ITEM('') );
#8410 = CARTESIAN_POINT('',(20.625,21.875));
#8411 = CARTESIAN_POINT('',(19.542468245269,21.875));
#8412 = CARTESIAN_POINT('',(20.083734122635,22.8125));
#8413 = CARTESIAN_POINT('',(20.625,23.75));
#8414 = CARTESIAN_POINT('',(21.166265877365,22.8125));
#8415 = CARTESIAN_POINT('',(21.707531754731,21.875));
#8416 = CARTESIAN_POINT('',(20.625,21.875));
#8417 = ( GEOMETRIC_REPRESENTATION_CONTEXT(2) 
PARAMETRIC_REPRESENTATION_CONTEXT() REPRESENTATION_CONTEXT('2D SPACE',''
  ) );
#8418 = ORIENTED_EDGE('',*,*,#8247,.F.);
#8419 = ORIENTED_EDGE('',*,*,#2670,.F.);
#8420 = ADVANCED_FACE('',(#8421),#2659,.F.);
#8421 = FACE_BOUND('',#8422,.F.);
#8422 = EDGE_LOOP('',(#8423,#8424,#8443,#8444));
#8423 = ORIENTED_EDGE('',*,*,#8345,.F.);
#8424 = ORIENTED_EDGE('',*,*,#8425,.F.);
#8425 = EDGE_CURVE('',#8371,#8318,#8426,.T.);
#8426 = SURFACE_CURVE('',#8427,(#8431,#8437),.PCURVE_S1.);
#8427 = LINE('',#8428,#8429);
#8428 = CARTESIAN_POINT('',(-45.5125,6.875,1.5));
#8429 = VECTOR('',#8430,1.);
#8430 = DIRECTION('',(1.,0.,-0.));
#8431 = PCURVE('',#2659,#8432);
#8432 = DEFINITIONAL_REPRESENTATION('',(#8433),#8436);
#8433 = B_SPLINE_CURVE_WITH_KNOTS('',1,(#8434,#8435),.UNSPECIFIED.,.F.,
  .F.,(2,2),(-9.0625,29.6875),.PIECEWISE_BEZIER_KNOTS.);
#8434 = CARTESIAN_POINT('',(38.75,-1.5));
#8435 = CARTESIAN_POINT('',(0.,-1.5));
#8436 = ( GEOMETRIC_REPRESENTATION_CONTEXT(2) 
PARAMETRIC_REPRESENTATION_CONTEXT() REPRESENTATION_CONTEXT('2D SPACE',''
  ) );
#8437 = PCURVE('',#4456,#8438);
#8438 = DEFINITIONAL_REPRESENTATION('',(#8439),#8442);
#8439 = B_SPLINE_CURVE_WITH_KNOTS('',1,(#8440,#8441),.UNSPECIFIED.,.F.,
  .F.,(2,2),(-9.0625,29.6875),.PIECEWISE_BEZIER_KNOTS.);
#8440 = CARTESIAN_POINT('',(20.625,21.875));
#8441 = CARTESIAN_POINT('',(59.375,21.875));
#8442 = ( GEOMETRIC_REPRESENTATION_CONTEXT(2) 
PARAMETRIC_REPRESENTATION_CONTEXT() REPRESENTATION_CONTEXT('2D SPACE',''
  ) );
#8443 = ORIENTED_EDGE('',*,*,#8370,.F.);
#8444 = ORIENTED_EDGE('',*,*,#2644,.T.);
#8445 = ADVANCED_FACE('',(#8446),#2720,.F.);
#8446 = FACE_BOUND('',#8447,.F.);
#8447 = EDGE_LOOP('',(#8448,#8471,#8492,#8513));
#8448 = ORIENTED_EDGE('',*,*,#8449,.T.);
#8449 = EDGE_CURVE('',#2706,#8450,#8452,.T.);
#8450 = VERTEX_POINT('',#8451);
#8451 = CARTESIAN_POINT('',(-54.575,11.875,1.5));
#8452 = SURFACE_CURVE('',#8453,(#8457,#8464),.PCURVE_S1.);
#8453 = LINE('',#8454,#8455);
#8454 = CARTESIAN_POINT('',(-54.575,11.875,-5.));
#8455 = VECTOR('',#8456,1.);
#8456 = DIRECTION('',(0.,0.,1.));
#8457 = PCURVE('',#2720,#8458);
#8458 = DEFINITIONAL_REPRESENTATION('',(#8459),#8463);
#8459 = LINE('',#8460,#8461);
#8460 = CARTESIAN_POINT('',(0.,5.));
#8461 = VECTOR('',#8462,1.);
#8462 = DIRECTION('',(0.,-1.));
#8463 = ( GEOMETRIC_REPRESENTATION_CONTEXT(2) 
PARAMETRIC_REPRESENTATION_CONTEXT() REPRESENTATION_CONTEXT('2D SPACE',''
  ) );
#8464 = PCURVE('',#2809,#8465);
#8465 = DEFINITIONAL_REPRESENTATION('',(#8466),#8470);
#8466 = LINE('',#8467,#8468);
#8467 = CARTESIAN_POINT('',(3.14159265359,5.));
#8468 = VECTOR('',#8469,1.);
#8469 = DIRECTION('',(0.,-1.));
#8470 = ( GEOMETRIC_REPRESENTATION_CONTEXT(2) 
PARAMETRIC_REPRESENTATION_CONTEXT() REPRESENTATION_CONTEXT('2D SPACE',''
  ) );
#8471 = ORIENTED_EDGE('',*,*,#8472,.F.);
#8472 = EDGE_CURVE('',#8473,#8450,#8475,.T.);
#8473 = VERTEX_POINT('',#8474);
#8474 = CARTESIAN_POINT('',(-15.825,11.875,1.5));
#8475 = SURFACE_CURVE('',#8476,(#8480,#8486),.PCURVE_S1.);
#8476 = LINE('',#8477,#8478);
#8477 = CARTESIAN_POINT('',(-64.8875,11.875,1.5));
#8478 = VECTOR('',#8479,1.);
#8479 = DIRECTION('',(-1.,0.,0.));
#8480 = PCURVE('',#2720,#8481);
#8481 = DEFINITIONAL_REPRESENTATION('',(#8482),#8485);
#8482 = B_SPLINE_CURVE_WITH_KNOTS('',1,(#8483,#8484),.UNSPECIFIED.,.F.,
  .F.,(2,2),(-49.0625,-10.3125),.PIECEWISE_BEZIER_KNOTS.);
#8483 = CARTESIAN_POINT('',(38.75,-1.5));
#8484 = CARTESIAN_POINT('',(0.,-1.5));
#8485 = ( GEOMETRIC_REPRESENTATION_CONTEXT(2) 
PARAMETRIC_REPRESENTATION_CONTEXT() REPRESENTATION_CONTEXT('2D SPACE',''
  ) );
#8486 = PCURVE('',#4456,#8487);
#8487 = DEFINITIONAL_REPRESENTATION('',(#8488),#8491);
#8488 = B_SPLINE_CURVE_WITH_KNOTS('',1,(#8489,#8490),.UNSPECIFIED.,.F.,
  .F.,(2,2),(-49.0625,-10.3125),.PIECEWISE_BEZIER_KNOTS.);
#8489 = CARTESIAN_POINT('',(59.375,26.875));
#8490 = CARTESIAN_POINT('',(20.625,26.875));
#8491 = ( GEOMETRIC_REPRESENTATION_CONTEXT(2) 
PARAMETRIC_REPRESENTATION_CONTEXT() REPRESENTATION_CONTEXT('2D SPACE',''
  ) );
#8492 = ORIENTED_EDGE('',*,*,#8493,.T.);
#8493 = EDGE_CURVE('',#8473,#2704,#8494,.T.);
#8494 = SURFACE_CURVE('',#8495,(#8499,#8506),.PCURVE_S1.);
#8495 = LINE('',#8496,#8497);
#8496 = CARTESIAN_POINT('',(-15.825,11.875,5.));
#8497 = VECTOR('',#8498,1.);
#8498 = DIRECTION('',(0.,0.,-1.));
#8499 = PCURVE('',#2720,#8500);
#8500 = DEFINITIONAL_REPRESENTATION('',(#8501),#8505);
#8501 = LINE('',#8502,#8503);
#8502 = CARTESIAN_POINT('',(38.75,-5.));
#8503 = VECTOR('',#8504,1.);
#8504 = DIRECTION('',(0.,1.));
#8505 = ( GEOMETRIC_REPRESENTATION_CONTEXT(2) 
PARAMETRIC_REPRESENTATION_CONTEXT() REPRESENTATION_CONTEXT('2D SPACE',''
  ) );
#8506 = PCURVE('',#2752,#8507);
#8507 = DEFINITIONAL_REPRESENTATION('',(#8508),#8512);
#8508 = LINE('',#8509,#8510);
#8509 = CARTESIAN_POINT('',(0.,-5.));
#8510 = VECTOR('',#8511,1.);
#8511 = DIRECTION('',(-0.,1.));
#8512 = ( GEOMETRIC_REPRESENTATION_CONTEXT(2) 
PARAMETRIC_REPRESENTATION_CONTEXT() REPRESENTATION_CONTEXT('2D SPACE',''
  ) );
#8513 = ORIENTED_EDGE('',*,*,#2703,.T.);
#8514 = ADVANCED_FACE('',(#8515),#2752,.F.);
#8515 = FACE_BOUND('',#8516,.F.);
#8516 = EDGE_LOOP('',(#8517,#8518,#8546,#8567));
#8517 = ORIENTED_EDGE('',*,*,#8493,.F.);
#8518 = ORIENTED_EDGE('',*,*,#8519,.T.);
#8519 = EDGE_CURVE('',#8473,#8520,#8522,.T.);
#8520 = VERTEX_POINT('',#8521);
#8521 = CARTESIAN_POINT('',(-15.825,10.625,1.5));
#8522 = SURFACE_CURVE('',#8523,(#8528,#8535),.PCURVE_S1.);
#8523 = CIRCLE('',#8524,0.625);
#8524 = AXIS2_PLACEMENT_3D('',#8525,#8526,#8527);
#8525 = CARTESIAN_POINT('',(-15.825,11.25,1.5));
#8526 = DIRECTION('',(0.,0.,-1.));
#8527 = DIRECTION('',(0.,1.,0.));
#8528 = PCURVE('',#2752,#8529);
#8529 = DEFINITIONAL_REPRESENTATION('',(#8530),#8534);
#8530 = LINE('',#8531,#8532);
#8531 = CARTESIAN_POINT('',(0.,-1.5));
#8532 = VECTOR('',#8533,1.);
#8533 = DIRECTION('',(1.,0.));
#8534 = ( GEOMETRIC_REPRESENTATION_CONTEXT(2) 
PARAMETRIC_REPRESENTATION_CONTEXT() REPRESENTATION_CONTEXT('2D SPACE',''
  ) );
#8535 = PCURVE('',#4456,#8536);
#8536 = DEFINITIONAL_REPRESENTATION('',(#8537),#8545);
#8537 = ( BOUNDED_CURVE() B_SPLINE_CURVE(2,(#8538,#8539,#8540,#8541,
#8542,#8543,#8544),.UNSPECIFIED.,.T.,.F.) B_SPLINE_CURVE_WITH_KNOTS((1,2
    ,2,2,2,1),(-2.094395102393,0.,2.094395102393,4.188790204786,
6.28318530718,8.377580409573),.UNSPECIFIED.) CURVE() 
GEOMETRIC_REPRESENTATION_ITEM() RATIONAL_B_SPLINE_CURVE((1.,0.5,1.,0.5,
1.,0.5,1.)) REPRESENTATION_ITEM('') );
#8538 = CARTESIAN_POINT('',(59.375,26.875));
#8539 = CARTESIAN_POINT('',(60.457531754731,26.875));
#8540 = CARTESIAN_POINT('',(59.916265877365,25.9375));
#8541 = CARTESIAN_POINT('',(59.375,25.));
#8542 = CARTESIAN_POINT('',(58.833734122635,25.9375));
#8543 = CARTESIAN_POINT('',(58.292468245269,26.875));
#8544 = CARTESIAN_POINT('',(59.375,26.875));
#8545 = ( GEOMETRIC_REPRESENTATION_CONTEXT(2) 
PARAMETRIC_REPRESENTATION_CONTEXT() REPRESENTATION_CONTEXT('2D SPACE',''
  ) );
#8546 = ORIENTED_EDGE('',*,*,#8547,.T.);
#8547 = EDGE_CURVE('',#8520,#2732,#8548,.T.);
#8548 = SURFACE_CURVE('',#8549,(#8553,#8560),.PCURVE_S1.);
#8549 = LINE('',#8550,#8551);
#8550 = CARTESIAN_POINT('',(-15.825,10.625,5.));
#8551 = VECTOR('',#8552,1.);
#8552 = DIRECTION('',(0.,0.,-1.));
#8553 = PCURVE('',#2752,#8554);
#8554 = DEFINITIONAL_REPRESENTATION('',(#8555),#8559);
#8555 = LINE('',#8556,#8557);
#8556 = CARTESIAN_POINT('',(3.14159265359,-5.));
#8557 = VECTOR('',#8558,1.);
#8558 = DIRECTION('',(-0.,1.));
#8559 = ( GEOMETRIC_REPRESENTATION_CONTEXT(2) 
PARAMETRIC_REPRESENTATION_CONTEXT() REPRESENTATION_CONTEXT('2D SPACE',''
  ) );
#8560 = PCURVE('',#2779,#8561);
#8561 = DEFINITIONAL_REPRESENTATION('',(#8562),#8566);
#8562 = LINE('',#8563,#8564);
#8563 = CARTESIAN_POINT('',(0.,-5.));
#8564 = VECTOR('',#8565,1.);
#8565 = DIRECTION('',(0.,1.));
#8566 = ( GEOMETRIC_REPRESENTATION_CONTEXT(2) 
PARAMETRIC_REPRESENTATION_CONTEXT() REPRESENTATION_CONTEXT('2D SPACE',''
  ) );
#8567 = ORIENTED_EDGE('',*,*,#2731,.F.);
#8568 = ADVANCED_FACE('',(#8569),#2809,.F.);
#8569 = FACE_BOUND('',#8570,.F.);
#8570 = EDGE_LOOP('',(#8571,#8594,#8620,#8621));
#8571 = ORIENTED_EDGE('',*,*,#8572,.T.);
#8572 = EDGE_CURVE('',#2765,#8573,#8575,.T.);
#8573 = VERTEX_POINT('',#8574);
#8574 = CARTESIAN_POINT('',(-54.575,10.625,1.5));
#8575 = SURFACE_CURVE('',#8576,(#8580,#8587),.PCURVE_S1.);
#8576 = LINE('',#8577,#8578);
#8577 = CARTESIAN_POINT('',(-54.575,10.625,-5.));
#8578 = VECTOR('',#8579,1.);
#8579 = DIRECTION('',(0.,0.,1.));
#8580 = PCURVE('',#2809,#8581);
#8581 = DEFINITIONAL_REPRESENTATION('',(#8582),#8586);
#8582 = LINE('',#8583,#8584);
#8583 = CARTESIAN_POINT('',(0.,5.));
#8584 = VECTOR('',#8585,1.);
#8585 = DIRECTION('',(0.,-1.));
#8586 = ( GEOMETRIC_REPRESENTATION_CONTEXT(2) 
PARAMETRIC_REPRESENTATION_CONTEXT() REPRESENTATION_CONTEXT('2D SPACE',''
  ) );
#8587 = PCURVE('',#2779,#8588);
#8588 = DEFINITIONAL_REPRESENTATION('',(#8589),#8593);
#8589 = LINE('',#8590,#8591);
#8590 = CARTESIAN_POINT('',(38.75,5.));
#8591 = VECTOR('',#8592,1.);
#8592 = DIRECTION('',(0.,-1.));
#8593 = ( GEOMETRIC_REPRESENTATION_CONTEXT(2) 
PARAMETRIC_REPRESENTATION_CONTEXT() REPRESENTATION_CONTEXT('2D SPACE',''
  ) );
#8594 = ORIENTED_EDGE('',*,*,#8595,.T.);
#8595 = EDGE_CURVE('',#8573,#8450,#8596,.T.);
#8596 = SURFACE_CURVE('',#8597,(#8602,#8609),.PCURVE_S1.);
#8597 = CIRCLE('',#8598,0.625);
#8598 = AXIS2_PLACEMENT_3D('',#8599,#8600,#8601);
#8599 = CARTESIAN_POINT('',(-54.575,11.25,1.5));
#8600 = DIRECTION('',(0.,-0.,-1.));
#8601 = DIRECTION('',(0.,-1.,0.));
#8602 = PCURVE('',#2809,#8603);
#8603 = DEFINITIONAL_REPRESENTATION('',(#8604),#8608);
#8604 = LINE('',#8605,#8606);
#8605 = CARTESIAN_POINT('',(0.,-1.5));
#8606 = VECTOR('',#8607,1.);
#8607 = DIRECTION('',(1.,0.));
#8608 = ( GEOMETRIC_REPRESENTATION_CONTEXT(2) 
PARAMETRIC_REPRESENTATION_CONTEXT() REPRESENTATION_CONTEXT('2D SPACE',''
  ) );
#8609 = PCURVE('',#4456,#8610);
#8610 = DEFINITIONAL_REPRESENTATION('',(#8611),#8619);
#8611 = ( BOUNDED_CURVE() B_SPLINE_CURVE(2,(#8612,#8613,#8614,#8615,
#8616,#8617,#8618),.UNSPECIFIED.,.T.,.F.) B_SPLINE_CURVE_WITH_KNOTS((1,2
    ,2,2,2,1),(-2.094395102393,0.,2.094395102393,4.188790204786,
6.28318530718,8.377580409573),.UNSPECIFIED.) CURVE() 
GEOMETRIC_REPRESENTATION_ITEM() RATIONAL_B_SPLINE_CURVE((1.,0.5,1.,0.5,
1.,0.5,1.)) REPRESENTATION_ITEM('') );
#8612 = CARTESIAN_POINT('',(20.625,25.625));
#8613 = CARTESIAN_POINT('',(19.542468245269,25.625));
#8614 = CARTESIAN_POINT('',(20.083734122635,26.5625));
#8615 = CARTESIAN_POINT('',(20.625,27.5));
#8616 = CARTESIAN_POINT('',(21.166265877365,26.5625));
#8617 = CARTESIAN_POINT('',(21.707531754731,25.625));
#8618 = CARTESIAN_POINT('',(20.625,25.625));
#8619 = ( GEOMETRIC_REPRESENTATION_CONTEXT(2) 
PARAMETRIC_REPRESENTATION_CONTEXT() REPRESENTATION_CONTEXT('2D SPACE',''
  ) );
#8620 = ORIENTED_EDGE('',*,*,#8449,.F.);
#8621 = ORIENTED_EDGE('',*,*,#2790,.F.);
#8622 = ADVANCED_FACE('',(#8623),#2779,.F.);
#8623 = FACE_BOUND('',#8624,.F.);
#8624 = EDGE_LOOP('',(#8625,#8626,#8645,#8646));
#8625 = ORIENTED_EDGE('',*,*,#8547,.F.);
#8626 = ORIENTED_EDGE('',*,*,#8627,.F.);
#8627 = EDGE_CURVE('',#8573,#8520,#8628,.T.);
#8628 = SURFACE_CURVE('',#8629,(#8633,#8639),.PCURVE_S1.);
#8629 = LINE('',#8630,#8631);
#8630 = CARTESIAN_POINT('',(-45.5125,10.625,1.5));
#8631 = VECTOR('',#8632,1.);
#8632 = DIRECTION('',(1.,0.,-0.));
#8633 = PCURVE('',#2779,#8634);
#8634 = DEFINITIONAL_REPRESENTATION('',(#8635),#8638);
#8635 = B_SPLINE_CURVE_WITH_KNOTS('',1,(#8636,#8637),.UNSPECIFIED.,.F.,
  .F.,(2,2),(-9.0625,29.6875),.PIECEWISE_BEZIER_KNOTS.);
#8636 = CARTESIAN_POINT('',(38.75,-1.5));
#8637 = CARTESIAN_POINT('',(0.,-1.5));
#8638 = ( GEOMETRIC_REPRESENTATION_CONTEXT(2) 
PARAMETRIC_REPRESENTATION_CONTEXT() REPRESENTATION_CONTEXT('2D SPACE',''
  ) );
#8639 = PCURVE('',#4456,#8640);
#8640 = DEFINITIONAL_REPRESENTATION('',(#8641),#8644);
#8641 = B_SPLINE_CURVE_WITH_KNOTS('',1,(#8642,#8643),.UNSPECIFIED.,.F.,
  .F.,(2,2),(-9.0625,29.6875),.PIECEWISE_BEZIER_KNOTS.);
#8642 = CARTESIAN_POINT('',(20.625,25.625));
#8643 = CARTESIAN_POINT('',(59.375,25.625));
#8644 = ( GEOMETRIC_REPRESENTATION_CONTEXT(2) 
PARAMETRIC_REPRESENTATION_CONTEXT() REPRESENTATION_CONTEXT('2D SPACE',''
  ) );
#8645 = ORIENTED_EDGE('',*,*,#8572,.F.);
#8646 = ORIENTED_EDGE('',*,*,#2764,.T.);
#8647 = ADVANCED_FACE('',(#8648),#2840,.F.);
#8648 = FACE_BOUND('',#8649,.F.);
#8649 = EDGE_LOOP('',(#8650,#8673,#8694,#8715));
#8650 = ORIENTED_EDGE('',*,*,#8651,.T.);
#8651 = EDGE_CURVE('',#2826,#8652,#8654,.T.);
#8652 = VERTEX_POINT('',#8653);
#8653 = CARTESIAN_POINT('',(-11.875,15.825,1.5));
#8654 = SURFACE_CURVE('',#8655,(#8659,#8666),.PCURVE_S1.);
#8655 = LINE('',#8656,#8657);
#8656 = CARTESIAN_POINT('',(-11.875,15.825,-5.));
#8657 = VECTOR('',#8658,1.);
#8658 = DIRECTION('',(0.,0.,1.));
#8659 = PCURVE('',#2840,#8660);
#8660 = DEFINITIONAL_REPRESENTATION('',(#8661),#8665);
#8661 = LINE('',#8662,#8663);
#8662 = CARTESIAN_POINT('',(0.,5.));
#8663 = VECTOR('',#8664,1.);
#8664 = DIRECTION('',(0.,-1.));
#8665 = ( GEOMETRIC_REPRESENTATION_CONTEXT(2) 
PARAMETRIC_REPRESENTATION_CONTEXT() REPRESENTATION_CONTEXT('2D SPACE',''
  ) );
#8666 = PCURVE('',#2929,#8667);
#8667 = DEFINITIONAL_REPRESENTATION('',(#8668),#8672);
#8668 = LINE('',#8669,#8670);
#8669 = CARTESIAN_POINT('',(3.14159265359,5.));
#8670 = VECTOR('',#8671,1.);
#8671 = DIRECTION('',(0.,-1.));
#8672 = ( GEOMETRIC_REPRESENTATION_CONTEXT(2) 
PARAMETRIC_REPRESENTATION_CONTEXT() REPRESENTATION_CONTEXT('2D SPACE',''
  ) );
#8673 = ORIENTED_EDGE('',*,*,#8674,.F.);
#8674 = EDGE_CURVE('',#8675,#8652,#8677,.T.);
#8675 = VERTEX_POINT('',#8676);
#8676 = CARTESIAN_POINT('',(-11.875,54.575,1.5));
#8677 = SURFACE_CURVE('',#8678,(#8682,#8688),.PCURVE_S1.);
#8678 = LINE('',#8679,#8680);
#8679 = CARTESIAN_POINT('',(-11.875,0.4125,1.5));
#8680 = VECTOR('',#8681,1.);
#8681 = DIRECTION('',(-1.110223024625E-16,-1.,0.));
#8682 = PCURVE('',#2840,#8683);
#8683 = DEFINITIONAL_REPRESENTATION('',(#8684),#8687);
#8684 = B_SPLINE_CURVE_WITH_KNOTS('',1,(#8685,#8686),.UNSPECIFIED.,.F.,
  .F.,(2,2),(-54.1625,-15.4125),.PIECEWISE_BEZIER_KNOTS.);
#8685 = CARTESIAN_POINT('',(38.75,-1.5));
#8686 = CARTESIAN_POINT('',(0.,-1.5));
#8687 = ( GEOMETRIC_REPRESENTATION_CONTEXT(2) 
PARAMETRIC_REPRESENTATION_CONTEXT() REPRESENTATION_CONTEXT('2D SPACE',''
  ) );
#8688 = PCURVE('',#4456,#8689);
#8689 = DEFINITIONAL_REPRESENTATION('',(#8690),#8693);
#8690 = B_SPLINE_CURVE_WITH_KNOTS('',1,(#8691,#8692),.UNSPECIFIED.,.F.,
  .F.,(2,2),(-54.1625,-15.4125),.PIECEWISE_BEZIER_KNOTS.);
#8691 = CARTESIAN_POINT('',(63.325,69.575));
#8692 = CARTESIAN_POINT('',(63.325,30.825));
#8693 = ( GEOMETRIC_REPRESENTATION_CONTEXT(2) 
PARAMETRIC_REPRESENTATION_CONTEXT() REPRESENTATION_CONTEXT('2D SPACE',''
  ) );
#8694 = ORIENTED_EDGE('',*,*,#8695,.T.);
#8695 = EDGE_CURVE('',#8675,#2824,#8696,.T.);
#8696 = SURFACE_CURVE('',#8697,(#8701,#8708),.PCURVE_S1.);
#8697 = LINE('',#8698,#8699);
#8698 = CARTESIAN_POINT('',(-11.875,54.575,5.));
#8699 = VECTOR('',#8700,1.);
#8700 = DIRECTION('',(0.,0.,-1.));
#8701 = PCURVE('',#2840,#8702);
#8702 = DEFINITIONAL_REPRESENTATION('',(#8703),#8707);
#8703 = LINE('',#8704,#8705);
#8704 = CARTESIAN_POINT('',(38.75,-5.));
#8705 = VECTOR('',#8706,1.);
#8706 = DIRECTION('',(0.,1.));
#8707 = ( GEOMETRIC_REPRESENTATION_CONTEXT(2) 
PARAMETRIC_REPRESENTATION_CONTEXT() REPRESENTATION_CONTEXT('2D SPACE',''
  ) );
#8708 = PCURVE('',#2872,#8709);
#8709 = DEFINITIONAL_REPRESENTATION('',(#8710),#8714);
#8710 = LINE('',#8711,#8712);
#8711 = CARTESIAN_POINT('',(0.,-5.));
#8712 = VECTOR('',#8713,1.);
#8713 = DIRECTION('',(-0.,1.));
#8714 = ( GEOMETRIC_REPRESENTATION_CONTEXT(2) 
PARAMETRIC_REPRESENTATION_CONTEXT() REPRESENTATION_CONTEXT('2D SPACE',''
  ) );
#8715 = ORIENTED_EDGE('',*,*,#2823,.T.);
#8716 = ADVANCED_FACE('',(#8717),#2872,.F.);
#8717 = FACE_BOUND('',#8718,.F.);
#8718 = EDGE_LOOP('',(#8719,#8720,#8748,#8769));
#8719 = ORIENTED_EDGE('',*,*,#8695,.F.);
#8720 = ORIENTED_EDGE('',*,*,#8721,.T.);
#8721 = EDGE_CURVE('',#8675,#8722,#8724,.T.);
#8722 = VERTEX_POINT('',#8723);
#8723 = CARTESIAN_POINT('',(-10.625,54.575,1.5));
#8724 = SURFACE_CURVE('',#8725,(#8730,#8737),.PCURVE_S1.);
#8725 = CIRCLE('',#8726,0.625);
#8726 = AXIS2_PLACEMENT_3D('',#8727,#8728,#8729);
#8727 = CARTESIAN_POINT('',(-11.25,54.575,1.5));
#8728 = DIRECTION('',(0.,0.,-1.));
#8729 = DIRECTION('',(-1.,1.110223024625E-16,0.));
#8730 = PCURVE('',#2872,#8731);
#8731 = DEFINITIONAL_REPRESENTATION('',(#8732),#8736);
#8732 = LINE('',#8733,#8734);
#8733 = CARTESIAN_POINT('',(0.,-1.5));
#8734 = VECTOR('',#8735,1.);
#8735 = DIRECTION('',(1.,0.));
#8736 = ( GEOMETRIC_REPRESENTATION_CONTEXT(2) 
PARAMETRIC_REPRESENTATION_CONTEXT() REPRESENTATION_CONTEXT('2D SPACE',''
  ) );
#8737 = PCURVE('',#4456,#8738);
#8738 = DEFINITIONAL_REPRESENTATION('',(#8739),#8747);
#8739 = ( BOUNDED_CURVE() B_SPLINE_CURVE(2,(#8740,#8741,#8742,#8743,
#8744,#8745,#8746),.UNSPECIFIED.,.T.,.F.) B_SPLINE_CURVE_WITH_KNOTS((1,2
    ,2,2,2,1),(-2.094395102393,0.,2.094395102393,4.188790204786,
6.28318530718,8.377580409573),.UNSPECIFIED.) CURVE() 
GEOMETRIC_REPRESENTATION_ITEM() RATIONAL_B_SPLINE_CURVE((1.,0.5,1.,0.5,
1.,0.5,1.)) REPRESENTATION_ITEM('') );
#8740 = CARTESIAN_POINT('',(63.325,69.575));
#8741 = CARTESIAN_POINT('',(63.325,70.657531754731));
#8742 = CARTESIAN_POINT('',(64.2625,70.116265877365));
#8743 = CARTESIAN_POINT('',(65.2,69.575));
#8744 = CARTESIAN_POINT('',(64.2625,69.033734122635));
#8745 = CARTESIAN_POINT('',(63.325,68.492468245269));
#8746 = CARTESIAN_POINT('',(63.325,69.575));
#8747 = ( GEOMETRIC_REPRESENTATION_CONTEXT(2) 
PARAMETRIC_REPRESENTATION_CONTEXT() REPRESENTATION_CONTEXT('2D SPACE',''
  ) );
#8748 = ORIENTED_EDGE('',*,*,#8749,.T.);
#8749 = EDGE_CURVE('',#8722,#2852,#8750,.T.);
#8750 = SURFACE_CURVE('',#8751,(#8755,#8762),.PCURVE_S1.);
#8751 = LINE('',#8752,#8753);
#8752 = CARTESIAN_POINT('',(-10.625,54.575,5.));
#8753 = VECTOR('',#8754,1.);
#8754 = DIRECTION('',(0.,0.,-1.));
#8755 = PCURVE('',#2872,#8756);
#8756 = DEFINITIONAL_REPRESENTATION('',(#8757),#8761);
#8757 = LINE('',#8758,#8759);
#8758 = CARTESIAN_POINT('',(3.14159265359,-5.));
#8759 = VECTOR('',#8760,1.);
#8760 = DIRECTION('',(-0.,1.));
#8761 = ( GEOMETRIC_REPRESENTATION_CONTEXT(2) 
PARAMETRIC_REPRESENTATION_CONTEXT() REPRESENTATION_CONTEXT('2D SPACE',''
  ) );
#8762 = PCURVE('',#2899,#8763);
#8763 = DEFINITIONAL_REPRESENTATION('',(#8764),#8768);
#8764 = LINE('',#8765,#8766);
#8765 = CARTESIAN_POINT('',(0.,-5.));
#8766 = VECTOR('',#8767,1.);
#8767 = DIRECTION('',(-0.,1.));
#8768 = ( GEOMETRIC_REPRESENTATION_CONTEXT(2) 
PARAMETRIC_REPRESENTATION_CONTEXT() REPRESENTATION_CONTEXT('2D SPACE',''
  ) );
#8769 = ORIENTED_EDGE('',*,*,#2851,.F.);
#8770 = ADVANCED_FACE('',(#8771),#2929,.F.);
#8771 = FACE_BOUND('',#8772,.F.);
#8772 = EDGE_LOOP('',(#8773,#8796,#8822,#8823));
#8773 = ORIENTED_EDGE('',*,*,#8774,.T.);
#8774 = EDGE_CURVE('',#2885,#8775,#8777,.T.);
#8775 = VERTEX_POINT('',#8776);
#8776 = CARTESIAN_POINT('',(-10.625,15.825,1.5));
#8777 = SURFACE_CURVE('',#8778,(#8782,#8789),.PCURVE_S1.);
#8778 = LINE('',#8779,#8780);
#8779 = CARTESIAN_POINT('',(-10.625,15.825,-5.));
#8780 = VECTOR('',#8781,1.);
#8781 = DIRECTION('',(0.,0.,1.));
#8782 = PCURVE('',#2929,#8783);
#8783 = DEFINITIONAL_REPRESENTATION('',(#8784),#8788);
#8784 = LINE('',#8785,#8786);
#8785 = CARTESIAN_POINT('',(0.,5.));
#8786 = VECTOR('',#8787,1.);
#8787 = DIRECTION('',(0.,-1.));
#8788 = ( GEOMETRIC_REPRESENTATION_CONTEXT(2) 
PARAMETRIC_REPRESENTATION_CONTEXT() REPRESENTATION_CONTEXT('2D SPACE',''
  ) );
#8789 = PCURVE('',#2899,#8790);
#8790 = DEFINITIONAL_REPRESENTATION('',(#8791),#8795);
#8791 = LINE('',#8792,#8793);
#8792 = CARTESIAN_POINT('',(38.75,5.));
#8793 = VECTOR('',#8794,1.);
#8794 = DIRECTION('',(0.,-1.));
#8795 = ( GEOMETRIC_REPRESENTATION_CONTEXT(2) 
PARAMETRIC_REPRESENTATION_CONTEXT() REPRESENTATION_CONTEXT('2D SPACE',''
  ) );
#8796 = ORIENTED_EDGE('',*,*,#8797,.T.);
#8797 = EDGE_CURVE('',#8775,#8652,#8798,.T.);
#8798 = SURFACE_CURVE('',#8799,(#8804,#8811),.PCURVE_S1.);
#8799 = CIRCLE('',#8800,0.625);
#8800 = AXIS2_PLACEMENT_3D('',#8801,#8802,#8803);
#8801 = CARTESIAN_POINT('',(-11.25,15.825,1.5));
#8802 = DIRECTION('',(0.,-0.,-1.));
#8803 = DIRECTION('',(1.,-1.110223024625E-16,0.));
#8804 = PCURVE('',#2929,#8805);
#8805 = DEFINITIONAL_REPRESENTATION('',(#8806),#8810);
#8806 = LINE('',#8807,#8808);
#8807 = CARTESIAN_POINT('',(0.,-1.5));
#8808 = VECTOR('',#8809,1.);
#8809 = DIRECTION('',(1.,0.));
#8810 = ( GEOMETRIC_REPRESENTATION_CONTEXT(2) 
PARAMETRIC_REPRESENTATION_CONTEXT() REPRESENTATION_CONTEXT('2D SPACE',''
  ) );
#8811 = PCURVE('',#4456,#8812);
#8812 = DEFINITIONAL_REPRESENTATION('',(#8813),#8821);
#8813 = ( BOUNDED_CURVE() B_SPLINE_CURVE(2,(#8814,#8815,#8816,#8817,
#8818,#8819,#8820),.UNSPECIFIED.,.T.,.F.) B_SPLINE_CURVE_WITH_KNOTS((1,2
    ,2,2,2,1),(-2.094395102393,0.,2.094395102393,4.188790204786,
6.28318530718,8.377580409573),.UNSPECIFIED.) CURVE() 
GEOMETRIC_REPRESENTATION_ITEM() RATIONAL_B_SPLINE_CURVE((1.,0.5,1.,0.5,
1.,0.5,1.)) REPRESENTATION_ITEM('') );
#8814 = CARTESIAN_POINT('',(64.575,30.825));
#8815 = CARTESIAN_POINT('',(64.575,29.742468245269));
#8816 = CARTESIAN_POINT('',(63.6375,30.283734122635));
#8817 = CARTESIAN_POINT('',(62.7,30.825));
#8818 = CARTESIAN_POINT('',(63.6375,31.366265877365));
#8819 = CARTESIAN_POINT('',(64.575,31.907531754731));
#8820 = CARTESIAN_POINT('',(64.575,30.825));
#8821 = ( GEOMETRIC_REPRESENTATION_CONTEXT(2) 
PARAMETRIC_REPRESENTATION_CONTEXT() REPRESENTATION_CONTEXT('2D SPACE',''
  ) );
#8822 = ORIENTED_EDGE('',*,*,#8651,.F.);
#8823 = ORIENTED_EDGE('',*,*,#2910,.F.);
#8824 = ADVANCED_FACE('',(#8825),#2899,.F.);
#8825 = FACE_BOUND('',#8826,.F.);
#8826 = EDGE_LOOP('',(#8827,#8828,#8847,#8848));
#8827 = ORIENTED_EDGE('',*,*,#8749,.F.);
#8828 = ORIENTED_EDGE('',*,*,#8829,.F.);
#8829 = EDGE_CURVE('',#8775,#8722,#8830,.T.);
#8830 = SURFACE_CURVE('',#8831,(#8835,#8841),.PCURVE_S1.);
#8831 = LINE('',#8832,#8833);
#8832 = CARTESIAN_POINT('',(-10.625,19.7875,1.5));
#8833 = VECTOR('',#8834,1.);
#8834 = DIRECTION('',(1.110223024625E-16,1.,-0.));
#8835 = PCURVE('',#2899,#8836);
#8836 = DEFINITIONAL_REPRESENTATION('',(#8837),#8840);
#8837 = B_SPLINE_CURVE_WITH_KNOTS('',1,(#8838,#8839),.UNSPECIFIED.,.F.,
  .F.,(2,2),(-3.9625,34.7875),.PIECEWISE_BEZIER_KNOTS.);
#8838 = CARTESIAN_POINT('',(38.75,-1.5));
#8839 = CARTESIAN_POINT('',(0.,-1.5));
#8840 = ( GEOMETRIC_REPRESENTATION_CONTEXT(2) 
PARAMETRIC_REPRESENTATION_CONTEXT() REPRESENTATION_CONTEXT('2D SPACE',''
  ) );
#8841 = PCURVE('',#4456,#8842);
#8842 = DEFINITIONAL_REPRESENTATION('',(#8843),#8846);
#8843 = B_SPLINE_CURVE_WITH_KNOTS('',1,(#8844,#8845),.UNSPECIFIED.,.F.,
  .F.,(2,2),(-3.9625,34.7875),.PIECEWISE_BEZIER_KNOTS.);
#8844 = CARTESIAN_POINT('',(64.575,30.825));
#8845 = CARTESIAN_POINT('',(64.575,69.575));
#8846 = ( GEOMETRIC_REPRESENTATION_CONTEXT(2) 
PARAMETRIC_REPRESENTATION_CONTEXT() REPRESENTATION_CONTEXT('2D SPACE',''
  ) );
#8847 = ORIENTED_EDGE('',*,*,#8774,.F.);
#8848 = ORIENTED_EDGE('',*,*,#2884,.T.);
#8849 = ADVANCED_FACE('',(#8850),#2960,.F.);
#8850 = FACE_BOUND('',#8851,.F.);
#8851 = EDGE_LOOP('',(#8852,#8875,#8896,#8917));
#8852 = ORIENTED_EDGE('',*,*,#8853,.T.);
#8853 = EDGE_CURVE('',#2946,#8854,#8856,.T.);
#8854 = VERTEX_POINT('',#8855);
#8855 = CARTESIAN_POINT('',(-8.125,15.825,1.5));
#8856 = SURFACE_CURVE('',#8857,(#8861,#8868),.PCURVE_S1.);
#8857 = LINE('',#8858,#8859);
#8858 = CARTESIAN_POINT('',(-8.125,15.825,-5.));
#8859 = VECTOR('',#8860,1.);
#8860 = DIRECTION('',(0.,0.,1.));
#8861 = PCURVE('',#2960,#8862);
#8862 = DEFINITIONAL_REPRESENTATION('',(#8863),#8867);
#8863 = LINE('',#8864,#8865);
#8864 = CARTESIAN_POINT('',(0.,5.));
#8865 = VECTOR('',#8866,1.);
#8866 = DIRECTION('',(0.,-1.));
#8867 = ( GEOMETRIC_REPRESENTATION_CONTEXT(2) 
PARAMETRIC_REPRESENTATION_CONTEXT() REPRESENTATION_CONTEXT('2D SPACE',''
  ) );
#8868 = PCURVE('',#3049,#8869);
#8869 = DEFINITIONAL_REPRESENTATION('',(#8870),#8874);
#8870 = LINE('',#8871,#8872);
#8871 = CARTESIAN_POINT('',(3.14159265359,5.));
#8872 = VECTOR('',#8873,1.);
#8873 = DIRECTION('',(0.,-1.));
#8874 = ( GEOMETRIC_REPRESENTATION_CONTEXT(2) 
PARAMETRIC_REPRESENTATION_CONTEXT() REPRESENTATION_CONTEXT('2D SPACE',''
  ) );
#8875 = ORIENTED_EDGE('',*,*,#8876,.F.);
#8876 = EDGE_CURVE('',#8877,#8854,#8879,.T.);
#8877 = VERTEX_POINT('',#8878);
#8878 = CARTESIAN_POINT('',(-8.125,54.575,1.5));
#8879 = SURFACE_CURVE('',#8880,(#8884,#8890),.PCURVE_S1.);
#8880 = LINE('',#8881,#8882);
#8881 = CARTESIAN_POINT('',(-8.125,0.4125,1.5));
#8882 = VECTOR('',#8883,1.);
#8883 = DIRECTION('',(-1.110223024625E-16,-1.,0.));
#8884 = PCURVE('',#2960,#8885);
#8885 = DEFINITIONAL_REPRESENTATION('',(#8886),#8889);
#8886 = B_SPLINE_CURVE_WITH_KNOTS('',1,(#8887,#8888),.UNSPECIFIED.,.F.,
  .F.,(2,2),(-54.1625,-15.4125),.PIECEWISE_BEZIER_KNOTS.);
#8887 = CARTESIAN_POINT('',(38.75,-1.5));
#8888 = CARTESIAN_POINT('',(0.,-1.5));
#8889 = ( GEOMETRIC_REPRESENTATION_CONTEXT(2) 
PARAMETRIC_REPRESENTATION_CONTEXT() REPRESENTATION_CONTEXT('2D SPACE',''
  ) );
#8890 = PCURVE('',#4456,#8891);
#8891 = DEFINITIONAL_REPRESENTATION('',(#8892),#8895);
#8892 = B_SPLINE_CURVE_WITH_KNOTS('',1,(#8893,#8894),.UNSPECIFIED.,.F.,
  .F.,(2,2),(-54.1625,-15.4125),.PIECEWISE_BEZIER_KNOTS.);
#8893 = CARTESIAN_POINT('',(67.075,69.575));
#8894 = CARTESIAN_POINT('',(67.075,30.825));
#8895 = ( GEOMETRIC_REPRESENTATION_CONTEXT(2) 
PARAMETRIC_REPRESENTATION_CONTEXT() REPRESENTATION_CONTEXT('2D SPACE',''
  ) );
#8896 = ORIENTED_EDGE('',*,*,#8897,.T.);
#8897 = EDGE_CURVE('',#8877,#2944,#8898,.T.);
#8898 = SURFACE_CURVE('',#8899,(#8903,#8910),.PCURVE_S1.);
#8899 = LINE('',#8900,#8901);
#8900 = CARTESIAN_POINT('',(-8.125,54.575,5.));
#8901 = VECTOR('',#8902,1.);
#8902 = DIRECTION('',(0.,0.,-1.));
#8903 = PCURVE('',#2960,#8904);
#8904 = DEFINITIONAL_REPRESENTATION('',(#8905),#8909);
#8905 = LINE('',#8906,#8907);
#8906 = CARTESIAN_POINT('',(38.75,-5.));
#8907 = VECTOR('',#8908,1.);
#8908 = DIRECTION('',(0.,1.));
#8909 = ( GEOMETRIC_REPRESENTATION_CONTEXT(2) 
PARAMETRIC_REPRESENTATION_CONTEXT() REPRESENTATION_CONTEXT('2D SPACE',''
  ) );
#8910 = PCURVE('',#2992,#8911);
#8911 = DEFINITIONAL_REPRESENTATION('',(#8912),#8916);
#8912 = LINE('',#8913,#8914);
#8913 = CARTESIAN_POINT('',(0.,-5.));
#8914 = VECTOR('',#8915,1.);
#8915 = DIRECTION('',(-0.,1.));
#8916 = ( GEOMETRIC_REPRESENTATION_CONTEXT(2) 
PARAMETRIC_REPRESENTATION_CONTEXT() REPRESENTATION_CONTEXT('2D SPACE',''
  ) );
#8917 = ORIENTED_EDGE('',*,*,#2943,.T.);
#8918 = ADVANCED_FACE('',(#8919),#2992,.F.);
#8919 = FACE_BOUND('',#8920,.F.);
#8920 = EDGE_LOOP('',(#8921,#8922,#8950,#8971));
#8921 = ORIENTED_EDGE('',*,*,#8897,.F.);
#8922 = ORIENTED_EDGE('',*,*,#8923,.T.);
#8923 = EDGE_CURVE('',#8877,#8924,#8926,.T.);
#8924 = VERTEX_POINT('',#8925);
#8925 = CARTESIAN_POINT('',(-6.875,54.575,1.5));
#8926 = SURFACE_CURVE('',#8927,(#8932,#8939),.PCURVE_S1.);
#8927 = CIRCLE('',#8928,0.625);
#8928 = AXIS2_PLACEMENT_3D('',#8929,#8930,#8931);
#8929 = CARTESIAN_POINT('',(-7.5,54.575,1.5));
#8930 = DIRECTION('',(0.,0.,-1.));
#8931 = DIRECTION('',(-1.,1.110223024625E-16,0.));
#8932 = PCURVE('',#2992,#8933);
#8933 = DEFINITIONAL_REPRESENTATION('',(#8934),#8938);
#8934 = LINE('',#8935,#8936);
#8935 = CARTESIAN_POINT('',(0.,-1.5));
#8936 = VECTOR('',#8937,1.);
#8937 = DIRECTION('',(1.,0.));
#8938 = ( GEOMETRIC_REPRESENTATION_CONTEXT(2) 
PARAMETRIC_REPRESENTATION_CONTEXT() REPRESENTATION_CONTEXT('2D SPACE',''
  ) );
#8939 = PCURVE('',#4456,#8940);
#8940 = DEFINITIONAL_REPRESENTATION('',(#8941),#8949);
#8941 = ( BOUNDED_CURVE() B_SPLINE_CURVE(2,(#8942,#8943,#8944,#8945,
#8946,#8947,#8948),.UNSPECIFIED.,.T.,.F.) B_SPLINE_CURVE_WITH_KNOTS((1,2
    ,2,2,2,1),(-2.094395102393,0.,2.094395102393,4.188790204786,
6.28318530718,8.377580409573),.UNSPECIFIED.) CURVE() 
GEOMETRIC_REPRESENTATION_ITEM() RATIONAL_B_SPLINE_CURVE((1.,0.5,1.,0.5,
1.,0.5,1.)) REPRESENTATION_ITEM('') );
#8942 = CARTESIAN_POINT('',(67.075,69.575));
#8943 = CARTESIAN_POINT('',(67.075,70.657531754731));
#8944 = CARTESIAN_POINT('',(68.0125,70.116265877365));
#8945 = CARTESIAN_POINT('',(68.95,69.575));
#8946 = CARTESIAN_POINT('',(68.0125,69.033734122635));
#8947 = CARTESIAN_POINT('',(67.075,68.492468245269));
#8948 = CARTESIAN_POINT('',(67.075,69.575));
#8949 = ( GEOMETRIC_REPRESENTATION_CONTEXT(2) 
PARAMETRIC_REPRESENTATION_CONTEXT() REPRESENTATION_CONTEXT('2D SPACE',''
  ) );
#8950 = ORIENTED_EDGE('',*,*,#8951,.T.);
#8951 = EDGE_CURVE('',#8924,#2972,#8952,.T.);
#8952 = SURFACE_CURVE('',#8953,(#8957,#8964),.PCURVE_S1.);
#8953 = LINE('',#8954,#8955);
#8954 = CARTESIAN_POINT('',(-6.875,54.575,5.));
#8955 = VECTOR('',#8956,1.);
#8956 = DIRECTION('',(0.,0.,-1.));
#8957 = PCURVE('',#2992,#8958);
#8958 = DEFINITIONAL_REPRESENTATION('',(#8959),#8963);
#8959 = LINE('',#8960,#8961);
#8960 = CARTESIAN_POINT('',(3.14159265359,-5.));
#8961 = VECTOR('',#8962,1.);
#8962 = DIRECTION('',(-0.,1.));
#8963 = ( GEOMETRIC_REPRESENTATION_CONTEXT(2) 
PARAMETRIC_REPRESENTATION_CONTEXT() REPRESENTATION_CONTEXT('2D SPACE',''
  ) );
#8964 = PCURVE('',#3019,#8965);
#8965 = DEFINITIONAL_REPRESENTATION('',(#8966),#8970);
#8966 = LINE('',#8967,#8968);
#8967 = CARTESIAN_POINT('',(0.,-5.));
#8968 = VECTOR('',#8969,1.);
#8969 = DIRECTION('',(-0.,1.));
#8970 = ( GEOMETRIC_REPRESENTATION_CONTEXT(2) 
PARAMETRIC_REPRESENTATION_CONTEXT() REPRESENTATION_CONTEXT('2D SPACE',''
  ) );
#8971 = ORIENTED_EDGE('',*,*,#2971,.F.);
#8972 = ADVANCED_FACE('',(#8973),#3049,.F.);
#8973 = FACE_BOUND('',#8974,.F.);
#8974 = EDGE_LOOP('',(#8975,#8998,#9024,#9025));
#8975 = ORIENTED_EDGE('',*,*,#8976,.T.);
#8976 = EDGE_CURVE('',#3005,#8977,#8979,.T.);
#8977 = VERTEX_POINT('',#8978);
#8978 = CARTESIAN_POINT('',(-6.875,15.825,1.5));
#8979 = SURFACE_CURVE('',#8980,(#8984,#8991),.PCURVE_S1.);
#8980 = LINE('',#8981,#8982);
#8981 = CARTESIAN_POINT('',(-6.875,15.825,-5.));
#8982 = VECTOR('',#8983,1.);
#8983 = DIRECTION('',(0.,0.,1.));
#8984 = PCURVE('',#3049,#8985);
#8985 = DEFINITIONAL_REPRESENTATION('',(#8986),#8990);
#8986 = LINE('',#8987,#8988);
#8987 = CARTESIAN_POINT('',(0.,5.));
#8988 = VECTOR('',#8989,1.);
#8989 = DIRECTION('',(0.,-1.));
#8990 = ( GEOMETRIC_REPRESENTATION_CONTEXT(2) 
PARAMETRIC_REPRESENTATION_CONTEXT() REPRESENTATION_CONTEXT('2D SPACE',''
  ) );
#8991 = PCURVE('',#3019,#8992);
#8992 = DEFINITIONAL_REPRESENTATION('',(#8993),#8997);
#8993 = LINE('',#8994,#8995);
#8994 = CARTESIAN_POINT('',(38.75,5.));
#8995 = VECTOR('',#8996,1.);
#8996 = DIRECTION('',(0.,-1.));
#8997 = ( GEOMETRIC_REPRESENTATION_CONTEXT(2) 
PARAMETRIC_REPRESENTATION_CONTEXT() REPRESENTATION_CONTEXT('2D SPACE',''
  ) );
#8998 = ORIENTED_EDGE('',*,*,#8999,.T.);
#8999 = EDGE_CURVE('',#8977,#8854,#9000,.T.);
#9000 = SURFACE_CURVE('',#9001,(#9006,#9013),.PCURVE_S1.);
#9001 = CIRCLE('',#9002,0.625);
#9002 = AXIS2_PLACEMENT_3D('',#9003,#9004,#9005);
#9003 = CARTESIAN_POINT('',(-7.5,15.825,1.5));
#9004 = DIRECTION('',(0.,-0.,-1.));
#9005 = DIRECTION('',(1.,-1.110223024625E-16,0.));
#9006 = PCURVE('',#3049,#9007);
#9007 = DEFINITIONAL_REPRESENTATION('',(#9008),#9012);
#9008 = LINE('',#9009,#9010);
#9009 = CARTESIAN_POINT('',(0.,-1.5));
#9010 = VECTOR('',#9011,1.);
#9011 = DIRECTION('',(1.,0.));
#9012 = ( GEOMETRIC_REPRESENTATION_CONTEXT(2) 
PARAMETRIC_REPRESENTATION_CONTEXT() REPRESENTATION_CONTEXT('2D SPACE',''
  ) );
#9013 = PCURVE('',#4456,#9014);
#9014 = DEFINITIONAL_REPRESENTATION('',(#9015),#9023);
#9015 = ( BOUNDED_CURVE() B_SPLINE_CURVE(2,(#9016,#9017,#9018,#9019,
#9020,#9021,#9022),.UNSPECIFIED.,.T.,.F.) B_SPLINE_CURVE_WITH_KNOTS((1,2
    ,2,2,2,1),(-2.094395102393,0.,2.094395102393,4.188790204786,
6.28318530718,8.377580409573),.UNSPECIFIED.) CURVE() 
GEOMETRIC_REPRESENTATION_ITEM() RATIONAL_B_SPLINE_CURVE((1.,0.5,1.,0.5,
1.,0.5,1.)) REPRESENTATION_ITEM('') );
#9016 = CARTESIAN_POINT('',(68.325,30.825));
#9017 = CARTESIAN_POINT('',(68.325,29.742468245269));
#9018 = CARTESIAN_POINT('',(67.3875,30.283734122635));
#9019 = CARTESIAN_POINT('',(66.45,30.825));
#9020 = CARTESIAN_POINT('',(67.3875,31.366265877365));
#9021 = CARTESIAN_POINT('',(68.325,31.907531754731));
#9022 = CARTESIAN_POINT('',(68.325,30.825));
#9023 = ( GEOMETRIC_REPRESENTATION_CONTEXT(2) 
PARAMETRIC_REPRESENTATION_CONTEXT() REPRESENTATION_CONTEXT('2D SPACE',''
  ) );
#9024 = ORIENTED_EDGE('',*,*,#8853,.F.);
#9025 = ORIENTED_EDGE('',*,*,#3030,.F.);
#9026 = ADVANCED_FACE('',(#9027),#3019,.F.);
#9027 = FACE_BOUND('',#9028,.F.);
#9028 = EDGE_LOOP('',(#9029,#9030,#9049,#9050));
#9029 = ORIENTED_EDGE('',*,*,#8951,.F.);
#9030 = ORIENTED_EDGE('',*,*,#9031,.F.);
#9031 = EDGE_CURVE('',#8977,#8924,#9032,.T.);
#9032 = SURFACE_CURVE('',#9033,(#9037,#9043),.PCURVE_S1.);
#9033 = LINE('',#9034,#9035);
#9034 = CARTESIAN_POINT('',(-6.875,19.7875,1.5));
#9035 = VECTOR('',#9036,1.);
#9036 = DIRECTION('',(1.110223024625E-16,1.,-0.));
#9037 = PCURVE('',#3019,#9038);
#9038 = DEFINITIONAL_REPRESENTATION('',(#9039),#9042);
#9039 = B_SPLINE_CURVE_WITH_KNOTS('',1,(#9040,#9041),.UNSPECIFIED.,.F.,
  .F.,(2,2),(-3.9625,34.7875),.PIECEWISE_BEZIER_KNOTS.);
#9040 = CARTESIAN_POINT('',(38.75,-1.5));
#9041 = CARTESIAN_POINT('',(0.,-1.5));
#9042 = ( GEOMETRIC_REPRESENTATION_CONTEXT(2) 
PARAMETRIC_REPRESENTATION_CONTEXT() REPRESENTATION_CONTEXT('2D SPACE',''
  ) );
#9043 = PCURVE('',#4456,#9044);
#9044 = DEFINITIONAL_REPRESENTATION('',(#9045),#9048);
#9045 = B_SPLINE_CURVE_WITH_KNOTS('',1,(#9046,#9047),.UNSPECIFIED.,.F.,
  .F.,(2,2),(-3.9625,34.7875),.PIECEWISE_BEZIER_KNOTS.);
#9046 = CARTESIAN_POINT('',(68.325,30.825));
#9047 = CARTESIAN_POINT('',(68.325,69.575));
#9048 = ( GEOMETRIC_REPRESENTATION_CONTEXT(2) 
PARAMETRIC_REPRESENTATION_CONTEXT() REPRESENTATION_CONTEXT('2D SPACE',''
  ) );
#9049 = ORIENTED_EDGE('',*,*,#8976,.F.);
#9050 = ORIENTED_EDGE('',*,*,#3004,.T.);
#9051 = ADVANCED_FACE('',(#9052),#3080,.F.);
#9052 = FACE_BOUND('',#9053,.F.);
#9053 = EDGE_LOOP('',(#9054,#9077,#9098,#9119));
#9054 = ORIENTED_EDGE('',*,*,#9055,.T.);
#9055 = EDGE_CURVE('',#3066,#9056,#9058,.T.);
#9056 = VERTEX_POINT('',#9057);
#9057 = CARTESIAN_POINT('',(-4.375,15.825,1.5));
#9058 = SURFACE_CURVE('',#9059,(#9063,#9070),.PCURVE_S1.);
#9059 = LINE('',#9060,#9061);
#9060 = CARTESIAN_POINT('',(-4.375,15.825,-5.));
#9061 = VECTOR('',#9062,1.);
#9062 = DIRECTION('',(0.,0.,1.));
#9063 = PCURVE('',#3080,#9064);
#9064 = DEFINITIONAL_REPRESENTATION('',(#9065),#9069);
#9065 = LINE('',#9066,#9067);
#9066 = CARTESIAN_POINT('',(0.,5.));
#9067 = VECTOR('',#9068,1.);
#9068 = DIRECTION('',(0.,-1.));
#9069 = ( GEOMETRIC_REPRESENTATION_CONTEXT(2) 
PARAMETRIC_REPRESENTATION_CONTEXT() REPRESENTATION_CONTEXT('2D SPACE',''
  ) );
#9070 = PCURVE('',#3169,#9071);
#9071 = DEFINITIONAL_REPRESENTATION('',(#9072),#9076);
#9072 = LINE('',#9073,#9074);
#9073 = CARTESIAN_POINT('',(3.14159265359,5.));
#9074 = VECTOR('',#9075,1.);
#9075 = DIRECTION('',(0.,-1.));
#9076 = ( GEOMETRIC_REPRESENTATION_CONTEXT(2) 
PARAMETRIC_REPRESENTATION_CONTEXT() REPRESENTATION_CONTEXT('2D SPACE',''
  ) );
#9077 = ORIENTED_EDGE('',*,*,#9078,.F.);
#9078 = EDGE_CURVE('',#9079,#9056,#9081,.T.);
#9079 = VERTEX_POINT('',#9080);
#9080 = CARTESIAN_POINT('',(-4.375,54.575,1.5));
#9081 = SURFACE_CURVE('',#9082,(#9086,#9092),.PCURVE_S1.);
#9082 = LINE('',#9083,#9084);
#9083 = CARTESIAN_POINT('',(-4.375,0.4125,1.5));
#9084 = VECTOR('',#9085,1.);
#9085 = DIRECTION('',(-1.110223024625E-16,-1.,0.));
#9086 = PCURVE('',#3080,#9087);
#9087 = DEFINITIONAL_REPRESENTATION('',(#9088),#9091);
#9088 = B_SPLINE_CURVE_WITH_KNOTS('',1,(#9089,#9090),.UNSPECIFIED.,.F.,
  .F.,(2,2),(-54.1625,-15.4125),.PIECEWISE_BEZIER_KNOTS.);
#9089 = CARTESIAN_POINT('',(38.75,-1.5));
#9090 = CARTESIAN_POINT('',(0.,-1.5));
#9091 = ( GEOMETRIC_REPRESENTATION_CONTEXT(2) 
PARAMETRIC_REPRESENTATION_CONTEXT() REPRESENTATION_CONTEXT('2D SPACE',''
  ) );
#9092 = PCURVE('',#4456,#9093);
#9093 = DEFINITIONAL_REPRESENTATION('',(#9094),#9097);
#9094 = B_SPLINE_CURVE_WITH_KNOTS('',1,(#9095,#9096),.UNSPECIFIED.,.F.,
  .F.,(2,2),(-54.1625,-15.4125),.PIECEWISE_BEZIER_KNOTS.);
#9095 = CARTESIAN_POINT('',(70.825,69.575));
#9096 = CARTESIAN_POINT('',(70.825,30.825));
#9097 = ( GEOMETRIC_REPRESENTATION_CONTEXT(2) 
PARAMETRIC_REPRESENTATION_CONTEXT() REPRESENTATION_CONTEXT('2D SPACE',''
  ) );
#9098 = ORIENTED_EDGE('',*,*,#9099,.T.);
#9099 = EDGE_CURVE('',#9079,#3064,#9100,.T.);
#9100 = SURFACE_CURVE('',#9101,(#9105,#9112),.PCURVE_S1.);
#9101 = LINE('',#9102,#9103);
#9102 = CARTESIAN_POINT('',(-4.375,54.575,5.));
#9103 = VECTOR('',#9104,1.);
#9104 = DIRECTION('',(0.,0.,-1.));
#9105 = PCURVE('',#3080,#9106);
#9106 = DEFINITIONAL_REPRESENTATION('',(#9107),#9111);
#9107 = LINE('',#9108,#9109);
#9108 = CARTESIAN_POINT('',(38.75,-5.));
#9109 = VECTOR('',#9110,1.);
#9110 = DIRECTION('',(0.,1.));
#9111 = ( GEOMETRIC_REPRESENTATION_CONTEXT(2) 
PARAMETRIC_REPRESENTATION_CONTEXT() REPRESENTATION_CONTEXT('2D SPACE',''
  ) );
#9112 = PCURVE('',#3112,#9113);
#9113 = DEFINITIONAL_REPRESENTATION('',(#9114),#9118);
#9114 = LINE('',#9115,#9116);
#9115 = CARTESIAN_POINT('',(0.,-5.));
#9116 = VECTOR('',#9117,1.);
#9117 = DIRECTION('',(-0.,1.));
#9118 = ( GEOMETRIC_REPRESENTATION_CONTEXT(2) 
PARAMETRIC_REPRESENTATION_CONTEXT() REPRESENTATION_CONTEXT('2D SPACE',''
  ) );
#9119 = ORIENTED_EDGE('',*,*,#3063,.T.);
#9120 = ADVANCED_FACE('',(#9121),#3112,.F.);
#9121 = FACE_BOUND('',#9122,.F.);
#9122 = EDGE_LOOP('',(#9123,#9124,#9152,#9173));
#9123 = ORIENTED_EDGE('',*,*,#9099,.F.);
#9124 = ORIENTED_EDGE('',*,*,#9125,.T.);
#9125 = EDGE_CURVE('',#9079,#9126,#9128,.T.);
#9126 = VERTEX_POINT('',#9127);
#9127 = CARTESIAN_POINT('',(-3.125,54.575,1.5));
#9128 = SURFACE_CURVE('',#9129,(#9134,#9141),.PCURVE_S1.);
#9129 = CIRCLE('',#9130,0.625);
#9130 = AXIS2_PLACEMENT_3D('',#9131,#9132,#9133);
#9131 = CARTESIAN_POINT('',(-3.75,54.575,1.5));
#9132 = DIRECTION('',(0.,0.,-1.));
#9133 = DIRECTION('',(-1.,1.110223024625E-16,0.));
#9134 = PCURVE('',#3112,#9135);
#9135 = DEFINITIONAL_REPRESENTATION('',(#9136),#9140);
#9136 = LINE('',#9137,#9138);
#9137 = CARTESIAN_POINT('',(0.,-1.5));
#9138 = VECTOR('',#9139,1.);
#9139 = DIRECTION('',(1.,0.));
#9140 = ( GEOMETRIC_REPRESENTATION_CONTEXT(2) 
PARAMETRIC_REPRESENTATION_CONTEXT() REPRESENTATION_CONTEXT('2D SPACE',''
  ) );
#9141 = PCURVE('',#4456,#9142);
#9142 = DEFINITIONAL_REPRESENTATION('',(#9143),#9151);
#9143 = ( BOUNDED_CURVE() B_SPLINE_CURVE(2,(#9144,#9145,#9146,#9147,
#9148,#9149,#9150),.UNSPECIFIED.,.T.,.F.) B_SPLINE_CURVE_WITH_KNOTS((1,2
    ,2,2,2,1),(-2.094395102393,0.,2.094395102393,4.188790204786,
6.28318530718,8.377580409573),.UNSPECIFIED.) CURVE() 
GEOMETRIC_REPRESENTATION_ITEM() RATIONAL_B_SPLINE_CURVE((1.,0.5,1.,0.5,
1.,0.5,1.)) REPRESENTATION_ITEM('') );
#9144 = CARTESIAN_POINT('',(70.825,69.575));
#9145 = CARTESIAN_POINT('',(70.825,70.657531754731));
#9146 = CARTESIAN_POINT('',(71.7625,70.116265877365));
#9147 = CARTESIAN_POINT('',(72.7,69.575));
#9148 = CARTESIAN_POINT('',(71.7625,69.033734122635));
#9149 = CARTESIAN_POINT('',(70.825,68.492468245269));
#9150 = CARTESIAN_POINT('',(70.825,69.575));
#9151 = ( GEOMETRIC_REPRESENTATION_CONTEXT(2) 
PARAMETRIC_REPRESENTATION_CONTEXT() REPRESENTATION_CONTEXT('2D SPACE',''
  ) );
#9152 = ORIENTED_EDGE('',*,*,#9153,.T.);
#9153 = EDGE_CURVE('',#9126,#3092,#9154,.T.);
#9154 = SURFACE_CURVE('',#9155,(#9159,#9166),.PCURVE_S1.);
#9155 = LINE('',#9156,#9157);
#9156 = CARTESIAN_POINT('',(-3.125,54.575,5.));
#9157 = VECTOR('',#9158,1.);
#9158 = DIRECTION('',(0.,0.,-1.));
#9159 = PCURVE('',#3112,#9160);
#9160 = DEFINITIONAL_REPRESENTATION('',(#9161),#9165);
#9161 = LINE('',#9162,#9163);
#9162 = CARTESIAN_POINT('',(3.14159265359,-5.));
#9163 = VECTOR('',#9164,1.);
#9164 = DIRECTION('',(-0.,1.));
#9165 = ( GEOMETRIC_REPRESENTATION_CONTEXT(2) 
PARAMETRIC_REPRESENTATION_CONTEXT() REPRESENTATION_CONTEXT('2D SPACE',''
  ) );
#9166 = PCURVE('',#3139,#9167);
#9167 = DEFINITIONAL_REPRESENTATION('',(#9168),#9172);
#9168 = LINE('',#9169,#9170);
#9169 = CARTESIAN_POINT('',(0.,-5.));
#9170 = VECTOR('',#9171,1.);
#9171 = DIRECTION('',(-0.,1.));
#9172 = ( GEOMETRIC_REPRESENTATION_CONTEXT(2) 
PARAMETRIC_REPRESENTATION_CONTEXT() REPRESENTATION_CONTEXT('2D SPACE',''
  ) );
#9173 = ORIENTED_EDGE('',*,*,#3091,.F.);
#9174 = ADVANCED_FACE('',(#9175),#3169,.F.);
#9175 = FACE_BOUND('',#9176,.F.);
#9176 = EDGE_LOOP('',(#9177,#9200,#9226,#9227));
#9177 = ORIENTED_EDGE('',*,*,#9178,.T.);
#9178 = EDGE_CURVE('',#3125,#9179,#9181,.T.);
#9179 = VERTEX_POINT('',#9180);
#9180 = CARTESIAN_POINT('',(-3.125,15.825,1.5));
#9181 = SURFACE_CURVE('',#9182,(#9186,#9193),.PCURVE_S1.);
#9182 = LINE('',#9183,#9184);
#9183 = CARTESIAN_POINT('',(-3.125,15.825,-5.));
#9184 = VECTOR('',#9185,1.);
#9185 = DIRECTION('',(0.,0.,1.));
#9186 = PCURVE('',#3169,#9187);
#9187 = DEFINITIONAL_REPRESENTATION('',(#9188),#9192);
#9188 = LINE('',#9189,#9190);
#9189 = CARTESIAN_POINT('',(0.,5.));
#9190 = VECTOR('',#9191,1.);
#9191 = DIRECTION('',(0.,-1.));
#9192 = ( GEOMETRIC_REPRESENTATION_CONTEXT(2) 
PARAMETRIC_REPRESENTATION_CONTEXT() REPRESENTATION_CONTEXT('2D SPACE',''
  ) );
#9193 = PCURVE('',#3139,#9194);
#9194 = DEFINITIONAL_REPRESENTATION('',(#9195),#9199);
#9195 = LINE('',#9196,#9197);
#9196 = CARTESIAN_POINT('',(38.75,5.));
#9197 = VECTOR('',#9198,1.);
#9198 = DIRECTION('',(0.,-1.));
#9199 = ( GEOMETRIC_REPRESENTATION_CONTEXT(2) 
PARAMETRIC_REPRESENTATION_CONTEXT() REPRESENTATION_CONTEXT('2D SPACE',''
  ) );
#9200 = ORIENTED_EDGE('',*,*,#9201,.T.);
#9201 = EDGE_CURVE('',#9179,#9056,#9202,.T.);
#9202 = SURFACE_CURVE('',#9203,(#9208,#9215),.PCURVE_S1.);
#9203 = CIRCLE('',#9204,0.625);
#9204 = AXIS2_PLACEMENT_3D('',#9205,#9206,#9207);
#9205 = CARTESIAN_POINT('',(-3.75,15.825,1.5));
#9206 = DIRECTION('',(0.,-0.,-1.));
#9207 = DIRECTION('',(1.,-1.110223024625E-16,0.));
#9208 = PCURVE('',#3169,#9209);
#9209 = DEFINITIONAL_REPRESENTATION('',(#9210),#9214);
#9210 = LINE('',#9211,#9212);
#9211 = CARTESIAN_POINT('',(0.,-1.5));
#9212 = VECTOR('',#9213,1.);
#9213 = DIRECTION('',(1.,0.));
#9214 = ( GEOMETRIC_REPRESENTATION_CONTEXT(2) 
PARAMETRIC_REPRESENTATION_CONTEXT() REPRESENTATION_CONTEXT('2D SPACE',''
  ) );
#9215 = PCURVE('',#4456,#9216);
#9216 = DEFINITIONAL_REPRESENTATION('',(#9217),#9225);
#9217 = ( BOUNDED_CURVE() B_SPLINE_CURVE(2,(#9218,#9219,#9220,#9221,
#9222,#9223,#9224),.UNSPECIFIED.,.T.,.F.) B_SPLINE_CURVE_WITH_KNOTS((1,2
    ,2,2,2,1),(-2.094395102393,0.,2.094395102393,4.188790204786,
6.28318530718,8.377580409573),.UNSPECIFIED.) CURVE() 
GEOMETRIC_REPRESENTATION_ITEM() RATIONAL_B_SPLINE_CURVE((1.,0.5,1.,0.5,
1.,0.5,1.)) REPRESENTATION_ITEM('') );
#9218 = CARTESIAN_POINT('',(72.075,30.825));
#9219 = CARTESIAN_POINT('',(72.075,29.742468245269));
#9220 = CARTESIAN_POINT('',(71.1375,30.283734122635));
#9221 = CARTESIAN_POINT('',(70.2,30.825));
#9222 = CARTESIAN_POINT('',(71.1375,31.366265877365));
#9223 = CARTESIAN_POINT('',(72.075,31.907531754731));
#9224 = CARTESIAN_POINT('',(72.075,30.825));
#9225 = ( GEOMETRIC_REPRESENTATION_CONTEXT(2) 
PARAMETRIC_REPRESENTATION_CONTEXT() REPRESENTATION_CONTEXT('2D SPACE',''
  ) );
#9226 = ORIENTED_EDGE('',*,*,#9055,.F.);
#9227 = ORIENTED_EDGE('',*,*,#3150,.F.);
#9228 = ADVANCED_FACE('',(#9229),#3139,.F.);
#9229 = FACE_BOUND('',#9230,.F.);
#9230 = EDGE_LOOP('',(#9231,#9232,#9251,#9252));
#9231 = ORIENTED_EDGE('',*,*,#9153,.F.);
#9232 = ORIENTED_EDGE('',*,*,#9233,.F.);
#9233 = EDGE_CURVE('',#9179,#9126,#9234,.T.);
#9234 = SURFACE_CURVE('',#9235,(#9239,#9245),.PCURVE_S1.);
#9235 = LINE('',#9236,#9237);
#9236 = CARTESIAN_POINT('',(-3.125,19.7875,1.5));
#9237 = VECTOR('',#9238,1.);
#9238 = DIRECTION('',(1.110223024625E-16,1.,-0.));
#9239 = PCURVE('',#3139,#9240);
#9240 = DEFINITIONAL_REPRESENTATION('',(#9241),#9244);
#9241 = B_SPLINE_CURVE_WITH_KNOTS('',1,(#9242,#9243),.UNSPECIFIED.,.F.,
  .F.,(2,2),(-3.9625,34.7875),.PIECEWISE_BEZIER_KNOTS.);
#9242 = CARTESIAN_POINT('',(38.75,-1.5));
#9243 = CARTESIAN_POINT('',(0.,-1.5));
#9244 = ( GEOMETRIC_REPRESENTATION_CONTEXT(2) 
PARAMETRIC_REPRESENTATION_CONTEXT() REPRESENTATION_CONTEXT('2D SPACE',''
  ) );
#9245 = PCURVE('',#4456,#9246);
#9246 = DEFINITIONAL_REPRESENTATION('',(#9247),#9250);
#9247 = B_SPLINE_CURVE_WITH_KNOTS('',1,(#9248,#9249),.UNSPECIFIED.,.F.,
  .F.,(2,2),(-3.9625,34.7875),.PIECEWISE_BEZIER_KNOTS.);
#9248 = CARTESIAN_POINT('',(72.075,30.825));
#9249 = CARTESIAN_POINT('',(72.075,69.575));
#9250 = ( GEOMETRIC_REPRESENTATION_CONTEXT(2) 
PARAMETRIC_REPRESENTATION_CONTEXT() REPRESENTATION_CONTEXT('2D SPACE',''
  ) );
#9251 = ORIENTED_EDGE('',*,*,#9178,.F.);
#9252 = ORIENTED_EDGE('',*,*,#3124,.T.);
#9253 = ADVANCED_FACE('',(#9254),#3248,.F.);
#9254 = FACE_BOUND('',#9255,.F.);
#9255 = EDGE_LOOP('',(#9256,#9279,#9300,#9321));
#9256 = ORIENTED_EDGE('',*,*,#9257,.T.);
#9257 = EDGE_CURVE('',#3234,#9258,#9260,.T.);
#9258 = VERTEX_POINT('',#9259);
#9259 = CARTESIAN_POINT('',(15.825,0.625,1.5));
#9260 = SURFACE_CURVE('',#9261,(#9265,#9272),.PCURVE_S1.);
#9261 = LINE('',#9262,#9263);
#9262 = CARTESIAN_POINT('',(15.825,0.625,-5.));
#9263 = VECTOR('',#9264,1.);
#9264 = DIRECTION('',(0.,0.,1.));
#9265 = PCURVE('',#3248,#9266);
#9266 = DEFINITIONAL_REPRESENTATION('',(#9267),#9271);
#9267 = LINE('',#9268,#9269);
#9268 = CARTESIAN_POINT('',(0.,5.));
#9269 = VECTOR('',#9270,1.);
#9270 = DIRECTION('',(0.,-1.));
#9271 = ( GEOMETRIC_REPRESENTATION_CONTEXT(2) 
PARAMETRIC_REPRESENTATION_CONTEXT() REPRESENTATION_CONTEXT('2D SPACE',''
  ) );
#9272 = PCURVE('',#3337,#9273);
#9273 = DEFINITIONAL_REPRESENTATION('',(#9274),#9278);
#9274 = LINE('',#9275,#9276);
#9275 = CARTESIAN_POINT('',(3.14159265359,5.));
#9276 = VECTOR('',#9277,1.);
#9277 = DIRECTION('',(0.,-1.));
#9278 = ( GEOMETRIC_REPRESENTATION_CONTEXT(2) 
PARAMETRIC_REPRESENTATION_CONTEXT() REPRESENTATION_CONTEXT('2D SPACE',''
  ) );
#9279 = ORIENTED_EDGE('',*,*,#9280,.F.);
#9280 = EDGE_CURVE('',#9281,#9258,#9283,.T.);
#9281 = VERTEX_POINT('',#9282);
#9282 = CARTESIAN_POINT('',(54.575,0.625,1.5));
#9283 = SURFACE_CURVE('',#9284,(#9288,#9294),.PCURVE_S1.);
#9284 = LINE('',#9285,#9286);
#9285 = CARTESIAN_POINT('',(-29.6875,0.625,1.5));
#9286 = VECTOR('',#9287,1.);
#9287 = DIRECTION('',(-1.,0.,0.));
#9288 = PCURVE('',#3248,#9289);
#9289 = DEFINITIONAL_REPRESENTATION('',(#9290),#9293);
#9290 = B_SPLINE_CURVE_WITH_KNOTS('',1,(#9291,#9292),.UNSPECIFIED.,.F.,
  .F.,(2,2),(-84.2625,-45.5125),.PIECEWISE_BEZIER_KNOTS.);
#9291 = CARTESIAN_POINT('',(38.75,-1.5));
#9292 = CARTESIAN_POINT('',(0.,-1.5));
#9293 = ( GEOMETRIC_REPRESENTATION_CONTEXT(2) 
PARAMETRIC_REPRESENTATION_CONTEXT() REPRESENTATION_CONTEXT('2D SPACE',''
  ) );
#9294 = PCURVE('',#4456,#9295);
#9295 = DEFINITIONAL_REPRESENTATION('',(#9296),#9299);
#9296 = B_SPLINE_CURVE_WITH_KNOTS('',1,(#9297,#9298),.UNSPECIFIED.,.F.,
  .F.,(2,2),(-84.2625,-45.5125),.PIECEWISE_BEZIER_KNOTS.);
#9297 = CARTESIAN_POINT('',(129.775,15.625));
#9298 = CARTESIAN_POINT('',(91.025,15.625));
#9299 = ( GEOMETRIC_REPRESENTATION_CONTEXT(2) 
PARAMETRIC_REPRESENTATION_CONTEXT() REPRESENTATION_CONTEXT('2D SPACE',''
  ) );
#9300 = ORIENTED_EDGE('',*,*,#9301,.T.);
#9301 = EDGE_CURVE('',#9281,#3232,#9302,.T.);
#9302 = SURFACE_CURVE('',#9303,(#9307,#9314),.PCURVE_S1.);
#9303 = LINE('',#9304,#9305);
#9304 = CARTESIAN_POINT('',(54.575,0.625,5.));
#9305 = VECTOR('',#9306,1.);
#9306 = DIRECTION('',(0.,0.,-1.));
#9307 = PCURVE('',#3248,#9308);
#9308 = DEFINITIONAL_REPRESENTATION('',(#9309),#9313);
#9309 = LINE('',#9310,#9311);
#9310 = CARTESIAN_POINT('',(38.75,-5.));
#9311 = VECTOR('',#9312,1.);
#9312 = DIRECTION('',(0.,1.));
#9313 = ( GEOMETRIC_REPRESENTATION_CONTEXT(2) 
PARAMETRIC_REPRESENTATION_CONTEXT() REPRESENTATION_CONTEXT('2D SPACE',''
  ) );
#9314 = PCURVE('',#3280,#9315);
#9315 = DEFINITIONAL_REPRESENTATION('',(#9316),#9320);
#9316 = LINE('',#9317,#9318);
#9317 = CARTESIAN_POINT('',(0.,-5.));
#9318 = VECTOR('',#9319,1.);
#9319 = DIRECTION('',(-0.,1.));
#9320 = ( GEOMETRIC_REPRESENTATION_CONTEXT(2) 
PARAMETRIC_REPRESENTATION_CONTEXT() REPRESENTATION_CONTEXT('2D SPACE',''
  ) );
#9321 = ORIENTED_EDGE('',*,*,#3231,.T.);
#9322 = ADVANCED_FACE('',(#9323),#3280,.F.);
#9323 = FACE_BOUND('',#9324,.F.);
#9324 = EDGE_LOOP('',(#9325,#9326,#9354,#9375));
#9325 = ORIENTED_EDGE('',*,*,#9301,.F.);
#9326 = ORIENTED_EDGE('',*,*,#9327,.T.);
#9327 = EDGE_CURVE('',#9281,#9328,#9330,.T.);
#9328 = VERTEX_POINT('',#9329);
#9329 = CARTESIAN_POINT('',(54.575,-0.625,1.5));
#9330 = SURFACE_CURVE('',#9331,(#9336,#9343),.PCURVE_S1.);
#9331 = CIRCLE('',#9332,0.625);
#9332 = AXIS2_PLACEMENT_3D('',#9333,#9334,#9335);
#9333 = CARTESIAN_POINT('',(54.575,-5.551115123126E-17,1.5));
#9334 = DIRECTION('',(0.,0.,-1.));
#9335 = DIRECTION('',(0.,1.,0.));
#9336 = PCURVE('',#3280,#9337);
#9337 = DEFINITIONAL_REPRESENTATION('',(#9338),#9342);
#9338 = LINE('',#9339,#9340);
#9339 = CARTESIAN_POINT('',(0.,-1.5));
#9340 = VECTOR('',#9341,1.);
#9341 = DIRECTION('',(1.,0.));
#9342 = ( GEOMETRIC_REPRESENTATION_CONTEXT(2) 
PARAMETRIC_REPRESENTATION_CONTEXT() REPRESENTATION_CONTEXT('2D SPACE',''
  ) );
#9343 = PCURVE('',#4456,#9344);
#9344 = DEFINITIONAL_REPRESENTATION('',(#9345),#9353);
#9345 = ( BOUNDED_CURVE() B_SPLINE_CURVE(2,(#9346,#9347,#9348,#9349,
#9350,#9351,#9352),.UNSPECIFIED.,.T.,.F.) B_SPLINE_CURVE_WITH_KNOTS((1,2
    ,2,2,2,1),(-2.094395102393,0.,2.094395102393,4.188790204786,
6.28318530718,8.377580409573),.UNSPECIFIED.) CURVE() 
GEOMETRIC_REPRESENTATION_ITEM() RATIONAL_B_SPLINE_CURVE((1.,0.5,1.,0.5,
1.,0.5,1.)) REPRESENTATION_ITEM('') );
#9346 = CARTESIAN_POINT('',(129.775,15.625));
#9347 = CARTESIAN_POINT('',(130.85753175473,15.625));
#9348 = CARTESIAN_POINT('',(130.31626587736,14.6875));
#9349 = CARTESIAN_POINT('',(129.775,13.75));
#9350 = CARTESIAN_POINT('',(129.23373412263,14.6875));
#9351 = CARTESIAN_POINT('',(128.69246824526,15.625));
#9352 = CARTESIAN_POINT('',(129.775,15.625));
#9353 = ( GEOMETRIC_REPRESENTATION_CONTEXT(2) 
PARAMETRIC_REPRESENTATION_CONTEXT() REPRESENTATION_CONTEXT('2D SPACE',''
  ) );
#9354 = ORIENTED_EDGE('',*,*,#9355,.T.);
#9355 = EDGE_CURVE('',#9328,#3260,#9356,.T.);
#9356 = SURFACE_CURVE('',#9357,(#9361,#9368),.PCURVE_S1.);
#9357 = LINE('',#9358,#9359);
#9358 = CARTESIAN_POINT('',(54.575,-0.625,5.));
#9359 = VECTOR('',#9360,1.);
#9360 = DIRECTION('',(0.,0.,-1.));
#9361 = PCURVE('',#3280,#9362);
#9362 = DEFINITIONAL_REPRESENTATION('',(#9363),#9367);
#9363 = LINE('',#9364,#9365);
#9364 = CARTESIAN_POINT('',(3.14159265359,-5.));
#9365 = VECTOR('',#9366,1.);
#9366 = DIRECTION('',(-0.,1.));
#9367 = ( GEOMETRIC_REPRESENTATION_CONTEXT(2) 
PARAMETRIC_REPRESENTATION_CONTEXT() REPRESENTATION_CONTEXT('2D SPACE',''
  ) );
#9368 = PCURVE('',#3307,#9369);
#9369 = DEFINITIONAL_REPRESENTATION('',(#9370),#9374);
#9370 = LINE('',#9371,#9372);
#9371 = CARTESIAN_POINT('',(0.,-5.));
#9372 = VECTOR('',#9373,1.);
#9373 = DIRECTION('',(0.,1.));
#9374 = ( GEOMETRIC_REPRESENTATION_CONTEXT(2) 
PARAMETRIC_REPRESENTATION_CONTEXT() REPRESENTATION_CONTEXT('2D SPACE',''
  ) );
#9375 = ORIENTED_EDGE('',*,*,#3259,.F.);
#9376 = ADVANCED_FACE('',(#9377),#3337,.F.);
#9377 = FACE_BOUND('',#9378,.F.);
#9378 = EDGE_LOOP('',(#9379,#9402,#9428,#9429));
#9379 = ORIENTED_EDGE('',*,*,#9380,.T.);
#9380 = EDGE_CURVE('',#3293,#9381,#9383,.T.);
#9381 = VERTEX_POINT('',#9382);
#9382 = CARTESIAN_POINT('',(15.825,-0.625,1.5));
#9383 = SURFACE_CURVE('',#9384,(#9388,#9395),.PCURVE_S1.);
#9384 = LINE('',#9385,#9386);
#9385 = CARTESIAN_POINT('',(15.825,-0.625,-5.));
#9386 = VECTOR('',#9387,1.);
#9387 = DIRECTION('',(0.,0.,1.));
#9388 = PCURVE('',#3337,#9389);
#9389 = DEFINITIONAL_REPRESENTATION('',(#9390),#9394);
#9390 = LINE('',#9391,#9392);
#9391 = CARTESIAN_POINT('',(0.,5.));
#9392 = VECTOR('',#9393,1.);
#9393 = DIRECTION('',(0.,-1.));
#9394 = ( GEOMETRIC_REPRESENTATION_CONTEXT(2) 
PARAMETRIC_REPRESENTATION_CONTEXT() REPRESENTATION_CONTEXT('2D SPACE',''
  ) );
#9395 = PCURVE('',#3307,#9396);
#9396 = DEFINITIONAL_REPRESENTATION('',(#9397),#9401);
#9397 = LINE('',#9398,#9399);
#9398 = CARTESIAN_POINT('',(38.75,5.));
#9399 = VECTOR('',#9400,1.);
#9400 = DIRECTION('',(0.,-1.));
#9401 = ( GEOMETRIC_REPRESENTATION_CONTEXT(2) 
PARAMETRIC_REPRESENTATION_CONTEXT() REPRESENTATION_CONTEXT('2D SPACE',''
  ) );
#9402 = ORIENTED_EDGE('',*,*,#9403,.T.);
#9403 = EDGE_CURVE('',#9381,#9258,#9404,.T.);
#9404 = SURFACE_CURVE('',#9405,(#9410,#9417),.PCURVE_S1.);
#9405 = CIRCLE('',#9406,0.625);
#9406 = AXIS2_PLACEMENT_3D('',#9407,#9408,#9409);
#9407 = CARTESIAN_POINT('',(15.825,5.551115123126E-17,1.5));
#9408 = DIRECTION('',(0.,-0.,-1.));
#9409 = DIRECTION('',(0.,-1.,0.));
#9410 = PCURVE('',#3337,#9411);
#9411 = DEFINITIONAL_REPRESENTATION('',(#9412),#9416);
#9412 = LINE('',#9413,#9414);
#9413 = CARTESIAN_POINT('',(0.,-1.5));
#9414 = VECTOR('',#9415,1.);
#9415 = DIRECTION('',(1.,0.));
#9416 = ( GEOMETRIC_REPRESENTATION_CONTEXT(2) 
PARAMETRIC_REPRESENTATION_CONTEXT() REPRESENTATION_CONTEXT('2D SPACE',''
  ) );
#9417 = PCURVE('',#4456,#9418);
#9418 = DEFINITIONAL_REPRESENTATION('',(#9419),#9427);
#9419 = ( BOUNDED_CURVE() B_SPLINE_CURVE(2,(#9420,#9421,#9422,#9423,
#9424,#9425,#9426),.UNSPECIFIED.,.T.,.F.) B_SPLINE_CURVE_WITH_KNOTS((1,2
    ,2,2,2,1),(-2.094395102393,0.,2.094395102393,4.188790204786,
6.28318530718,8.377580409573),.UNSPECIFIED.) CURVE() 
GEOMETRIC_REPRESENTATION_ITEM() RATIONAL_B_SPLINE_CURVE((1.,0.5,1.,0.5,
1.,0.5,1.)) REPRESENTATION_ITEM('') );
#9420 = CARTESIAN_POINT('',(91.025,14.375));
#9421 = CARTESIAN_POINT('',(89.942468245269,14.375));
#9422 = CARTESIAN_POINT('',(90.483734122635,15.3125));
#9423 = CARTESIAN_POINT('',(91.025,16.25));
#9424 = CARTESIAN_POINT('',(91.566265877365,15.3125));
#9425 = CARTESIAN_POINT('',(92.107531754731,14.375));
#9426 = CARTESIAN_POINT('',(91.025,14.375));
#9427 = ( GEOMETRIC_REPRESENTATION_CONTEXT(2) 
PARAMETRIC_REPRESENTATION_CONTEXT() REPRESENTATION_CONTEXT('2D SPACE',''
  ) );
#9428 = ORIENTED_EDGE('',*,*,#9257,.F.);
#9429 = ORIENTED_EDGE('',*,*,#3318,.F.);
#9430 = ADVANCED_FACE('',(#9431),#3307,.F.);
#9431 = FACE_BOUND('',#9432,.F.);
#9432 = EDGE_LOOP('',(#9433,#9434,#9453,#9454));
#9433 = ORIENTED_EDGE('',*,*,#9355,.F.);
#9434 = ORIENTED_EDGE('',*,*,#9435,.F.);
#9435 = EDGE_CURVE('',#9381,#9328,#9436,.T.);
#9436 = SURFACE_CURVE('',#9437,(#9441,#9447),.PCURVE_S1.);
#9437 = LINE('',#9438,#9439);
#9438 = CARTESIAN_POINT('',(-10.3125,-0.625,1.5));
#9439 = VECTOR('',#9440,1.);
#9440 = DIRECTION('',(1.,0.,-0.));
#9441 = PCURVE('',#3307,#9442);
#9442 = DEFINITIONAL_REPRESENTATION('',(#9443),#9446);
#9443 = B_SPLINE_CURVE_WITH_KNOTS('',1,(#9444,#9445),.UNSPECIFIED.,.F.,
  .F.,(2,2),(26.1375,64.8875),.PIECEWISE_BEZIER_KNOTS.);
#9444 = CARTESIAN_POINT('',(38.75,-1.5));
#9445 = CARTESIAN_POINT('',(0.,-1.5));
#9446 = ( GEOMETRIC_REPRESENTATION_CONTEXT(2) 
PARAMETRIC_REPRESENTATION_CONTEXT() REPRESENTATION_CONTEXT('2D SPACE',''
  ) );
#9447 = PCURVE('',#4456,#9448);
#9448 = DEFINITIONAL_REPRESENTATION('',(#9449),#9452);
#9449 = B_SPLINE_CURVE_WITH_KNOTS('',1,(#9450,#9451),.UNSPECIFIED.,.F.,
  .F.,(2,2),(26.1375,64.8875),.PIECEWISE_BEZIER_KNOTS.);
#9450 = CARTESIAN_POINT('',(91.025,14.375));
#9451 = CARTESIAN_POINT('',(129.775,14.375));
#9452 = ( GEOMETRIC_REPRESENTATION_CONTEXT(2) 
PARAMETRIC_REPRESENTATION_CONTEXT() REPRESENTATION_CONTEXT('2D SPACE',''
  ) );
#9453 = ORIENTED_EDGE('',*,*,#9380,.F.);
#9454 = ORIENTED_EDGE('',*,*,#3292,.T.);
#9455 = ADVANCED_FACE('',(#9456),#3368,.F.);
#9456 = FACE_BOUND('',#9457,.F.);
#9457 = EDGE_LOOP('',(#9458,#9481,#9502,#9523));
#9458 = ORIENTED_EDGE('',*,*,#9459,.T.);
#9459 = EDGE_CURVE('',#3354,#9460,#9462,.T.);
#9460 = VERTEX_POINT('',#9461);
#9461 = CARTESIAN_POINT('',(15.825,4.375,1.5));
#9462 = SURFACE_CURVE('',#9463,(#9467,#9474),.PCURVE_S1.);
#9463 = LINE('',#9464,#9465);
#9464 = CARTESIAN_POINT('',(15.825,4.375,-5.));
#9465 = VECTOR('',#9466,1.);
#9466 = DIRECTION('',(0.,0.,1.));
#9467 = PCURVE('',#3368,#9468);
#9468 = DEFINITIONAL_REPRESENTATION('',(#9469),#9473);
#9469 = LINE('',#9470,#9471);
#9470 = CARTESIAN_POINT('',(0.,5.));
#9471 = VECTOR('',#9472,1.);
#9472 = DIRECTION('',(0.,-1.));
#9473 = ( GEOMETRIC_REPRESENTATION_CONTEXT(2) 
PARAMETRIC_REPRESENTATION_CONTEXT() REPRESENTATION_CONTEXT('2D SPACE',''
  ) );
#9474 = PCURVE('',#3457,#9475);
#9475 = DEFINITIONAL_REPRESENTATION('',(#9476),#9480);
#9476 = LINE('',#9477,#9478);
#9477 = CARTESIAN_POINT('',(3.14159265359,5.));
#9478 = VECTOR('',#9479,1.);
#9479 = DIRECTION('',(0.,-1.));
#9480 = ( GEOMETRIC_REPRESENTATION_CONTEXT(2) 
PARAMETRIC_REPRESENTATION_CONTEXT() REPRESENTATION_CONTEXT('2D SPACE',''
  ) );
#9481 = ORIENTED_EDGE('',*,*,#9482,.F.);
#9482 = EDGE_CURVE('',#9483,#9460,#9485,.T.);
#9483 = VERTEX_POINT('',#9484);
#9484 = CARTESIAN_POINT('',(54.575,4.375,1.5));
#9485 = SURFACE_CURVE('',#9486,(#9490,#9496),.PCURVE_S1.);
#9486 = LINE('',#9487,#9488);
#9487 = CARTESIAN_POINT('',(-29.6875,4.375,1.5));
#9488 = VECTOR('',#9489,1.);
#9489 = DIRECTION('',(-1.,0.,0.));
#9490 = PCURVE('',#3368,#9491);
#9491 = DEFINITIONAL_REPRESENTATION('',(#9492),#9495);
#9492 = B_SPLINE_CURVE_WITH_KNOTS('',1,(#9493,#9494),.UNSPECIFIED.,.F.,
  .F.,(2,2),(-84.2625,-45.5125),.PIECEWISE_BEZIER_KNOTS.);
#9493 = CARTESIAN_POINT('',(38.75,-1.5));
#9494 = CARTESIAN_POINT('',(0.,-1.5));
#9495 = ( GEOMETRIC_REPRESENTATION_CONTEXT(2) 
PARAMETRIC_REPRESENTATION_CONTEXT() REPRESENTATION_CONTEXT('2D SPACE',''
  ) );
#9496 = PCURVE('',#4456,#9497);
#9497 = DEFINITIONAL_REPRESENTATION('',(#9498),#9501);
#9498 = B_SPLINE_CURVE_WITH_KNOTS('',1,(#9499,#9500),.UNSPECIFIED.,.F.,
  .F.,(2,2),(-84.2625,-45.5125),.PIECEWISE_BEZIER_KNOTS.);
#9499 = CARTESIAN_POINT('',(129.775,19.375));
#9500 = CARTESIAN_POINT('',(91.025,19.375));
#9501 = ( GEOMETRIC_REPRESENTATION_CONTEXT(2) 
PARAMETRIC_REPRESENTATION_CONTEXT() REPRESENTATION_CONTEXT('2D SPACE',''
  ) );
#9502 = ORIENTED_EDGE('',*,*,#9503,.T.);
#9503 = EDGE_CURVE('',#9483,#3352,#9504,.T.);
#9504 = SURFACE_CURVE('',#9505,(#9509,#9516),.PCURVE_S1.);
#9505 = LINE('',#9506,#9507);
#9506 = CARTESIAN_POINT('',(54.575,4.375,5.));
#9507 = VECTOR('',#9508,1.);
#9508 = DIRECTION('',(0.,0.,-1.));
#9509 = PCURVE('',#3368,#9510);
#9510 = DEFINITIONAL_REPRESENTATION('',(#9511),#9515);
#9511 = LINE('',#9512,#9513);
#9512 = CARTESIAN_POINT('',(38.75,-5.));
#9513 = VECTOR('',#9514,1.);
#9514 = DIRECTION('',(0.,1.));
#9515 = ( GEOMETRIC_REPRESENTATION_CONTEXT(2) 
PARAMETRIC_REPRESENTATION_CONTEXT() REPRESENTATION_CONTEXT('2D SPACE',''
  ) );
#9516 = PCURVE('',#3400,#9517);
#9517 = DEFINITIONAL_REPRESENTATION('',(#9518),#9522);
#9518 = LINE('',#9519,#9520);
#9519 = CARTESIAN_POINT('',(0.,-5.));
#9520 = VECTOR('',#9521,1.);
#9521 = DIRECTION('',(-0.,1.));
#9522 = ( GEOMETRIC_REPRESENTATION_CONTEXT(2) 
PARAMETRIC_REPRESENTATION_CONTEXT() REPRESENTATION_CONTEXT('2D SPACE',''
  ) );
#9523 = ORIENTED_EDGE('',*,*,#3351,.T.);
#9524 = ADVANCED_FACE('',(#9525),#3400,.F.);
#9525 = FACE_BOUND('',#9526,.F.);
#9526 = EDGE_LOOP('',(#9527,#9528,#9556,#9577));
#9527 = ORIENTED_EDGE('',*,*,#9503,.F.);
#9528 = ORIENTED_EDGE('',*,*,#9529,.T.);
#9529 = EDGE_CURVE('',#9483,#9530,#9532,.T.);
#9530 = VERTEX_POINT('',#9531);
#9531 = CARTESIAN_POINT('',(54.575,3.125,1.5));
#9532 = SURFACE_CURVE('',#9533,(#9538,#9545),.PCURVE_S1.);
#9533 = CIRCLE('',#9534,0.625);
#9534 = AXIS2_PLACEMENT_3D('',#9535,#9536,#9537);
#9535 = CARTESIAN_POINT('',(54.575,3.75,1.5));
#9536 = DIRECTION('',(0.,0.,-1.));
#9537 = DIRECTION('',(0.,1.,0.));
#9538 = PCURVE('',#3400,#9539);
#9539 = DEFINITIONAL_REPRESENTATION('',(#9540),#9544);
#9540 = LINE('',#9541,#9542);
#9541 = CARTESIAN_POINT('',(0.,-1.5));
#9542 = VECTOR('',#9543,1.);
#9543 = DIRECTION('',(1.,0.));
#9544 = ( GEOMETRIC_REPRESENTATION_CONTEXT(2) 
PARAMETRIC_REPRESENTATION_CONTEXT() REPRESENTATION_CONTEXT('2D SPACE',''
  ) );
#9545 = PCURVE('',#4456,#9546);
#9546 = DEFINITIONAL_REPRESENTATION('',(#9547),#9555);
#9547 = ( BOUNDED_CURVE() B_SPLINE_CURVE(2,(#9548,#9549,#9550,#9551,
#9552,#9553,#9554),.UNSPECIFIED.,.T.,.F.) B_SPLINE_CURVE_WITH_KNOTS((1,2
    ,2,2,2,1),(-2.094395102393,0.,2.094395102393,4.188790204786,
6.28318530718,8.377580409573),.UNSPECIFIED.) CURVE() 
GEOMETRIC_REPRESENTATION_ITEM() RATIONAL_B_SPLINE_CURVE((1.,0.5,1.,0.5,
1.,0.5,1.)) REPRESENTATION_ITEM('') );
#9548 = CARTESIAN_POINT('',(129.775,19.375));
#9549 = CARTESIAN_POINT('',(130.85753175473,19.375));
#9550 = CARTESIAN_POINT('',(130.31626587736,18.4375));
#9551 = CARTESIAN_POINT('',(129.775,17.5));
#9552 = CARTESIAN_POINT('',(129.23373412263,18.4375));
#9553 = CARTESIAN_POINT('',(128.69246824526,19.375));
#9554 = CARTESIAN_POINT('',(129.775,19.375));
#9555 = ( GEOMETRIC_REPRESENTATION_CONTEXT(2) 
PARAMETRIC_REPRESENTATION_CONTEXT() REPRESENTATION_CONTEXT('2D SPACE',''
  ) );
#9556 = ORIENTED_EDGE('',*,*,#9557,.T.);
#9557 = EDGE_CURVE('',#9530,#3380,#9558,.T.);
#9558 = SURFACE_CURVE('',#9559,(#9563,#9570),.PCURVE_S1.);
#9559 = LINE('',#9560,#9561);
#9560 = CARTESIAN_POINT('',(54.575,3.125,5.));
#9561 = VECTOR('',#9562,1.);
#9562 = DIRECTION('',(0.,0.,-1.));
#9563 = PCURVE('',#3400,#9564);
#9564 = DEFINITIONAL_REPRESENTATION('',(#9565),#9569);
#9565 = LINE('',#9566,#9567);
#9566 = CARTESIAN_POINT('',(3.14159265359,-5.));
#9567 = VECTOR('',#9568,1.);
#9568 = DIRECTION('',(-0.,1.));
#9569 = ( GEOMETRIC_REPRESENTATION_CONTEXT(2) 
PARAMETRIC_REPRESENTATION_CONTEXT() REPRESENTATION_CONTEXT('2D SPACE',''
  ) );
#9570 = PCURVE('',#3427,#9571);
#9571 = DEFINITIONAL_REPRESENTATION('',(#9572),#9576);
#9572 = LINE('',#9573,#9574);
#9573 = CARTESIAN_POINT('',(0.,-5.));
#9574 = VECTOR('',#9575,1.);
#9575 = DIRECTION('',(0.,1.));
#9576 = ( GEOMETRIC_REPRESENTATION_CONTEXT(2) 
PARAMETRIC_REPRESENTATION_CONTEXT() REPRESENTATION_CONTEXT('2D SPACE',''
  ) );
#9577 = ORIENTED_EDGE('',*,*,#3379,.F.);
#9578 = ADVANCED_FACE('',(#9579),#3457,.F.);
#9579 = FACE_BOUND('',#9580,.F.);
#9580 = EDGE_LOOP('',(#9581,#9604,#9630,#9631));
#9581 = ORIENTED_EDGE('',*,*,#9582,.T.);
#9582 = EDGE_CURVE('',#3413,#9583,#9585,.T.);
#9583 = VERTEX_POINT('',#9584);
#9584 = CARTESIAN_POINT('',(15.825,3.125,1.5));
#9585 = SURFACE_CURVE('',#9586,(#9590,#9597),.PCURVE_S1.);
#9586 = LINE('',#9587,#9588);
#9587 = CARTESIAN_POINT('',(15.825,3.125,-5.));
#9588 = VECTOR('',#9589,1.);
#9589 = DIRECTION('',(0.,0.,1.));
#9590 = PCURVE('',#3457,#9591);
#9591 = DEFINITIONAL_REPRESENTATION('',(#9592),#9596);
#9592 = LINE('',#9593,#9594);
#9593 = CARTESIAN_POINT('',(0.,5.));
#9594 = VECTOR('',#9595,1.);
#9595 = DIRECTION('',(0.,-1.));
#9596 = ( GEOMETRIC_REPRESENTATION_CONTEXT(2) 
PARAMETRIC_REPRESENTATION_CONTEXT() REPRESENTATION_CONTEXT('2D SPACE',''
  ) );
#9597 = PCURVE('',#3427,#9598);
#9598 = DEFINITIONAL_REPRESENTATION('',(#9599),#9603);
#9599 = LINE('',#9600,#9601);
#9600 = CARTESIAN_POINT('',(38.75,5.));
#9601 = VECTOR('',#9602,1.);
#9602 = DIRECTION('',(0.,-1.));
#9603 = ( GEOMETRIC_REPRESENTATION_CONTEXT(2) 
PARAMETRIC_REPRESENTATION_CONTEXT() REPRESENTATION_CONTEXT('2D SPACE',''
  ) );
#9604 = ORIENTED_EDGE('',*,*,#9605,.T.);
#9605 = EDGE_CURVE('',#9583,#9460,#9606,.T.);
#9606 = SURFACE_CURVE('',#9607,(#9612,#9619),.PCURVE_S1.);
#9607 = CIRCLE('',#9608,0.625);
#9608 = AXIS2_PLACEMENT_3D('',#9609,#9610,#9611);
#9609 = CARTESIAN_POINT('',(15.825,3.75,1.5));
#9610 = DIRECTION('',(0.,-0.,-1.));
#9611 = DIRECTION('',(0.,-1.,0.));
#9612 = PCURVE('',#3457,#9613);
#9613 = DEFINITIONAL_REPRESENTATION('',(#9614),#9618);
#9614 = LINE('',#9615,#9616);
#9615 = CARTESIAN_POINT('',(0.,-1.5));
#9616 = VECTOR('',#9617,1.);
#9617 = DIRECTION('',(1.,0.));
#9618 = ( GEOMETRIC_REPRESENTATION_CONTEXT(2) 
PARAMETRIC_REPRESENTATION_CONTEXT() REPRESENTATION_CONTEXT('2D SPACE',''
  ) );
#9619 = PCURVE('',#4456,#9620);
#9620 = DEFINITIONAL_REPRESENTATION('',(#9621),#9629);
#9621 = ( BOUNDED_CURVE() B_SPLINE_CURVE(2,(#9622,#9623,#9624,#9625,
#9626,#9627,#9628),.UNSPECIFIED.,.T.,.F.) B_SPLINE_CURVE_WITH_KNOTS((1,2
    ,2,2,2,1),(-2.094395102393,0.,2.094395102393,4.188790204786,
6.28318530718,8.377580409573),.UNSPECIFIED.) CURVE() 
GEOMETRIC_REPRESENTATION_ITEM() RATIONAL_B_SPLINE_CURVE((1.,0.5,1.,0.5,
1.,0.5,1.)) REPRESENTATION_ITEM('') );
#9622 = CARTESIAN_POINT('',(91.025,18.125));
#9623 = CARTESIAN_POINT('',(89.942468245269,18.125));
#9624 = CARTESIAN_POINT('',(90.483734122635,19.0625));
#9625 = CARTESIAN_POINT('',(91.025,20.));
#9626 = CARTESIAN_POINT('',(91.566265877365,19.0625));
#9627 = CARTESIAN_POINT('',(92.107531754731,18.125));
#9628 = CARTESIAN_POINT('',(91.025,18.125));
#9629 = ( GEOMETRIC_REPRESENTATION_CONTEXT(2) 
PARAMETRIC_REPRESENTATION_CONTEXT() REPRESENTATION_CONTEXT('2D SPACE',''
  ) );
#9630 = ORIENTED_EDGE('',*,*,#9459,.F.);
#9631 = ORIENTED_EDGE('',*,*,#3438,.F.);
#9632 = ADVANCED_FACE('',(#9633),#3427,.F.);
#9633 = FACE_BOUND('',#9634,.F.);
#9634 = EDGE_LOOP('',(#9635,#9636,#9655,#9656));
#9635 = ORIENTED_EDGE('',*,*,#9557,.F.);
#9636 = ORIENTED_EDGE('',*,*,#9637,.F.);
#9637 = EDGE_CURVE('',#9583,#9530,#9638,.T.);
#9638 = SURFACE_CURVE('',#9639,(#9643,#9649),.PCURVE_S1.);
#9639 = LINE('',#9640,#9641);
#9640 = CARTESIAN_POINT('',(-10.3125,3.125,1.5));
#9641 = VECTOR('',#9642,1.);
#9642 = DIRECTION('',(1.,0.,-0.));
#9643 = PCURVE('',#3427,#9644);
#9644 = DEFINITIONAL_REPRESENTATION('',(#9645),#9648);
#9645 = B_SPLINE_CURVE_WITH_KNOTS('',1,(#9646,#9647),.UNSPECIFIED.,.F.,
  .F.,(2,2),(26.1375,64.8875),.PIECEWISE_BEZIER_KNOTS.);
#9646 = CARTESIAN_POINT('',(38.75,-1.5));
#9647 = CARTESIAN_POINT('',(0.,-1.5));
#9648 = ( GEOMETRIC_REPRESENTATION_CONTEXT(2) 
PARAMETRIC_REPRESENTATION_CONTEXT() REPRESENTATION_CONTEXT('2D SPACE',''
  ) );
#9649 = PCURVE('',#4456,#9650);
#9650 = DEFINITIONAL_REPRESENTATION('',(#9651),#9654);
#9651 = B_SPLINE_CURVE_WITH_KNOTS('',1,(#9652,#9653),.UNSPECIFIED.,.F.,
  .F.,(2,2),(26.1375,64.8875),.PIECEWISE_BEZIER_KNOTS.);
#9652 = CARTESIAN_POINT('',(91.025,18.125));
#9653 = CARTESIAN_POINT('',(129.775,18.125));
#9654 = ( GEOMETRIC_REPRESENTATION_CONTEXT(2) 
PARAMETRIC_REPRESENTATION_CONTEXT() REPRESENTATION_CONTEXT('2D SPACE',''
  ) );
#9655 = ORIENTED_EDGE('',*,*,#9582,.F.);
#9656 = ORIENTED_EDGE('',*,*,#3412,.T.);
#9657 = ADVANCED_FACE('',(#9658),#3488,.F.);
#9658 = FACE_BOUND('',#9659,.F.);
#9659 = EDGE_LOOP('',(#9660,#9683,#9704,#9725));
#9660 = ORIENTED_EDGE('',*,*,#9661,.T.);
#9661 = EDGE_CURVE('',#3474,#9662,#9664,.T.);
#9662 = VERTEX_POINT('',#9663);
#9663 = CARTESIAN_POINT('',(15.825,8.125,1.5));
#9664 = SURFACE_CURVE('',#9665,(#9669,#9676),.PCURVE_S1.);
#9665 = LINE('',#9666,#9667);
#9666 = CARTESIAN_POINT('',(15.825,8.125,-5.));
#9667 = VECTOR('',#9668,1.);
#9668 = DIRECTION('',(0.,0.,1.));
#9669 = PCURVE('',#3488,#9670);
#9670 = DEFINITIONAL_REPRESENTATION('',(#9671),#9675);
#9671 = LINE('',#9672,#9673);
#9672 = CARTESIAN_POINT('',(0.,5.));
#9673 = VECTOR('',#9674,1.);
#9674 = DIRECTION('',(0.,-1.));
#9675 = ( GEOMETRIC_REPRESENTATION_CONTEXT(2) 
PARAMETRIC_REPRESENTATION_CONTEXT() REPRESENTATION_CONTEXT('2D SPACE',''
  ) );
#9676 = PCURVE('',#3577,#9677);
#9677 = DEFINITIONAL_REPRESENTATION('',(#9678),#9682);
#9678 = LINE('',#9679,#9680);
#9679 = CARTESIAN_POINT('',(3.14159265359,5.));
#9680 = VECTOR('',#9681,1.);
#9681 = DIRECTION('',(0.,-1.));
#9682 = ( GEOMETRIC_REPRESENTATION_CONTEXT(2) 
PARAMETRIC_REPRESENTATION_CONTEXT() REPRESENTATION_CONTEXT('2D SPACE',''
  ) );
#9683 = ORIENTED_EDGE('',*,*,#9684,.F.);
#9684 = EDGE_CURVE('',#9685,#9662,#9687,.T.);
#9685 = VERTEX_POINT('',#9686);
#9686 = CARTESIAN_POINT('',(54.575,8.125,1.5));
#9687 = SURFACE_CURVE('',#9688,(#9692,#9698),.PCURVE_S1.);
#9688 = LINE('',#9689,#9690);
#9689 = CARTESIAN_POINT('',(-29.6875,8.125,1.5));
#9690 = VECTOR('',#9691,1.);
#9691 = DIRECTION('',(-1.,0.,0.));
#9692 = PCURVE('',#3488,#9693);
#9693 = DEFINITIONAL_REPRESENTATION('',(#9694),#9697);
#9694 = B_SPLINE_CURVE_WITH_KNOTS('',1,(#9695,#9696),.UNSPECIFIED.,.F.,
  .F.,(2,2),(-84.2625,-45.5125),.PIECEWISE_BEZIER_KNOTS.);
#9695 = CARTESIAN_POINT('',(38.75,-1.5));
#9696 = CARTESIAN_POINT('',(0.,-1.5));
#9697 = ( GEOMETRIC_REPRESENTATION_CONTEXT(2) 
PARAMETRIC_REPRESENTATION_CONTEXT() REPRESENTATION_CONTEXT('2D SPACE',''
  ) );
#9698 = PCURVE('',#4456,#9699);
#9699 = DEFINITIONAL_REPRESENTATION('',(#9700),#9703);
#9700 = B_SPLINE_CURVE_WITH_KNOTS('',1,(#9701,#9702),.UNSPECIFIED.,.F.,
  .F.,(2,2),(-84.2625,-45.5125),.PIECEWISE_BEZIER_KNOTS.);
#9701 = CARTESIAN_POINT('',(129.775,23.125));
#9702 = CARTESIAN_POINT('',(91.025,23.125));
#9703 = ( GEOMETRIC_REPRESENTATION_CONTEXT(2) 
PARAMETRIC_REPRESENTATION_CONTEXT() REPRESENTATION_CONTEXT('2D SPACE',''
  ) );
#9704 = ORIENTED_EDGE('',*,*,#9705,.T.);
#9705 = EDGE_CURVE('',#9685,#3472,#9706,.T.);
#9706 = SURFACE_CURVE('',#9707,(#9711,#9718),.PCURVE_S1.);
#9707 = LINE('',#9708,#9709);
#9708 = CARTESIAN_POINT('',(54.575,8.125,5.));
#9709 = VECTOR('',#9710,1.);
#9710 = DIRECTION('',(0.,0.,-1.));
#9711 = PCURVE('',#3488,#9712);
#9712 = DEFINITIONAL_REPRESENTATION('',(#9713),#9717);
#9713 = LINE('',#9714,#9715);
#9714 = CARTESIAN_POINT('',(38.75,-5.));
#9715 = VECTOR('',#9716,1.);
#9716 = DIRECTION('',(0.,1.));
#9717 = ( GEOMETRIC_REPRESENTATION_CONTEXT(2) 
PARAMETRIC_REPRESENTATION_CONTEXT() REPRESENTATION_CONTEXT('2D SPACE',''
  ) );
#9718 = PCURVE('',#3520,#9719);
#9719 = DEFINITIONAL_REPRESENTATION('',(#9720),#9724);
#9720 = LINE('',#9721,#9722);
#9721 = CARTESIAN_POINT('',(0.,-5.));
#9722 = VECTOR('',#9723,1.);
#9723 = DIRECTION('',(-0.,1.));
#9724 = ( GEOMETRIC_REPRESENTATION_CONTEXT(2) 
PARAMETRIC_REPRESENTATION_CONTEXT() REPRESENTATION_CONTEXT('2D SPACE',''
  ) );
#9725 = ORIENTED_EDGE('',*,*,#3471,.T.);
#9726 = ADVANCED_FACE('',(#9727),#3520,.F.);
#9727 = FACE_BOUND('',#9728,.F.);
#9728 = EDGE_LOOP('',(#9729,#9730,#9758,#9779));
#9729 = ORIENTED_EDGE('',*,*,#9705,.F.);
#9730 = ORIENTED_EDGE('',*,*,#9731,.T.);
#9731 = EDGE_CURVE('',#9685,#9732,#9734,.T.);
#9732 = VERTEX_POINT('',#9733);
#9733 = CARTESIAN_POINT('',(54.575,6.875,1.5));
#9734 = SURFACE_CURVE('',#9735,(#9740,#9747),.PCURVE_S1.);
#9735 = CIRCLE('',#9736,0.625);
#9736 = AXIS2_PLACEMENT_3D('',#9737,#9738,#9739);
#9737 = CARTESIAN_POINT('',(54.575,7.5,1.5));
#9738 = DIRECTION('',(0.,0.,-1.));
#9739 = DIRECTION('',(0.,1.,0.));
#9740 = PCURVE('',#3520,#9741);
#9741 = DEFINITIONAL_REPRESENTATION('',(#9742),#9746);
#9742 = LINE('',#9743,#9744);
#9743 = CARTESIAN_POINT('',(0.,-1.5));
#9744 = VECTOR('',#9745,1.);
#9745 = DIRECTION('',(1.,0.));
#9746 = ( GEOMETRIC_REPRESENTATION_CONTEXT(2) 
PARAMETRIC_REPRESENTATION_CONTEXT() REPRESENTATION_CONTEXT('2D SPACE',''
  ) );
#9747 = PCURVE('',#4456,#9748);
#9748 = DEFINITIONAL_REPRESENTATION('',(#9749),#9757);
#9749 = ( BOUNDED_CURVE() B_SPLINE_CURVE(2,(#9750,#9751,#9752,#9753,
#9754,#9755,#9756),.UNSPECIFIED.,.T.,.F.) B_SPLINE_CURVE_WITH_KNOTS((1,2
    ,2,2,2,1),(-2.094395102393,0.,2.094395102393,4.188790204786,
6.28318530718,8.377580409573),.UNSPECIFIED.) CURVE() 
GEOMETRIC_REPRESENTATION_ITEM() RATIONAL_B_SPLINE_CURVE((1.,0.5,1.,0.5,
1.,0.5,1.)) REPRESENTATION_ITEM('') );
#9750 = CARTESIAN_POINT('',(129.775,23.125));
#9751 = CARTESIAN_POINT('',(130.85753175473,23.125));
#9752 = CARTESIAN_POINT('',(130.31626587736,22.1875));
#9753 = CARTESIAN_POINT('',(129.775,21.25));
#9754 = CARTESIAN_POINT('',(129.23373412263,22.1875));
#9755 = CARTESIAN_POINT('',(128.69246824526,23.125));
#9756 = CARTESIAN_POINT('',(129.775,23.125));
#9757 = ( GEOMETRIC_REPRESENTATION_CONTEXT(2) 
PARAMETRIC_REPRESENTATION_CONTEXT() REPRESENTATION_CONTEXT('2D SPACE',''
  ) );
#9758 = ORIENTED_EDGE('',*,*,#9759,.T.);
#9759 = EDGE_CURVE('',#9732,#3500,#9760,.T.);
#9760 = SURFACE_CURVE('',#9761,(#9765,#9772),.PCURVE_S1.);
#9761 = LINE('',#9762,#9763);
#9762 = CARTESIAN_POINT('',(54.575,6.875,5.));
#9763 = VECTOR('',#9764,1.);
#9764 = DIRECTION('',(0.,0.,-1.));
#9765 = PCURVE('',#3520,#9766);
#9766 = DEFINITIONAL_REPRESENTATION('',(#9767),#9771);
#9767 = LINE('',#9768,#9769);
#9768 = CARTESIAN_POINT('',(3.14159265359,-5.));
#9769 = VECTOR('',#9770,1.);
#9770 = DIRECTION('',(-0.,1.));
#9771 = ( GEOMETRIC_REPRESENTATION_CONTEXT(2) 
PARAMETRIC_REPRESENTATION_CONTEXT() REPRESENTATION_CONTEXT('2D SPACE',''
  ) );
#9772 = PCURVE('',#3547,#9773);
#9773 = DEFINITIONAL_REPRESENTATION('',(#9774),#9778);
#9774 = LINE('',#9775,#9776);
#9775 = CARTESIAN_POINT('',(0.,-5.));
#9776 = VECTOR('',#9777,1.);
#9777 = DIRECTION('',(0.,1.));
#9778 = ( GEOMETRIC_REPRESENTATION_CONTEXT(2) 
PARAMETRIC_REPRESENTATION_CONTEXT() REPRESENTATION_CONTEXT('2D SPACE',''
  ) );
#9779 = ORIENTED_EDGE('',*,*,#3499,.F.);
#9780 = ADVANCED_FACE('',(#9781),#3577,.F.);
#9781 = FACE_BOUND('',#9782,.F.);
#9782 = EDGE_LOOP('',(#9783,#9806,#9832,#9833));
#9783 = ORIENTED_EDGE('',*,*,#9784,.T.);
#9784 = EDGE_CURVE('',#3533,#9785,#9787,.T.);
#9785 = VERTEX_POINT('',#9786);
#9786 = CARTESIAN_POINT('',(15.825,6.875,1.5));
#9787 = SURFACE_CURVE('',#9788,(#9792,#9799),.PCURVE_S1.);
#9788 = LINE('',#9789,#9790);
#9789 = CARTESIAN_POINT('',(15.825,6.875,-5.));
#9790 = VECTOR('',#9791,1.);
#9791 = DIRECTION('',(0.,0.,1.));
#9792 = PCURVE('',#3577,#9793);
#9793 = DEFINITIONAL_REPRESENTATION('',(#9794),#9798);
#9794 = LINE('',#9795,#9796);
#9795 = CARTESIAN_POINT('',(0.,5.));
#9796 = VECTOR('',#9797,1.);
#9797 = DIRECTION('',(0.,-1.));
#9798 = ( GEOMETRIC_REPRESENTATION_CONTEXT(2) 
PARAMETRIC_REPRESENTATION_CONTEXT() REPRESENTATION_CONTEXT('2D SPACE',''
  ) );
#9799 = PCURVE('',#3547,#9800);
#9800 = DEFINITIONAL_REPRESENTATION('',(#9801),#9805);
#9801 = LINE('',#9802,#9803);
#9802 = CARTESIAN_POINT('',(38.75,5.));
#9803 = VECTOR('',#9804,1.);
#9804 = DIRECTION('',(0.,-1.));
#9805 = ( GEOMETRIC_REPRESENTATION_CONTEXT(2) 
PARAMETRIC_REPRESENTATION_CONTEXT() REPRESENTATION_CONTEXT('2D SPACE',''
  ) );
#9806 = ORIENTED_EDGE('',*,*,#9807,.T.);
#9807 = EDGE_CURVE('',#9785,#9662,#9808,.T.);
#9808 = SURFACE_CURVE('',#9809,(#9814,#9821),.PCURVE_S1.);
#9809 = CIRCLE('',#9810,0.625);
#9810 = AXIS2_PLACEMENT_3D('',#9811,#9812,#9813);
#9811 = CARTESIAN_POINT('',(15.825,7.5,1.5));
#9812 = DIRECTION('',(0.,-0.,-1.));
#9813 = DIRECTION('',(0.,-1.,0.));
#9814 = PCURVE('',#3577,#9815);
#9815 = DEFINITIONAL_REPRESENTATION('',(#9816),#9820);
#9816 = LINE('',#9817,#9818);
#9817 = CARTESIAN_POINT('',(0.,-1.5));
#9818 = VECTOR('',#9819,1.);
#9819 = DIRECTION('',(1.,0.));
#9820 = ( GEOMETRIC_REPRESENTATION_CONTEXT(2) 
PARAMETRIC_REPRESENTATION_CONTEXT() REPRESENTATION_CONTEXT('2D SPACE',''
  ) );
#9821 = PCURVE('',#4456,#9822);
#9822 = DEFINITIONAL_REPRESENTATION('',(#9823),#9831);
#9823 = ( BOUNDED_CURVE() B_SPLINE_CURVE(2,(#9824,#9825,#9826,#9827,
#9828,#9829,#9830),.UNSPECIFIED.,.T.,.F.) B_SPLINE_CURVE_WITH_KNOTS((1,2
    ,2,2,2,1),(-2.094395102393,0.,2.094395102393,4.188790204786,
6.28318530718,8.377580409573),.UNSPECIFIED.) CURVE() 
GEOMETRIC_REPRESENTATION_ITEM() RATIONAL_B_SPLINE_CURVE((1.,0.5,1.,0.5,
1.,0.5,1.)) REPRESENTATION_ITEM('') );
#9824 = CARTESIAN_POINT('',(91.025,21.875));
#9825 = CARTESIAN_POINT('',(89.942468245269,21.875));
#9826 = CARTESIAN_POINT('',(90.483734122635,22.8125));
#9827 = CARTESIAN_POINT('',(91.025,23.75));
#9828 = CARTESIAN_POINT('',(91.566265877365,22.8125));
#9829 = CARTESIAN_POINT('',(92.107531754731,21.875));
#9830 = CARTESIAN_POINT('',(91.025,21.875));
#9831 = ( GEOMETRIC_REPRESENTATION_CONTEXT(2) 
PARAMETRIC_REPRESENTATION_CONTEXT() REPRESENTATION_CONTEXT('2D SPACE',''
  ) );
#9832 = ORIENTED_EDGE('',*,*,#9661,.F.);
#9833 = ORIENTED_EDGE('',*,*,#3558,.F.);
#9834 = ADVANCED_FACE('',(#9835),#3547,.F.);
#9835 = FACE_BOUND('',#9836,.F.);
#9836 = EDGE_LOOP('',(#9837,#9838,#9857,#9858));
#9837 = ORIENTED_EDGE('',*,*,#9759,.F.);
#9838 = ORIENTED_EDGE('',*,*,#9839,.F.);
#9839 = EDGE_CURVE('',#9785,#9732,#9840,.T.);
#9840 = SURFACE_CURVE('',#9841,(#9845,#9851),.PCURVE_S1.);
#9841 = LINE('',#9842,#9843);
#9842 = CARTESIAN_POINT('',(-10.3125,6.875,1.5));
#9843 = VECTOR('',#9844,1.);
#9844 = DIRECTION('',(1.,0.,-0.));
#9845 = PCURVE('',#3547,#9846);
#9846 = DEFINITIONAL_REPRESENTATION('',(#9847),#9850);
#9847 = B_SPLINE_CURVE_WITH_KNOTS('',1,(#9848,#9849),.UNSPECIFIED.,.F.,
  .F.,(2,2),(26.1375,64.8875),.PIECEWISE_BEZIER_KNOTS.);
#9848 = CARTESIAN_POINT('',(38.75,-1.5));
#9849 = CARTESIAN_POINT('',(0.,-1.5));
#9850 = ( GEOMETRIC_REPRESENTATION_CONTEXT(2) 
PARAMETRIC_REPRESENTATION_CONTEXT() REPRESENTATION_CONTEXT('2D SPACE',''
  ) );
#9851 = PCURVE('',#4456,#9852);
#9852 = DEFINITIONAL_REPRESENTATION('',(#9853),#9856);
#9853 = B_SPLINE_CURVE_WITH_KNOTS('',1,(#9854,#9855),.UNSPECIFIED.,.F.,
  .F.,(2,2),(26.1375,64.8875),.PIECEWISE_BEZIER_KNOTS.);
#9854 = CARTESIAN_POINT('',(91.025,21.875));
#9855 = CARTESIAN_POINT('',(129.775,21.875));
#9856 = ( GEOMETRIC_REPRESENTATION_CONTEXT(2) 
PARAMETRIC_REPRESENTATION_CONTEXT() REPRESENTATION_CONTEXT('2D SPACE',''
  ) );
#9857 = ORIENTED_EDGE('',*,*,#9784,.F.);
#9858 = ORIENTED_EDGE('',*,*,#3532,.T.);
#9859 = ADVANCED_FACE('',(#9860),#3608,.F.);
#9860 = FACE_BOUND('',#9861,.F.);
#9861 = EDGE_LOOP('',(#9862,#9885,#9906,#9927));
#9862 = ORIENTED_EDGE('',*,*,#9863,.T.);
#9863 = EDGE_CURVE('',#3594,#9864,#9866,.T.);
#9864 = VERTEX_POINT('',#9865);
#9865 = CARTESIAN_POINT('',(15.825,11.875,1.5));
#9866 = SURFACE_CURVE('',#9867,(#9871,#9878),.PCURVE_S1.);
#9867 = LINE('',#9868,#9869);
#9868 = CARTESIAN_POINT('',(15.825,11.875,-5.));
#9869 = VECTOR('',#9870,1.);
#9870 = DIRECTION('',(0.,0.,1.));
#9871 = PCURVE('',#3608,#9872);
#9872 = DEFINITIONAL_REPRESENTATION('',(#9873),#9877);
#9873 = LINE('',#9874,#9875);
#9874 = CARTESIAN_POINT('',(0.,5.));
#9875 = VECTOR('',#9876,1.);
#9876 = DIRECTION('',(0.,-1.));
#9877 = ( GEOMETRIC_REPRESENTATION_CONTEXT(2) 
PARAMETRIC_REPRESENTATION_CONTEXT() REPRESENTATION_CONTEXT('2D SPACE',''
  ) );
#9878 = PCURVE('',#3697,#9879);
#9879 = DEFINITIONAL_REPRESENTATION('',(#9880),#9884);
#9880 = LINE('',#9881,#9882);
#9881 = CARTESIAN_POINT('',(3.14159265359,5.));
#9882 = VECTOR('',#9883,1.);
#9883 = DIRECTION('',(0.,-1.));
#9884 = ( GEOMETRIC_REPRESENTATION_CONTEXT(2) 
PARAMETRIC_REPRESENTATION_CONTEXT() REPRESENTATION_CONTEXT('2D SPACE',''
  ) );
#9885 = ORIENTED_EDGE('',*,*,#9886,.F.);
#9886 = EDGE_CURVE('',#9887,#9864,#9889,.T.);
#9887 = VERTEX_POINT('',#9888);
#9888 = CARTESIAN_POINT('',(54.575,11.875,1.5));
#9889 = SURFACE_CURVE('',#9890,(#9894,#9900),.PCURVE_S1.);
#9890 = LINE('',#9891,#9892);
#9891 = CARTESIAN_POINT('',(-29.6875,11.875,1.5));
#9892 = VECTOR('',#9893,1.);
#9893 = DIRECTION('',(-1.,0.,0.));
#9894 = PCURVE('',#3608,#9895);
#9895 = DEFINITIONAL_REPRESENTATION('',(#9896),#9899);
#9896 = B_SPLINE_CURVE_WITH_KNOTS('',1,(#9897,#9898),.UNSPECIFIED.,.F.,
  .F.,(2,2),(-84.2625,-45.5125),.PIECEWISE_BEZIER_KNOTS.);
#9897 = CARTESIAN_POINT('',(38.75,-1.5));
#9898 = CARTESIAN_POINT('',(0.,-1.5));
#9899 = ( GEOMETRIC_REPRESENTATION_CONTEXT(2) 
PARAMETRIC_REPRESENTATION_CONTEXT() REPRESENTATION_CONTEXT('2D SPACE',''
  ) );
#9900 = PCURVE('',#4456,#9901);
#9901 = DEFINITIONAL_REPRESENTATION('',(#9902),#9905);
#9902 = B_SPLINE_CURVE_WITH_KNOTS('',1,(#9903,#9904),.UNSPECIFIED.,.F.,
  .F.,(2,2),(-84.2625,-45.5125),.PIECEWISE_BEZIER_KNOTS.);
#9903 = CARTESIAN_POINT('',(129.775,26.875));
#9904 = CARTESIAN_POINT('',(91.025,26.875));
#9905 = ( GEOMETRIC_REPRESENTATION_CONTEXT(2) 
PARAMETRIC_REPRESENTATION_CONTEXT() REPRESENTATION_CONTEXT('2D SPACE',''
  ) );
#9906 = ORIENTED_EDGE('',*,*,#9907,.T.);
#9907 = EDGE_CURVE('',#9887,#3592,#9908,.T.);
#9908 = SURFACE_CURVE('',#9909,(#9913,#9920),.PCURVE_S1.);
#9909 = LINE('',#9910,#9911);
#9910 = CARTESIAN_POINT('',(54.575,11.875,5.));
#9911 = VECTOR('',#9912,1.);
#9912 = DIRECTION('',(0.,0.,-1.));
#9913 = PCURVE('',#3608,#9914);
#9914 = DEFINITIONAL_REPRESENTATION('',(#9915),#9919);
#9915 = LINE('',#9916,#9917);
#9916 = CARTESIAN_POINT('',(38.75,-5.));
#9917 = VECTOR('',#9918,1.);
#9918 = DIRECTION('',(0.,1.));
#9919 = ( GEOMETRIC_REPRESENTATION_CONTEXT(2) 
PARAMETRIC_REPRESENTATION_CONTEXT() REPRESENTATION_CONTEXT('2D SPACE',''
  ) );
#9920 = PCURVE('',#3640,#9921);
#9921 = DEFINITIONAL_REPRESENTATION('',(#9922),#9926);
#9922 = LINE('',#9923,#9924);
#9923 = CARTESIAN_POINT('',(0.,-5.));
#9924 = VECTOR('',#9925,1.);
#9925 = DIRECTION('',(-0.,1.));
#9926 = ( GEOMETRIC_REPRESENTATION_CONTEXT(2) 
PARAMETRIC_REPRESENTATION_CONTEXT() REPRESENTATION_CONTEXT('2D SPACE',''
  ) );
#9927 = ORIENTED_EDGE('',*,*,#3591,.T.);
#9928 = ADVANCED_FACE('',(#9929),#3640,.F.);
#9929 = FACE_BOUND('',#9930,.F.);
#9930 = EDGE_LOOP('',(#9931,#9932,#9960,#9981));
#9931 = ORIENTED_EDGE('',*,*,#9907,.F.);
#9932 = ORIENTED_EDGE('',*,*,#9933,.T.);
#9933 = EDGE_CURVE('',#9887,#9934,#9936,.T.);
#9934 = VERTEX_POINT('',#9935);
#9935 = CARTESIAN_POINT('',(54.575,10.625,1.5));
#9936 = SURFACE_CURVE('',#9937,(#9942,#9949),.PCURVE_S1.);
#9937 = CIRCLE('',#9938,0.625);
#9938 = AXIS2_PLACEMENT_3D('',#9939,#9940,#9941);
#9939 = CARTESIAN_POINT('',(54.575,11.25,1.5));
#9940 = DIRECTION('',(0.,0.,-1.));
#9941 = DIRECTION('',(0.,1.,0.));
#9942 = PCURVE('',#3640,#9943);
#9943 = DEFINITIONAL_REPRESENTATION('',(#9944),#9948);
#9944 = LINE('',#9945,#9946);
#9945 = CARTESIAN_POINT('',(0.,-1.5));
#9946 = VECTOR('',#9947,1.);
#9947 = DIRECTION('',(1.,0.));
#9948 = ( GEOMETRIC_REPRESENTATION_CONTEXT(2) 
PARAMETRIC_REPRESENTATION_CONTEXT() REPRESENTATION_CONTEXT('2D SPACE',''
  ) );
#9949 = PCURVE('',#4456,#9950);
#9950 = DEFINITIONAL_REPRESENTATION('',(#9951),#9959);
#9951 = ( BOUNDED_CURVE() B_SPLINE_CURVE(2,(#9952,#9953,#9954,#9955,
#9956,#9957,#9958),.UNSPECIFIED.,.T.,.F.) B_SPLINE_CURVE_WITH_KNOTS((1,2
    ,2,2,2,1),(-2.094395102393,0.,2.094395102393,4.188790204786,
6.28318530718,8.377580409573),.UNSPECIFIED.) CURVE() 
GEOMETRIC_REPRESENTATION_ITEM() RATIONAL_B_SPLINE_CURVE((1.,0.5,1.,0.5,
1.,0.5,1.)) REPRESENTATION_ITEM('') );
#9952 = CARTESIAN_POINT('',(129.775,26.875));
#9953 = CARTESIAN_POINT('',(130.85753175473,26.875));
#9954 = CARTESIAN_POINT('',(130.31626587736,25.9375));
#9955 = CARTESIAN_POINT('',(129.775,25.));
#9956 = CARTESIAN_POINT('',(129.23373412263,25.9375));
#9957 = CARTESIAN_POINT('',(128.69246824526,26.875));
#9958 = CARTESIAN_POINT('',(129.775,26.875));
#9959 = ( GEOMETRIC_REPRESENTATION_CONTEXT(2) 
PARAMETRIC_REPRESENTATION_CONTEXT() REPRESENTATION_CONTEXT('2D SPACE',''
  ) );
#9960 = ORIENTED_EDGE('',*,*,#9961,.T.);
#9961 = EDGE_CURVE('',#9934,#3620,#9962,.T.);
#9962 = SURFACE_CURVE('',#9963,(#9967,#9974),.PCURVE_S1.);
#9963 = LINE('',#9964,#9965);
#9964 = CARTESIAN_POINT('',(54.575,10.625,5.));
#9965 = VECTOR('',#9966,1.);
#9966 = DIRECTION('',(0.,0.,-1.));
#9967 = PCURVE('',#3640,#9968);
#9968 = DEFINITIONAL_REPRESENTATION('',(#9969),#9973);
#9969 = LINE('',#9970,#9971);
#9970 = CARTESIAN_POINT('',(3.14159265359,-5.));
#9971 = VECTOR('',#9972,1.);
#9972 = DIRECTION('',(-0.,1.));
#9973 = ( GEOMETRIC_REPRESENTATION_CONTEXT(2) 
PARAMETRIC_REPRESENTATION_CONTEXT() REPRESENTATION_CONTEXT('2D SPACE',''
  ) );
#9974 = PCURVE('',#3667,#9975);
#9975 = DEFINITIONAL_REPRESENTATION('',(#9976),#9980);
#9976 = LINE('',#9977,#9978);
#9977 = CARTESIAN_POINT('',(0.,-5.));
#9978 = VECTOR('',#9979,1.);
#9979 = DIRECTION('',(0.,1.));
#9980 = ( GEOMETRIC_REPRESENTATION_CONTEXT(2) 
PARAMETRIC_REPRESENTATION_CONTEXT() REPRESENTATION_CONTEXT('2D SPACE',''
  ) );
#9981 = ORIENTED_EDGE('',*,*,#3619,.F.);
#9982 = ADVANCED_FACE('',(#9983),#3697,.F.);
#9983 = FACE_BOUND('',#9984,.F.);
#9984 = EDGE_LOOP('',(#9985,#10008,#10034,#10035));
#9985 = ORIENTED_EDGE('',*,*,#9986,.T.);
#9986 = EDGE_CURVE('',#3653,#9987,#9989,.T.);
#9987 = VERTEX_POINT('',#9988);
#9988 = CARTESIAN_POINT('',(15.825,10.625,1.5));
#9989 = SURFACE_CURVE('',#9990,(#9994,#10001),.PCURVE_S1.);
#9990 = LINE('',#9991,#9992);
#9991 = CARTESIAN_POINT('',(15.825,10.625,-5.));
#9992 = VECTOR('',#9993,1.);
#9993 = DIRECTION('',(0.,0.,1.));
#9994 = PCURVE('',#3697,#9995);
#9995 = DEFINITIONAL_REPRESENTATION('',(#9996),#10000);
#9996 = LINE('',#9997,#9998);
#9997 = CARTESIAN_POINT('',(0.,5.));
#9998 = VECTOR('',#9999,1.);
#9999 = DIRECTION('',(0.,-1.));
#10000 = ( GEOMETRIC_REPRESENTATION_CONTEXT(2) 
PARAMETRIC_REPRESENTATION_CONTEXT() REPRESENTATION_CONTEXT('2D SPACE',''
  ) );
#10001 = PCURVE('',#3667,#10002);
#10002 = DEFINITIONAL_REPRESENTATION('',(#10003),#10007);
#10003 = LINE('',#10004,#10005);
#10004 = CARTESIAN_POINT('',(38.75,5.));
#10005 = VECTOR('',#10006,1.);
#10006 = DIRECTION('',(0.,-1.));
#10007 = ( GEOMETRIC_REPRESENTATION_CONTEXT(2) 
PARAMETRIC_REPRESENTATION_CONTEXT() REPRESENTATION_CONTEXT('2D SPACE',''
  ) );
#10008 = ORIENTED_EDGE('',*,*,#10009,.T.);
#10009 = EDGE_CURVE('',#9987,#9864,#10010,.T.);
#10010 = SURFACE_CURVE('',#10011,(#10016,#10023),.PCURVE_S1.);
#10011 = CIRCLE('',#10012,0.625);
#10012 = AXIS2_PLACEMENT_3D('',#10013,#10014,#10015);
#10013 = CARTESIAN_POINT('',(15.825,11.25,1.5));
#10014 = DIRECTION('',(0.,-0.,-1.));
#10015 = DIRECTION('',(0.,-1.,0.));
#10016 = PCURVE('',#3697,#10017);
#10017 = DEFINITIONAL_REPRESENTATION('',(#10018),#10022);
#10018 = LINE('',#10019,#10020);
#10019 = CARTESIAN_POINT('',(0.,-1.5));
#10020 = VECTOR('',#10021,1.);
#10021 = DIRECTION('',(1.,0.));
#10022 = ( GEOMETRIC_REPRESENTATION_CONTEXT(2) 
PARAMETRIC_REPRESENTATION_CONTEXT() REPRESENTATION_CONTEXT('2D SPACE',''
  ) );
#10023 = PCURVE('',#4456,#10024);
#10024 = DEFINITIONAL_REPRESENTATION('',(#10025),#10033);
#10025 = ( BOUNDED_CURVE() B_SPLINE_CURVE(2,(#10026,#10027,#10028,#10029
    ,#10030,#10031,#10032),.UNSPECIFIED.,.T.,.F.) 
B_SPLINE_CURVE_WITH_KNOTS((1,2,2,2,2,1),(-2.094395102393,0.,
    2.094395102393,4.188790204786,6.28318530718,8.377580409573),
.UNSPECIFIED.) CURVE() GEOMETRIC_REPRESENTATION_ITEM() 
RATIONAL_B_SPLINE_CURVE((1.,0.5,1.,0.5,1.,0.5,1.)) REPRESENTATION_ITEM(
  '') );
#10026 = CARTESIAN_POINT('',(91.025,25.625));
#10027 = CARTESIAN_POINT('',(89.942468245269,25.625));
#10028 = CARTESIAN_POINT('',(90.483734122635,26.5625));
#10029 = CARTESIAN_POINT('',(91.025,27.5));
#10030 = CARTESIAN_POINT('',(91.566265877365,26.5625));
#10031 = CARTESIAN_POINT('',(92.107531754731,25.625));
#10032 = CARTESIAN_POINT('',(91.025,25.625));
#10033 = ( GEOMETRIC_REPRESENTATION_CONTEXT(2) 
PARAMETRIC_REPRESENTATION_CONTEXT() REPRESENTATION_CONTEXT('2D SPACE',''
  ) );
#10034 = ORIENTED_EDGE('',*,*,#9863,.F.);
#10035 = ORIENTED_EDGE('',*,*,#3678,.F.);
#10036 = ADVANCED_FACE('',(#10037),#3667,.F.);
#10037 = FACE_BOUND('',#10038,.F.);
#10038 = EDGE_LOOP('',(#10039,#10040,#10059,#10060));
#10039 = ORIENTED_EDGE('',*,*,#9961,.F.);
#10040 = ORIENTED_EDGE('',*,*,#10041,.F.);
#10041 = EDGE_CURVE('',#9987,#9934,#10042,.T.);
#10042 = SURFACE_CURVE('',#10043,(#10047,#10053),.PCURVE_S1.);
#10043 = LINE('',#10044,#10045);
#10044 = CARTESIAN_POINT('',(-10.3125,10.625,1.5));
#10045 = VECTOR('',#10046,1.);
#10046 = DIRECTION('',(1.,0.,-0.));
#10047 = PCURVE('',#3667,#10048);
#10048 = DEFINITIONAL_REPRESENTATION('',(#10049),#10052);
#10049 = B_SPLINE_CURVE_WITH_KNOTS('',1,(#10050,#10051),.UNSPECIFIED.,
  .F.,.F.,(2,2),(26.1375,64.8875),.PIECEWISE_BEZIER_KNOTS.);
#10050 = CARTESIAN_POINT('',(38.75,-1.5));
#10051 = CARTESIAN_POINT('',(0.,-1.5));
#10052 = ( GEOMETRIC_REPRESENTATION_CONTEXT(2) 
PARAMETRIC_REPRESENTATION_CONTEXT() REPRESENTATION_CONTEXT('2D SPACE',''
  ) );
#10053 = PCURVE('',#4456,#10054);
#10054 = DEFINITIONAL_REPRESENTATION('',(#10055),#10058);
#10055 = B_SPLINE_CURVE_WITH_KNOTS('',1,(#10056,#10057),.UNSPECIFIED.,
  .F.,.F.,(2,2),(26.1375,64.8875),.PIECEWISE_BEZIER_KNOTS.);
#10056 = CARTESIAN_POINT('',(91.025,25.625));
#10057 = CARTESIAN_POINT('',(129.775,25.625));
#10058 = ( GEOMETRIC_REPRESENTATION_CONTEXT(2) 
PARAMETRIC_REPRESENTATION_CONTEXT() REPRESENTATION_CONTEXT('2D SPACE',''
  ) );
#10059 = ORIENTED_EDGE('',*,*,#9986,.F.);
#10060 = ORIENTED_EDGE('',*,*,#3652,.T.);
#10061 = ADVANCED_FACE('',(#10062),#3728,.F.);
#10062 = FACE_BOUND('',#10063,.F.);
#10063 = EDGE_LOOP('',(#10064,#10087,#10108,#10129));
#10064 = ORIENTED_EDGE('',*,*,#10065,.T.);
#10065 = EDGE_CURVE('',#3714,#10066,#10068,.T.);
#10066 = VERTEX_POINT('',#10067);
#10067 = CARTESIAN_POINT('',(-0.625,15.825,1.5));
#10068 = SURFACE_CURVE('',#10069,(#10073,#10080),.PCURVE_S1.);
#10069 = LINE('',#10070,#10071);
#10070 = CARTESIAN_POINT('',(-0.625,15.825,-5.));
#10071 = VECTOR('',#10072,1.);
#10072 = DIRECTION('',(0.,0.,1.));
#10073 = PCURVE('',#3728,#10074);
#10074 = DEFINITIONAL_REPRESENTATION('',(#10075),#10079);
#10075 = LINE('',#10076,#10077);
#10076 = CARTESIAN_POINT('',(0.,5.));
#10077 = VECTOR('',#10078,1.);
#10078 = DIRECTION('',(0.,-1.));
#10079 = ( GEOMETRIC_REPRESENTATION_CONTEXT(2) 
PARAMETRIC_REPRESENTATION_CONTEXT() REPRESENTATION_CONTEXT('2D SPACE',''
  ) );
#10080 = PCURVE('',#3817,#10081);
#10081 = DEFINITIONAL_REPRESENTATION('',(#10082),#10086);
#10082 = LINE('',#10083,#10084);
#10083 = CARTESIAN_POINT('',(3.14159265359,5.));
#10084 = VECTOR('',#10085,1.);
#10085 = DIRECTION('',(0.,-1.));
#10086 = ( GEOMETRIC_REPRESENTATION_CONTEXT(2) 
PARAMETRIC_REPRESENTATION_CONTEXT() REPRESENTATION_CONTEXT('2D SPACE',''
  ) );
#10087 = ORIENTED_EDGE('',*,*,#10088,.F.);
#10088 = EDGE_CURVE('',#10089,#10066,#10091,.T.);
#10089 = VERTEX_POINT('',#10090);
#10090 = CARTESIAN_POINT('',(-0.625,54.575,1.5));
#10091 = SURFACE_CURVE('',#10092,(#10096,#10102),.PCURVE_S1.);
#10092 = LINE('',#10093,#10094);
#10093 = CARTESIAN_POINT('',(-0.625,0.4125,1.5));
#10094 = VECTOR('',#10095,1.);
#10095 = DIRECTION('',(-1.110223024625E-16,-1.,0.));
#10096 = PCURVE('',#3728,#10097);
#10097 = DEFINITIONAL_REPRESENTATION('',(#10098),#10101);
#10098 = B_SPLINE_CURVE_WITH_KNOTS('',1,(#10099,#10100),.UNSPECIFIED.,
  .F.,.F.,(2,2),(-54.1625,-15.4125),.PIECEWISE_BEZIER_KNOTS.);
#10099 = CARTESIAN_POINT('',(38.75,-1.5));
#10100 = CARTESIAN_POINT('',(0.,-1.5));
#10101 = ( GEOMETRIC_REPRESENTATION_CONTEXT(2) 
PARAMETRIC_REPRESENTATION_CONTEXT() REPRESENTATION_CONTEXT('2D SPACE',''
  ) );
#10102 = PCURVE('',#4456,#10103);
#10103 = DEFINITIONAL_REPRESENTATION('',(#10104),#10107);
#10104 = B_SPLINE_CURVE_WITH_KNOTS('',1,(#10105,#10106),.UNSPECIFIED.,
  .F.,.F.,(2,2),(-54.1625,-15.4125),.PIECEWISE_BEZIER_KNOTS.);
#10105 = CARTESIAN_POINT('',(74.575,69.575));
#10106 = CARTESIAN_POINT('',(74.575,30.825));
#10107 = ( GEOMETRIC_REPRESENTATION_CONTEXT(2) 
PARAMETRIC_REPRESENTATION_CONTEXT() REPRESENTATION_CONTEXT('2D SPACE',''
  ) );
#10108 = ORIENTED_EDGE('',*,*,#10109,.T.);
#10109 = EDGE_CURVE('',#10089,#3712,#10110,.T.);
#10110 = SURFACE_CURVE('',#10111,(#10115,#10122),.PCURVE_S1.);
#10111 = LINE('',#10112,#10113);
#10112 = CARTESIAN_POINT('',(-0.625,54.575,5.));
#10113 = VECTOR('',#10114,1.);
#10114 = DIRECTION('',(0.,0.,-1.));
#10115 = PCURVE('',#3728,#10116);
#10116 = DEFINITIONAL_REPRESENTATION('',(#10117),#10121);
#10117 = LINE('',#10118,#10119);
#10118 = CARTESIAN_POINT('',(38.75,-5.));
#10119 = VECTOR('',#10120,1.);
#10120 = DIRECTION('',(0.,1.));
#10121 = ( GEOMETRIC_REPRESENTATION_CONTEXT(2) 
PARAMETRIC_REPRESENTATION_CONTEXT() REPRESENTATION_CONTEXT('2D SPACE',''
  ) );
#10122 = PCURVE('',#3760,#10123);
#10123 = DEFINITIONAL_REPRESENTATION('',(#10124),#10128);
#10124 = LINE('',#10125,#10126);
#10125 = CARTESIAN_POINT('',(0.,-5.));
#10126 = VECTOR('',#10127,1.);
#10127 = DIRECTION('',(-0.,1.));
#10128 = ( GEOMETRIC_REPRESENTATION_CONTEXT(2) 
PARAMETRIC_REPRESENTATION_CONTEXT() REPRESENTATION_CONTEXT('2D SPACE',''
  ) );
#10129 = ORIENTED_EDGE('',*,*,#3711,.T.);
#10130 = ADVANCED_FACE('',(#10131),#3760,.F.);
#10131 = FACE_BOUND('',#10132,.F.);
#10132 = EDGE_LOOP('',(#10133,#10134,#10162,#10183));
#10133 = ORIENTED_EDGE('',*,*,#10109,.F.);
#10134 = ORIENTED_EDGE('',*,*,#10135,.T.);
#10135 = EDGE_CURVE('',#10089,#10136,#10138,.T.);
#10136 = VERTEX_POINT('',#10137);
#10137 = CARTESIAN_POINT('',(0.625,54.575,1.5));
#10138 = SURFACE_CURVE('',#10139,(#10144,#10151),.PCURVE_S1.);
#10139 = CIRCLE('',#10140,0.625);
#10140 = AXIS2_PLACEMENT_3D('',#10141,#10142,#10143);
#10141 = CARTESIAN_POINT('',(2.206568261442E-15,54.575,1.5));
#10142 = DIRECTION('',(0.,0.,-1.));
#10143 = DIRECTION('',(-1.,1.110223024625E-16,0.));
#10144 = PCURVE('',#3760,#10145);
#10145 = DEFINITIONAL_REPRESENTATION('',(#10146),#10150);
#10146 = LINE('',#10147,#10148);
#10147 = CARTESIAN_POINT('',(0.,-1.5));
#10148 = VECTOR('',#10149,1.);
#10149 = DIRECTION('',(1.,0.));
#10150 = ( GEOMETRIC_REPRESENTATION_CONTEXT(2) 
PARAMETRIC_REPRESENTATION_CONTEXT() REPRESENTATION_CONTEXT('2D SPACE',''
  ) );
#10151 = PCURVE('',#4456,#10152);
#10152 = DEFINITIONAL_REPRESENTATION('',(#10153),#10161);
#10153 = ( BOUNDED_CURVE() B_SPLINE_CURVE(2,(#10154,#10155,#10156,#10157
    ,#10158,#10159,#10160),.UNSPECIFIED.,.T.,.F.) 
B_SPLINE_CURVE_WITH_KNOTS((1,2,2,2,2,1),(-2.094395102393,0.,
    2.094395102393,4.188790204786,6.28318530718,8.377580409573),
.UNSPECIFIED.) CURVE() GEOMETRIC_REPRESENTATION_ITEM() 
RATIONAL_B_SPLINE_CURVE((1.,0.5,1.,0.5,1.,0.5,1.)) REPRESENTATION_ITEM(
  '') );
#10154 = CARTESIAN_POINT('',(74.575,69.575));
#10155 = CARTESIAN_POINT('',(74.575,70.657531754731));
#10156 = CARTESIAN_POINT('',(75.5125,70.116265877365));
#10157 = CARTESIAN_POINT('',(76.45,69.575));
#10158 = CARTESIAN_POINT('',(75.5125,69.033734122635));
#10159 = CARTESIAN_POINT('',(74.575,68.492468245269));
#10160 = CARTESIAN_POINT('',(74.575,69.575));
#10161 = ( GEOMETRIC_REPRESENTATION_CONTEXT(2) 
PARAMETRIC_REPRESENTATION_CONTEXT() REPRESENTATION_CONTEXT('2D SPACE',''
  ) );
#10162 = ORIENTED_EDGE('',*,*,#10163,.T.);
#10163 = EDGE_CURVE('',#10136,#3740,#10164,.T.);
#10164 = SURFACE_CURVE('',#10165,(#10169,#10176),.PCURVE_S1.);
#10165 = LINE('',#10166,#10167);
#10166 = CARTESIAN_POINT('',(0.625,54.575,5.));
#10167 = VECTOR('',#10168,1.);
#10168 = DIRECTION('',(0.,0.,-1.));
#10169 = PCURVE('',#3760,#10170);
#10170 = DEFINITIONAL_REPRESENTATION('',(#10171),#10175);
#10171 = LINE('',#10172,#10173);
#10172 = CARTESIAN_POINT('',(3.14159265359,-5.));
#10173 = VECTOR('',#10174,1.);
#10174 = DIRECTION('',(-0.,1.));
#10175 = ( GEOMETRIC_REPRESENTATION_CONTEXT(2) 
PARAMETRIC_REPRESENTATION_CONTEXT() REPRESENTATION_CONTEXT('2D SPACE',''
  ) );
#10176 = PCURVE('',#3787,#10177);
#10177 = DEFINITIONAL_REPRESENTATION('',(#10178),#10182);
#10178 = LINE('',#10179,#10180);
#10179 = CARTESIAN_POINT('',(0.,-5.));
#10180 = VECTOR('',#10181,1.);
#10181 = DIRECTION('',(-0.,1.));
#10182 = ( GEOMETRIC_REPRESENTATION_CONTEXT(2) 
PARAMETRIC_REPRESENTATION_CONTEXT() REPRESENTATION_CONTEXT('2D SPACE',''
  ) );
#10183 = ORIENTED_EDGE('',*,*,#3739,.F.);
#10184 = ADVANCED_FACE('',(#10185),#3817,.F.);
#10185 = FACE_BOUND('',#10186,.F.);
#10186 = EDGE_LOOP('',(#10187,#10210,#10236,#10237));
#10187 = ORIENTED_EDGE('',*,*,#10188,.T.);
#10188 = EDGE_CURVE('',#3773,#10189,#10191,.T.);
#10189 = VERTEX_POINT('',#10190);
#10190 = CARTESIAN_POINT('',(0.625,15.825,1.5));
#10191 = SURFACE_CURVE('',#10192,(#10196,#10203),.PCURVE_S1.);
#10192 = LINE('',#10193,#10194);
#10193 = CARTESIAN_POINT('',(0.625,15.825,-5.));
#10194 = VECTOR('',#10195,1.);
#10195 = DIRECTION('',(0.,0.,1.));
#10196 = PCURVE('',#3817,#10197);
#10197 = DEFINITIONAL_REPRESENTATION('',(#10198),#10202);
#10198 = LINE('',#10199,#10200);
#10199 = CARTESIAN_POINT('',(0.,5.));
#10200 = VECTOR('',#10201,1.);
#10201 = DIRECTION('',(0.,-1.));
#10202 = ( GEOMETRIC_REPRESENTATION_CONTEXT(2) 
PARAMETRIC_REPRESENTATION_CONTEXT() REPRESENTATION_CONTEXT('2D SPACE',''
  ) );
#10203 = PCURVE('',#3787,#10204);
#10204 = DEFINITIONAL_REPRESENTATION('',(#10205),#10209);
#10205 = LINE('',#10206,#10207);
#10206 = CARTESIAN_POINT('',(38.75,5.));
#10207 = VECTOR('',#10208,1.);
#10208 = DIRECTION('',(0.,-1.));
#10209 = ( GEOMETRIC_REPRESENTATION_CONTEXT(2) 
PARAMETRIC_REPRESENTATION_CONTEXT() REPRESENTATION_CONTEXT('2D SPACE',''
  ) );
#10210 = ORIENTED_EDGE('',*,*,#10211,.T.);
#10211 = EDGE_CURVE('',#10189,#10066,#10212,.T.);
#10212 = SURFACE_CURVE('',#10213,(#10218,#10225),.PCURVE_S1.);
#10213 = CIRCLE('',#10214,0.625);
#10214 = AXIS2_PLACEMENT_3D('',#10215,#10216,#10217);
#10215 = CARTESIAN_POINT('',(-2.206568261442E-15,15.825,1.5));
#10216 = DIRECTION('',(0.,-0.,-1.));
#10217 = DIRECTION('',(1.,-1.110223024625E-16,0.));
#10218 = PCURVE('',#3817,#10219);
#10219 = DEFINITIONAL_REPRESENTATION('',(#10220),#10224);
#10220 = LINE('',#10221,#10222);
#10221 = CARTESIAN_POINT('',(0.,-1.5));
#10222 = VECTOR('',#10223,1.);
#10223 = DIRECTION('',(1.,0.));
#10224 = ( GEOMETRIC_REPRESENTATION_CONTEXT(2) 
PARAMETRIC_REPRESENTATION_CONTEXT() REPRESENTATION_CONTEXT('2D SPACE',''
  ) );
#10225 = PCURVE('',#4456,#10226);
#10226 = DEFINITIONAL_REPRESENTATION('',(#10227),#10235);
#10227 = ( BOUNDED_CURVE() B_SPLINE_CURVE(2,(#10228,#10229,#10230,#10231
    ,#10232,#10233,#10234),.UNSPECIFIED.,.T.,.F.) 
B_SPLINE_CURVE_WITH_KNOTS((1,2,2,2,2,1),(-2.094395102393,0.,
    2.094395102393,4.188790204786,6.28318530718,8.377580409573),
.UNSPECIFIED.) CURVE() GEOMETRIC_REPRESENTATION_ITEM() 
RATIONAL_B_SPLINE_CURVE((1.,0.5,1.,0.5,1.,0.5,1.)) REPRESENTATION_ITEM(
  '') );
#10228 = CARTESIAN_POINT('',(75.825,30.825));
#10229 = CARTESIAN_POINT('',(75.825,29.742468245269));
#10230 = CARTESIAN_POINT('',(74.8875,30.283734122635));
#10231 = CARTESIAN_POINT('',(73.95,30.825));
#10232 = CARTESIAN_POINT('',(74.8875,31.366265877365));
#10233 = CARTESIAN_POINT('',(75.825,31.907531754731));
#10234 = CARTESIAN_POINT('',(75.825,30.825));
#10235 = ( GEOMETRIC_REPRESENTATION_CONTEXT(2) 
PARAMETRIC_REPRESENTATION_CONTEXT() REPRESENTATION_CONTEXT('2D SPACE',''
  ) );
#10236 = ORIENTED_EDGE('',*,*,#10065,.F.);
#10237 = ORIENTED_EDGE('',*,*,#3798,.F.);
#10238 = ADVANCED_FACE('',(#10239),#3787,.F.);
#10239 = FACE_BOUND('',#10240,.F.);
#10240 = EDGE_LOOP('',(#10241,#10242,#10261,#10262));
#10241 = ORIENTED_EDGE('',*,*,#10163,.F.);
#10242 = ORIENTED_EDGE('',*,*,#10243,.F.);
#10243 = EDGE_CURVE('',#10189,#10136,#10244,.T.);
#10244 = SURFACE_CURVE('',#10245,(#10249,#10255),.PCURVE_S1.);
#10245 = LINE('',#10246,#10247);
#10246 = CARTESIAN_POINT('',(0.625,19.7875,1.5));
#10247 = VECTOR('',#10248,1.);
#10248 = DIRECTION('',(1.110223024625E-16,1.,-0.));
#10249 = PCURVE('',#3787,#10250);
#10250 = DEFINITIONAL_REPRESENTATION('',(#10251),#10254);
#10251 = B_SPLINE_CURVE_WITH_KNOTS('',1,(#10252,#10253),.UNSPECIFIED.,
  .F.,.F.,(2,2),(-3.9625,34.7875),.PIECEWISE_BEZIER_KNOTS.);
#10252 = CARTESIAN_POINT('',(38.75,-1.5));
#10253 = CARTESIAN_POINT('',(0.,-1.5));
#10254 = ( GEOMETRIC_REPRESENTATION_CONTEXT(2) 
PARAMETRIC_REPRESENTATION_CONTEXT() REPRESENTATION_CONTEXT('2D SPACE',''
  ) );
#10255 = PCURVE('',#4456,#10256);
#10256 = DEFINITIONAL_REPRESENTATION('',(#10257),#10260);
#10257 = B_SPLINE_CURVE_WITH_KNOTS('',1,(#10258,#10259),.UNSPECIFIED.,
  .F.,.F.,(2,2),(-3.9625,34.7875),.PIECEWISE_BEZIER_KNOTS.);
#10258 = CARTESIAN_POINT('',(75.825,30.825));
#10259 = CARTESIAN_POINT('',(75.825,69.575));
#10260 = ( GEOMETRIC_REPRESENTATION_CONTEXT(2) 
PARAMETRIC_REPRESENTATION_CONTEXT() REPRESENTATION_CONTEXT('2D SPACE',''
  ) );
#10261 = ORIENTED_EDGE('',*,*,#10188,.F.);
#10262 = ORIENTED_EDGE('',*,*,#3772,.T.);
#10263 = ADVANCED_FACE('',(#10264),#3848,.F.);
#10264 = FACE_BOUND('',#10265,.F.);
#10265 = EDGE_LOOP('',(#10266,#10289,#10310,#10331));
#10266 = ORIENTED_EDGE('',*,*,#10267,.T.);
#10267 = EDGE_CURVE('',#3834,#10268,#10270,.T.);
#10268 = VERTEX_POINT('',#10269);
#10269 = CARTESIAN_POINT('',(3.125,15.825,1.5));
#10270 = SURFACE_CURVE('',#10271,(#10275,#10282),.PCURVE_S1.);
#10271 = LINE('',#10272,#10273);
#10272 = CARTESIAN_POINT('',(3.125,15.825,-5.));
#10273 = VECTOR('',#10274,1.);
#10274 = DIRECTION('',(0.,0.,1.));
#10275 = PCURVE('',#3848,#10276);
#10276 = DEFINITIONAL_REPRESENTATION('',(#10277),#10281);
#10277 = LINE('',#10278,#10279);
#10278 = CARTESIAN_POINT('',(0.,5.));
#10279 = VECTOR('',#10280,1.);
#10280 = DIRECTION('',(0.,-1.));
#10281 = ( GEOMETRIC_REPRESENTATION_CONTEXT(2) 
PARAMETRIC_REPRESENTATION_CONTEXT() REPRESENTATION_CONTEXT('2D SPACE',''
  ) );
#10282 = PCURVE('',#3937,#10283);
#10283 = DEFINITIONAL_REPRESENTATION('',(#10284),#10288);
#10284 = LINE('',#10285,#10286);
#10285 = CARTESIAN_POINT('',(3.14159265359,5.));
#10286 = VECTOR('',#10287,1.);
#10287 = DIRECTION('',(0.,-1.));
#10288 = ( GEOMETRIC_REPRESENTATION_CONTEXT(2) 
PARAMETRIC_REPRESENTATION_CONTEXT() REPRESENTATION_CONTEXT('2D SPACE',''
  ) );
#10289 = ORIENTED_EDGE('',*,*,#10290,.F.);
#10290 = EDGE_CURVE('',#10291,#10268,#10293,.T.);
#10291 = VERTEX_POINT('',#10292);
#10292 = CARTESIAN_POINT('',(3.125,54.575,1.5));
#10293 = SURFACE_CURVE('',#10294,(#10298,#10304),.PCURVE_S1.);
#10294 = LINE('',#10295,#10296);
#10295 = CARTESIAN_POINT('',(3.125,0.4125,1.5));
#10296 = VECTOR('',#10297,1.);
#10297 = DIRECTION('',(-1.110223024625E-16,-1.,0.));
#10298 = PCURVE('',#3848,#10299);
#10299 = DEFINITIONAL_REPRESENTATION('',(#10300),#10303);
#10300 = B_SPLINE_CURVE_WITH_KNOTS('',1,(#10301,#10302),.UNSPECIFIED.,
  .F.,.F.,(2,2),(-54.1625,-15.4125),.PIECEWISE_BEZIER_KNOTS.);
#10301 = CARTESIAN_POINT('',(38.75,-1.5));
#10302 = CARTESIAN_POINT('',(0.,-1.5));
#10303 = ( GEOMETRIC_REPRESENTATION_CONTEXT(2) 
PARAMETRIC_REPRESENTATION_CONTEXT() REPRESENTATION_CONTEXT('2D SPACE',''
  ) );
#10304 = PCURVE('',#4456,#10305);
#10305 = DEFINITIONAL_REPRESENTATION('',(#10306),#10309);
#10306 = B_SPLINE_CURVE_WITH_KNOTS('',1,(#10307,#10308),.UNSPECIFIED.,
  .F.,.F.,(2,2),(-54.1625,-15.4125),.PIECEWISE_BEZIER_KNOTS.);
#10307 = CARTESIAN_POINT('',(78.325,69.575));
#10308 = CARTESIAN_POINT('',(78.325,30.825));
#10309 = ( GEOMETRIC_REPRESENTATION_CONTEXT(2) 
PARAMETRIC_REPRESENTATION_CONTEXT() REPRESENTATION_CONTEXT('2D SPACE',''
  ) );
#10310 = ORIENTED_EDGE('',*,*,#10311,.T.);
#10311 = EDGE_CURVE('',#10291,#3832,#10312,.T.);
#10312 = SURFACE_CURVE('',#10313,(#10317,#10324),.PCURVE_S1.);
#10313 = LINE('',#10314,#10315);
#10314 = CARTESIAN_POINT('',(3.125,54.575,5.));
#10315 = VECTOR('',#10316,1.);
#10316 = DIRECTION('',(0.,0.,-1.));
#10317 = PCURVE('',#3848,#10318);
#10318 = DEFINITIONAL_REPRESENTATION('',(#10319),#10323);
#10319 = LINE('',#10320,#10321);
#10320 = CARTESIAN_POINT('',(38.75,-5.));
#10321 = VECTOR('',#10322,1.);
#10322 = DIRECTION('',(0.,1.));
#10323 = ( GEOMETRIC_REPRESENTATION_CONTEXT(2) 
PARAMETRIC_REPRESENTATION_CONTEXT() REPRESENTATION_CONTEXT('2D SPACE',''
  ) );
#10324 = PCURVE('',#3880,#10325);
#10325 = DEFINITIONAL_REPRESENTATION('',(#10326),#10330);
#10326 = LINE('',#10327,#10328);
#10327 = CARTESIAN_POINT('',(0.,-5.));
#10328 = VECTOR('',#10329,1.);
#10329 = DIRECTION('',(-0.,1.));
#10330 = ( GEOMETRIC_REPRESENTATION_CONTEXT(2) 
PARAMETRIC_REPRESENTATION_CONTEXT() REPRESENTATION_CONTEXT('2D SPACE',''
  ) );
#10331 = ORIENTED_EDGE('',*,*,#3831,.T.);
#10332 = ADVANCED_FACE('',(#10333),#3880,.F.);
#10333 = FACE_BOUND('',#10334,.F.);
#10334 = EDGE_LOOP('',(#10335,#10336,#10364,#10385));
#10335 = ORIENTED_EDGE('',*,*,#10311,.F.);
#10336 = ORIENTED_EDGE('',*,*,#10337,.T.);
#10337 = EDGE_CURVE('',#10291,#10338,#10340,.T.);
#10338 = VERTEX_POINT('',#10339);
#10339 = CARTESIAN_POINT('',(4.375,54.575,1.5));
#10340 = SURFACE_CURVE('',#10341,(#10346,#10353),.PCURVE_S1.);
#10341 = CIRCLE('',#10342,0.625);
#10342 = AXIS2_PLACEMENT_3D('',#10343,#10344,#10345);
#10343 = CARTESIAN_POINT('',(3.75,54.575,1.5));
#10344 = DIRECTION('',(0.,0.,-1.));
#10345 = DIRECTION('',(-1.,1.110223024625E-16,0.));
#10346 = PCURVE('',#3880,#10347);
#10347 = DEFINITIONAL_REPRESENTATION('',(#10348),#10352);
#10348 = LINE('',#10349,#10350);
#10349 = CARTESIAN_POINT('',(0.,-1.5));
#10350 = VECTOR('',#10351,1.);
#10351 = DIRECTION('',(1.,0.));
#10352 = ( GEOMETRIC_REPRESENTATION_CONTEXT(2) 
PARAMETRIC_REPRESENTATION_CONTEXT() REPRESENTATION_CONTEXT('2D SPACE',''
  ) );
#10353 = PCURVE('',#4456,#10354);
#10354 = DEFINITIONAL_REPRESENTATION('',(#10355),#10363);
#10355 = ( BOUNDED_CURVE() B_SPLINE_CURVE(2,(#10356,#10357,#10358,#10359
    ,#10360,#10361,#10362),.UNSPECIFIED.,.T.,.F.) 
B_SPLINE_CURVE_WITH_KNOTS((1,2,2,2,2,1),(-2.094395102393,0.,
    2.094395102393,4.188790204786,6.28318530718,8.377580409573),
.UNSPECIFIED.) CURVE() GEOMETRIC_REPRESENTATION_ITEM() 
RATIONAL_B_SPLINE_CURVE((1.,0.5,1.,0.5,1.,0.5,1.)) REPRESENTATION_ITEM(
  '') );
#10356 = CARTESIAN_POINT('',(78.325,69.575));
#10357 = CARTESIAN_POINT('',(78.325,70.657531754731));
#10358 = CARTESIAN_POINT('',(79.2625,70.116265877365));
#10359 = CARTESIAN_POINT('',(80.2,69.575));
#10360 = CARTESIAN_POINT('',(79.2625,69.033734122635));
#10361 = CARTESIAN_POINT('',(78.325,68.492468245269));
#10362 = CARTESIAN_POINT('',(78.325,69.575));
#10363 = ( GEOMETRIC_REPRESENTATION_CONTEXT(2) 
PARAMETRIC_REPRESENTATION_CONTEXT() REPRESENTATION_CONTEXT('2D SPACE',''
  ) );
#10364 = ORIENTED_EDGE('',*,*,#10365,.T.);
#10365 = EDGE_CURVE('',#10338,#3860,#10366,.T.);
#10366 = SURFACE_CURVE('',#10367,(#10371,#10378),.PCURVE_S1.);
#10367 = LINE('',#10368,#10369);
#10368 = CARTESIAN_POINT('',(4.375,54.575,5.));
#10369 = VECTOR('',#10370,1.);
#10370 = DIRECTION('',(0.,0.,-1.));
#10371 = PCURVE('',#3880,#10372);
#10372 = DEFINITIONAL_REPRESENTATION('',(#10373),#10377);
#10373 = LINE('',#10374,#10375);
#10374 = CARTESIAN_POINT('',(3.14159265359,-5.));
#10375 = VECTOR('',#10376,1.);
#10376 = DIRECTION('',(-0.,1.));
#10377 = ( GEOMETRIC_REPRESENTATION_CONTEXT(2) 
PARAMETRIC_REPRESENTATION_CONTEXT() REPRESENTATION_CONTEXT('2D SPACE',''
  ) );
#10378 = PCURVE('',#3907,#10379);
#10379 = DEFINITIONAL_REPRESENTATION('',(#10380),#10384);
#10380 = LINE('',#10381,#10382);
#10381 = CARTESIAN_POINT('',(0.,-5.));
#10382 = VECTOR('',#10383,1.);
#10383 = DIRECTION('',(-0.,1.));
#10384 = ( GEOMETRIC_REPRESENTATION_CONTEXT(2) 
PARAMETRIC_REPRESENTATION_CONTEXT() REPRESENTATION_CONTEXT('2D SPACE',''
  ) );
#10385 = ORIENTED_EDGE('',*,*,#3859,.F.);
#10386 = ADVANCED_FACE('',(#10387),#3937,.F.);
#10387 = FACE_BOUND('',#10388,.F.);
#10388 = EDGE_LOOP('',(#10389,#10412,#10438,#10439));
#10389 = ORIENTED_EDGE('',*,*,#10390,.T.);
#10390 = EDGE_CURVE('',#3893,#10391,#10393,.T.);
#10391 = VERTEX_POINT('',#10392);
#10392 = CARTESIAN_POINT('',(4.375,15.825,1.5));
#10393 = SURFACE_CURVE('',#10394,(#10398,#10405),.PCURVE_S1.);
#10394 = LINE('',#10395,#10396);
#10395 = CARTESIAN_POINT('',(4.375,15.825,-5.));
#10396 = VECTOR('',#10397,1.);
#10397 = DIRECTION('',(0.,0.,1.));
#10398 = PCURVE('',#3937,#10399);
#10399 = DEFINITIONAL_REPRESENTATION('',(#10400),#10404);
#10400 = LINE('',#10401,#10402);
#10401 = CARTESIAN_POINT('',(0.,5.));
#10402 = VECTOR('',#10403,1.);
#10403 = DIRECTION('',(0.,-1.));
#10404 = ( GEOMETRIC_REPRESENTATION_CONTEXT(2) 
PARAMETRIC_REPRESENTATION_CONTEXT() REPRESENTATION_CONTEXT('2D SPACE',''
  ) );
#10405 = PCURVE('',#3907,#10406);
#10406 = DEFINITIONAL_REPRESENTATION('',(#10407),#10411);
#10407 = LINE('',#10408,#10409);
#10408 = CARTESIAN_POINT('',(38.75,5.));
#10409 = VECTOR('',#10410,1.);
#10410 = DIRECTION('',(0.,-1.));
#10411 = ( GEOMETRIC_REPRESENTATION_CONTEXT(2) 
PARAMETRIC_REPRESENTATION_CONTEXT() REPRESENTATION_CONTEXT('2D SPACE',''
  ) );
#10412 = ORIENTED_EDGE('',*,*,#10413,.T.);
#10413 = EDGE_CURVE('',#10391,#10268,#10414,.T.);
#10414 = SURFACE_CURVE('',#10415,(#10420,#10427),.PCURVE_S1.);
#10415 = CIRCLE('',#10416,0.625);
#10416 = AXIS2_PLACEMENT_3D('',#10417,#10418,#10419);
#10417 = CARTESIAN_POINT('',(3.75,15.825,1.5));
#10418 = DIRECTION('',(0.,-0.,-1.));
#10419 = DIRECTION('',(1.,-1.110223024625E-16,0.));
#10420 = PCURVE('',#3937,#10421);
#10421 = DEFINITIONAL_REPRESENTATION('',(#10422),#10426);
#10422 = LINE('',#10423,#10424);
#10423 = CARTESIAN_POINT('',(0.,-1.5));
#10424 = VECTOR('',#10425,1.);
#10425 = DIRECTION('',(1.,0.));
#10426 = ( GEOMETRIC_REPRESENTATION_CONTEXT(2) 
PARAMETRIC_REPRESENTATION_CONTEXT() REPRESENTATION_CONTEXT('2D SPACE',''
  ) );
#10427 = PCURVE('',#4456,#10428);
#10428 = DEFINITIONAL_REPRESENTATION('',(#10429),#10437);
#10429 = ( BOUNDED_CURVE() B_SPLINE_CURVE(2,(#10430,#10431,#10432,#10433
    ,#10434,#10435,#10436),.UNSPECIFIED.,.T.,.F.) 
B_SPLINE_CURVE_WITH_KNOTS((1,2,2,2,2,1),(-2.094395102393,0.,
    2.094395102393,4.188790204786,6.28318530718,8.377580409573),
.UNSPECIFIED.) CURVE() GEOMETRIC_REPRESENTATION_ITEM() 
RATIONAL_B_SPLINE_CURVE((1.,0.5,1.,0.5,1.,0.5,1.)) REPRESENTATION_ITEM(
  '') );
#10430 = CARTESIAN_POINT('',(79.575,30.825));
#10431 = CARTESIAN_POINT('',(79.575,29.742468245269));
#10432 = CARTESIAN_POINT('',(78.6375,30.283734122635));
#10433 = CARTESIAN_POINT('',(77.7,30.825));
#10434 = CARTESIAN_POINT('',(78.6375,31.366265877365));
#10435 = CARTESIAN_POINT('',(79.575,31.907531754731));
#10436 = CARTESIAN_POINT('',(79.575,30.825));
#10437 = ( GEOMETRIC_REPRESENTATION_CONTEXT(2) 
PARAMETRIC_REPRESENTATION_CONTEXT() REPRESENTATION_CONTEXT('2D SPACE',''
  ) );
#10438 = ORIENTED_EDGE('',*,*,#10267,.F.);
#10439 = ORIENTED_EDGE('',*,*,#3918,.F.);
#10440 = ADVANCED_FACE('',(#10441),#3907,.F.);
#10441 = FACE_BOUND('',#10442,.F.);
#10442 = EDGE_LOOP('',(#10443,#10444,#10463,#10464));
#10443 = ORIENTED_EDGE('',*,*,#10365,.F.);
#10444 = ORIENTED_EDGE('',*,*,#10445,.F.);
#10445 = EDGE_CURVE('',#10391,#10338,#10446,.T.);
#10446 = SURFACE_CURVE('',#10447,(#10451,#10457),.PCURVE_S1.);
#10447 = LINE('',#10448,#10449);
#10448 = CARTESIAN_POINT('',(4.375,19.7875,1.5));
#10449 = VECTOR('',#10450,1.);
#10450 = DIRECTION('',(1.110223024625E-16,1.,-0.));
#10451 = PCURVE('',#3907,#10452);
#10452 = DEFINITIONAL_REPRESENTATION('',(#10453),#10456);
#10453 = B_SPLINE_CURVE_WITH_KNOTS('',1,(#10454,#10455),.UNSPECIFIED.,
  .F.,.F.,(2,2),(-3.9625,34.7875),.PIECEWISE_BEZIER_KNOTS.);
#10454 = CARTESIAN_POINT('',(38.75,-1.5));
#10455 = CARTESIAN_POINT('',(0.,-1.5));
#10456 = ( GEOMETRIC_REPRESENTATION_CONTEXT(2) 
PARAMETRIC_REPRESENTATION_CONTEXT() REPRESENTATION_CONTEXT('2D SPACE',''
  ) );
#10457 = PCURVE('',#4456,#10458);
#10458 = DEFINITIONAL_REPRESENTATION('',(#10459),#10462);
#10459 = B_SPLINE_CURVE_WITH_KNOTS('',1,(#10460,#10461),.UNSPECIFIED.,
  .F.,.F.,(2,2),(-3.9625,34.7875),.PIECEWISE_BEZIER_KNOTS.);
#10460 = CARTESIAN_POINT('',(79.575,30.825));
#10461 = CARTESIAN_POINT('',(79.575,69.575));
#10462 = ( GEOMETRIC_REPRESENTATION_CONTEXT(2) 
PARAMETRIC_REPRESENTATION_CONTEXT() REPRESENTATION_CONTEXT('2D SPACE',''
  ) );
#10463 = ORIENTED_EDGE('',*,*,#10390,.F.);
#10464 = ORIENTED_EDGE('',*,*,#3892,.T.);
#10465 = ADVANCED_FACE('',(#10466),#3968,.F.);
#10466 = FACE_BOUND('',#10467,.F.);
#10467 = EDGE_LOOP('',(#10468,#10491,#10512,#10533));
#10468 = ORIENTED_EDGE('',*,*,#10469,.T.);
#10469 = EDGE_CURVE('',#3954,#10470,#10472,.T.);
#10470 = VERTEX_POINT('',#10471);
#10471 = CARTESIAN_POINT('',(6.875,15.825,1.5));
#10472 = SURFACE_CURVE('',#10473,(#10477,#10484),.PCURVE_S1.);
#10473 = LINE('',#10474,#10475);
#10474 = CARTESIAN_POINT('',(6.875,15.825,-5.));
#10475 = VECTOR('',#10476,1.);
#10476 = DIRECTION('',(0.,0.,1.));
#10477 = PCURVE('',#3968,#10478);
#10478 = DEFINITIONAL_REPRESENTATION('',(#10479),#10483);
#10479 = LINE('',#10480,#10481);
#10480 = CARTESIAN_POINT('',(0.,5.));
#10481 = VECTOR('',#10482,1.);
#10482 = DIRECTION('',(0.,-1.));
#10483 = ( GEOMETRIC_REPRESENTATION_CONTEXT(2) 
PARAMETRIC_REPRESENTATION_CONTEXT() REPRESENTATION_CONTEXT('2D SPACE',''
  ) );
#10484 = PCURVE('',#4057,#10485);
#10485 = DEFINITIONAL_REPRESENTATION('',(#10486),#10490);
#10486 = LINE('',#10487,#10488);
#10487 = CARTESIAN_POINT('',(3.14159265359,5.));
#10488 = VECTOR('',#10489,1.);
#10489 = DIRECTION('',(0.,-1.));
#10490 = ( GEOMETRIC_REPRESENTATION_CONTEXT(2) 
PARAMETRIC_REPRESENTATION_CONTEXT() REPRESENTATION_CONTEXT('2D SPACE',''
  ) );
#10491 = ORIENTED_EDGE('',*,*,#10492,.F.);
#10492 = EDGE_CURVE('',#10493,#10470,#10495,.T.);
#10493 = VERTEX_POINT('',#10494);
#10494 = CARTESIAN_POINT('',(6.875,54.575,1.5));
#10495 = SURFACE_CURVE('',#10496,(#10500,#10506),.PCURVE_S1.);
#10496 = LINE('',#10497,#10498);
#10497 = CARTESIAN_POINT('',(6.875,0.4125,1.5));
#10498 = VECTOR('',#10499,1.);
#10499 = DIRECTION('',(-1.110223024625E-16,-1.,0.));
#10500 = PCURVE('',#3968,#10501);
#10501 = DEFINITIONAL_REPRESENTATION('',(#10502),#10505);
#10502 = B_SPLINE_CURVE_WITH_KNOTS('',1,(#10503,#10504),.UNSPECIFIED.,
  .F.,.F.,(2,2),(-54.1625,-15.4125),.PIECEWISE_BEZIER_KNOTS.);
#10503 = CARTESIAN_POINT('',(38.75,-1.5));
#10504 = CARTESIAN_POINT('',(0.,-1.5));
#10505 = ( GEOMETRIC_REPRESENTATION_CONTEXT(2) 
PARAMETRIC_REPRESENTATION_CONTEXT() REPRESENTATION_CONTEXT('2D SPACE',''
  ) );
#10506 = PCURVE('',#4456,#10507);
#10507 = DEFINITIONAL_REPRESENTATION('',(#10508),#10511);
#10508 = B_SPLINE_CURVE_WITH_KNOTS('',1,(#10509,#10510),.UNSPECIFIED.,
  .F.,.F.,(2,2),(-54.1625,-15.4125),.PIECEWISE_BEZIER_KNOTS.);
#10509 = CARTESIAN_POINT('',(82.075,69.575));
#10510 = CARTESIAN_POINT('',(82.075,30.825));
#10511 = ( GEOMETRIC_REPRESENTATION_CONTEXT(2) 
PARAMETRIC_REPRESENTATION_CONTEXT() REPRESENTATION_CONTEXT('2D SPACE',''
  ) );
#10512 = ORIENTED_EDGE('',*,*,#10513,.T.);
#10513 = EDGE_CURVE('',#10493,#3952,#10514,.T.);
#10514 = SURFACE_CURVE('',#10515,(#10519,#10526),.PCURVE_S1.);
#10515 = LINE('',#10516,#10517);
#10516 = CARTESIAN_POINT('',(6.875,54.575,5.));
#10517 = VECTOR('',#10518,1.);
#10518 = DIRECTION('',(0.,0.,-1.));
#10519 = PCURVE('',#3968,#10520);
#10520 = DEFINITIONAL_REPRESENTATION('',(#10521),#10525);
#10521 = LINE('',#10522,#10523);
#10522 = CARTESIAN_POINT('',(38.75,-5.));
#10523 = VECTOR('',#10524,1.);
#10524 = DIRECTION('',(0.,1.));
#10525 = ( GEOMETRIC_REPRESENTATION_CONTEXT(2) 
PARAMETRIC_REPRESENTATION_CONTEXT() REPRESENTATION_CONTEXT('2D SPACE',''
  ) );
#10526 = PCURVE('',#4000,#10527);
#10527 = DEFINITIONAL_REPRESENTATION('',(#10528),#10532);
#10528 = LINE('',#10529,#10530);
#10529 = CARTESIAN_POINT('',(0.,-5.));
#10530 = VECTOR('',#10531,1.);
#10531 = DIRECTION('',(-0.,1.));
#10532 = ( GEOMETRIC_REPRESENTATION_CONTEXT(2) 
PARAMETRIC_REPRESENTATION_CONTEXT() REPRESENTATION_CONTEXT('2D SPACE',''
  ) );
#10533 = ORIENTED_EDGE('',*,*,#3951,.T.);
#10534 = ADVANCED_FACE('',(#10535),#4000,.F.);
#10535 = FACE_BOUND('',#10536,.F.);
#10536 = EDGE_LOOP('',(#10537,#10538,#10566,#10587));
#10537 = ORIENTED_EDGE('',*,*,#10513,.F.);
#10538 = ORIENTED_EDGE('',*,*,#10539,.T.);
#10539 = EDGE_CURVE('',#10493,#10540,#10542,.T.);
#10540 = VERTEX_POINT('',#10541);
#10541 = CARTESIAN_POINT('',(8.125,54.575,1.5));
#10542 = SURFACE_CURVE('',#10543,(#10548,#10555),.PCURVE_S1.);
#10543 = CIRCLE('',#10544,0.625);
#10544 = AXIS2_PLACEMENT_3D('',#10545,#10546,#10547);
#10545 = CARTESIAN_POINT('',(7.5,54.575,1.5));
#10546 = DIRECTION('',(0.,0.,-1.));
#10547 = DIRECTION('',(-1.,1.110223024625E-16,0.));
#10548 = PCURVE('',#4000,#10549);
#10549 = DEFINITIONAL_REPRESENTATION('',(#10550),#10554);
#10550 = LINE('',#10551,#10552);
#10551 = CARTESIAN_POINT('',(0.,-1.5));
#10552 = VECTOR('',#10553,1.);
#10553 = DIRECTION('',(1.,0.));
#10554 = ( GEOMETRIC_REPRESENTATION_CONTEXT(2) 
PARAMETRIC_REPRESENTATION_CONTEXT() REPRESENTATION_CONTEXT('2D SPACE',''
  ) );
#10555 = PCURVE('',#4456,#10556);
#10556 = DEFINITIONAL_REPRESENTATION('',(#10557),#10565);
#10557 = ( BOUNDED_CURVE() B_SPLINE_CURVE(2,(#10558,#10559,#10560,#10561
    ,#10562,#10563,#10564),.UNSPECIFIED.,.T.,.F.) 
B_SPLINE_CURVE_WITH_KNOTS((1,2,2,2,2,1),(-2.094395102393,0.,
    2.094395102393,4.188790204786,6.28318530718,8.377580409573),
.UNSPECIFIED.) CURVE() GEOMETRIC_REPRESENTATION_ITEM() 
RATIONAL_B_SPLINE_CURVE((1.,0.5,1.,0.5,1.,0.5,1.)) REPRESENTATION_ITEM(
  '') );
#10558 = CARTESIAN_POINT('',(82.075,69.575));
#10559 = CARTESIAN_POINT('',(82.075,70.657531754731));
#10560 = CARTESIAN_POINT('',(83.0125,70.116265877365));
#10561 = CARTESIAN_POINT('',(83.95,69.575));
#10562 = CARTESIAN_POINT('',(83.0125,69.033734122635));
#10563 = CARTESIAN_POINT('',(82.075,68.492468245269));
#10564 = CARTESIAN_POINT('',(82.075,69.575));
#10565 = ( GEOMETRIC_REPRESENTATION_CONTEXT(2) 
PARAMETRIC_REPRESENTATION_CONTEXT() REPRESENTATION_CONTEXT('2D SPACE',''
  ) );
#10566 = ORIENTED_EDGE('',*,*,#10567,.T.);
#10567 = EDGE_CURVE('',#10540,#3980,#10568,.T.);
#10568 = SURFACE_CURVE('',#10569,(#10573,#10580),.PCURVE_S1.);
#10569 = LINE('',#10570,#10571);
#10570 = CARTESIAN_POINT('',(8.125,54.575,5.));
#10571 = VECTOR('',#10572,1.);
#10572 = DIRECTION('',(0.,0.,-1.));
#10573 = PCURVE('',#4000,#10574);
#10574 = DEFINITIONAL_REPRESENTATION('',(#10575),#10579);
#10575 = LINE('',#10576,#10577);
#10576 = CARTESIAN_POINT('',(3.14159265359,-5.));
#10577 = VECTOR('',#10578,1.);
#10578 = DIRECTION('',(-0.,1.));
#10579 = ( GEOMETRIC_REPRESENTATION_CONTEXT(2) 
PARAMETRIC_REPRESENTATION_CONTEXT() REPRESENTATION_CONTEXT('2D SPACE',''
  ) );
#10580 = PCURVE('',#4027,#10581);
#10581 = DEFINITIONAL_REPRESENTATION('',(#10582),#10586);
#10582 = LINE('',#10583,#10584);
#10583 = CARTESIAN_POINT('',(0.,-5.));
#10584 = VECTOR('',#10585,1.);
#10585 = DIRECTION('',(-0.,1.));
#10586 = ( GEOMETRIC_REPRESENTATION_CONTEXT(2) 
PARAMETRIC_REPRESENTATION_CONTEXT() REPRESENTATION_CONTEXT('2D SPACE',''
  ) );
#10587 = ORIENTED_EDGE('',*,*,#3979,.F.);
#10588 = ADVANCED_FACE('',(#10589),#4057,.F.);
#10589 = FACE_BOUND('',#10590,.F.);
#10590 = EDGE_LOOP('',(#10591,#10614,#10640,#10641));
#10591 = ORIENTED_EDGE('',*,*,#10592,.T.);
#10592 = EDGE_CURVE('',#4013,#10593,#10595,.T.);
#10593 = VERTEX_POINT('',#10594);
#10594 = CARTESIAN_POINT('',(8.125,15.825,1.5));
#10595 = SURFACE_CURVE('',#10596,(#10600,#10607),.PCURVE_S1.);
#10596 = LINE('',#10597,#10598);
#10597 = CARTESIAN_POINT('',(8.125,15.825,-5.));
#10598 = VECTOR('',#10599,1.);
#10599 = DIRECTION('',(0.,0.,1.));
#10600 = PCURVE('',#4057,#10601);
#10601 = DEFINITIONAL_REPRESENTATION('',(#10602),#10606);
#10602 = LINE('',#10603,#10604);
#10603 = CARTESIAN_POINT('',(0.,5.));
#10604 = VECTOR('',#10605,1.);
#10605 = DIRECTION('',(0.,-1.));
#10606 = ( GEOMETRIC_REPRESENTATION_CONTEXT(2) 
PARAMETRIC_REPRESENTATION_CONTEXT() REPRESENTATION_CONTEXT('2D SPACE',''
  ) );
#10607 = PCURVE('',#4027,#10608);
#10608 = DEFINITIONAL_REPRESENTATION('',(#10609),#10613);
#10609 = LINE('',#10610,#10611);
#10610 = CARTESIAN_POINT('',(38.75,5.));
#10611 = VECTOR('',#10612,1.);
#10612 = DIRECTION('',(0.,-1.));
#10613 = ( GEOMETRIC_REPRESENTATION_CONTEXT(2) 
PARAMETRIC_REPRESENTATION_CONTEXT() REPRESENTATION_CONTEXT('2D SPACE',''
  ) );
#10614 = ORIENTED_EDGE('',*,*,#10615,.T.);
#10615 = EDGE_CURVE('',#10593,#10470,#10616,.T.);
#10616 = SURFACE_CURVE('',#10617,(#10622,#10629),.PCURVE_S1.);
#10617 = CIRCLE('',#10618,0.625);
#10618 = AXIS2_PLACEMENT_3D('',#10619,#10620,#10621);
#10619 = CARTESIAN_POINT('',(7.5,15.825,1.5));
#10620 = DIRECTION('',(0.,-0.,-1.));
#10621 = DIRECTION('',(1.,-1.110223024625E-16,0.));
#10622 = PCURVE('',#4057,#10623);
#10623 = DEFINITIONAL_REPRESENTATION('',(#10624),#10628);
#10624 = LINE('',#10625,#10626);
#10625 = CARTESIAN_POINT('',(0.,-1.5));
#10626 = VECTOR('',#10627,1.);
#10627 = DIRECTION('',(1.,0.));
#10628 = ( GEOMETRIC_REPRESENTATION_CONTEXT(2) 
PARAMETRIC_REPRESENTATION_CONTEXT() REPRESENTATION_CONTEXT('2D SPACE',''
  ) );
#10629 = PCURVE('',#4456,#10630);
#10630 = DEFINITIONAL_REPRESENTATION('',(#10631),#10639);
#10631 = ( BOUNDED_CURVE() B_SPLINE_CURVE(2,(#10632,#10633,#10634,#10635
    ,#10636,#10637,#10638),.UNSPECIFIED.,.T.,.F.) 
B_SPLINE_CURVE_WITH_KNOTS((1,2,2,2,2,1),(-2.094395102393,0.,
    2.094395102393,4.188790204786,6.28318530718,8.377580409573),
.UNSPECIFIED.) CURVE() GEOMETRIC_REPRESENTATION_ITEM() 
RATIONAL_B_SPLINE_CURVE((1.,0.5,1.,0.5,1.,0.5,1.)) REPRESENTATION_ITEM(
  '') );
#10632 = CARTESIAN_POINT('',(83.325,30.825));
#10633 = CARTESIAN_POINT('',(83.325,29.742468245269));
#10634 = CARTESIAN_POINT('',(82.3875,30.283734122635));
#10635 = CARTESIAN_POINT('',(81.45,30.825));
#10636 = CARTESIAN_POINT('',(82.3875,31.366265877365));
#10637 = CARTESIAN_POINT('',(83.325,31.907531754731));
#10638 = CARTESIAN_POINT('',(83.325,30.825));
#10639 = ( GEOMETRIC_REPRESENTATION_CONTEXT(2) 
PARAMETRIC_REPRESENTATION_CONTEXT() REPRESENTATION_CONTEXT('2D SPACE',''
  ) );
#10640 = ORIENTED_EDGE('',*,*,#10469,.F.);
#10641 = ORIENTED_EDGE('',*,*,#4038,.F.);
#10642 = ADVANCED_FACE('',(#10643),#4027,.F.);
#10643 = FACE_BOUND('',#10644,.F.);
#10644 = EDGE_LOOP('',(#10645,#10646,#10665,#10666));
#10645 = ORIENTED_EDGE('',*,*,#10567,.F.);
#10646 = ORIENTED_EDGE('',*,*,#10647,.F.);
#10647 = EDGE_CURVE('',#10593,#10540,#10648,.T.);
#10648 = SURFACE_CURVE('',#10649,(#10653,#10659),.PCURVE_S1.);
#10649 = LINE('',#10650,#10651);
#10650 = CARTESIAN_POINT('',(8.125,19.7875,1.5));
#10651 = VECTOR('',#10652,1.);
#10652 = DIRECTION('',(1.110223024625E-16,1.,-0.));
#10653 = PCURVE('',#4027,#10654);
#10654 = DEFINITIONAL_REPRESENTATION('',(#10655),#10658);
#10655 = B_SPLINE_CURVE_WITH_KNOTS('',1,(#10656,#10657),.UNSPECIFIED.,
  .F.,.F.,(2,2),(-3.9625,34.7875),.PIECEWISE_BEZIER_KNOTS.);
#10656 = CARTESIAN_POINT('',(38.75,-1.5));
#10657 = CARTESIAN_POINT('',(0.,-1.5));
#10658 = ( GEOMETRIC_REPRESENTATION_CONTEXT(2) 
PARAMETRIC_REPRESENTATION_CONTEXT() REPRESENTATION_CONTEXT('2D SPACE',''
  ) );
#10659 = PCURVE('',#4456,#10660);
#10660 = DEFINITIONAL_REPRESENTATION('',(#10661),#10664);
#10661 = B_SPLINE_CURVE_WITH_KNOTS('',1,(#10662,#10663),.UNSPECIFIED.,
  .F.,.F.,(2,2),(-3.9625,34.7875),.PIECEWISE_BEZIER_KNOTS.);
#10662 = CARTESIAN_POINT('',(83.325,30.825));
#10663 = CARTESIAN_POINT('',(83.325,69.575));
#10664 = ( GEOMETRIC_REPRESENTATION_CONTEXT(2) 
PARAMETRIC_REPRESENTATION_CONTEXT() REPRESENTATION_CONTEXT('2D SPACE',''
  ) );
#10665 = ORIENTED_EDGE('',*,*,#10592,.F.);
#10666 = ORIENTED_EDGE('',*,*,#4012,.T.);
#10667 = ADVANCED_FACE('',(#10668),#4088,.F.);
#10668 = FACE_BOUND('',#10669,.F.);
#10669 = EDGE_LOOP('',(#10670,#10693,#10714,#10735));
#10670 = ORIENTED_EDGE('',*,*,#10671,.T.);
#10671 = EDGE_CURVE('',#4074,#10672,#10674,.T.);
#10672 = VERTEX_POINT('',#10673);
#10673 = CARTESIAN_POINT('',(10.625,15.825,1.5));
#10674 = SURFACE_CURVE('',#10675,(#10679,#10686),.PCURVE_S1.);
#10675 = LINE('',#10676,#10677);
#10676 = CARTESIAN_POINT('',(10.625,15.825,-5.));
#10677 = VECTOR('',#10678,1.);
#10678 = DIRECTION('',(0.,0.,1.));
#10679 = PCURVE('',#4088,#10680);
#10680 = DEFINITIONAL_REPRESENTATION('',(#10681),#10685);
#10681 = LINE('',#10682,#10683);
#10682 = CARTESIAN_POINT('',(0.,5.));
#10683 = VECTOR('',#10684,1.);
#10684 = DIRECTION('',(0.,-1.));
#10685 = ( GEOMETRIC_REPRESENTATION_CONTEXT(2) 
PARAMETRIC_REPRESENTATION_CONTEXT() REPRESENTATION_CONTEXT('2D SPACE',''
  ) );
#10686 = PCURVE('',#4177,#10687);
#10687 = DEFINITIONAL_REPRESENTATION('',(#10688),#10692);
#10688 = LINE('',#10689,#10690);
#10689 = CARTESIAN_POINT('',(3.14159265359,5.));
#10690 = VECTOR('',#10691,1.);
#10691 = DIRECTION('',(0.,-1.));
#10692 = ( GEOMETRIC_REPRESENTATION_CONTEXT(2) 
PARAMETRIC_REPRESENTATION_CONTEXT() REPRESENTATION_CONTEXT('2D SPACE',''
  ) );
#10693 = ORIENTED_EDGE('',*,*,#10694,.F.);
#10694 = EDGE_CURVE('',#10695,#10672,#10697,.T.);
#10695 = VERTEX_POINT('',#10696);
#10696 = CARTESIAN_POINT('',(10.625,54.575,1.5));
#10697 = SURFACE_CURVE('',#10698,(#10702,#10708),.PCURVE_S1.);
#10698 = LINE('',#10699,#10700);
#10699 = CARTESIAN_POINT('',(10.625,0.4125,1.5));
#10700 = VECTOR('',#10701,1.);
#10701 = DIRECTION('',(-1.110223024625E-16,-1.,0.));
#10702 = PCURVE('',#4088,#10703);
#10703 = DEFINITIONAL_REPRESENTATION('',(#10704),#10707);
#10704 = B_SPLINE_CURVE_WITH_KNOTS('',1,(#10705,#10706),.UNSPECIFIED.,
  .F.,.F.,(2,2),(-54.1625,-15.4125),.PIECEWISE_BEZIER_KNOTS.);
#10705 = CARTESIAN_POINT('',(38.75,-1.5));
#10706 = CARTESIAN_POINT('',(0.,-1.5));
#10707 = ( GEOMETRIC_REPRESENTATION_CONTEXT(2) 
PARAMETRIC_REPRESENTATION_CONTEXT() REPRESENTATION_CONTEXT('2D SPACE',''
  ) );
#10708 = PCURVE('',#4456,#10709);
#10709 = DEFINITIONAL_REPRESENTATION('',(#10710),#10713);
#10710 = B_SPLINE_CURVE_WITH_KNOTS('',1,(#10711,#10712),.UNSPECIFIED.,
  .F.,.F.,(2,2),(-54.1625,-15.4125),.PIECEWISE_BEZIER_KNOTS.);
#10711 = CARTESIAN_POINT('',(85.825,69.575));
#10712 = CARTESIAN_POINT('',(85.825,30.825));
#10713 = ( GEOMETRIC_REPRESENTATION_CONTEXT(2) 
PARAMETRIC_REPRESENTATION_CONTEXT() REPRESENTATION_CONTEXT('2D SPACE',''
  ) );
#10714 = ORIENTED_EDGE('',*,*,#10715,.T.);
#10715 = EDGE_CURVE('',#10695,#4072,#10716,.T.);
#10716 = SURFACE_CURVE('',#10717,(#10721,#10728),.PCURVE_S1.);
#10717 = LINE('',#10718,#10719);
#10718 = CARTESIAN_POINT('',(10.625,54.575,5.));
#10719 = VECTOR('',#10720,1.);
#10720 = DIRECTION('',(0.,0.,-1.));
#10721 = PCURVE('',#4088,#10722);
#10722 = DEFINITIONAL_REPRESENTATION('',(#10723),#10727);
#10723 = LINE('',#10724,#10725);
#10724 = CARTESIAN_POINT('',(38.75,-5.));
#10725 = VECTOR('',#10726,1.);
#10726 = DIRECTION('',(0.,1.));
#10727 = ( GEOMETRIC_REPRESENTATION_CONTEXT(2) 
PARAMETRIC_REPRESENTATION_CONTEXT() REPRESENTATION_CONTEXT('2D SPACE',''
  ) );
#10728 = PCURVE('',#4120,#10729);
#10729 = DEFINITIONAL_REPRESENTATION('',(#10730),#10734);
#10730 = LINE('',#10731,#10732);
#10731 = CARTESIAN_POINT('',(0.,-5.));
#10732 = VECTOR('',#10733,1.);
#10733 = DIRECTION('',(-0.,1.));
#10734 = ( GEOMETRIC_REPRESENTATION_CONTEXT(2) 
PARAMETRIC_REPRESENTATION_CONTEXT() REPRESENTATION_CONTEXT('2D SPACE',''
  ) );
#10735 = ORIENTED_EDGE('',*,*,#4071,.T.);
#10736 = ADVANCED_FACE('',(#10737),#4177,.F.);
#10737 = FACE_BOUND('',#10738,.F.);
#10738 = EDGE_LOOP('',(#10739,#10762,#10788,#10789));
#10739 = ORIENTED_EDGE('',*,*,#10740,.T.);
#10740 = EDGE_CURVE('',#4133,#10741,#10743,.T.);
#10741 = VERTEX_POINT('',#10742);
#10742 = CARTESIAN_POINT('',(11.875,15.825,1.5));
#10743 = SURFACE_CURVE('',#10744,(#10748,#10755),.PCURVE_S1.);
#10744 = LINE('',#10745,#10746);
#10745 = CARTESIAN_POINT('',(11.875,15.825,-5.));
#10746 = VECTOR('',#10747,1.);
#10747 = DIRECTION('',(0.,0.,1.));
#10748 = PCURVE('',#4177,#10749);
#10749 = DEFINITIONAL_REPRESENTATION('',(#10750),#10754);
#10750 = LINE('',#10751,#10752);
#10751 = CARTESIAN_POINT('',(0.,5.));
#10752 = VECTOR('',#10753,1.);
#10753 = DIRECTION('',(0.,-1.));
#10754 = ( GEOMETRIC_REPRESENTATION_CONTEXT(2) 
PARAMETRIC_REPRESENTATION_CONTEXT() REPRESENTATION_CONTEXT('2D SPACE',''
  ) );
#10755 = PCURVE('',#4147,#10756);
#10756 = DEFINITIONAL_REPRESENTATION('',(#10757),#10761);
#10757 = LINE('',#10758,#10759);
#10758 = CARTESIAN_POINT('',(38.75,5.));
#10759 = VECTOR('',#10760,1.);
#10760 = DIRECTION('',(0.,-1.));
#10761 = ( GEOMETRIC_REPRESENTATION_CONTEXT(2) 
PARAMETRIC_REPRESENTATION_CONTEXT() REPRESENTATION_CONTEXT('2D SPACE',''
  ) );
#10762 = ORIENTED_EDGE('',*,*,#10763,.T.);
#10763 = EDGE_CURVE('',#10741,#10672,#10764,.T.);
#10764 = SURFACE_CURVE('',#10765,(#10770,#10777),.PCURVE_S1.);
#10765 = CIRCLE('',#10766,0.625);
#10766 = AXIS2_PLACEMENT_3D('',#10767,#10768,#10769);
#10767 = CARTESIAN_POINT('',(11.25,15.825,1.5));
#10768 = DIRECTION('',(0.,-0.,-1.));
#10769 = DIRECTION('',(1.,-1.110223024625E-16,0.));
#10770 = PCURVE('',#4177,#10771);
#10771 = DEFINITIONAL_REPRESENTATION('',(#10772),#10776);
#10772 = LINE('',#10773,#10774);
#10773 = CARTESIAN_POINT('',(0.,-1.5));
#10774 = VECTOR('',#10775,1.);
#10775 = DIRECTION('',(1.,0.));
#10776 = ( GEOMETRIC_REPRESENTATION_CONTEXT(2) 
PARAMETRIC_REPRESENTATION_CONTEXT() REPRESENTATION_CONTEXT('2D SPACE',''
  ) );
#10777 = PCURVE('',#4456,#10778);
#10778 = DEFINITIONAL_REPRESENTATION('',(#10779),#10787);
#10779 = ( BOUNDED_CURVE() B_SPLINE_CURVE(2,(#10780,#10781,#10782,#10783
    ,#10784,#10785,#10786),.UNSPECIFIED.,.T.,.F.) 
B_SPLINE_CURVE_WITH_KNOTS((1,2,2,2,2,1),(-2.094395102393,0.,
    2.094395102393,4.188790204786,6.28318530718,8.377580409573),
.UNSPECIFIED.) CURVE() GEOMETRIC_REPRESENTATION_ITEM() 
RATIONAL_B_SPLINE_CURVE((1.,0.5,1.,0.5,1.,0.5,1.)) REPRESENTATION_ITEM(
  '') );
#10780 = CARTESIAN_POINT('',(87.075,30.825));
#10781 = CARTESIAN_POINT('',(87.075,29.742468245269));
#10782 = CARTESIAN_POINT('',(86.1375,30.283734122635));
#10783 = CARTESIAN_POINT('',(85.2,30.825));
#10784 = CARTESIAN_POINT('',(86.1375,31.366265877365));
#10785 = CARTESIAN_POINT('',(87.075,31.907531754731));
#10786 = CARTESIAN_POINT('',(87.075,30.825));
#10787 = ( GEOMETRIC_REPRESENTATION_CONTEXT(2) 
PARAMETRIC_REPRESENTATION_CONTEXT() REPRESENTATION_CONTEXT('2D SPACE',''
  ) );
#10788 = ORIENTED_EDGE('',*,*,#10671,.F.);
#10789 = ORIENTED_EDGE('',*,*,#4158,.F.);
#10790 = ADVANCED_FACE('',(#10791),#4147,.F.);
#10791 = FACE_BOUND('',#10792,.F.);
#10792 = EDGE_LOOP('',(#10793,#10816,#10835,#10836));
#10793 = ORIENTED_EDGE('',*,*,#10794,.F.);
#10794 = EDGE_CURVE('',#10795,#4100,#10797,.T.);
#10795 = VERTEX_POINT('',#10796);
#10796 = CARTESIAN_POINT('',(11.875,54.575,1.5));
#10797 = SURFACE_CURVE('',#10798,(#10802,#10809),.PCURVE_S1.);
#10798 = LINE('',#10799,#10800);
#10799 = CARTESIAN_POINT('',(11.875,54.575,5.));
#10800 = VECTOR('',#10801,1.);
#10801 = DIRECTION('',(0.,0.,-1.));
#10802 = PCURVE('',#4147,#10803);
#10803 = DEFINITIONAL_REPRESENTATION('',(#10804),#10808);
#10804 = LINE('',#10805,#10806);
#10805 = CARTESIAN_POINT('',(0.,-5.));
#10806 = VECTOR('',#10807,1.);
#10807 = DIRECTION('',(-0.,1.));
#10808 = ( GEOMETRIC_REPRESENTATION_CONTEXT(2) 
PARAMETRIC_REPRESENTATION_CONTEXT() REPRESENTATION_CONTEXT('2D SPACE',''
  ) );
#10809 = PCURVE('',#4120,#10810);
#10810 = DEFINITIONAL_REPRESENTATION('',(#10811),#10815);
#10811 = LINE('',#10812,#10813);
#10812 = CARTESIAN_POINT('',(3.14159265359,-5.));
#10813 = VECTOR('',#10814,1.);
#10814 = DIRECTION('',(-0.,1.));
#10815 = ( GEOMETRIC_REPRESENTATION_CONTEXT(2) 
PARAMETRIC_REPRESENTATION_CONTEXT() REPRESENTATION_CONTEXT('2D SPACE',''
  ) );
#10816 = ORIENTED_EDGE('',*,*,#10817,.F.);
#10817 = EDGE_CURVE('',#10741,#10795,#10818,.T.);
#10818 = SURFACE_CURVE('',#10819,(#10823,#10829),.PCURVE_S1.);
#10819 = LINE('',#10820,#10821);
#10820 = CARTESIAN_POINT('',(11.875,19.7875,1.5));
#10821 = VECTOR('',#10822,1.);
#10822 = DIRECTION('',(1.110223024625E-16,1.,-0.));
#10823 = PCURVE('',#4147,#10824);
#10824 = DEFINITIONAL_REPRESENTATION('',(#10825),#10828);
#10825 = B_SPLINE_CURVE_WITH_KNOTS('',1,(#10826,#10827),.UNSPECIFIED.,
  .F.,.F.,(2,2),(-3.9625,34.7875),.PIECEWISE_BEZIER_KNOTS.);
#10826 = CARTESIAN_POINT('',(38.75,-1.5));
#10827 = CARTESIAN_POINT('',(0.,-1.5));
#10828 = ( GEOMETRIC_REPRESENTATION_CONTEXT(2) 
PARAMETRIC_REPRESENTATION_CONTEXT() REPRESENTATION_CONTEXT('2D SPACE',''
  ) );
#10829 = PCURVE('',#4456,#10830);
#10830 = DEFINITIONAL_REPRESENTATION('',(#10831),#10834);
#10831 = B_SPLINE_CURVE_WITH_KNOTS('',1,(#10832,#10833),.UNSPECIFIED.,
  .F.,.F.,(2,2),(-3.9625,34.7875),.PIECEWISE_BEZIER_KNOTS.);
#10832 = CARTESIAN_POINT('',(87.075,30.825));
#10833 = CARTESIAN_POINT('',(87.075,69.575));
#10834 = ( GEOMETRIC_REPRESENTATION_CONTEXT(2) 
PARAMETRIC_REPRESENTATION_CONTEXT() REPRESENTATION_CONTEXT('2D SPACE',''
  ) );
#10835 = ORIENTED_EDGE('',*,*,#10740,.F.);
#10836 = ORIENTED_EDGE('',*,*,#4132,.T.);
#10837 = ADVANCED_FACE('',(#10838),#4120,.F.);
#10838 = FACE_BOUND('',#10839,.F.);
#10839 = EDGE_LOOP('',(#10840,#10841,#10867,#10868));
#10840 = ORIENTED_EDGE('',*,*,#10715,.F.);
#10841 = ORIENTED_EDGE('',*,*,#10842,.T.);
#10842 = EDGE_CURVE('',#10695,#10795,#10843,.T.);
#10843 = SURFACE_CURVE('',#10844,(#10849,#10856),.PCURVE_S1.);
#10844 = CIRCLE('',#10845,0.625);
#10845 = AXIS2_PLACEMENT_3D('',#10846,#10847,#10848);
#10846 = CARTESIAN_POINT('',(11.25,54.575,1.5));
#10847 = DIRECTION('',(0.,0.,-1.));
#10848 = DIRECTION('',(-1.,1.110223024625E-16,0.));
#10849 = PCURVE('',#4120,#10850);
#10850 = DEFINITIONAL_REPRESENTATION('',(#10851),#10855);
#10851 = LINE('',#10852,#10853);
#10852 = CARTESIAN_POINT('',(0.,-1.5));
#10853 = VECTOR('',#10854,1.);
#10854 = DIRECTION('',(1.,0.));
#10855 = ( GEOMETRIC_REPRESENTATION_CONTEXT(2) 
PARAMETRIC_REPRESENTATION_CONTEXT() REPRESENTATION_CONTEXT('2D SPACE',''
  ) );
#10856 = PCURVE('',#4456,#10857);
#10857 = DEFINITIONAL_REPRESENTATION('',(#10858),#10866);
#10858 = ( BOUNDED_CURVE() B_SPLINE_CURVE(2,(#10859,#10860,#10861,#10862
    ,#10863,#10864,#10865),.UNSPECIFIED.,.T.,.F.) 
B_SPLINE_CURVE_WITH_KNOTS((1,2,2,2,2,1),(-2.094395102393,0.,
    2.094395102393,4.188790204786,6.28318530718,8.377580409573),
.UNSPECIFIED.) CURVE() GEOMETRIC_REPRESENTATION_ITEM() 
RATIONAL_B_SPLINE_CURVE((1.,0.5,1.,0.5,1.,0.5,1.)) REPRESENTATION_ITEM(
  '') );
#10859 = CARTESIAN_POINT('',(85.825,69.575));
#10860 = CARTESIAN_POINT('',(85.825,70.657531754731));
#10861 = CARTESIAN_POINT('',(86.7625,70.116265877365));
#10862 = CARTESIAN_POINT('',(87.7,69.575));
#10863 = CARTESIAN_POINT('',(86.7625,69.033734122635));
#10864 = CARTESIAN_POINT('',(85.825,68.492468245269));
#10865 = CARTESIAN_POINT('',(85.825,69.575));
#10866 = ( GEOMETRIC_REPRESENTATION_CONTEXT(2) 
PARAMETRIC_REPRESENTATION_CONTEXT() REPRESENTATION_CONTEXT('2D SPACE',''
  ) );
#10867 = ORIENTED_EDGE('',*,*,#10794,.T.);
#10868 = ORIENTED_EDGE('',*,*,#4099,.F.);
#10869 = ADVANCED_FACE('',(#10870),#4258,.F.);
#10870 = FACE_BOUND('',#10871,.T.);
#10871 = EDGE_LOOP('',(#10872,#10873,#10874,#10875));
#10872 = ORIENTED_EDGE('',*,*,#4297,.T.);
#10873 = ORIENTED_EDGE('',*,*,#4333,.T.);
#10874 = ORIENTED_EDGE('',*,*,#4382,.F.);
#10875 = ORIENTED_EDGE('',*,*,#4244,.F.);
#10876 = ADVANCED_FACE('',(#10877,#10895,#10901,#10907,#10913,#10919,
    #10925,#10931,#10937,#10943,#10949,#10955,#10961,#10967,#10973,
    #10979,#10985,#10991,#10997,#11003,#11009,#11015,#11129,#11135,
    #11141,#11147,#11153,#11159,#11165,#11171),#4456,.T.);
#10877 = FACE_BOUND('',#10878,.T.);
#10878 = EDGE_LOOP('',(#10879,#10880,#10881,#10882,#10883,#10884,#10885,
    #10886,#10887,#10888,#10889,#10890,#10891,#10892,#10893,#10894));
#10879 = ORIENTED_EDGE('',*,*,#4440,.F.);
#10880 = ORIENTED_EDGE('',*,*,#4567,.F.);
#10881 = ORIENTED_EDGE('',*,*,#4642,.T.);
#10882 = ORIENTED_EDGE('',*,*,#4738,.T.);
#10883 = ORIENTED_EDGE('',*,*,#4841,.F.);
#10884 = ORIENTED_EDGE('',*,*,#4942,.T.);
#10885 = ORIENTED_EDGE('',*,*,#5038,.T.);
#10886 = ORIENTED_EDGE('',*,*,#5136,.T.);
#10887 = ORIENTED_EDGE('',*,*,#5192,.T.);
#10888 = ORIENTED_EDGE('',*,*,#5112,.T.);
#10889 = ORIENTED_EDGE('',*,*,#4991,.F.);
#10890 = ORIENTED_EDGE('',*,*,#4890,.F.);
#10891 = ORIENTED_EDGE('',*,*,#4792,.T.);
#10892 = ORIENTED_EDGE('',*,*,#4691,.F.);
#10893 = ORIENTED_EDGE('',*,*,#4591,.F.);
#10894 = ORIENTED_EDGE('',*,*,#4492,.F.);
#10895 = FACE_BOUND('',#10896,.T.);
#10896 = EDGE_LOOP('',(#10897,#10898,#10899,#10900));
#10897 = ORIENTED_EDGE('',*,*,#5240,.F.);
#10898 = ORIENTED_EDGE('',*,*,#5287,.T.);
#10899 = ORIENTED_EDGE('',*,*,#5395,.F.);
#10900 = ORIENTED_EDGE('',*,*,#5363,.T.);
#10901 = FACE_BOUND('',#10902,.T.);
#10902 = EDGE_LOOP('',(#10903,#10904,#10905,#10906));
#10903 = ORIENTED_EDGE('',*,*,#5442,.F.);
#10904 = ORIENTED_EDGE('',*,*,#5489,.T.);
#10905 = ORIENTED_EDGE('',*,*,#5597,.F.);
#10906 = ORIENTED_EDGE('',*,*,#5565,.T.);
#10907 = FACE_BOUND('',#10908,.T.);
#10908 = EDGE_LOOP('',(#10909,#10910,#10911,#10912));
#10909 = ORIENTED_EDGE('',*,*,#5644,.F.);
#10910 = ORIENTED_EDGE('',*,*,#5691,.T.);
#10911 = ORIENTED_EDGE('',*,*,#5799,.F.);
#10912 = ORIENTED_EDGE('',*,*,#5767,.T.);
#10913 = FACE_BOUND('',#10914,.T.);
#10914 = EDGE_LOOP('',(#10915,#10916,#10917,#10918));
#10915 = ORIENTED_EDGE('',*,*,#5846,.F.);
#10916 = ORIENTED_EDGE('',*,*,#5893,.T.);
#10917 = ORIENTED_EDGE('',*,*,#6001,.F.);
#10918 = ORIENTED_EDGE('',*,*,#5969,.T.);
#10919 = FACE_BOUND('',#10920,.T.);
#10920 = EDGE_LOOP('',(#10921,#10922,#10923,#10924));
#10921 = ORIENTED_EDGE('',*,*,#6048,.F.);
#10922 = ORIENTED_EDGE('',*,*,#6095,.T.);
#10923 = ORIENTED_EDGE('',*,*,#6203,.F.);
#10924 = ORIENTED_EDGE('',*,*,#6171,.T.);
#10925 = FACE_BOUND('',#10926,.T.);
#10926 = EDGE_LOOP('',(#10927,#10928,#10929,#10930));
#10927 = ORIENTED_EDGE('',*,*,#6250,.F.);
#10928 = ORIENTED_EDGE('',*,*,#6297,.T.);
#10929 = ORIENTED_EDGE('',*,*,#6405,.F.);
#10930 = ORIENTED_EDGE('',*,*,#6373,.T.);
#10931 = FACE_BOUND('',#10932,.T.);
#10932 = EDGE_LOOP('',(#10933,#10934,#10935,#10936));
#10933 = ORIENTED_EDGE('',*,*,#6452,.F.);
#10934 = ORIENTED_EDGE('',*,*,#6499,.T.);
#10935 = ORIENTED_EDGE('',*,*,#6607,.F.);
#10936 = ORIENTED_EDGE('',*,*,#6575,.T.);
#10937 = FACE_BOUND('',#10938,.T.);
#10938 = EDGE_LOOP('',(#10939,#10940,#10941,#10942));
#10939 = ORIENTED_EDGE('',*,*,#6654,.F.);
#10940 = ORIENTED_EDGE('',*,*,#6701,.T.);
#10941 = ORIENTED_EDGE('',*,*,#6809,.F.);
#10942 = ORIENTED_EDGE('',*,*,#6777,.T.);
#10943 = FACE_BOUND('',#10944,.T.);
#10944 = EDGE_LOOP('',(#10945,#10946,#10947,#10948));
#10945 = ORIENTED_EDGE('',*,*,#6856,.F.);
#10946 = ORIENTED_EDGE('',*,*,#6903,.T.);
#10947 = ORIENTED_EDGE('',*,*,#7011,.F.);
#10948 = ORIENTED_EDGE('',*,*,#6979,.T.);
#10949 = FACE_BOUND('',#10950,.T.);
#10950 = EDGE_LOOP('',(#10951,#10952,#10953,#10954));
#10951 = ORIENTED_EDGE('',*,*,#7058,.F.);
#10952 = ORIENTED_EDGE('',*,*,#7105,.T.);
#10953 = ORIENTED_EDGE('',*,*,#7213,.F.);
#10954 = ORIENTED_EDGE('',*,*,#7181,.T.);
#10955 = FACE_BOUND('',#10956,.T.);
#10956 = EDGE_LOOP('',(#10957,#10958,#10959,#10960));
#10957 = ORIENTED_EDGE('',*,*,#7260,.F.);
#10958 = ORIENTED_EDGE('',*,*,#7307,.T.);
#10959 = ORIENTED_EDGE('',*,*,#7415,.F.);
#10960 = ORIENTED_EDGE('',*,*,#7383,.T.);
#10961 = FACE_BOUND('',#10962,.T.);
#10962 = EDGE_LOOP('',(#10963,#10964,#10965,#10966));
#10963 = ORIENTED_EDGE('',*,*,#7462,.F.);
#10964 = ORIENTED_EDGE('',*,*,#7509,.T.);
#10965 = ORIENTED_EDGE('',*,*,#7617,.F.);
#10966 = ORIENTED_EDGE('',*,*,#7585,.T.);
#10967 = FACE_BOUND('',#10968,.T.);
#10968 = EDGE_LOOP('',(#10969,#10970,#10971,#10972));
#10969 = ORIENTED_EDGE('',*,*,#7664,.F.);
#10970 = ORIENTED_EDGE('',*,*,#7711,.T.);
#10971 = ORIENTED_EDGE('',*,*,#7819,.F.);
#10972 = ORIENTED_EDGE('',*,*,#7787,.T.);
#10973 = FACE_BOUND('',#10974,.T.);
#10974 = EDGE_LOOP('',(#10975,#10976,#10977,#10978));
#10975 = ORIENTED_EDGE('',*,*,#7866,.F.);
#10976 = ORIENTED_EDGE('',*,*,#7913,.T.);
#10977 = ORIENTED_EDGE('',*,*,#8021,.F.);
#10978 = ORIENTED_EDGE('',*,*,#7989,.T.);
#10979 = FACE_BOUND('',#10980,.T.);
#10980 = EDGE_LOOP('',(#10981,#10982,#10983,#10984));
#10981 = ORIENTED_EDGE('',*,*,#8068,.F.);
#10982 = ORIENTED_EDGE('',*,*,#8115,.T.);
#10983 = ORIENTED_EDGE('',*,*,#8223,.F.);
#10984 = ORIENTED_EDGE('',*,*,#8191,.T.);
#10985 = FACE_BOUND('',#10986,.T.);
#10986 = EDGE_LOOP('',(#10987,#10988,#10989,#10990));
#10987 = ORIENTED_EDGE('',*,*,#8270,.F.);
#10988 = ORIENTED_EDGE('',*,*,#8317,.T.);
#10989 = ORIENTED_EDGE('',*,*,#8425,.F.);
#10990 = ORIENTED_EDGE('',*,*,#8393,.T.);
#10991 = FACE_BOUND('',#10992,.T.);
#10992 = EDGE_LOOP('',(#10993,#10994,#10995,#10996));
#10993 = ORIENTED_EDGE('',*,*,#8472,.F.);
#10994 = ORIENTED_EDGE('',*,*,#8519,.T.);
#10995 = ORIENTED_EDGE('',*,*,#8627,.F.);
#10996 = ORIENTED_EDGE('',*,*,#8595,.T.);
#10997 = FACE_BOUND('',#10998,.T.);
#10998 = EDGE_LOOP('',(#10999,#11000,#11001,#11002));
#10999 = ORIENTED_EDGE('',*,*,#8674,.F.);
#11000 = ORIENTED_EDGE('',*,*,#8721,.T.);
#11001 = ORIENTED_EDGE('',*,*,#8829,.F.);
#11002 = ORIENTED_EDGE('',*,*,#8797,.T.);
#11003 = FACE_BOUND('',#11004,.T.);
#11004 = EDGE_LOOP('',(#11005,#11006,#11007,#11008));
#11005 = ORIENTED_EDGE('',*,*,#8876,.F.);
#11006 = ORIENTED_EDGE('',*,*,#8923,.T.);
#11007 = ORIENTED_EDGE('',*,*,#9031,.F.);
#11008 = ORIENTED_EDGE('',*,*,#8999,.T.);
#11009 = FACE_BOUND('',#11010,.T.);
#11010 = EDGE_LOOP('',(#11011,#11012,#11013,#11014));
#11011 = ORIENTED_EDGE('',*,*,#9078,.F.);
#11012 = ORIENTED_EDGE('',*,*,#9125,.T.);
#11013 = ORIENTED_EDGE('',*,*,#9233,.F.);
#11014 = ORIENTED_EDGE('',*,*,#9201,.T.);
#11015 = FACE_BOUND('',#11016,.T.);
#11016 = EDGE_LOOP('',(#11017,#11047,#11075,#11103));
#11017 = ORIENTED_EDGE('',*,*,#11018,.T.);
#11018 = EDGE_CURVE('',#11019,#11021,#11023,.T.);
#11019 = VERTEX_POINT('',#11020);
#11020 = CARTESIAN_POINT('',(-15.,-15.,1.5));
#11021 = VERTEX_POINT('',#11022);
#11022 = CARTESIAN_POINT('',(-15.,15.,1.5));
#11023 = SURFACE_CURVE('',#11024,(#11028,#11035),.PCURVE_S1.);
#11024 = LINE('',#11025,#11026);
#11025 = CARTESIAN_POINT('',(-15.,-15.,1.5));
#11026 = VECTOR('',#11027,1.);
#11027 = DIRECTION('',(0.,1.,0.));
#11028 = PCURVE('',#4456,#11029);
#11029 = DEFINITIONAL_REPRESENTATION('',(#11030),#11034);
#11030 = LINE('',#11031,#11032);
#11031 = CARTESIAN_POINT('',(60.2,0.));
#11032 = VECTOR('',#11033,1.);
#11033 = DIRECTION('',(0.,1.));
#11034 = ( GEOMETRIC_REPRESENTATION_CONTEXT(2) 
PARAMETRIC_REPRESENTATION_CONTEXT() REPRESENTATION_CONTEXT('2D SPACE',''
  ) );
#11035 = PCURVE('',#11036,#11041);
#11036 = PLANE('',#11037);
#11037 = AXIS2_PLACEMENT_3D('',#11038,#11039,#11040);
#11038 = CARTESIAN_POINT('',(-15.,-15.,1.25));
#11039 = DIRECTION('',(1.,0.,0.));
#11040 = DIRECTION('',(0.,0.,1.));
#11041 = DEFINITIONAL_REPRESENTATION('',(#11042),#11046);
#11042 = LINE('',#11043,#11044);
#11043 = CARTESIAN_POINT('',(0.25,0.));
#11044 = VECTOR('',#11045,1.);
#11045 = DIRECTION('',(0.,-1.));
#11046 = ( GEOMETRIC_REPRESENTATION_CONTEXT(2) 
PARAMETRIC_REPRESENTATION_CONTEXT() REPRESENTATION_CONTEXT('2D SPACE',''
  ) );
#11047 = ORIENTED_EDGE('',*,*,#11048,.T.);
#11048 = EDGE_CURVE('',#11021,#11049,#11051,.T.);
#11049 = VERTEX_POINT('',#11050);
#11050 = CARTESIAN_POINT('',(15.,15.,1.5));
#11051 = SURFACE_CURVE('',#11052,(#11056,#11063),.PCURVE_S1.);
#11052 = LINE('',#11053,#11054);
#11053 = CARTESIAN_POINT('',(-15.,15.,1.5));
#11054 = VECTOR('',#11055,1.);
#11055 = DIRECTION('',(1.,0.,0.));
#11056 = PCURVE('',#4456,#11057);
#11057 = DEFINITIONAL_REPRESENTATION('',(#11058),#11062);
#11058 = LINE('',#11059,#11060);
#11059 = CARTESIAN_POINT('',(60.2,30.));
#11060 = VECTOR('',#11061,1.);
#11061 = DIRECTION('',(1.,0.));
#11062 = ( GEOMETRIC_REPRESENTATION_CONTEXT(2) 
PARAMETRIC_REPRESENTATION_CONTEXT() REPRESENTATION_CONTEXT('2D SPACE',''
  ) );
#11063 = PCURVE('',#11064,#11069);
#11064 = PLANE('',#11065);
#11065 = AXIS2_PLACEMENT_3D('',#11066,#11067,#11068);
#11066 = CARTESIAN_POINT('',(-15.,15.,1.25));
#11067 = DIRECTION('',(0.,1.,0.));
#11068 = DIRECTION('',(0.,0.,1.));
#11069 = DEFINITIONAL_REPRESENTATION('',(#11070),#11074);
#11070 = LINE('',#11071,#11072);
#11071 = CARTESIAN_POINT('',(0.25,0.));
#11072 = VECTOR('',#11073,1.);
#11073 = DIRECTION('',(0.,1.));
#11074 = ( GEOMETRIC_REPRESENTATION_CONTEXT(2) 
PARAMETRIC_REPRESENTATION_CONTEXT() REPRESENTATION_CONTEXT('2D SPACE',''
  ) );
#11075 = ORIENTED_EDGE('',*,*,#11076,.F.);
#11076 = EDGE_CURVE('',#11077,#11049,#11079,.T.);
#11077 = VERTEX_POINT('',#11078);
#11078 = CARTESIAN_POINT('',(15.,-15.,1.5));
#11079 = SURFACE_CURVE('',#11080,(#11084,#11091),.PCURVE_S1.);
#11080 = LINE('',#11081,#11082);
#11081 = CARTESIAN_POINT('',(15.,-15.,1.5));
#11082 = VECTOR('',#11083,1.);
#11083 = DIRECTION('',(0.,1.,0.));
#11084 = PCURVE('',#4456,#11085);
#11085 = DEFINITIONAL_REPRESENTATION('',(#11086),#11090);
#11086 = LINE('',#11087,#11088);
#11087 = CARTESIAN_POINT('',(90.2,0.));
#11088 = VECTOR('',#11089,1.);
#11089 = DIRECTION('',(0.,1.));
#11090 = ( GEOMETRIC_REPRESENTATION_CONTEXT(2) 
PARAMETRIC_REPRESENTATION_CONTEXT() REPRESENTATION_CONTEXT('2D SPACE',''
  ) );
#11091 = PCURVE('',#11092,#11097);
#11092 = PLANE('',#11093);
#11093 = AXIS2_PLACEMENT_3D('',#11094,#11095,#11096);
#11094 = CARTESIAN_POINT('',(15.,-15.,1.25));
#11095 = DIRECTION('',(1.,0.,0.));
#11096 = DIRECTION('',(0.,0.,1.));
#11097 = DEFINITIONAL_REPRESENTATION('',(#11098),#11102);
#11098 = LINE('',#11099,#11100);
#11099 = CARTESIAN_POINT('',(0.25,0.));
#11100 = VECTOR('',#11101,1.);
#11101 = DIRECTION('',(0.,-1.));
#11102 = ( GEOMETRIC_REPRESENTATION_CONTEXT(2) 
PARAMETRIC_REPRESENTATION_CONTEXT() REPRESENTATION_CONTEXT('2D SPACE',''
  ) );
#11103 = ORIENTED_EDGE('',*,*,#11104,.F.);
#11104 = EDGE_CURVE('',#11019,#11077,#11105,.T.);
#11105 = SURFACE_CURVE('',#11106,(#11110,#11117),.PCURVE_S1.);
#11106 = LINE('',#11107,#11108);
#11107 = CARTESIAN_POINT('',(-15.,-15.,1.5));
#11108 = VECTOR('',#11109,1.);
#11109 = DIRECTION('',(1.,0.,0.));
#11110 = PCURVE('',#4456,#11111);
#11111 = DEFINITIONAL_REPRESENTATION('',(#11112),#11116);
#11112 = LINE('',#11113,#11114);
#11113 = CARTESIAN_POINT('',(60.2,0.));
#11114 = VECTOR('',#11115,1.);
#11115 = DIRECTION('',(1.,0.));
#11116 = ( GEOMETRIC_REPRESENTATION_CONTEXT(2) 
PARAMETRIC_REPRESENTATION_CONTEXT() REPRESENTATION_CONTEXT('2D SPACE',''
  ) );
#11117 = PCURVE('',#11118,#11123);
#11118 = PLANE('',#11119);
#11119 = AXIS2_PLACEMENT_3D('',#11120,#11121,#11122);
#11120 = CARTESIAN_POINT('',(-15.,-15.,1.25));
#11121 = DIRECTION('',(0.,1.,0.));
#11122 = DIRECTION('',(0.,0.,1.));
#11123 = DEFINITIONAL_REPRESENTATION('',(#11124),#11128);
#11124 = LINE('',#11125,#11126);
#11125 = CARTESIAN_POINT('',(0.25,0.));
#11126 = VECTOR('',#11127,1.);
#11127 = DIRECTION('',(0.,1.));
#11128 = ( GEOMETRIC_REPRESENTATION_CONTEXT(2) 
PARAMETRIC_REPRESENTATION_CONTEXT() REPRESENTATION_CONTEXT('2D SPACE',''
  ) );
#11129 = FACE_BOUND('',#11130,.T.);
#11130 = EDGE_LOOP('',(#11131,#11132,#11133,#11134));
#11131 = ORIENTED_EDGE('',*,*,#9280,.F.);
#11132 = ORIENTED_EDGE('',*,*,#9327,.T.);
#11133 = ORIENTED_EDGE('',*,*,#9435,.F.);
#11134 = ORIENTED_EDGE('',*,*,#9403,.T.);
#11135 = FACE_BOUND('',#11136,.T.);
#11136 = EDGE_LOOP('',(#11137,#11138,#11139,#11140));
#11137 = ORIENTED_EDGE('',*,*,#9482,.F.);
#11138 = ORIENTED_EDGE('',*,*,#9529,.T.);
#11139 = ORIENTED_EDGE('',*,*,#9637,.F.);
#11140 = ORIENTED_EDGE('',*,*,#9605,.T.);
#11141 = FACE_BOUND('',#11142,.T.);
#11142 = EDGE_LOOP('',(#11143,#11144,#11145,#11146));
#11143 = ORIENTED_EDGE('',*,*,#9684,.F.);
#11144 = ORIENTED_EDGE('',*,*,#9731,.T.);
#11145 = ORIENTED_EDGE('',*,*,#9839,.F.);
#11146 = ORIENTED_EDGE('',*,*,#9807,.T.);
#11147 = FACE_BOUND('',#11148,.T.);
#11148 = EDGE_LOOP('',(#11149,#11150,#11151,#11152));
#11149 = ORIENTED_EDGE('',*,*,#9886,.F.);
#11150 = ORIENTED_EDGE('',*,*,#9933,.T.);
#11151 = ORIENTED_EDGE('',*,*,#10041,.F.);
#11152 = ORIENTED_EDGE('',*,*,#10009,.T.);
#11153 = FACE_BOUND('',#11154,.T.);
#11154 = EDGE_LOOP('',(#11155,#11156,#11157,#11158));
#11155 = ORIENTED_EDGE('',*,*,#10088,.F.);
#11156 = ORIENTED_EDGE('',*,*,#10135,.T.);
#11157 = ORIENTED_EDGE('',*,*,#10243,.F.);
#11158 = ORIENTED_EDGE('',*,*,#10211,.T.);
#11159 = FACE_BOUND('',#11160,.T.);
#11160 = EDGE_LOOP('',(#11161,#11162,#11163,#11164));
#11161 = ORIENTED_EDGE('',*,*,#10290,.F.);
#11162 = ORIENTED_EDGE('',*,*,#10337,.T.);
#11163 = ORIENTED_EDGE('',*,*,#10445,.F.);
#11164 = ORIENTED_EDGE('',*,*,#10413,.T.);
#11165 = FACE_BOUND('',#11166,.T.);
#11166 = EDGE_LOOP('',(#11167,#11168,#11169,#11170));
#11167 = ORIENTED_EDGE('',*,*,#10492,.F.);
#11168 = ORIENTED_EDGE('',*,*,#10539,.T.);
#11169 = ORIENTED_EDGE('',*,*,#10647,.F.);
#11170 = ORIENTED_EDGE('',*,*,#10615,.T.);
#11171 = FACE_BOUND('',#11172,.T.);
#11172 = EDGE_LOOP('',(#11173,#11174,#11175,#11176));
#11173 = ORIENTED_EDGE('',*,*,#10694,.F.);
#11174 = ORIENTED_EDGE('',*,*,#10842,.T.);
#11175 = ORIENTED_EDGE('',*,*,#10817,.F.);
#11176 = ORIENTED_EDGE('',*,*,#10763,.T.);
#11177 = ADVANCED_FACE('',(#11178),#11036,.T.);
#11178 = FACE_BOUND('',#11179,.T.);
#11179 = EDGE_LOOP('',(#11180,#11203,#11231,#11252));
#11180 = ORIENTED_EDGE('',*,*,#11181,.F.);
#11181 = EDGE_CURVE('',#11182,#11019,#11184,.T.);
#11182 = VERTEX_POINT('',#11183);
#11183 = CARTESIAN_POINT('',(-15.,-15.,1.49875));
#11184 = SURFACE_CURVE('',#11185,(#11189,#11196),.PCURVE_S1.);
#11185 = LINE('',#11186,#11187);
#11186 = CARTESIAN_POINT('',(-15.,-15.,1.25));
#11187 = VECTOR('',#11188,1.);
#11188 = DIRECTION('',(0.,0.,1.));
#11189 = PCURVE('',#11036,#11190);
#11190 = DEFINITIONAL_REPRESENTATION('',(#11191),#11195);
#11191 = LINE('',#11192,#11193);
#11192 = CARTESIAN_POINT('',(0.,0.));
#11193 = VECTOR('',#11194,1.);
#11194 = DIRECTION('',(1.,0.));
#11195 = ( GEOMETRIC_REPRESENTATION_CONTEXT(2) 
PARAMETRIC_REPRESENTATION_CONTEXT() REPRESENTATION_CONTEXT('2D SPACE',''
  ) );
#11196 = PCURVE('',#11118,#11197);
#11197 = DEFINITIONAL_REPRESENTATION('',(#11198),#11202);
#11198 = LINE('',#11199,#11200);
#11199 = CARTESIAN_POINT('',(0.,0.));
#11200 = VECTOR('',#11201,1.);
#11201 = DIRECTION('',(1.,0.));
#11202 = ( GEOMETRIC_REPRESENTATION_CONTEXT(2) 
PARAMETRIC_REPRESENTATION_CONTEXT() REPRESENTATION_CONTEXT('2D SPACE',''
  ) );
#11203 = ORIENTED_EDGE('',*,*,#11204,.T.);
#11204 = EDGE_CURVE('',#11182,#11205,#11207,.T.);
#11205 = VERTEX_POINT('',#11206);
#11206 = CARTESIAN_POINT('',(-15.,15.,1.49875));
#11207 = SURFACE_CURVE('',#11208,(#11212,#11219),.PCURVE_S1.);
#11208 = LINE('',#11209,#11210);
#11209 = CARTESIAN_POINT('',(-15.,-15.,1.49875));
#11210 = VECTOR('',#11211,1.);
#11211 = DIRECTION('',(0.,1.,0.));
#11212 = PCURVE('',#11036,#11213);
#11213 = DEFINITIONAL_REPRESENTATION('',(#11214),#11218);
#11214 = LINE('',#11215,#11216);
#11215 = CARTESIAN_POINT('',(0.24875,0.));
#11216 = VECTOR('',#11217,1.);
#11217 = DIRECTION('',(0.,-1.));
#11218 = ( GEOMETRIC_REPRESENTATION_CONTEXT(2) 
PARAMETRIC_REPRESENTATION_CONTEXT() REPRESENTATION_CONTEXT('2D SPACE',''
  ) );
#11219 = PCURVE('',#11220,#11225);
#11220 = CYLINDRICAL_SURFACE('',#11221,0.24875);
#11221 = AXIS2_PLACEMENT_3D('',#11222,#11223,#11224);
#11222 = CARTESIAN_POINT('',(-14.75125,-15.,1.49875));
#11223 = DIRECTION('',(0.,1.,0.));
#11224 = DIRECTION('',(-1.,0.,0.));
#11225 = DEFINITIONAL_REPRESENTATION('',(#11226),#11230);
#11226 = LINE('',#11227,#11228);
#11227 = CARTESIAN_POINT('',(-0.,0.));
#11228 = VECTOR('',#11229,1.);
#11229 = DIRECTION('',(-0.,1.));
#11230 = ( GEOMETRIC_REPRESENTATION_CONTEXT(2) 
PARAMETRIC_REPRESENTATION_CONTEXT() REPRESENTATION_CONTEXT('2D SPACE',''
  ) );
#11231 = ORIENTED_EDGE('',*,*,#11232,.T.);
#11232 = EDGE_CURVE('',#11205,#11021,#11233,.T.);
#11233 = SURFACE_CURVE('',#11234,(#11238,#11245),.PCURVE_S1.);
#11234 = LINE('',#11235,#11236);
#11235 = CARTESIAN_POINT('',(-15.,15.,1.25));
#11236 = VECTOR('',#11237,1.);
#11237 = DIRECTION('',(0.,0.,1.));
#11238 = PCURVE('',#11036,#11239);
#11239 = DEFINITIONAL_REPRESENTATION('',(#11240),#11244);
#11240 = LINE('',#11241,#11242);
#11241 = CARTESIAN_POINT('',(0.,-30.));
#11242 = VECTOR('',#11243,1.);
#11243 = DIRECTION('',(1.,0.));
#11244 = ( GEOMETRIC_REPRESENTATION_CONTEXT(2) 
PARAMETRIC_REPRESENTATION_CONTEXT() REPRESENTATION_CONTEXT('2D SPACE',''
  ) );
#11245 = PCURVE('',#11064,#11246);
#11246 = DEFINITIONAL_REPRESENTATION('',(#11247),#11251);
#11247 = LINE('',#11248,#11249);
#11248 = CARTESIAN_POINT('',(0.,0.));
#11249 = VECTOR('',#11250,1.);
#11250 = DIRECTION('',(1.,0.));
#11251 = ( GEOMETRIC_REPRESENTATION_CONTEXT(2) 
PARAMETRIC_REPRESENTATION_CONTEXT() REPRESENTATION_CONTEXT('2D SPACE',''
  ) );
#11252 = ORIENTED_EDGE('',*,*,#11018,.F.);
#11253 = ADVANCED_FACE('',(#11254),#11064,.F.);
#11254 = FACE_BOUND('',#11255,.F.);
#11255 = EDGE_LOOP('',(#11256,#11279,#11305,#11306));
#11256 = ORIENTED_EDGE('',*,*,#11257,.F.);
#11257 = EDGE_CURVE('',#11258,#11049,#11260,.T.);
#11258 = VERTEX_POINT('',#11259);
#11259 = CARTESIAN_POINT('',(15.,15.,1.49875));
#11260 = SURFACE_CURVE('',#11261,(#11265,#11272),.PCURVE_S1.);
#11261 = LINE('',#11262,#11263);
#11262 = CARTESIAN_POINT('',(15.,15.,1.25));
#11263 = VECTOR('',#11264,1.);
#11264 = DIRECTION('',(0.,0.,1.));
#11265 = PCURVE('',#11064,#11266);
#11266 = DEFINITIONAL_REPRESENTATION('',(#11267),#11271);
#11267 = LINE('',#11268,#11269);
#11268 = CARTESIAN_POINT('',(0.,30.));
#11269 = VECTOR('',#11270,1.);
#11270 = DIRECTION('',(1.,0.));
#11271 = ( GEOMETRIC_REPRESENTATION_CONTEXT(2) 
PARAMETRIC_REPRESENTATION_CONTEXT() REPRESENTATION_CONTEXT('2D SPACE',''
  ) );
#11272 = PCURVE('',#11092,#11273);
#11273 = DEFINITIONAL_REPRESENTATION('',(#11274),#11278);
#11274 = LINE('',#11275,#11276);
#11275 = CARTESIAN_POINT('',(0.,-30.));
#11276 = VECTOR('',#11277,1.);
#11277 = DIRECTION('',(1.,0.));
#11278 = ( GEOMETRIC_REPRESENTATION_CONTEXT(2) 
PARAMETRIC_REPRESENTATION_CONTEXT() REPRESENTATION_CONTEXT('2D SPACE',''
  ) );
#11279 = ORIENTED_EDGE('',*,*,#11280,.F.);
#11280 = EDGE_CURVE('',#11205,#11258,#11281,.T.);
#11281 = SURFACE_CURVE('',#11282,(#11286,#11293),.PCURVE_S1.);
#11282 = LINE('',#11283,#11284);
#11283 = CARTESIAN_POINT('',(-15.,15.,1.49875));
#11284 = VECTOR('',#11285,1.);
#11285 = DIRECTION('',(1.,0.,0.));
#11286 = PCURVE('',#11064,#11287);
#11287 = DEFINITIONAL_REPRESENTATION('',(#11288),#11292);
#11288 = LINE('',#11289,#11290);
#11289 = CARTESIAN_POINT('',(0.24875,0.));
#11290 = VECTOR('',#11291,1.);
#11291 = DIRECTION('',(0.,1.));
#11292 = ( GEOMETRIC_REPRESENTATION_CONTEXT(2) 
PARAMETRIC_REPRESENTATION_CONTEXT() REPRESENTATION_CONTEXT('2D SPACE',''
  ) );
#11293 = PCURVE('',#11294,#11299);
#11294 = CYLINDRICAL_SURFACE('',#11295,0.24875);
#11295 = AXIS2_PLACEMENT_3D('',#11296,#11297,#11298);
#11296 = CARTESIAN_POINT('',(-15.,14.75125,1.49875));
#11297 = DIRECTION('',(1.,0.,0.));
#11298 = DIRECTION('',(-0.,1.,0.));
#11299 = DEFINITIONAL_REPRESENTATION('',(#11300),#11304);
#11300 = LINE('',#11301,#11302);
#11301 = CARTESIAN_POINT('',(-0.,0.));
#11302 = VECTOR('',#11303,1.);
#11303 = DIRECTION('',(-0.,1.));
#11304 = ( GEOMETRIC_REPRESENTATION_CONTEXT(2) 
PARAMETRIC_REPRESENTATION_CONTEXT() REPRESENTATION_CONTEXT('2D SPACE',''
  ) );
#11305 = ORIENTED_EDGE('',*,*,#11232,.T.);
#11306 = ORIENTED_EDGE('',*,*,#11048,.T.);
#11307 = ADVANCED_FACE('',(#11308),#11118,.T.);
#11308 = FACE_BOUND('',#11309,.T.);
#11309 = EDGE_LOOP('',(#11310,#11333,#11359,#11360));
#11310 = ORIENTED_EDGE('',*,*,#11311,.F.);
#11311 = EDGE_CURVE('',#11312,#11077,#11314,.T.);
#11312 = VERTEX_POINT('',#11313);
#11313 = CARTESIAN_POINT('',(15.,-15.,1.49875));
#11314 = SURFACE_CURVE('',#11315,(#11319,#11326),.PCURVE_S1.);
#11315 = LINE('',#11316,#11317);
#11316 = CARTESIAN_POINT('',(15.,-15.,1.25));
#11317 = VECTOR('',#11318,1.);
#11318 = DIRECTION('',(0.,0.,1.));
#11319 = PCURVE('',#11118,#11320);
#11320 = DEFINITIONAL_REPRESENTATION('',(#11321),#11325);
#11321 = LINE('',#11322,#11323);
#11322 = CARTESIAN_POINT('',(0.,30.));
#11323 = VECTOR('',#11324,1.);
#11324 = DIRECTION('',(1.,0.));
#11325 = ( GEOMETRIC_REPRESENTATION_CONTEXT(2) 
PARAMETRIC_REPRESENTATION_CONTEXT() REPRESENTATION_CONTEXT('2D SPACE',''
  ) );
#11326 = PCURVE('',#11092,#11327);
#11327 = DEFINITIONAL_REPRESENTATION('',(#11328),#11332);
#11328 = LINE('',#11329,#11330);
#11329 = CARTESIAN_POINT('',(0.,0.));
#11330 = VECTOR('',#11331,1.);
#11331 = DIRECTION('',(1.,0.));
#11332 = ( GEOMETRIC_REPRESENTATION_CONTEXT(2) 
PARAMETRIC_REPRESENTATION_CONTEXT() REPRESENTATION_CONTEXT('2D SPACE',''
  ) );
#11333 = ORIENTED_EDGE('',*,*,#11334,.F.);
#11334 = EDGE_CURVE('',#11182,#11312,#11335,.T.);
#11335 = SURFACE_CURVE('',#11336,(#11340,#11347),.PCURVE_S1.);
#11336 = LINE('',#11337,#11338);
#11337 = CARTESIAN_POINT('',(-15.,-15.,1.49875));
#11338 = VECTOR('',#11339,1.);
#11339 = DIRECTION('',(1.,0.,0.));
#11340 = PCURVE('',#11118,#11341);
#11341 = DEFINITIONAL_REPRESENTATION('',(#11342),#11346);
#11342 = LINE('',#11343,#11344);
#11343 = CARTESIAN_POINT('',(0.24875,0.));
#11344 = VECTOR('',#11345,1.);
#11345 = DIRECTION('',(0.,1.));
#11346 = ( GEOMETRIC_REPRESENTATION_CONTEXT(2) 
PARAMETRIC_REPRESENTATION_CONTEXT() REPRESENTATION_CONTEXT('2D SPACE',''
  ) );
#11347 = PCURVE('',#11348,#11353);
#11348 = CYLINDRICAL_SURFACE('',#11349,0.24875);
#11349 = AXIS2_PLACEMENT_3D('',#11350,#11351,#11352);
#11350 = CARTESIAN_POINT('',(-15.,-14.75125,1.49875));
#11351 = DIRECTION('',(1.,0.,0.));
#11352 = DIRECTION('',(0.,-1.,0.));
#11353 = DEFINITIONAL_REPRESENTATION('',(#11354),#11358);
#11354 = LINE('',#11355,#11356);
#11355 = CARTESIAN_POINT('',(0.,0.));
#11356 = VECTOR('',#11357,1.);
#11357 = DIRECTION('',(0.,1.));
#11358 = ( GEOMETRIC_REPRESENTATION_CONTEXT(2) 
PARAMETRIC_REPRESENTATION_CONTEXT() REPRESENTATION_CONTEXT('2D SPACE',''
  ) );
#11359 = ORIENTED_EDGE('',*,*,#11181,.T.);
#11360 = ORIENTED_EDGE('',*,*,#11104,.T.);
#11361 = ADVANCED_FACE('',(#11362),#11092,.F.);
#11362 = FACE_BOUND('',#11363,.F.);
#11363 = EDGE_LOOP('',(#11364,#11365,#11391,#11392));
#11364 = ORIENTED_EDGE('',*,*,#11311,.F.);
#11365 = ORIENTED_EDGE('',*,*,#11366,.T.);
#11366 = EDGE_CURVE('',#11312,#11258,#11367,.T.);
#11367 = SURFACE_CURVE('',#11368,(#11372,#11379),.PCURVE_S1.);
#11368 = LINE('',#11369,#11370);
#11369 = CARTESIAN_POINT('',(15.,-15.,1.49875));
#11370 = VECTOR('',#11371,1.);
#11371 = DIRECTION('',(0.,1.,0.));
#11372 = PCURVE('',#11092,#11373);
#11373 = DEFINITIONAL_REPRESENTATION('',(#11374),#11378);
#11374 = LINE('',#11375,#11376);
#11375 = CARTESIAN_POINT('',(0.24875,0.));
#11376 = VECTOR('',#11377,1.);
#11377 = DIRECTION('',(0.,-1.));
#11378 = ( GEOMETRIC_REPRESENTATION_CONTEXT(2) 
PARAMETRIC_REPRESENTATION_CONTEXT() REPRESENTATION_CONTEXT('2D SPACE',''
  ) );
#11379 = PCURVE('',#11380,#11385);
#11380 = CYLINDRICAL_SURFACE('',#11381,0.24875);
#11381 = AXIS2_PLACEMENT_3D('',#11382,#11383,#11384);
#11382 = CARTESIAN_POINT('',(14.75125,-15.,1.49875));
#11383 = DIRECTION('',(0.,1.,0.));
#11384 = DIRECTION('',(1.,0.,-0.));
#11385 = DEFINITIONAL_REPRESENTATION('',(#11386),#11390);
#11386 = LINE('',#11387,#11388);
#11387 = CARTESIAN_POINT('',(0.,0.));
#11388 = VECTOR('',#11389,1.);
#11389 = DIRECTION('',(0.,1.));
#11390 = ( GEOMETRIC_REPRESENTATION_CONTEXT(2) 
PARAMETRIC_REPRESENTATION_CONTEXT() REPRESENTATION_CONTEXT('2D SPACE',''
  ) );
#11391 = ORIENTED_EDGE('',*,*,#11257,.T.);
#11392 = ORIENTED_EDGE('',*,*,#11076,.F.);
#11393 = ADVANCED_FACE('',(#11394),#11220,.F.);
#11394 = FACE_BOUND('',#11395,.T.);
#11395 = EDGE_LOOP('',(#11396,#11428,#11456,#11486));
#11396 = ORIENTED_EDGE('',*,*,#11397,.T.);
#11397 = EDGE_CURVE('',#11182,#11398,#11400,.T.);
#11398 = VERTEX_POINT('',#11399);
#11399 = CARTESIAN_POINT('',(-14.75125,-14.75125,1.25));
#11400 = SURFACE_CURVE('',#11401,(#11406,#11417),.PCURVE_S1.);
#11401 = ELLIPSE('',#11402,0.35178562364,0.24875);
#11402 = AXIS2_PLACEMENT_3D('',#11403,#11404,#11405);
#11403 = CARTESIAN_POINT('',(-14.75125,-14.75125,1.49875));
#11404 = DIRECTION('',(0.707106781187,-0.707106781187,-0.));
#11405 = DIRECTION('',(0.707106781187,0.707106781187,0.));
#11406 = PCURVE('',#11220,#11407);
#11407 = DEFINITIONAL_REPRESENTATION('',(#11408),#11416);
#11408 = B_SPLINE_CURVE_WITH_KNOTS('',6,(#11409,#11410,#11411,#11412,
    #11413,#11414,#11415),.UNSPECIFIED.,.F.,.F.,(7,7),(3.14159265359,
    4.712388980385),.PIECEWISE_BEZIER_KNOTS.);
#11409 = CARTESIAN_POINT('',(2.22044604925E-16,-4.163336342344E-17));
#11410 = CARTESIAN_POINT('',(-0.261799387799,2.201439031069E-16));
#11411 = CARTESIAN_POINT('',(-0.523597529291,2.045406154084E-02));
#11412 = CARTESIAN_POINT('',(-0.785398384096,6.139464863821E-02));
#11413 = CARTESIAN_POINT('',(-1.047198560361,0.118509701702));
#11414 = CARTESIAN_POINT('',(-1.308996938996,0.183627402285));
#11415 = CARTESIAN_POINT('',(-1.570796326795,0.24875));
#11416 = ( GEOMETRIC_REPRESENTATION_CONTEXT(2) 
PARAMETRIC_REPRESENTATION_CONTEXT() REPRESENTATION_CONTEXT('2D SPACE',''
  ) );
#11417 = PCURVE('',#11348,#11418);
#11418 = DEFINITIONAL_REPRESENTATION('',(#11419),#11427);
#11419 = B_SPLINE_CURVE_WITH_KNOTS('',6,(#11420,#11421,#11422,#11423,
    #11424,#11425,#11426),.UNSPECIFIED.,.F.,.F.,(7,7),(3.14159265359,
    4.712388980385),.PIECEWISE_BEZIER_KNOTS.);
#11420 = CARTESIAN_POINT('',(-2.22044604925E-16,-4.163336342344E-17));
#11421 = CARTESIAN_POINT('',(0.261799387799,2.201439031069E-16));
#11422 = CARTESIAN_POINT('',(0.523597529291,2.045406154084E-02));
#11423 = CARTESIAN_POINT('',(0.785398384096,6.139464863821E-02));
#11424 = CARTESIAN_POINT('',(1.047198560361,0.118509701702));
#11425 = CARTESIAN_POINT('',(1.308996938996,0.183627402285));
#11426 = CARTESIAN_POINT('',(1.570796326795,0.24875));
#11427 = ( GEOMETRIC_REPRESENTATION_CONTEXT(2) 
PARAMETRIC_REPRESENTATION_CONTEXT() REPRESENTATION_CONTEXT('2D SPACE',''
  ) );
#11428 = ORIENTED_EDGE('',*,*,#11429,.T.);
#11429 = EDGE_CURVE('',#11398,#11430,#11432,.T.);
#11430 = VERTEX_POINT('',#11431);
#11431 = CARTESIAN_POINT('',(-14.75125,14.75125,1.25));
#11432 = SURFACE_CURVE('',#11433,(#11437,#11444),.PCURVE_S1.);
#11433 = LINE('',#11434,#11435);
#11434 = CARTESIAN_POINT('',(-14.75125,-15.,1.25));
#11435 = VECTOR('',#11436,1.);
#11436 = DIRECTION('',(0.,1.,0.));
#11437 = PCURVE('',#11220,#11438);
#11438 = DEFINITIONAL_REPRESENTATION('',(#11439),#11443);
#11439 = LINE('',#11440,#11441);
#11440 = CARTESIAN_POINT('',(-1.570796326795,0.));
#11441 = VECTOR('',#11442,1.);
#11442 = DIRECTION('',(-0.,1.));
#11443 = ( GEOMETRIC_REPRESENTATION_CONTEXT(2) 
PARAMETRIC_REPRESENTATION_CONTEXT() REPRESENTATION_CONTEXT('2D SPACE',''
  ) );
#11444 = PCURVE('',#11445,#11450);
#11445 = PLANE('',#11446);
#11446 = AXIS2_PLACEMENT_3D('',#11447,#11448,#11449);
#11447 = CARTESIAN_POINT('',(-15.,-15.,1.25));
#11448 = DIRECTION('',(0.,0.,1.));
#11449 = DIRECTION('',(1.,0.,0.));
#11450 = DEFINITIONAL_REPRESENTATION('',(#11451),#11455);
#11451 = LINE('',#11452,#11453);
#11452 = CARTESIAN_POINT('',(0.24875,0.));
#11453 = VECTOR('',#11454,1.);
#11454 = DIRECTION('',(0.,1.));
#11455 = ( GEOMETRIC_REPRESENTATION_CONTEXT(2) 
PARAMETRIC_REPRESENTATION_CONTEXT() REPRESENTATION_CONTEXT('2D SPACE',''
  ) );
#11456 = ORIENTED_EDGE('',*,*,#11457,.F.);
#11457 = EDGE_CURVE('',#11205,#11430,#11458,.T.);
#11458 = SURFACE_CURVE('',#11459,(#11464,#11475),.PCURVE_S1.);
#11459 = ELLIPSE('',#11460,0.35178562364,0.24875);
#11460 = AXIS2_PLACEMENT_3D('',#11461,#11462,#11463);
#11461 = CARTESIAN_POINT('',(-14.75125,14.75125,1.49875));
#11462 = DIRECTION('',(-0.707106781187,-0.707106781187,-0.));
#11463 = DIRECTION('',(-0.707106781187,0.707106781187,0.));
#11464 = PCURVE('',#11220,#11465);
#11465 = DEFINITIONAL_REPRESENTATION('',(#11466),#11474);
#11466 = B_SPLINE_CURVE_WITH_KNOTS('',6,(#11467,#11468,#11469,#11470,
    #11471,#11472,#11473),.UNSPECIFIED.,.F.,.F.,(7,7),(0.,1.570796326795
    ),.PIECEWISE_BEZIER_KNOTS.);
#11467 = CARTESIAN_POINT('',(-1.110223024625E-16,30.));
#11468 = CARTESIAN_POINT('',(-0.261799387799,30.));
#11469 = CARTESIAN_POINT('',(-0.523597529291,29.979545938459));
#11470 = CARTESIAN_POINT('',(-0.785398384094,29.938605351362));
#11471 = CARTESIAN_POINT('',(-1.047198560361,29.881490298298));
#11472 = CARTESIAN_POINT('',(-1.308996938996,29.816372597715));
#11473 = CARTESIAN_POINT('',(-1.570796326795,29.75125));
#11474 = ( GEOMETRIC_REPRESENTATION_CONTEXT(2) 
PARAMETRIC_REPRESENTATION_CONTEXT() REPRESENTATION_CONTEXT('2D SPACE',''
  ) );
#11475 = PCURVE('',#11294,#11476);
#11476 = DEFINITIONAL_REPRESENTATION('',(#11477),#11485);
#11477 = B_SPLINE_CURVE_WITH_KNOTS('',6,(#11478,#11479,#11480,#11481,
    #11482,#11483,#11484),.UNSPECIFIED.,.F.,.F.,(7,7),(0.,1.570796326795
    ),.PIECEWISE_BEZIER_KNOTS.);
#11478 = CARTESIAN_POINT('',(2.22044604925E-16,-4.163336342344E-17));
#11479 = CARTESIAN_POINT('',(-0.261799387799,1.640287905502E-16));
#11480 = CARTESIAN_POINT('',(-0.523597529291,2.045406154084E-02));
#11481 = CARTESIAN_POINT('',(-0.785398384096,6.139464863821E-02));
#11482 = CARTESIAN_POINT('',(-1.047198560361,0.118509701702));
#11483 = CARTESIAN_POINT('',(-1.308996938996,0.183627402285));
#11484 = CARTESIAN_POINT('',(-1.570796326795,0.24875));
#11485 = ( GEOMETRIC_REPRESENTATION_CONTEXT(2) 
PARAMETRIC_REPRESENTATION_CONTEXT() REPRESENTATION_CONTEXT('2D SPACE',''
  ) );
#11486 = ORIENTED_EDGE('',*,*,#11204,.F.);
#11487 = ADVANCED_FACE('',(#11488),#11294,.F.);
#11488 = FACE_BOUND('',#11489,.T.);
#11489 = EDGE_LOOP('',(#11490,#11491,#11514,#11544));
#11490 = ORIENTED_EDGE('',*,*,#11457,.T.);
#11491 = ORIENTED_EDGE('',*,*,#11492,.T.);
#11492 = EDGE_CURVE('',#11430,#11493,#11495,.T.);
#11493 = VERTEX_POINT('',#11494);
#11494 = CARTESIAN_POINT('',(14.75125,14.75125,1.25));
#11495 = SURFACE_CURVE('',#11496,(#11500,#11507),.PCURVE_S1.);
#11496 = LINE('',#11497,#11498);
#11497 = CARTESIAN_POINT('',(-15.,14.75125,1.25));
#11498 = VECTOR('',#11499,1.);
#11499 = DIRECTION('',(1.,0.,0.));
#11500 = PCURVE('',#11294,#11501);
#11501 = DEFINITIONAL_REPRESENTATION('',(#11502),#11506);
#11502 = LINE('',#11503,#11504);
#11503 = CARTESIAN_POINT('',(-1.570796326795,0.));
#11504 = VECTOR('',#11505,1.);
#11505 = DIRECTION('',(-0.,1.));
#11506 = ( GEOMETRIC_REPRESENTATION_CONTEXT(2) 
PARAMETRIC_REPRESENTATION_CONTEXT() REPRESENTATION_CONTEXT('2D SPACE',''
  ) );
#11507 = PCURVE('',#11445,#11508);
#11508 = DEFINITIONAL_REPRESENTATION('',(#11509),#11513);
#11509 = LINE('',#11510,#11511);
#11510 = CARTESIAN_POINT('',(0.,29.75125));
#11511 = VECTOR('',#11512,1.);
#11512 = DIRECTION('',(1.,0.));
#11513 = ( GEOMETRIC_REPRESENTATION_CONTEXT(2) 
PARAMETRIC_REPRESENTATION_CONTEXT() REPRESENTATION_CONTEXT('2D SPACE',''
  ) );
#11514 = ORIENTED_EDGE('',*,*,#11515,.F.);
#11515 = EDGE_CURVE('',#11258,#11493,#11516,.T.);
#11516 = SURFACE_CURVE('',#11517,(#11522,#11533),.PCURVE_S1.);
#11517 = ELLIPSE('',#11518,0.35178562364,0.24875);
#11518 = AXIS2_PLACEMENT_3D('',#11519,#11520,#11521);
#11519 = CARTESIAN_POINT('',(14.75125,14.75125,1.49875));
#11520 = DIRECTION('',(-0.707106781187,0.707106781187,0.));
#11521 = DIRECTION('',(0.707106781187,0.707106781187,0.));
#11522 = PCURVE('',#11294,#11523);
#11523 = DEFINITIONAL_REPRESENTATION('',(#11524),#11532);
#11524 = B_SPLINE_CURVE_WITH_KNOTS('',6,(#11525,#11526,#11527,#11528,
    #11529,#11530,#11531),.UNSPECIFIED.,.F.,.F.,(7,7),(0.,1.570796326795
    ),.PIECEWISE_BEZIER_KNOTS.);
#11525 = CARTESIAN_POINT('',(-1.110223024625E-16,30.));
#11526 = CARTESIAN_POINT('',(-0.261799387799,30.));
#11527 = CARTESIAN_POINT('',(-0.523597529292,29.979545938459));
#11528 = CARTESIAN_POINT('',(-0.785398384093,29.938605351361));
#11529 = CARTESIAN_POINT('',(-1.047198560362,29.881490298299));
#11530 = CARTESIAN_POINT('',(-1.308996938996,29.816372597715));
#11531 = CARTESIAN_POINT('',(-1.570796326795,29.75125));
#11532 = ( GEOMETRIC_REPRESENTATION_CONTEXT(2) 
PARAMETRIC_REPRESENTATION_CONTEXT() REPRESENTATION_CONTEXT('2D SPACE',''
  ) );
#11533 = PCURVE('',#11380,#11534);
#11534 = DEFINITIONAL_REPRESENTATION('',(#11535),#11543);
#11535 = B_SPLINE_CURVE_WITH_KNOTS('',6,(#11536,#11537,#11538,#11539,
    #11540,#11541,#11542),.UNSPECIFIED.,.F.,.F.,(7,7),(0.,1.570796326795
    ),.PIECEWISE_BEZIER_KNOTS.);
#11536 = CARTESIAN_POINT('',(0.,30.));
#11537 = CARTESIAN_POINT('',(0.261799387799,30.));
#11538 = CARTESIAN_POINT('',(0.523597529292,29.979545938459));
#11539 = CARTESIAN_POINT('',(0.785398384093,29.938605351361));
#11540 = CARTESIAN_POINT('',(1.047198560362,29.881490298299));
#11541 = CARTESIAN_POINT('',(1.308996938996,29.816372597715));
#11542 = CARTESIAN_POINT('',(1.570796326795,29.75125));
#11543 = ( GEOMETRIC_REPRESENTATION_CONTEXT(2) 
PARAMETRIC_REPRESENTATION_CONTEXT() REPRESENTATION_CONTEXT('2D SPACE',''
  ) );
#11544 = ORIENTED_EDGE('',*,*,#11280,.F.);
#11545 = ADVANCED_FACE('',(#11546),#11348,.F.);
#11546 = FACE_BOUND('',#11547,.F.);
#11547 = EDGE_LOOP('',(#11548,#11549,#11572,#11602));
#11548 = ORIENTED_EDGE('',*,*,#11397,.T.);
#11549 = ORIENTED_EDGE('',*,*,#11550,.T.);
#11550 = EDGE_CURVE('',#11398,#11551,#11553,.T.);
#11551 = VERTEX_POINT('',#11552);
#11552 = CARTESIAN_POINT('',(14.75125,-14.75125,1.25));
#11553 = SURFACE_CURVE('',#11554,(#11558,#11565),.PCURVE_S1.);
#11554 = LINE('',#11555,#11556);
#11555 = CARTESIAN_POINT('',(-15.,-14.75125,1.25));
#11556 = VECTOR('',#11557,1.);
#11557 = DIRECTION('',(1.,0.,0.));
#11558 = PCURVE('',#11348,#11559);
#11559 = DEFINITIONAL_REPRESENTATION('',(#11560),#11564);
#11560 = LINE('',#11561,#11562);
#11561 = CARTESIAN_POINT('',(1.570796326795,0.));
#11562 = VECTOR('',#11563,1.);
#11563 = DIRECTION('',(0.,1.));
#11564 = ( GEOMETRIC_REPRESENTATION_CONTEXT(2) 
PARAMETRIC_REPRESENTATION_CONTEXT() REPRESENTATION_CONTEXT('2D SPACE',''
  ) );
#11565 = PCURVE('',#11445,#11566);
#11566 = DEFINITIONAL_REPRESENTATION('',(#11567),#11571);
#11567 = LINE('',#11568,#11569);
#11568 = CARTESIAN_POINT('',(0.,0.24875));
#11569 = VECTOR('',#11570,1.);
#11570 = DIRECTION('',(1.,0.));
#11571 = ( GEOMETRIC_REPRESENTATION_CONTEXT(2) 
PARAMETRIC_REPRESENTATION_CONTEXT() REPRESENTATION_CONTEXT('2D SPACE',''
  ) );
#11572 = ORIENTED_EDGE('',*,*,#11573,.F.);
#11573 = EDGE_CURVE('',#11312,#11551,#11574,.T.);
#11574 = SURFACE_CURVE('',#11575,(#11580,#11591),.PCURVE_S1.);
#11575 = ELLIPSE('',#11576,0.35178562364,0.24875);
#11576 = AXIS2_PLACEMENT_3D('',#11577,#11578,#11579);
#11577 = CARTESIAN_POINT('',(14.75125,-14.75125,1.49875));
#11578 = DIRECTION('',(0.707106781187,0.707106781187,0.));
#11579 = DIRECTION('',(0.707106781187,-0.707106781187,0.));
#11580 = PCURVE('',#11348,#11581);
#11581 = DEFINITIONAL_REPRESENTATION('',(#11582),#11590);
#11582 = B_SPLINE_CURVE_WITH_KNOTS('',6,(#11583,#11584,#11585,#11586,
    #11587,#11588,#11589),.UNSPECIFIED.,.F.,.F.,(7,7),(0.,1.570796326795
    ),.PIECEWISE_BEZIER_KNOTS.);
#11583 = CARTESIAN_POINT('',(0.,30.));
#11584 = CARTESIAN_POINT('',(0.261799387799,30.));
#11585 = CARTESIAN_POINT('',(0.523597529292,29.979545938459));
#11586 = CARTESIAN_POINT('',(0.785398384093,29.938605351361));
#11587 = CARTESIAN_POINT('',(1.047198560362,29.881490298299));
#11588 = CARTESIAN_POINT('',(1.308996938996,29.816372597715));
#11589 = CARTESIAN_POINT('',(1.570796326795,29.75125));
#11590 = ( GEOMETRIC_REPRESENTATION_CONTEXT(2) 
PARAMETRIC_REPRESENTATION_CONTEXT() REPRESENTATION_CONTEXT('2D SPACE',''
  ) );
#11591 = PCURVE('',#11380,#11592);
#11592 = DEFINITIONAL_REPRESENTATION('',(#11593),#11601);
#11593 = B_SPLINE_CURVE_WITH_KNOTS('',6,(#11594,#11595,#11596,#11597,
    #11598,#11599,#11600),.UNSPECIFIED.,.F.,.F.,(7,7),(0.,1.570796326795
    ),.PIECEWISE_BEZIER_KNOTS.);
#11594 = CARTESIAN_POINT('',(0.,-2.775557561563E-17));
#11595 = CARTESIAN_POINT('',(0.261799387799,2.417266387056E-16));
#11596 = CARTESIAN_POINT('',(0.523597529291,2.045406154084E-02));
#11597 = CARTESIAN_POINT('',(0.785398384096,6.13946486382E-02));
#11598 = CARTESIAN_POINT('',(1.047198560361,0.118509701702));
#11599 = CARTESIAN_POINT('',(1.308996938996,0.183627402285));
#11600 = CARTESIAN_POINT('',(1.570796326795,0.24875));
#11601 = ( GEOMETRIC_REPRESENTATION_CONTEXT(2) 
PARAMETRIC_REPRESENTATION_CONTEXT() REPRESENTATION_CONTEXT('2D SPACE',''
  ) );
#11602 = ORIENTED_EDGE('',*,*,#11334,.F.);
#11603 = ADVANCED_FACE('',(#11604),#11380,.F.);
#11604 = FACE_BOUND('',#11605,.F.);
#11605 = EDGE_LOOP('',(#11606,#11607,#11628,#11629));
#11606 = ORIENTED_EDGE('',*,*,#11573,.T.);
#11607 = ORIENTED_EDGE('',*,*,#11608,.T.);
#11608 = EDGE_CURVE('',#11551,#11493,#11609,.T.);
#11609 = SURFACE_CURVE('',#11610,(#11614,#11621),.PCURVE_S1.);
#11610 = LINE('',#11611,#11612);
#11611 = CARTESIAN_POINT('',(14.75125,-15.,1.25));
#11612 = VECTOR('',#11613,1.);
#11613 = DIRECTION('',(0.,1.,0.));
#11614 = PCURVE('',#11380,#11615);
#11615 = DEFINITIONAL_REPRESENTATION('',(#11616),#11620);
#11616 = LINE('',#11617,#11618);
#11617 = CARTESIAN_POINT('',(1.570796326795,0.));
#11618 = VECTOR('',#11619,1.);
#11619 = DIRECTION('',(0.,1.));
#11620 = ( GEOMETRIC_REPRESENTATION_CONTEXT(2) 
PARAMETRIC_REPRESENTATION_CONTEXT() REPRESENTATION_CONTEXT('2D SPACE',''
  ) );
#11621 = PCURVE('',#11445,#11622);
#11622 = DEFINITIONAL_REPRESENTATION('',(#11623),#11627);
#11623 = LINE('',#11624,#11625);
#11624 = CARTESIAN_POINT('',(29.75125,0.));
#11625 = VECTOR('',#11626,1.);
#11626 = DIRECTION('',(0.,1.));
#11627 = ( GEOMETRIC_REPRESENTATION_CONTEXT(2) 
PARAMETRIC_REPRESENTATION_CONTEXT() REPRESENTATION_CONTEXT('2D SPACE',''
  ) );
#11628 = ORIENTED_EDGE('',*,*,#11515,.F.);
#11629 = ORIENTED_EDGE('',*,*,#11366,.F.);
#11630 = ADVANCED_FACE('',(#11631),#11445,.T.);
#11631 = FACE_BOUND('',#11632,.T.);
#11632 = EDGE_LOOP('',(#11633,#11634,#11635,#11636));
#11633 = ORIENTED_EDGE('',*,*,#11429,.F.);
#11634 = ORIENTED_EDGE('',*,*,#11550,.T.);
#11635 = ORIENTED_EDGE('',*,*,#11608,.T.);
#11636 = ORIENTED_EDGE('',*,*,#11492,.F.);
#11637 = ( GEOMETRIC_REPRESENTATION_CONTEXT(3) 
GLOBAL_UNCERTAINTY_ASSIGNED_CONTEXT((#11641)) 
GLOBAL_UNIT_ASSIGNED_CONTEXT((#11638,#11639,#11640)) 
REPRESENTATION_CONTEXT('Context #1',
  '3D Context with UNIT and UNCERTAINTY') );
#11638 = ( LENGTH_UNIT() NAMED_UNIT(*) SI_UNIT(.MILLI.,.METRE.) );
#11639 = ( NAMED_UNIT(*) PLANE_ANGLE_UNIT() SI_UNIT($,.RADIAN.) );
#11640 = ( NAMED_UNIT(*) SI_UNIT($,.STERADIAN.) SOLID_ANGLE_UNIT() );
#11641 = UNCERTAINTY_MEASURE_WITH_UNIT(LENGTH_MEASURE(2.E-07),#11638,
  'distance_accuracy_value','confusion accuracy');
#11642 = PRODUCT_RELATED_PRODUCT_CATEGORY('part',$,(#7));
ENDSEC;
END-ISO-10303-21;
