ISO-10303-21;
HEADER;
FILE_DESCRIPTION(('Open CASCADE Model'),'2;1');
FILE_NAME('Open CASCADE Shape Model','2026-09-22T02:43:56',('Author'),(
    'Open CASCADE'),'Open CASCADE STEP processor 7.9','Open CASCADE 7.9'
  ,'Unknown');
FILE_SCHEMA(('AUTOMOTIVE_DESIGN { 1 0 10303 214 1 1 1 1 }'));
ENDSEC;
DATA;
#1 = APPLICATION_PROTOCOL_DEFINITION('international standard',
  'automotive_design',2000,#2);
#2 = APPLICATION_CONTEXT(
  'core data for automotive mechanical design processes');
#3 = SHAPE_DEFINITION_REPRESENTATION(#4,#10);
#4 = PRODUCT_DEFINITION_SHAPE('','',#5);
#5 = PRODUCT_DEFINITION('design','',#6,#9);
#6 = PRODUCT_DEFINITION_FORMATION('','',#7);
#7 = PRODUCT('Open CASCADE STEP translator 7.9 1',
  'Open CASCADE STEP translator 7.9 1','',(#8));
#8 = PRODUCT_CONTEXT('',#2,'mechanical');
#9 = PRODUCT_DEFINITION_CONTEXT('part definition',#2,'design');
#10 = ADVANCED_BREP_SHAPE_REPRESENTATION('',(#11,#15),#10489);
#11 = AXIS2_PLACEMENT_3D('',#12,#13,#14);
#12 = CARTESIAN_POINT('',(0.,0.,0.));
#13 = DIRECTION('',(0.,0.,1.));
#14 = DIRECTION('',(1.,0.,-0.));
#15 = MANIFOLD_SOLID_BREP('',#16);
#16 = CLOSED_SHELL('',(#17,#137,#3921,#3975,#4024,#7134,#7161,#7188,
    #7215,#7242,#7269,#7296,#7323,#7350,#7377,#7404,#7431,#7458,#7465,
    #7512,#7539,#7566,#7573,#7620,#7647,#7674,#7681,#7728,#7755,#7782,
    #7789,#7836,#7863,#7890,#7897,#7944,#7971,#7998,#8005,#8052,#8079,
    #8106,#8113,#8160,#8187,#8214,#8221,#8268,#8295,#8322,#8329,#8376,
    #8403,#8430,#8437,#8484,#8511,#8538,#8545,#8592,#8619,#8646,#8653,
    #8700,#8727,#8754,#8761,#8808,#8835,#8862,#8869,#8916,#8943,#8970,
    #8977,#9024,#9051,#9078,#9085,#9132,#9159,#9186,#9193,#9240,#9267,
    #9294,#9301,#9348,#9375,#9402,#9409,#9456,#9483,#9510,#9517,#9564,
    #9591,#9618,#9625,#9672,#9699,#9726,#9733,#9780,#9807,#9834,#9841,
    #9888,#9915,#9942,#9949,#9996,#10023,#10050,#10057,#10104,#10131,
    #10158,#10165,#10212,#10239,#10266,#10273,#10320,#10347,#10374,
    #10381,#10428,#10455,#10482));
#17 = ADVANCED_FACE('',(#18),#32,.F.);
#18 = FACE_BOUND('',#19,.F.);
#19 = EDGE_LOOP('',(#20,#55,#83,#111));
#20 = ORIENTED_EDGE('',*,*,#21,.F.);
#21 = EDGE_CURVE('',#22,#24,#26,.T.);
#22 = VERTEX_POINT('',#23);
#23 = CARTESIAN_POINT('',(-75.2,-15.,-1.5));
#24 = VERTEX_POINT('',#25);
#25 = CARTESIAN_POINT('',(-18.,-15.,-1.5));
#26 = SURFACE_CURVE('',#27,(#31,#43),.PCURVE_S1.);
#27 = LINE('',#28,#29);
#28 = CARTESIAN_POINT('',(-75.2,-15.,-1.5));
#29 = VECTOR('',#30,1.);
#30 = DIRECTION('',(1.,0.,0.));
#31 = PCURVE('',#32,#37);
#32 = PLANE('',#33);
#33 = AXIS2_PLACEMENT_3D('',#34,#35,#36);
#34 = CARTESIAN_POINT('',(-75.2,-15.,-1.5));
#35 = DIRECTION('',(0.,1.,0.));
#36 = DIRECTION('',(0.,0.,1.));
#37 = DEFINITIONAL_REPRESENTATION('',(#38),#42);
#38 = LINE('',#39,#40);
#39 = CARTESIAN_POINT('',(0.,0.));
#40 = VECTOR('',#41,1.);
#41 = DIRECTION('',(0.,1.));
#42 = ( GEOMETRIC_REPRESENTATION_CONTEXT(2) 
PARAMETRIC_REPRESENTATION_CONTEXT() REPRESENTATION_CONTEXT('2D SPACE',''
  ) );
#43 = PCURVE('',#44,#49);
#44 = PLANE('',#45);
#45 = AXIS2_PLACEMENT_3D('',#46,#47,#48);
#46 = CARTESIAN_POINT('',(-75.2,-15.,-1.5));
#47 = DIRECTION('',(0.,0.,1.));
#48 = DIRECTION('',(1.,0.,0.));
#49 = DEFINITIONAL_REPRESENTATION('',(#50),#54);
#50 = LINE('',#51,#52);
#51 = CARTESIAN_POINT('',(0.,0.));
#52 = VECTOR('',#53,1.);
#53 = DIRECTION('',(1.,0.));
#54 = ( GEOMETRIC_REPRESENTATION_CONTEXT(2) 
PARAMETRIC_REPRESENTATION_CONTEXT() REPRESENTATION_CONTEXT('2D SPACE',''
  ) );
#55 = ORIENTED_EDGE('',*,*,#56,.T.);
#56 = EDGE_CURVE('',#22,#57,#59,.T.);
#57 = VERTEX_POINT('',#58);
#58 = CARTESIAN_POINT('',(-75.2,-15.,1.5));
#59 = SURFACE_CURVE('',#60,(#64,#71),.PCURVE_S1.);
#60 = LINE('',#61,#62);
#61 = CARTESIAN_POINT('',(-75.2,-15.,-1.5));
#62 = VECTOR('',#63,1.);
#63 = DIRECTION('',(0.,0.,1.));
#64 = PCURVE('',#32,#65);
#65 = DEFINITIONAL_REPRESENTATION('',(#66),#70);
#66 = LINE('',#67,#68);
#67 = CARTESIAN_POINT('',(0.,0.));
#68 = VECTOR('',#69,1.);
#69 = DIRECTION('',(1.,0.));
#70 = ( GEOMETRIC_REPRESENTATION_CONTEXT(2) 
PARAMETRIC_REPRESENTATION_CONTEXT() REPRESENTATION_CONTEXT('2D SPACE',''
  ) );
#71 = PCURVE('',#72,#77);
#72 = PLANE('',#73);
#73 = AXIS2_PLACEMENT_3D('',#74,#75,#76);
#74 = CARTESIAN_POINT('',(-75.2,-15.,-1.5));
#75 = DIRECTION('',(1.,0.,0.));
#76 = DIRECTION('',(0.,0.,1.));
#77 = DEFINITIONAL_REPRESENTATION('',(#78),#82);
#78 = LINE('',#79,#80);
#79 = CARTESIAN_POINT('',(0.,0.));
#80 = VECTOR('',#81,1.);
#81 = DIRECTION('',(1.,0.));
#82 = ( GEOMETRIC_REPRESENTATION_CONTEXT(2) 
PARAMETRIC_REPRESENTATION_CONTEXT() REPRESENTATION_CONTEXT('2D SPACE',''
  ) );
#83 = ORIENTED_EDGE('',*,*,#84,.T.);
#84 = EDGE_CURVE('',#57,#85,#87,.T.);
#85 = VERTEX_POINT('',#86);
#86 = CARTESIAN_POINT('',(-18.,-15.,1.5));
#87 = SURFACE_CURVE('',#88,(#92,#99),.PCURVE_S1.);
#88 = LINE('',#89,#90);
#89 = CARTESIAN_POINT('',(-75.2,-15.,1.5));
#90 = VECTOR('',#91,1.);
#91 = DIRECTION('',(1.,0.,0.));
#92 = PCURVE('',#32,#93);
#93 = DEFINITIONAL_REPRESENTATION('',(#94),#98);
#94 = LINE('',#95,#96);
#95 = CARTESIAN_POINT('',(3.,0.));
#96 = VECTOR('',#97,1.);
#97 = DIRECTION('',(0.,1.));
#98 = ( GEOMETRIC_REPRESENTATION_CONTEXT(2) 
PARAMETRIC_REPRESENTATION_CONTEXT() REPRESENTATION_CONTEXT('2D SPACE',''
  ) );
#99 = PCURVE('',#100,#105);
#100 = PLANE('',#101);
#101 = AXIS2_PLACEMENT_3D('',#102,#103,#104);
#102 = CARTESIAN_POINT('',(-75.2,-15.,1.5));
#103 = DIRECTION('',(0.,0.,1.));
#104 = DIRECTION('',(1.,0.,0.));
#105 = DEFINITIONAL_REPRESENTATION('',(#106),#110);
#106 = LINE('',#107,#108);
#107 = CARTESIAN_POINT('',(0.,0.));
#108 = VECTOR('',#109,1.);
#109 = DIRECTION('',(1.,0.));
#110 = ( GEOMETRIC_REPRESENTATION_CONTEXT(2) 
PARAMETRIC_REPRESENTATION_CONTEXT() REPRESENTATION_CONTEXT('2D SPACE',''
  ) );
#111 = ORIENTED_EDGE('',*,*,#112,.T.);
#112 = EDGE_CURVE('',#85,#24,#113,.T.);
#113 = SURFACE_CURVE('',#114,(#118,#125),.PCURVE_S1.);
#114 = LINE('',#115,#116);
#115 = CARTESIAN_POINT('',(-18.,-15.,1.5));
#116 = VECTOR('',#117,1.);
#117 = DIRECTION('',(0.,0.,-1.));
#118 = PCURVE('',#32,#119);
#119 = DEFINITIONAL_REPRESENTATION('',(#120),#124);
#120 = LINE('',#121,#122);
#121 = CARTESIAN_POINT('',(3.,57.2));
#122 = VECTOR('',#123,1.);
#123 = DIRECTION('',(-1.,0.));
#124 = ( GEOMETRIC_REPRESENTATION_CONTEXT(2) 
PARAMETRIC_REPRESENTATION_CONTEXT() REPRESENTATION_CONTEXT('2D SPACE',''
  ) );
#125 = PCURVE('',#126,#131);
#126 = CYLINDRICAL_SURFACE('',#127,3.);
#127 = AXIS2_PLACEMENT_3D('',#128,#129,#130);
#128 = CARTESIAN_POINT('',(-18.,-18.,1.5));
#129 = DIRECTION('',(0.,0.,-1.));
#130 = DIRECTION('',(0.,1.,0.));
#131 = DEFINITIONAL_REPRESENTATION('',(#132),#136);
#132 = LINE('',#133,#134);
#133 = CARTESIAN_POINT('',(0.,0.));
#134 = VECTOR('',#135,1.);
#135 = DIRECTION('',(0.,1.));
#136 = ( GEOMETRIC_REPRESENTATION_CONTEXT(2) 
PARAMETRIC_REPRESENTATION_CONTEXT() REPRESENTATION_CONTEXT('2D SPACE',''
  ) );
#137 = ADVANCED_FACE('',(#138,#561,#681,#801,#921,#1041,#1161,#1281,
    #1401,#1521,#1641,#1761,#1881,#2001,#2121,#2241,#2361,#2481,#2601,
    #2721,#2841,#2961,#3081,#3201,#3321,#3441,#3561,#3681,#3801),#44,.F.
  );
#138 = FACE_BOUND('',#139,.F.);
#139 = EDGE_LOOP('',(#140,#170,#191,#192,#220,#248,#276,#304,#337,#365,
    #393,#421,#450,#478,#506,#534));
#140 = ORIENTED_EDGE('',*,*,#141,.F.);
#141 = EDGE_CURVE('',#142,#144,#146,.T.);
#142 = VERTEX_POINT('',#143);
#143 = CARTESIAN_POINT('',(-75.2,15.,-1.5));
#144 = VERTEX_POINT('',#145);
#145 = CARTESIAN_POINT('',(-18.,15.,-1.5));
#146 = SURFACE_CURVE('',#147,(#151,#158),.PCURVE_S1.);
#147 = LINE('',#148,#149);
#148 = CARTESIAN_POINT('',(-75.2,15.,-1.5));
#149 = VECTOR('',#150,1.);
#150 = DIRECTION('',(1.,0.,0.));
#151 = PCURVE('',#44,#152);
#152 = DEFINITIONAL_REPRESENTATION('',(#153),#157);
#153 = LINE('',#154,#155);
#154 = CARTESIAN_POINT('',(0.,30.));
#155 = VECTOR('',#156,1.);
#156 = DIRECTION('',(1.,0.));
#157 = ( GEOMETRIC_REPRESENTATION_CONTEXT(2) 
PARAMETRIC_REPRESENTATION_CONTEXT() REPRESENTATION_CONTEXT('2D SPACE',''
  ) );
#158 = PCURVE('',#159,#164);
#159 = PLANE('',#160);
#160 = AXIS2_PLACEMENT_3D('',#161,#162,#163);
#161 = CARTESIAN_POINT('',(-75.2,15.,-1.5));
#162 = DIRECTION('',(0.,1.,0.));
#163 = DIRECTION('',(0.,0.,1.));
#164 = DEFINITIONAL_REPRESENTATION('',(#165),#169);
#165 = LINE('',#166,#167);
#166 = CARTESIAN_POINT('',(0.,0.));
#167 = VECTOR('',#168,1.);
#168 = DIRECTION('',(0.,1.));
#169 = ( GEOMETRIC_REPRESENTATION_CONTEXT(2) 
PARAMETRIC_REPRESENTATION_CONTEXT() REPRESENTATION_CONTEXT('2D SPACE',''
  ) );
#170 = ORIENTED_EDGE('',*,*,#171,.F.);
#171 = EDGE_CURVE('',#22,#142,#172,.T.);
#172 = SURFACE_CURVE('',#173,(#177,#184),.PCURVE_S1.);
#173 = LINE('',#174,#175);
#174 = CARTESIAN_POINT('',(-75.2,-15.,-1.5));
#175 = VECTOR('',#176,1.);
#176 = DIRECTION('',(0.,1.,0.));
#177 = PCURVE('',#44,#178);
#178 = DEFINITIONAL_REPRESENTATION('',(#179),#183);
#179 = LINE('',#180,#181);
#180 = CARTESIAN_POINT('',(0.,0.));
#181 = VECTOR('',#182,1.);
#182 = DIRECTION('',(0.,1.));
#183 = ( GEOMETRIC_REPRESENTATION_CONTEXT(2) 
PARAMETRIC_REPRESENTATION_CONTEXT() REPRESENTATION_CONTEXT('2D SPACE',''
  ) );
#184 = PCURVE('',#72,#185);
#185 = DEFINITIONAL_REPRESENTATION('',(#186),#190);
#186 = LINE('',#187,#188);
#187 = CARTESIAN_POINT('',(0.,0.));
#188 = VECTOR('',#189,1.);
#189 = DIRECTION('',(0.,-1.));
#190 = ( GEOMETRIC_REPRESENTATION_CONTEXT(2) 
PARAMETRIC_REPRESENTATION_CONTEXT() REPRESENTATION_CONTEXT('2D SPACE',''
  ) );
#191 = ORIENTED_EDGE('',*,*,#21,.T.);
#192 = ORIENTED_EDGE('',*,*,#193,.T.);
#193 = EDGE_CURVE('',#24,#194,#196,.T.);
#194 = VERTEX_POINT('',#195);
#195 = CARTESIAN_POINT('',(-15.,-18.,-1.5));
#196 = SURFACE_CURVE('',#197,(#202,#213),.PCURVE_S1.);
#197 = CIRCLE('',#198,3.);
#198 = AXIS2_PLACEMENT_3D('',#199,#200,#201);
#199 = CARTESIAN_POINT('',(-18.,-18.,-1.5));
#200 = DIRECTION('',(0.,0.,-1.));
#201 = DIRECTION('',(0.,1.,0.));
#202 = PCURVE('',#44,#203);
#203 = DEFINITIONAL_REPRESENTATION('',(#204),#212);
#204 = ( BOUNDED_CURVE() B_SPLINE_CURVE(2,(#205,#206,#207,#208,#209,#210
,#211),.UNSPECIFIED.,.T.,.F.) B_SPLINE_CURVE_WITH_KNOTS((1,2,2,2,2,1),(
    -2.094395102393,0.,2.094395102393,4.188790204786,6.28318530718,
8.377580409573),.UNSPECIFIED.) CURVE() GEOMETRIC_REPRESENTATION_ITEM() 
RATIONAL_B_SPLINE_CURVE((1.,0.5,1.,0.5,1.,0.5,1.)) REPRESENTATION_ITEM(
  '') );
#205 = CARTESIAN_POINT('',(57.2,0.));
#206 = CARTESIAN_POINT('',(62.396152422707,0.));
#207 = CARTESIAN_POINT('',(59.798076211353,-4.5));
#208 = CARTESIAN_POINT('',(57.2,-9.));
#209 = CARTESIAN_POINT('',(54.601923788647,-4.5));
#210 = CARTESIAN_POINT('',(52.003847577293,-4.440892098501E-15));
#211 = CARTESIAN_POINT('',(57.2,0.));
#212 = ( GEOMETRIC_REPRESENTATION_CONTEXT(2) 
PARAMETRIC_REPRESENTATION_CONTEXT() REPRESENTATION_CONTEXT('2D SPACE',''
  ) );
#213 = PCURVE('',#126,#214);
#214 = DEFINITIONAL_REPRESENTATION('',(#215),#219);
#215 = LINE('',#216,#217);
#216 = CARTESIAN_POINT('',(0.,3.));
#217 = VECTOR('',#218,1.);
#218 = DIRECTION('',(1.,0.));
#219 = ( GEOMETRIC_REPRESENTATION_CONTEXT(2) 
PARAMETRIC_REPRESENTATION_CONTEXT() REPRESENTATION_CONTEXT('2D SPACE',''
  ) );
#220 = ORIENTED_EDGE('',*,*,#221,.F.);
#221 = EDGE_CURVE('',#222,#194,#224,.T.);
#222 = VERTEX_POINT('',#223);
#223 = CARTESIAN_POINT('',(-15.,-75.2,-1.5));
#224 = SURFACE_CURVE('',#225,(#229,#236),.PCURVE_S1.);
#225 = LINE('',#226,#227);
#226 = CARTESIAN_POINT('',(-15.,-75.2,-1.5));
#227 = VECTOR('',#228,1.);
#228 = DIRECTION('',(0.,1.,0.));
#229 = PCURVE('',#44,#230);
#230 = DEFINITIONAL_REPRESENTATION('',(#231),#235);
#231 = LINE('',#232,#233);
#232 = CARTESIAN_POINT('',(60.2,-60.2));
#233 = VECTOR('',#234,1.);
#234 = DIRECTION('',(0.,1.));
#235 = ( GEOMETRIC_REPRESENTATION_CONTEXT(2) 
PARAMETRIC_REPRESENTATION_CONTEXT() REPRESENTATION_CONTEXT('2D SPACE',''
  ) );
#236 = PCURVE('',#237,#242);
#237 = PLANE('',#238);
#238 = AXIS2_PLACEMENT_3D('',#239,#240,#241);
#239 = CARTESIAN_POINT('',(-15.,-75.2,-1.5));
#240 = DIRECTION('',(1.,0.,0.));
#241 = DIRECTION('',(0.,0.,1.));
#242 = DEFINITIONAL_REPRESENTATION('',(#243),#247);
#243 = LINE('',#244,#245);
#244 = CARTESIAN_POINT('',(0.,0.));
#245 = VECTOR('',#246,1.);
#246 = DIRECTION('',(0.,-1.));
#247 = ( GEOMETRIC_REPRESENTATION_CONTEXT(2) 
PARAMETRIC_REPRESENTATION_CONTEXT() REPRESENTATION_CONTEXT('2D SPACE',''
  ) );
#248 = ORIENTED_EDGE('',*,*,#249,.T.);
#249 = EDGE_CURVE('',#222,#250,#252,.T.);
#250 = VERTEX_POINT('',#251);
#251 = CARTESIAN_POINT('',(15.,-75.2,-1.5));
#252 = SURFACE_CURVE('',#253,(#257,#264),.PCURVE_S1.);
#253 = LINE('',#254,#255);
#254 = CARTESIAN_POINT('',(-15.,-75.2,-1.5));
#255 = VECTOR('',#256,1.);
#256 = DIRECTION('',(1.,0.,0.));
#257 = PCURVE('',#44,#258);
#258 = DEFINITIONAL_REPRESENTATION('',(#259),#263);
#259 = LINE('',#260,#261);
#260 = CARTESIAN_POINT('',(60.2,-60.2));
#261 = VECTOR('',#262,1.);
#262 = DIRECTION('',(1.,0.));
#263 = ( GEOMETRIC_REPRESENTATION_CONTEXT(2) 
PARAMETRIC_REPRESENTATION_CONTEXT() REPRESENTATION_CONTEXT('2D SPACE',''
  ) );
#264 = PCURVE('',#265,#270);
#265 = PLANE('',#266);
#266 = AXIS2_PLACEMENT_3D('',#267,#268,#269);
#267 = CARTESIAN_POINT('',(-15.,-75.2,-1.5));
#268 = DIRECTION('',(0.,1.,0.));
#269 = DIRECTION('',(0.,0.,1.));
#270 = DEFINITIONAL_REPRESENTATION('',(#271),#275);
#271 = LINE('',#272,#273);
#272 = CARTESIAN_POINT('',(0.,0.));
#273 = VECTOR('',#274,1.);
#274 = DIRECTION('',(0.,1.));
#275 = ( GEOMETRIC_REPRESENTATION_CONTEXT(2) 
PARAMETRIC_REPRESENTATION_CONTEXT() REPRESENTATION_CONTEXT('2D SPACE',''
  ) );
#276 = ORIENTED_EDGE('',*,*,#277,.T.);
#277 = EDGE_CURVE('',#250,#278,#280,.T.);
#278 = VERTEX_POINT('',#279);
#279 = CARTESIAN_POINT('',(15.,-18.,-1.5));
#280 = SURFACE_CURVE('',#281,(#285,#292),.PCURVE_S1.);
#281 = LINE('',#282,#283);
#282 = CARTESIAN_POINT('',(15.,-75.2,-1.5));
#283 = VECTOR('',#284,1.);
#284 = DIRECTION('',(0.,1.,0.));
#285 = PCURVE('',#44,#286);
#286 = DEFINITIONAL_REPRESENTATION('',(#287),#291);
#287 = LINE('',#288,#289);
#288 = CARTESIAN_POINT('',(90.2,-60.2));
#289 = VECTOR('',#290,1.);
#290 = DIRECTION('',(0.,1.));
#291 = ( GEOMETRIC_REPRESENTATION_CONTEXT(2) 
PARAMETRIC_REPRESENTATION_CONTEXT() REPRESENTATION_CONTEXT('2D SPACE',''
  ) );
#292 = PCURVE('',#293,#298);
#293 = PLANE('',#294);
#294 = AXIS2_PLACEMENT_3D('',#295,#296,#297);
#295 = CARTESIAN_POINT('',(15.,-75.2,-1.5));
#296 = DIRECTION('',(1.,0.,0.));
#297 = DIRECTION('',(0.,0.,1.));
#298 = DEFINITIONAL_REPRESENTATION('',(#299),#303);
#299 = LINE('',#300,#301);
#300 = CARTESIAN_POINT('',(0.,0.));
#301 = VECTOR('',#302,1.);
#302 = DIRECTION('',(0.,-1.));
#303 = ( GEOMETRIC_REPRESENTATION_CONTEXT(2) 
PARAMETRIC_REPRESENTATION_CONTEXT() REPRESENTATION_CONTEXT('2D SPACE',''
  ) );
#304 = ORIENTED_EDGE('',*,*,#305,.T.);
#305 = EDGE_CURVE('',#278,#306,#308,.T.);
#306 = VERTEX_POINT('',#307);
#307 = CARTESIAN_POINT('',(18.,-15.,-1.5));
#308 = SURFACE_CURVE('',#309,(#314,#325),.PCURVE_S1.);
#309 = CIRCLE('',#310,3.);
#310 = AXIS2_PLACEMENT_3D('',#311,#312,#313);
#311 = CARTESIAN_POINT('',(18.,-18.,-1.5));
#312 = DIRECTION('',(0.,0.,-1.));
#313 = DIRECTION('',(0.,1.,0.));
#314 = PCURVE('',#44,#315);
#315 = DEFINITIONAL_REPRESENTATION('',(#316),#324);
#316 = ( BOUNDED_CURVE() B_SPLINE_CURVE(2,(#317,#318,#319,#320,#321,#322
,#323),.UNSPECIFIED.,.T.,.F.) B_SPLINE_CURVE_WITH_KNOTS((1,2,2,2,2,1),(
    -2.094395102393,0.,2.094395102393,4.188790204786,6.28318530718,
8.377580409573),.UNSPECIFIED.) CURVE() GEOMETRIC_REPRESENTATION_ITEM() 
RATIONAL_B_SPLINE_CURVE((1.,0.5,1.,0.5,1.,0.5,1.)) REPRESENTATION_ITEM(
  '') );
#317 = CARTESIAN_POINT('',(93.2,0.));
#318 = CARTESIAN_POINT('',(98.396152422707,0.));
#319 = CARTESIAN_POINT('',(95.798076211353,-4.5));
#320 = CARTESIAN_POINT('',(93.2,-9.));
#321 = CARTESIAN_POINT('',(90.601923788647,-4.5));
#322 = CARTESIAN_POINT('',(88.003847577293,-4.440892098501E-15));
#323 = CARTESIAN_POINT('',(93.2,0.));
#324 = ( GEOMETRIC_REPRESENTATION_CONTEXT(2) 
PARAMETRIC_REPRESENTATION_CONTEXT() REPRESENTATION_CONTEXT('2D SPACE',''
  ) );
#325 = PCURVE('',#326,#331);
#326 = CYLINDRICAL_SURFACE('',#327,3.);
#327 = AXIS2_PLACEMENT_3D('',#328,#329,#330);
#328 = CARTESIAN_POINT('',(18.,-18.,1.5));
#329 = DIRECTION('',(0.,0.,-1.));
#330 = DIRECTION('',(-1.,-0.,-0.));
#331 = DEFINITIONAL_REPRESENTATION('',(#332),#336);
#332 = LINE('',#333,#334);
#333 = CARTESIAN_POINT('',(-4.712388980385,3.));
#334 = VECTOR('',#335,1.);
#335 = DIRECTION('',(1.,0.));
#336 = ( GEOMETRIC_REPRESENTATION_CONTEXT(2) 
PARAMETRIC_REPRESENTATION_CONTEXT() REPRESENTATION_CONTEXT('2D SPACE',''
  ) );
#337 = ORIENTED_EDGE('',*,*,#338,.T.);
#338 = EDGE_CURVE('',#306,#339,#341,.T.);
#339 = VERTEX_POINT('',#340);
#340 = CARTESIAN_POINT('',(75.2,-15.,-1.5));
#341 = SURFACE_CURVE('',#342,(#346,#353),.PCURVE_S1.);
#342 = LINE('',#343,#344);
#343 = CARTESIAN_POINT('',(-75.2,-15.,-1.5));
#344 = VECTOR('',#345,1.);
#345 = DIRECTION('',(1.,0.,0.));
#346 = PCURVE('',#44,#347);
#347 = DEFINITIONAL_REPRESENTATION('',(#348),#352);
#348 = LINE('',#349,#350);
#349 = CARTESIAN_POINT('',(0.,0.));
#350 = VECTOR('',#351,1.);
#351 = DIRECTION('',(1.,0.));
#352 = ( GEOMETRIC_REPRESENTATION_CONTEXT(2) 
PARAMETRIC_REPRESENTATION_CONTEXT() REPRESENTATION_CONTEXT('2D SPACE',''
  ) );
#353 = PCURVE('',#354,#359);
#354 = PLANE('',#355);
#355 = AXIS2_PLACEMENT_3D('',#356,#357,#358);
#356 = CARTESIAN_POINT('',(-75.2,-15.,-1.5));
#357 = DIRECTION('',(0.,1.,0.));
#358 = DIRECTION('',(0.,0.,1.));
#359 = DEFINITIONAL_REPRESENTATION('',(#360),#364);
#360 = LINE('',#361,#362);
#361 = CARTESIAN_POINT('',(0.,0.));
#362 = VECTOR('',#363,1.);
#363 = DIRECTION('',(0.,1.));
#364 = ( GEOMETRIC_REPRESENTATION_CONTEXT(2) 
PARAMETRIC_REPRESENTATION_CONTEXT() REPRESENTATION_CONTEXT('2D SPACE',''
  ) );
#365 = ORIENTED_EDGE('',*,*,#366,.T.);
#366 = EDGE_CURVE('',#339,#367,#369,.T.);
#367 = VERTEX_POINT('',#368);
#368 = CARTESIAN_POINT('',(75.2,15.,-1.5));
#369 = SURFACE_CURVE('',#370,(#374,#381),.PCURVE_S1.);
#370 = LINE('',#371,#372);
#371 = CARTESIAN_POINT('',(75.2,-15.,-1.5));
#372 = VECTOR('',#373,1.);
#373 = DIRECTION('',(0.,1.,0.));
#374 = PCURVE('',#44,#375);
#375 = DEFINITIONAL_REPRESENTATION('',(#376),#380);
#376 = LINE('',#377,#378);
#377 = CARTESIAN_POINT('',(150.4,0.));
#378 = VECTOR('',#379,1.);
#379 = DIRECTION('',(0.,1.));
#380 = ( GEOMETRIC_REPRESENTATION_CONTEXT(2) 
PARAMETRIC_REPRESENTATION_CONTEXT() REPRESENTATION_CONTEXT('2D SPACE',''
  ) );
#381 = PCURVE('',#382,#387);
#382 = PLANE('',#383);
#383 = AXIS2_PLACEMENT_3D('',#384,#385,#386);
#384 = CARTESIAN_POINT('',(75.2,-15.,-1.5));
#385 = DIRECTION('',(1.,0.,0.));
#386 = DIRECTION('',(0.,0.,1.));
#387 = DEFINITIONAL_REPRESENTATION('',(#388),#392);
#388 = LINE('',#389,#390);
#389 = CARTESIAN_POINT('',(0.,0.));
#390 = VECTOR('',#391,1.);
#391 = DIRECTION('',(0.,-1.));
#392 = ( GEOMETRIC_REPRESENTATION_CONTEXT(2) 
PARAMETRIC_REPRESENTATION_CONTEXT() REPRESENTATION_CONTEXT('2D SPACE',''
  ) );
#393 = ORIENTED_EDGE('',*,*,#394,.F.);
#394 = EDGE_CURVE('',#395,#367,#397,.T.);
#395 = VERTEX_POINT('',#396);
#396 = CARTESIAN_POINT('',(18.,15.,-1.5));
#397 = SURFACE_CURVE('',#398,(#402,#409),.PCURVE_S1.);
#398 = LINE('',#399,#400);
#399 = CARTESIAN_POINT('',(-75.2,15.,-1.5));
#400 = VECTOR('',#401,1.);
#401 = DIRECTION('',(1.,0.,0.));
#402 = PCURVE('',#44,#403);
#403 = DEFINITIONAL_REPRESENTATION('',(#404),#408);
#404 = LINE('',#405,#406);
#405 = CARTESIAN_POINT('',(0.,30.));
#406 = VECTOR('',#407,1.);
#407 = DIRECTION('',(1.,0.));
#408 = ( GEOMETRIC_REPRESENTATION_CONTEXT(2) 
PARAMETRIC_REPRESENTATION_CONTEXT() REPRESENTATION_CONTEXT('2D SPACE',''
  ) );
#409 = PCURVE('',#410,#415);
#410 = PLANE('',#411);
#411 = AXIS2_PLACEMENT_3D('',#412,#413,#414);
#412 = CARTESIAN_POINT('',(-75.2,15.,-1.5));
#413 = DIRECTION('',(0.,1.,0.));
#414 = DIRECTION('',(0.,0.,1.));
#415 = DEFINITIONAL_REPRESENTATION('',(#416),#420);
#416 = LINE('',#417,#418);
#417 = CARTESIAN_POINT('',(0.,0.));
#418 = VECTOR('',#419,1.);
#419 = DIRECTION('',(0.,1.));
#420 = ( GEOMETRIC_REPRESENTATION_CONTEXT(2) 
PARAMETRIC_REPRESENTATION_CONTEXT() REPRESENTATION_CONTEXT('2D SPACE',''
  ) );
#421 = ORIENTED_EDGE('',*,*,#422,.F.);
#422 = EDGE_CURVE('',#423,#395,#425,.T.);
#423 = VERTEX_POINT('',#424);
#424 = CARTESIAN_POINT('',(15.,18.,-1.5));
#425 = SURFACE_CURVE('',#426,(#431,#438),.PCURVE_S1.);
#426 = CIRCLE('',#427,3.);
#427 = AXIS2_PLACEMENT_3D('',#428,#429,#430);
#428 = CARTESIAN_POINT('',(18.,18.,-1.5));
#429 = DIRECTION('',(0.,-0.,1.));
#430 = DIRECTION('',(0.,1.,0.));
#431 = PCURVE('',#44,#432);
#432 = DEFINITIONAL_REPRESENTATION('',(#433),#437);
#433 = CIRCLE('',#434,3.);
#434 = AXIS2_PLACEMENT_2D('',#435,#436);
#435 = CARTESIAN_POINT('',(93.2,33.));
#436 = DIRECTION('',(0.,1.));
#437 = ( GEOMETRIC_REPRESENTATION_CONTEXT(2) 
PARAMETRIC_REPRESENTATION_CONTEXT() REPRESENTATION_CONTEXT('2D SPACE',''
  ) );
#438 = PCURVE('',#439,#444);
#439 = CYLINDRICAL_SURFACE('',#440,3.);
#440 = AXIS2_PLACEMENT_3D('',#441,#442,#443);
#441 = CARTESIAN_POINT('',(18.,18.,1.5));
#442 = DIRECTION('',(0.,0.,-1.));
#443 = DIRECTION('',(-1.,-0.,-0.));
#444 = DEFINITIONAL_REPRESENTATION('',(#445),#449);
#445 = LINE('',#446,#447);
#446 = CARTESIAN_POINT('',(1.570796326795,3.));
#447 = VECTOR('',#448,1.);
#448 = DIRECTION('',(-1.,0.));
#449 = ( GEOMETRIC_REPRESENTATION_CONTEXT(2) 
PARAMETRIC_REPRESENTATION_CONTEXT() REPRESENTATION_CONTEXT('2D SPACE',''
  ) );
#450 = ORIENTED_EDGE('',*,*,#451,.T.);
#451 = EDGE_CURVE('',#423,#452,#454,.T.);
#452 = VERTEX_POINT('',#453);
#453 = CARTESIAN_POINT('',(15.,75.2,-1.5));
#454 = SURFACE_CURVE('',#455,(#459,#466),.PCURVE_S1.);
#455 = LINE('',#456,#457);
#456 = CARTESIAN_POINT('',(15.,-75.2,-1.5));
#457 = VECTOR('',#458,1.);
#458 = DIRECTION('',(0.,1.,0.));
#459 = PCURVE('',#44,#460);
#460 = DEFINITIONAL_REPRESENTATION('',(#461),#465);
#461 = LINE('',#462,#463);
#462 = CARTESIAN_POINT('',(90.2,-60.2));
#463 = VECTOR('',#464,1.);
#464 = DIRECTION('',(0.,1.));
#465 = ( GEOMETRIC_REPRESENTATION_CONTEXT(2) 
PARAMETRIC_REPRESENTATION_CONTEXT() REPRESENTATION_CONTEXT('2D SPACE',''
  ) );
#466 = PCURVE('',#467,#472);
#467 = PLANE('',#468);
#468 = AXIS2_PLACEMENT_3D('',#469,#470,#471);
#469 = CARTESIAN_POINT('',(15.,-75.2,-1.5));
#470 = DIRECTION('',(1.,0.,0.));
#471 = DIRECTION('',(0.,0.,1.));
#472 = DEFINITIONAL_REPRESENTATION('',(#473),#477);
#473 = LINE('',#474,#475);
#474 = CARTESIAN_POINT('',(0.,0.));
#475 = VECTOR('',#476,1.);
#476 = DIRECTION('',(0.,-1.));
#477 = ( GEOMETRIC_REPRESENTATION_CONTEXT(2) 
PARAMETRIC_REPRESENTATION_CONTEXT() REPRESENTATION_CONTEXT('2D SPACE',''
  ) );
#478 = ORIENTED_EDGE('',*,*,#479,.F.);
#479 = EDGE_CURVE('',#480,#452,#482,.T.);
#480 = VERTEX_POINT('',#481);
#481 = CARTESIAN_POINT('',(-15.,75.2,-1.5));
#482 = SURFACE_CURVE('',#483,(#487,#494),.PCURVE_S1.);
#483 = LINE('',#484,#485);
#484 = CARTESIAN_POINT('',(-15.,75.2,-1.5));
#485 = VECTOR('',#486,1.);
#486 = DIRECTION('',(1.,0.,0.));
#487 = PCURVE('',#44,#488);
#488 = DEFINITIONAL_REPRESENTATION('',(#489),#493);
#489 = LINE('',#490,#491);
#490 = CARTESIAN_POINT('',(60.2,90.2));
#491 = VECTOR('',#492,1.);
#492 = DIRECTION('',(1.,0.));
#493 = ( GEOMETRIC_REPRESENTATION_CONTEXT(2) 
PARAMETRIC_REPRESENTATION_CONTEXT() REPRESENTATION_CONTEXT('2D SPACE',''
  ) );
#494 = PCURVE('',#495,#500);
#495 = PLANE('',#496);
#496 = AXIS2_PLACEMENT_3D('',#497,#498,#499);
#497 = CARTESIAN_POINT('',(-15.,75.2,-1.5));
#498 = DIRECTION('',(0.,1.,0.));
#499 = DIRECTION('',(0.,0.,1.));
#500 = DEFINITIONAL_REPRESENTATION('',(#501),#505);
#501 = LINE('',#502,#503);
#502 = CARTESIAN_POINT('',(0.,0.));
#503 = VECTOR('',#504,1.);
#504 = DIRECTION('',(0.,1.));
#505 = ( GEOMETRIC_REPRESENTATION_CONTEXT(2) 
PARAMETRIC_REPRESENTATION_CONTEXT() REPRESENTATION_CONTEXT('2D SPACE',''
  ) );
#506 = ORIENTED_EDGE('',*,*,#507,.F.);
#507 = EDGE_CURVE('',#508,#480,#510,.T.);
#508 = VERTEX_POINT('',#509);
#509 = CARTESIAN_POINT('',(-15.,18.,-1.5));
#510 = SURFACE_CURVE('',#511,(#515,#522),.PCURVE_S1.);
#511 = LINE('',#512,#513);
#512 = CARTESIAN_POINT('',(-15.,-75.2,-1.5));
#513 = VECTOR('',#514,1.);
#514 = DIRECTION('',(0.,1.,0.));
#515 = PCURVE('',#44,#516);
#516 = DEFINITIONAL_REPRESENTATION('',(#517),#521);
#517 = LINE('',#518,#519);
#518 = CARTESIAN_POINT('',(60.2,-60.2));
#519 = VECTOR('',#520,1.);
#520 = DIRECTION('',(0.,1.));
#521 = ( GEOMETRIC_REPRESENTATION_CONTEXT(2) 
PARAMETRIC_REPRESENTATION_CONTEXT() REPRESENTATION_CONTEXT('2D SPACE',''
  ) );
#522 = PCURVE('',#523,#528);
#523 = PLANE('',#524);
#524 = AXIS2_PLACEMENT_3D('',#525,#526,#527);
#525 = CARTESIAN_POINT('',(-15.,-75.2,-1.5));
#526 = DIRECTION('',(1.,0.,0.));
#527 = DIRECTION('',(0.,0.,1.));
#528 = DEFINITIONAL_REPRESENTATION('',(#529),#533);
#529 = LINE('',#530,#531);
#530 = CARTESIAN_POINT('',(0.,0.));
#531 = VECTOR('',#532,1.);
#532 = DIRECTION('',(0.,-1.));
#533 = ( GEOMETRIC_REPRESENTATION_CONTEXT(2) 
PARAMETRIC_REPRESENTATION_CONTEXT() REPRESENTATION_CONTEXT('2D SPACE',''
  ) );
#534 = ORIENTED_EDGE('',*,*,#535,.F.);
#535 = EDGE_CURVE('',#144,#508,#536,.T.);
#536 = SURFACE_CURVE('',#537,(#542,#549),.PCURVE_S1.);
#537 = CIRCLE('',#538,3.);
#538 = AXIS2_PLACEMENT_3D('',#539,#540,#541);
#539 = CARTESIAN_POINT('',(-18.,18.,-1.5));
#540 = DIRECTION('',(0.,-0.,1.));
#541 = DIRECTION('',(0.,1.,0.));
#542 = PCURVE('',#44,#543);
#543 = DEFINITIONAL_REPRESENTATION('',(#544),#548);
#544 = CIRCLE('',#545,3.);
#545 = AXIS2_PLACEMENT_2D('',#546,#547);
#546 = CARTESIAN_POINT('',(57.2,33.));
#547 = DIRECTION('',(0.,1.));
#548 = ( GEOMETRIC_REPRESENTATION_CONTEXT(2) 
PARAMETRIC_REPRESENTATION_CONTEXT() REPRESENTATION_CONTEXT('2D SPACE',''
  ) );
#549 = PCURVE('',#550,#555);
#550 = CYLINDRICAL_SURFACE('',#551,3.);
#551 = AXIS2_PLACEMENT_3D('',#552,#553,#554);
#552 = CARTESIAN_POINT('',(-18.,18.,1.5));
#553 = DIRECTION('',(0.,0.,-1.));
#554 = DIRECTION('',(0.,-1.,-0.));
#555 = DEFINITIONAL_REPRESENTATION('',(#556),#560);
#556 = LINE('',#557,#558);
#557 = CARTESIAN_POINT('',(3.14159265359,3.));
#558 = VECTOR('',#559,1.);
#559 = DIRECTION('',(-1.,0.));
#560 = ( GEOMETRIC_REPRESENTATION_CONTEXT(2) 
PARAMETRIC_REPRESENTATION_CONTEXT() REPRESENTATION_CONTEXT('2D SPACE',''
  ) );
#561 = FACE_BOUND('',#562,.F.);
#562 = EDGE_LOOP('',(#563,#591,#624,#650));
#563 = ORIENTED_EDGE('',*,*,#564,.F.);
#564 = EDGE_CURVE('',#565,#567,#569,.T.);
#565 = VERTEX_POINT('',#566);
#566 = CARTESIAN_POINT('',(-11.875,-15.825,-1.5));
#567 = VERTEX_POINT('',#568);
#568 = CARTESIAN_POINT('',(-11.875,-54.575,-1.5));
#569 = SURFACE_CURVE('',#570,(#574,#580),.PCURVE_S1.);
#570 = LINE('',#571,#572);
#571 = CARTESIAN_POINT('',(-11.875,-34.7875,-1.5));
#572 = VECTOR('',#573,1.);
#573 = DIRECTION('',(-1.110223024625E-16,-1.,0.));
#574 = PCURVE('',#44,#575);
#575 = DEFINITIONAL_REPRESENTATION('',(#576),#579);
#576 = B_SPLINE_CURVE_WITH_KNOTS('',1,(#577,#578),.UNSPECIFIED.,.F.,.F.,
  (2,2),(-18.9625,19.7875),.PIECEWISE_BEZIER_KNOTS.);
#577 = CARTESIAN_POINT('',(63.325,-0.825));
#578 = CARTESIAN_POINT('',(63.325,-39.575));
#579 = ( GEOMETRIC_REPRESENTATION_CONTEXT(2) 
PARAMETRIC_REPRESENTATION_CONTEXT() REPRESENTATION_CONTEXT('2D SPACE',''
  ) );
#580 = PCURVE('',#581,#586);
#581 = PLANE('',#582);
#582 = AXIS2_PLACEMENT_3D('',#583,#584,#585);
#583 = CARTESIAN_POINT('',(-11.875,-54.575,0.));
#584 = DIRECTION('',(-1.,1.110223024625E-16,0.));
#585 = DIRECTION('',(1.110223024625E-16,1.,0.));
#586 = DEFINITIONAL_REPRESENTATION('',(#587),#590);
#587 = B_SPLINE_CURVE_WITH_KNOTS('',1,(#588,#589),.UNSPECIFIED.,.F.,.F.,
  (2,2),(-18.9625,19.7875),.PIECEWISE_BEZIER_KNOTS.);
#588 = CARTESIAN_POINT('',(38.75,1.5));
#589 = CARTESIAN_POINT('',(0.,1.5));
#590 = ( GEOMETRIC_REPRESENTATION_CONTEXT(2) 
PARAMETRIC_REPRESENTATION_CONTEXT() REPRESENTATION_CONTEXT('2D SPACE',''
  ) );
#591 = ORIENTED_EDGE('',*,*,#592,.T.);
#592 = EDGE_CURVE('',#565,#593,#595,.T.);
#593 = VERTEX_POINT('',#594);
#594 = CARTESIAN_POINT('',(-10.625,-15.825,-1.5));
#595 = SURFACE_CURVE('',#596,(#601,#612),.PCURVE_S1.);
#596 = CIRCLE('',#597,0.625);
#597 = AXIS2_PLACEMENT_3D('',#598,#599,#600);
#598 = CARTESIAN_POINT('',(-11.25,-15.825,-1.5));
#599 = DIRECTION('',(0.,0.,-1.));
#600 = DIRECTION('',(-1.,1.110223024625E-16,0.));
#601 = PCURVE('',#44,#602);
#602 = DEFINITIONAL_REPRESENTATION('',(#603),#611);
#603 = ( BOUNDED_CURVE() B_SPLINE_CURVE(2,(#604,#605,#606,#607,#608,#609
,#610),.UNSPECIFIED.,.T.,.F.) B_SPLINE_CURVE_WITH_KNOTS((1,2,2,2,2,1),(
    -2.094395102393,0.,2.094395102393,4.188790204786,6.28318530718,
8.377580409573),.UNSPECIFIED.) CURVE() GEOMETRIC_REPRESENTATION_ITEM() 
RATIONAL_B_SPLINE_CURVE((1.,0.5,1.,0.5,1.,0.5,1.)) REPRESENTATION_ITEM(
  '') );
#604 = CARTESIAN_POINT('',(63.325,-0.825));
#605 = CARTESIAN_POINT('',(63.325,0.257531754731));
#606 = CARTESIAN_POINT('',(64.2625,-0.283734122635));
#607 = CARTESIAN_POINT('',(65.2,-0.825));
#608 = CARTESIAN_POINT('',(64.2625,-1.366265877365));
#609 = CARTESIAN_POINT('',(63.325,-1.907531754731));
#610 = CARTESIAN_POINT('',(63.325,-0.825));
#611 = ( GEOMETRIC_REPRESENTATION_CONTEXT(2) 
PARAMETRIC_REPRESENTATION_CONTEXT() REPRESENTATION_CONTEXT('2D SPACE',''
  ) );
#612 = PCURVE('',#613,#618);
#613 = CYLINDRICAL_SURFACE('',#614,0.625);
#614 = AXIS2_PLACEMENT_3D('',#615,#616,#617);
#615 = CARTESIAN_POINT('',(-11.25,-15.825,0.));
#616 = DIRECTION('',(0.,0.,-1.));
#617 = DIRECTION('',(-1.,1.110223024625E-16,0.));
#618 = DEFINITIONAL_REPRESENTATION('',(#619),#623);
#619 = LINE('',#620,#621);
#620 = CARTESIAN_POINT('',(0.,1.5));
#621 = VECTOR('',#622,1.);
#622 = DIRECTION('',(1.,0.));
#623 = ( GEOMETRIC_REPRESENTATION_CONTEXT(2) 
PARAMETRIC_REPRESENTATION_CONTEXT() REPRESENTATION_CONTEXT('2D SPACE',''
  ) );
#624 = ORIENTED_EDGE('',*,*,#625,.F.);
#625 = EDGE_CURVE('',#626,#593,#628,.T.);
#626 = VERTEX_POINT('',#627);
#627 = CARTESIAN_POINT('',(-10.625,-54.575,-1.5));
#628 = SURFACE_CURVE('',#629,(#633,#639),.PCURVE_S1.);
#629 = LINE('',#630,#631);
#630 = CARTESIAN_POINT('',(-10.625,-15.4125,-1.5));
#631 = VECTOR('',#632,1.);
#632 = DIRECTION('',(1.110223024625E-16,1.,-0.));
#633 = PCURVE('',#44,#634);
#634 = DEFINITIONAL_REPRESENTATION('',(#635),#638);
#635 = B_SPLINE_CURVE_WITH_KNOTS('',1,(#636,#637),.UNSPECIFIED.,.F.,.F.,
  (2,2),(-39.1625,-0.4125),.PIECEWISE_BEZIER_KNOTS.);
#636 = CARTESIAN_POINT('',(64.575,-39.575));
#637 = CARTESIAN_POINT('',(64.575,-0.825));
#638 = ( GEOMETRIC_REPRESENTATION_CONTEXT(2) 
PARAMETRIC_REPRESENTATION_CONTEXT() REPRESENTATION_CONTEXT('2D SPACE',''
  ) );
#639 = PCURVE('',#640,#645);
#640 = PLANE('',#641);
#641 = AXIS2_PLACEMENT_3D('',#642,#643,#644);
#642 = CARTESIAN_POINT('',(-10.625,-15.825,0.));
#643 = DIRECTION('',(1.,-1.110223024625E-16,0.));
#644 = DIRECTION('',(-1.110223024625E-16,-1.,0.));
#645 = DEFINITIONAL_REPRESENTATION('',(#646),#649);
#646 = B_SPLINE_CURVE_WITH_KNOTS('',1,(#647,#648),.UNSPECIFIED.,.F.,.F.,
  (2,2),(-39.1625,-0.4125),.PIECEWISE_BEZIER_KNOTS.);
#647 = CARTESIAN_POINT('',(38.75,1.5));
#648 = CARTESIAN_POINT('',(0.,1.5));
#649 = ( GEOMETRIC_REPRESENTATION_CONTEXT(2) 
PARAMETRIC_REPRESENTATION_CONTEXT() REPRESENTATION_CONTEXT('2D SPACE',''
  ) );
#650 = ORIENTED_EDGE('',*,*,#651,.T.);
#651 = EDGE_CURVE('',#626,#567,#652,.T.);
#652 = SURFACE_CURVE('',#653,(#658,#669),.PCURVE_S1.);
#653 = CIRCLE('',#654,0.625);
#654 = AXIS2_PLACEMENT_3D('',#655,#656,#657);
#655 = CARTESIAN_POINT('',(-11.25,-54.575,-1.5));
#656 = DIRECTION('',(0.,-0.,-1.));
#657 = DIRECTION('',(1.,-1.110223024625E-16,0.));
#658 = PCURVE('',#44,#659);
#659 = DEFINITIONAL_REPRESENTATION('',(#660),#668);
#660 = ( BOUNDED_CURVE() B_SPLINE_CURVE(2,(#661,#662,#663,#664,#665,#666
,#667),.UNSPECIFIED.,.T.,.F.) B_SPLINE_CURVE_WITH_KNOTS((1,2,2,2,2,1),(
    -2.094395102393,0.,2.094395102393,4.188790204786,6.28318530718,
8.377580409573),.UNSPECIFIED.) CURVE() GEOMETRIC_REPRESENTATION_ITEM() 
RATIONAL_B_SPLINE_CURVE((1.,0.5,1.,0.5,1.,0.5,1.)) REPRESENTATION_ITEM(
  '') );
#661 = CARTESIAN_POINT('',(64.575,-39.575));
#662 = CARTESIAN_POINT('',(64.575,-40.65753175473));
#663 = CARTESIAN_POINT('',(63.6375,-40.11626587736));
#664 = CARTESIAN_POINT('',(62.7,-39.575));
#665 = CARTESIAN_POINT('',(63.6375,-39.03373412263));
#666 = CARTESIAN_POINT('',(64.575,-38.49246824526));
#667 = CARTESIAN_POINT('',(64.575,-39.575));
#668 = ( GEOMETRIC_REPRESENTATION_CONTEXT(2) 
PARAMETRIC_REPRESENTATION_CONTEXT() REPRESENTATION_CONTEXT('2D SPACE',''
  ) );
#669 = PCURVE('',#670,#675);
#670 = CYLINDRICAL_SURFACE('',#671,0.625);
#671 = AXIS2_PLACEMENT_3D('',#672,#673,#674);
#672 = CARTESIAN_POINT('',(-11.25,-54.575,0.));
#673 = DIRECTION('',(0.,-0.,-1.));
#674 = DIRECTION('',(1.,-1.110223024625E-16,0.));
#675 = DEFINITIONAL_REPRESENTATION('',(#676),#680);
#676 = LINE('',#677,#678);
#677 = CARTESIAN_POINT('',(0.,1.5));
#678 = VECTOR('',#679,1.);
#679 = DIRECTION('',(1.,0.));
#680 = ( GEOMETRIC_REPRESENTATION_CONTEXT(2) 
PARAMETRIC_REPRESENTATION_CONTEXT() REPRESENTATION_CONTEXT('2D SPACE',''
  ) );
#681 = FACE_BOUND('',#682,.F.);
#682 = EDGE_LOOP('',(#683,#711,#744,#770));
#683 = ORIENTED_EDGE('',*,*,#684,.F.);
#684 = EDGE_CURVE('',#685,#687,#689,.T.);
#685 = VERTEX_POINT('',#686);
#686 = CARTESIAN_POINT('',(-8.125,-15.825,-1.5));
#687 = VERTEX_POINT('',#688);
#688 = CARTESIAN_POINT('',(-8.125,-54.575,-1.5));
#689 = SURFACE_CURVE('',#690,(#694,#700),.PCURVE_S1.);
#690 = LINE('',#691,#692);
#691 = CARTESIAN_POINT('',(-8.125,-34.7875,-1.5));
#692 = VECTOR('',#693,1.);
#693 = DIRECTION('',(-1.110223024625E-16,-1.,0.));
#694 = PCURVE('',#44,#695);
#695 = DEFINITIONAL_REPRESENTATION('',(#696),#699);
#696 = B_SPLINE_CURVE_WITH_KNOTS('',1,(#697,#698),.UNSPECIFIED.,.F.,.F.,
  (2,2),(-18.9625,19.7875),.PIECEWISE_BEZIER_KNOTS.);
#697 = CARTESIAN_POINT('',(67.075,-0.825));
#698 = CARTESIAN_POINT('',(67.075,-39.575));
#699 = ( GEOMETRIC_REPRESENTATION_CONTEXT(2) 
PARAMETRIC_REPRESENTATION_CONTEXT() REPRESENTATION_CONTEXT('2D SPACE',''
  ) );
#700 = PCURVE('',#701,#706);
#701 = PLANE('',#702);
#702 = AXIS2_PLACEMENT_3D('',#703,#704,#705);
#703 = CARTESIAN_POINT('',(-8.125,-54.575,0.));
#704 = DIRECTION('',(-1.,1.110223024625E-16,0.));
#705 = DIRECTION('',(1.110223024625E-16,1.,0.));
#706 = DEFINITIONAL_REPRESENTATION('',(#707),#710);
#707 = B_SPLINE_CURVE_WITH_KNOTS('',1,(#708,#709),.UNSPECIFIED.,.F.,.F.,
  (2,2),(-18.9625,19.7875),.PIECEWISE_BEZIER_KNOTS.);
#708 = CARTESIAN_POINT('',(38.75,1.5));
#709 = CARTESIAN_POINT('',(0.,1.5));
#710 = ( GEOMETRIC_REPRESENTATION_CONTEXT(2) 
PARAMETRIC_REPRESENTATION_CONTEXT() REPRESENTATION_CONTEXT('2D SPACE',''
  ) );
#711 = ORIENTED_EDGE('',*,*,#712,.T.);
#712 = EDGE_CURVE('',#685,#713,#715,.T.);
#713 = VERTEX_POINT('',#714);
#714 = CARTESIAN_POINT('',(-6.875,-15.825,-1.5));
#715 = SURFACE_CURVE('',#716,(#721,#732),.PCURVE_S1.);
#716 = CIRCLE('',#717,0.625);
#717 = AXIS2_PLACEMENT_3D('',#718,#719,#720);
#718 = CARTESIAN_POINT('',(-7.5,-15.825,-1.5));
#719 = DIRECTION('',(0.,0.,-1.));
#720 = DIRECTION('',(-1.,1.110223024625E-16,0.));
#721 = PCURVE('',#44,#722);
#722 = DEFINITIONAL_REPRESENTATION('',(#723),#731);
#723 = ( BOUNDED_CURVE() B_SPLINE_CURVE(2,(#724,#725,#726,#727,#728,#729
,#730),.UNSPECIFIED.,.T.,.F.) B_SPLINE_CURVE_WITH_KNOTS((1,2,2,2,2,1),(
    -2.094395102393,0.,2.094395102393,4.188790204786,6.28318530718,
8.377580409573),.UNSPECIFIED.) CURVE() GEOMETRIC_REPRESENTATION_ITEM() 
RATIONAL_B_SPLINE_CURVE((1.,0.5,1.,0.5,1.,0.5,1.)) REPRESENTATION_ITEM(
  '') );
#724 = CARTESIAN_POINT('',(67.075,-0.825));
#725 = CARTESIAN_POINT('',(67.075,0.257531754731));
#726 = CARTESIAN_POINT('',(68.0125,-0.283734122635));
#727 = CARTESIAN_POINT('',(68.95,-0.825));
#728 = CARTESIAN_POINT('',(68.0125,-1.366265877365));
#729 = CARTESIAN_POINT('',(67.075,-1.907531754731));
#730 = CARTESIAN_POINT('',(67.075,-0.825));
#731 = ( GEOMETRIC_REPRESENTATION_CONTEXT(2) 
PARAMETRIC_REPRESENTATION_CONTEXT() REPRESENTATION_CONTEXT('2D SPACE',''
  ) );
#732 = PCURVE('',#733,#738);
#733 = CYLINDRICAL_SURFACE('',#734,0.625);
#734 = AXIS2_PLACEMENT_3D('',#735,#736,#737);
#735 = CARTESIAN_POINT('',(-7.5,-15.825,0.));
#736 = DIRECTION('',(0.,0.,-1.));
#737 = DIRECTION('',(-1.,1.110223024625E-16,0.));
#738 = DEFINITIONAL_REPRESENTATION('',(#739),#743);
#739 = LINE('',#740,#741);
#740 = CARTESIAN_POINT('',(0.,1.5));
#741 = VECTOR('',#742,1.);
#742 = DIRECTION('',(1.,0.));
#743 = ( GEOMETRIC_REPRESENTATION_CONTEXT(2) 
PARAMETRIC_REPRESENTATION_CONTEXT() REPRESENTATION_CONTEXT('2D SPACE',''
  ) );
#744 = ORIENTED_EDGE('',*,*,#745,.F.);
#745 = EDGE_CURVE('',#746,#713,#748,.T.);
#746 = VERTEX_POINT('',#747);
#747 = CARTESIAN_POINT('',(-6.875,-54.575,-1.5));
#748 = SURFACE_CURVE('',#749,(#753,#759),.PCURVE_S1.);
#749 = LINE('',#750,#751);
#750 = CARTESIAN_POINT('',(-6.875,-15.4125,-1.5));
#751 = VECTOR('',#752,1.);
#752 = DIRECTION('',(1.110223024625E-16,1.,-0.));
#753 = PCURVE('',#44,#754);
#754 = DEFINITIONAL_REPRESENTATION('',(#755),#758);
#755 = B_SPLINE_CURVE_WITH_KNOTS('',1,(#756,#757),.UNSPECIFIED.,.F.,.F.,
  (2,2),(-39.1625,-0.4125),.PIECEWISE_BEZIER_KNOTS.);
#756 = CARTESIAN_POINT('',(68.325,-39.575));
#757 = CARTESIAN_POINT('',(68.325,-0.825));
#758 = ( GEOMETRIC_REPRESENTATION_CONTEXT(2) 
PARAMETRIC_REPRESENTATION_CONTEXT() REPRESENTATION_CONTEXT('2D SPACE',''
  ) );
#759 = PCURVE('',#760,#765);
#760 = PLANE('',#761);
#761 = AXIS2_PLACEMENT_3D('',#762,#763,#764);
#762 = CARTESIAN_POINT('',(-6.875,-15.825,0.));
#763 = DIRECTION('',(1.,-1.110223024625E-16,0.));
#764 = DIRECTION('',(-1.110223024625E-16,-1.,0.));
#765 = DEFINITIONAL_REPRESENTATION('',(#766),#769);
#766 = B_SPLINE_CURVE_WITH_KNOTS('',1,(#767,#768),.UNSPECIFIED.,.F.,.F.,
  (2,2),(-39.1625,-0.4125),.PIECEWISE_BEZIER_KNOTS.);
#767 = CARTESIAN_POINT('',(38.75,1.5));
#768 = CARTESIAN_POINT('',(0.,1.5));
#769 = ( GEOMETRIC_REPRESENTATION_CONTEXT(2) 
PARAMETRIC_REPRESENTATION_CONTEXT() REPRESENTATION_CONTEXT('2D SPACE',''
  ) );
#770 = ORIENTED_EDGE('',*,*,#771,.T.);
#771 = EDGE_CURVE('',#746,#687,#772,.T.);
#772 = SURFACE_CURVE('',#773,(#778,#789),.PCURVE_S1.);
#773 = CIRCLE('',#774,0.625);
#774 = AXIS2_PLACEMENT_3D('',#775,#776,#777);
#775 = CARTESIAN_POINT('',(-7.5,-54.575,-1.5));
#776 = DIRECTION('',(0.,-0.,-1.));
#777 = DIRECTION('',(1.,-1.110223024625E-16,0.));
#778 = PCURVE('',#44,#779);
#779 = DEFINITIONAL_REPRESENTATION('',(#780),#788);
#780 = ( BOUNDED_CURVE() B_SPLINE_CURVE(2,(#781,#782,#783,#784,#785,#786
,#787),.UNSPECIFIED.,.T.,.F.) B_SPLINE_CURVE_WITH_KNOTS((1,2,2,2,2,1),(
    -2.094395102393,0.,2.094395102393,4.188790204786,6.28318530718,
8.377580409573),.UNSPECIFIED.) CURVE() GEOMETRIC_REPRESENTATION_ITEM() 
RATIONAL_B_SPLINE_CURVE((1.,0.5,1.,0.5,1.,0.5,1.)) REPRESENTATION_ITEM(
  '') );
#781 = CARTESIAN_POINT('',(68.325,-39.575));
#782 = CARTESIAN_POINT('',(68.325,-40.65753175473));
#783 = CARTESIAN_POINT('',(67.3875,-40.11626587736));
#784 = CARTESIAN_POINT('',(66.45,-39.575));
#785 = CARTESIAN_POINT('',(67.3875,-39.03373412263));
#786 = CARTESIAN_POINT('',(68.325,-38.49246824526));
#787 = CARTESIAN_POINT('',(68.325,-39.575));
#788 = ( GEOMETRIC_REPRESENTATION_CONTEXT(2) 
PARAMETRIC_REPRESENTATION_CONTEXT() REPRESENTATION_CONTEXT('2D SPACE',''
  ) );
#789 = PCURVE('',#790,#795);
#790 = CYLINDRICAL_SURFACE('',#791,0.625);
#791 = AXIS2_PLACEMENT_3D('',#792,#793,#794);
#792 = CARTESIAN_POINT('',(-7.5,-54.575,0.));
#793 = DIRECTION('',(0.,-0.,-1.));
#794 = DIRECTION('',(1.,-1.110223024625E-16,0.));
#795 = DEFINITIONAL_REPRESENTATION('',(#796),#800);
#796 = LINE('',#797,#798);
#797 = CARTESIAN_POINT('',(0.,1.5));
#798 = VECTOR('',#799,1.);
#799 = DIRECTION('',(1.,0.));
#800 = ( GEOMETRIC_REPRESENTATION_CONTEXT(2) 
PARAMETRIC_REPRESENTATION_CONTEXT() REPRESENTATION_CONTEXT('2D SPACE',''
  ) );
#801 = FACE_BOUND('',#802,.F.);
#802 = EDGE_LOOP('',(#803,#831,#864,#890));
#803 = ORIENTED_EDGE('',*,*,#804,.F.);
#804 = EDGE_CURVE('',#805,#807,#809,.T.);
#805 = VERTEX_POINT('',#806);
#806 = CARTESIAN_POINT('',(-4.375,-15.825,-1.5));
#807 = VERTEX_POINT('',#808);
#808 = CARTESIAN_POINT('',(-4.375,-54.575,-1.5));
#809 = SURFACE_CURVE('',#810,(#814,#820),.PCURVE_S1.);
#810 = LINE('',#811,#812);
#811 = CARTESIAN_POINT('',(-4.375,-34.7875,-1.5));
#812 = VECTOR('',#813,1.);
#813 = DIRECTION('',(-1.110223024625E-16,-1.,0.));
#814 = PCURVE('',#44,#815);
#815 = DEFINITIONAL_REPRESENTATION('',(#816),#819);
#816 = B_SPLINE_CURVE_WITH_KNOTS('',1,(#817,#818),.UNSPECIFIED.,.F.,.F.,
  (2,2),(-18.9625,19.7875),.PIECEWISE_BEZIER_KNOTS.);
#817 = CARTESIAN_POINT('',(70.825,-0.825));
#818 = CARTESIAN_POINT('',(70.825,-39.575));
#819 = ( GEOMETRIC_REPRESENTATION_CONTEXT(2) 
PARAMETRIC_REPRESENTATION_CONTEXT() REPRESENTATION_CONTEXT('2D SPACE',''
  ) );
#820 = PCURVE('',#821,#826);
#821 = PLANE('',#822);
#822 = AXIS2_PLACEMENT_3D('',#823,#824,#825);
#823 = CARTESIAN_POINT('',(-4.375,-54.575,0.));
#824 = DIRECTION('',(-1.,1.110223024625E-16,0.));
#825 = DIRECTION('',(1.110223024625E-16,1.,0.));
#826 = DEFINITIONAL_REPRESENTATION('',(#827),#830);
#827 = B_SPLINE_CURVE_WITH_KNOTS('',1,(#828,#829),.UNSPECIFIED.,.F.,.F.,
  (2,2),(-18.9625,19.7875),.PIECEWISE_BEZIER_KNOTS.);
#828 = CARTESIAN_POINT('',(38.75,1.5));
#829 = CARTESIAN_POINT('',(0.,1.5));
#830 = ( GEOMETRIC_REPRESENTATION_CONTEXT(2) 
PARAMETRIC_REPRESENTATION_CONTEXT() REPRESENTATION_CONTEXT('2D SPACE',''
  ) );
#831 = ORIENTED_EDGE('',*,*,#832,.T.);
#832 = EDGE_CURVE('',#805,#833,#835,.T.);
#833 = VERTEX_POINT('',#834);
#834 = CARTESIAN_POINT('',(-3.125,-15.825,-1.5));
#835 = SURFACE_CURVE('',#836,(#841,#852),.PCURVE_S1.);
#836 = CIRCLE('',#837,0.625);
#837 = AXIS2_PLACEMENT_3D('',#838,#839,#840);
#838 = CARTESIAN_POINT('',(-3.75,-15.825,-1.5));
#839 = DIRECTION('',(0.,0.,-1.));
#840 = DIRECTION('',(-1.,1.110223024625E-16,0.));
#841 = PCURVE('',#44,#842);
#842 = DEFINITIONAL_REPRESENTATION('',(#843),#851);
#843 = ( BOUNDED_CURVE() B_SPLINE_CURVE(2,(#844,#845,#846,#847,#848,#849
,#850),.UNSPECIFIED.,.T.,.F.) B_SPLINE_CURVE_WITH_KNOTS((1,2,2,2,2,1),(
    -2.094395102393,0.,2.094395102393,4.188790204786,6.28318530718,
8.377580409573),.UNSPECIFIED.) CURVE() GEOMETRIC_REPRESENTATION_ITEM() 
RATIONAL_B_SPLINE_CURVE((1.,0.5,1.,0.5,1.,0.5,1.)) REPRESENTATION_ITEM(
  '') );
#844 = CARTESIAN_POINT('',(70.825,-0.825));
#845 = CARTESIAN_POINT('',(70.825,0.257531754731));
#846 = CARTESIAN_POINT('',(71.7625,-0.283734122635));
#847 = CARTESIAN_POINT('',(72.7,-0.825));
#848 = CARTESIAN_POINT('',(71.7625,-1.366265877365));
#849 = CARTESIAN_POINT('',(70.825,-1.907531754731));
#850 = CARTESIAN_POINT('',(70.825,-0.825));
#851 = ( GEOMETRIC_REPRESENTATION_CONTEXT(2) 
PARAMETRIC_REPRESENTATION_CONTEXT() REPRESENTATION_CONTEXT('2D SPACE',''
  ) );
#852 = PCURVE('',#853,#858);
#853 = CYLINDRICAL_SURFACE('',#854,0.625);
#854 = AXIS2_PLACEMENT_3D('',#855,#856,#857);
#855 = CARTESIAN_POINT('',(-3.75,-15.825,0.));
#856 = DIRECTION('',(0.,0.,-1.));
#857 = DIRECTION('',(-1.,1.110223024625E-16,0.));
#858 = DEFINITIONAL_REPRESENTATION('',(#859),#863);
#859 = LINE('',#860,#861);
#860 = CARTESIAN_POINT('',(0.,1.5));
#861 = VECTOR('',#862,1.);
#862 = DIRECTION('',(1.,0.));
#863 = ( GEOMETRIC_REPRESENTATION_CONTEXT(2) 
PARAMETRIC_REPRESENTATION_CONTEXT() REPRESENTATION_CONTEXT('2D SPACE',''
  ) );
#864 = ORIENTED_EDGE('',*,*,#865,.F.);
#865 = EDGE_CURVE('',#866,#833,#868,.T.);
#866 = VERTEX_POINT('',#867);
#867 = CARTESIAN_POINT('',(-3.125,-54.575,-1.5));
#868 = SURFACE_CURVE('',#869,(#873,#879),.PCURVE_S1.);
#869 = LINE('',#870,#871);
#870 = CARTESIAN_POINT('',(-3.125,-15.4125,-1.5));
#871 = VECTOR('',#872,1.);
#872 = DIRECTION('',(1.110223024625E-16,1.,-0.));
#873 = PCURVE('',#44,#874);
#874 = DEFINITIONAL_REPRESENTATION('',(#875),#878);
#875 = B_SPLINE_CURVE_WITH_KNOTS('',1,(#876,#877),.UNSPECIFIED.,.F.,.F.,
  (2,2),(-39.1625,-0.4125),.PIECEWISE_BEZIER_KNOTS.);
#876 = CARTESIAN_POINT('',(72.075,-39.575));
#877 = CARTESIAN_POINT('',(72.075,-0.825));
#878 = ( GEOMETRIC_REPRESENTATION_CONTEXT(2) 
PARAMETRIC_REPRESENTATION_CONTEXT() REPRESENTATION_CONTEXT('2D SPACE',''
  ) );
#879 = PCURVE('',#880,#885);
#880 = PLANE('',#881);
#881 = AXIS2_PLACEMENT_3D('',#882,#883,#884);
#882 = CARTESIAN_POINT('',(-3.125,-15.825,0.));
#883 = DIRECTION('',(1.,-1.110223024625E-16,0.));
#884 = DIRECTION('',(-1.110223024625E-16,-1.,0.));
#885 = DEFINITIONAL_REPRESENTATION('',(#886),#889);
#886 = B_SPLINE_CURVE_WITH_KNOTS('',1,(#887,#888),.UNSPECIFIED.,.F.,.F.,
  (2,2),(-39.1625,-0.4125),.PIECEWISE_BEZIER_KNOTS.);
#887 = CARTESIAN_POINT('',(38.75,1.5));
#888 = CARTESIAN_POINT('',(0.,1.5));
#889 = ( GEOMETRIC_REPRESENTATION_CONTEXT(2) 
PARAMETRIC_REPRESENTATION_CONTEXT() REPRESENTATION_CONTEXT('2D SPACE',''
  ) );
#890 = ORIENTED_EDGE('',*,*,#891,.T.);
#891 = EDGE_CURVE('',#866,#807,#892,.T.);
#892 = SURFACE_CURVE('',#893,(#898,#909),.PCURVE_S1.);
#893 = CIRCLE('',#894,0.625);
#894 = AXIS2_PLACEMENT_3D('',#895,#896,#897);
#895 = CARTESIAN_POINT('',(-3.75,-54.575,-1.5));
#896 = DIRECTION('',(0.,-0.,-1.));
#897 = DIRECTION('',(1.,-1.110223024625E-16,0.));
#898 = PCURVE('',#44,#899);
#899 = DEFINITIONAL_REPRESENTATION('',(#900),#908);
#900 = ( BOUNDED_CURVE() B_SPLINE_CURVE(2,(#901,#902,#903,#904,#905,#906
,#907),.UNSPECIFIED.,.T.,.F.) B_SPLINE_CURVE_WITH_KNOTS((1,2,2,2,2,1),(
    -2.094395102393,0.,2.094395102393,4.188790204786,6.28318530718,
8.377580409573),.UNSPECIFIED.) CURVE() GEOMETRIC_REPRESENTATION_ITEM() 
RATIONAL_B_SPLINE_CURVE((1.,0.5,1.,0.5,1.,0.5,1.)) REPRESENTATION_ITEM(
  '') );
#901 = CARTESIAN_POINT('',(72.075,-39.575));
#902 = CARTESIAN_POINT('',(72.075,-40.65753175473));
#903 = CARTESIAN_POINT('',(71.1375,-40.11626587736));
#904 = CARTESIAN_POINT('',(70.2,-39.575));
#905 = CARTESIAN_POINT('',(71.1375,-39.03373412263));
#906 = CARTESIAN_POINT('',(72.075,-38.49246824526));
#907 = CARTESIAN_POINT('',(72.075,-39.575));
#908 = ( GEOMETRIC_REPRESENTATION_CONTEXT(2) 
PARAMETRIC_REPRESENTATION_CONTEXT() REPRESENTATION_CONTEXT('2D SPACE',''
  ) );
#909 = PCURVE('',#910,#915);
#910 = CYLINDRICAL_SURFACE('',#911,0.625);
#911 = AXIS2_PLACEMENT_3D('',#912,#913,#914);
#912 = CARTESIAN_POINT('',(-3.75,-54.575,0.));
#913 = DIRECTION('',(0.,-0.,-1.));
#914 = DIRECTION('',(1.,-1.110223024625E-16,0.));
#915 = DEFINITIONAL_REPRESENTATION('',(#916),#920);
#916 = LINE('',#917,#918);
#917 = CARTESIAN_POINT('',(0.,1.5));
#918 = VECTOR('',#919,1.);
#919 = DIRECTION('',(1.,0.));
#920 = ( GEOMETRIC_REPRESENTATION_CONTEXT(2) 
PARAMETRIC_REPRESENTATION_CONTEXT() REPRESENTATION_CONTEXT('2D SPACE',''
  ) );
#921 = FACE_BOUND('',#922,.F.);
#922 = EDGE_LOOP('',(#923,#951,#984,#1010));
#923 = ORIENTED_EDGE('',*,*,#924,.F.);
#924 = EDGE_CURVE('',#925,#927,#929,.T.);
#925 = VERTEX_POINT('',#926);
#926 = CARTESIAN_POINT('',(-15.825,-10.625,-1.5));
#927 = VERTEX_POINT('',#928);
#928 = CARTESIAN_POINT('',(-54.575,-10.625,-1.5));
#929 = SURFACE_CURVE('',#930,(#934,#940),.PCURVE_S1.);
#930 = LINE('',#931,#932);
#931 = CARTESIAN_POINT('',(-64.8875,-10.625,-1.5));
#932 = VECTOR('',#933,1.);
#933 = DIRECTION('',(-1.,0.,0.));
#934 = PCURVE('',#44,#935);
#935 = DEFINITIONAL_REPRESENTATION('',(#936),#939);
#936 = B_SPLINE_CURVE_WITH_KNOTS('',1,(#937,#938),.UNSPECIFIED.,.F.,.F.,
  (2,2),(-49.0625,-10.3125),.PIECEWISE_BEZIER_KNOTS.);
#937 = CARTESIAN_POINT('',(59.375,4.375));
#938 = CARTESIAN_POINT('',(20.625,4.375));
#939 = ( GEOMETRIC_REPRESENTATION_CONTEXT(2) 
PARAMETRIC_REPRESENTATION_CONTEXT() REPRESENTATION_CONTEXT('2D SPACE',''
  ) );
#940 = PCURVE('',#941,#946);
#941 = PLANE('',#942);
#942 = AXIS2_PLACEMENT_3D('',#943,#944,#945);
#943 = CARTESIAN_POINT('',(-54.575,-10.625,0.));
#944 = DIRECTION('',(0.,1.,0.));
#945 = DIRECTION('',(1.,0.,0.));
#946 = DEFINITIONAL_REPRESENTATION('',(#947),#950);
#947 = B_SPLINE_CURVE_WITH_KNOTS('',1,(#948,#949),.UNSPECIFIED.,.F.,.F.,
  (2,2),(-49.0625,-10.3125),.PIECEWISE_BEZIER_KNOTS.);
#948 = CARTESIAN_POINT('',(38.75,1.5));
#949 = CARTESIAN_POINT('',(0.,1.5));
#950 = ( GEOMETRIC_REPRESENTATION_CONTEXT(2) 
PARAMETRIC_REPRESENTATION_CONTEXT() REPRESENTATION_CONTEXT('2D SPACE',''
  ) );
#951 = ORIENTED_EDGE('',*,*,#952,.T.);
#952 = EDGE_CURVE('',#925,#953,#955,.T.);
#953 = VERTEX_POINT('',#954);
#954 = CARTESIAN_POINT('',(-15.825,-11.875,-1.5));
#955 = SURFACE_CURVE('',#956,(#961,#972),.PCURVE_S1.);
#956 = CIRCLE('',#957,0.625);
#957 = AXIS2_PLACEMENT_3D('',#958,#959,#960);
#958 = CARTESIAN_POINT('',(-15.825,-11.25,-1.5));
#959 = DIRECTION('',(0.,0.,-1.));
#960 = DIRECTION('',(0.,1.,0.));
#961 = PCURVE('',#44,#962);
#962 = DEFINITIONAL_REPRESENTATION('',(#963),#971);
#963 = ( BOUNDED_CURVE() B_SPLINE_CURVE(2,(#964,#965,#966,#967,#968,#969
,#970),.UNSPECIFIED.,.T.,.F.) B_SPLINE_CURVE_WITH_KNOTS((1,2,2,2,2,1),(
    -2.094395102393,0.,2.094395102393,4.188790204786,6.28318530718,
8.377580409573),.UNSPECIFIED.) CURVE() GEOMETRIC_REPRESENTATION_ITEM() 
RATIONAL_B_SPLINE_CURVE((1.,0.5,1.,0.5,1.,0.5,1.)) REPRESENTATION_ITEM(
  '') );
#964 = CARTESIAN_POINT('',(59.375,4.375));
#965 = CARTESIAN_POINT('',(60.457531754731,4.375));
#966 = CARTESIAN_POINT('',(59.916265877365,3.4375));
#967 = CARTESIAN_POINT('',(59.375,2.5));
#968 = CARTESIAN_POINT('',(58.833734122635,3.4375));
#969 = CARTESIAN_POINT('',(58.292468245269,4.375));
#970 = CARTESIAN_POINT('',(59.375,4.375));
#971 = ( GEOMETRIC_REPRESENTATION_CONTEXT(2) 
PARAMETRIC_REPRESENTATION_CONTEXT() REPRESENTATION_CONTEXT('2D SPACE',''
  ) );
#972 = PCURVE('',#973,#978);
#973 = CYLINDRICAL_SURFACE('',#974,0.625);
#974 = AXIS2_PLACEMENT_3D('',#975,#976,#977);
#975 = CARTESIAN_POINT('',(-15.825,-11.25,0.));
#976 = DIRECTION('',(0.,0.,-1.));
#977 = DIRECTION('',(0.,1.,0.));
#978 = DEFINITIONAL_REPRESENTATION('',(#979),#983);
#979 = LINE('',#980,#981);
#980 = CARTESIAN_POINT('',(0.,1.5));
#981 = VECTOR('',#982,1.);
#982 = DIRECTION('',(1.,0.));
#983 = ( GEOMETRIC_REPRESENTATION_CONTEXT(2) 
PARAMETRIC_REPRESENTATION_CONTEXT() REPRESENTATION_CONTEXT('2D SPACE',''
  ) );
#984 = ORIENTED_EDGE('',*,*,#985,.F.);
#985 = EDGE_CURVE('',#986,#953,#988,.T.);
#986 = VERTEX_POINT('',#987);
#987 = CARTESIAN_POINT('',(-54.575,-11.875,-1.5));
#988 = SURFACE_CURVE('',#989,(#993,#999),.PCURVE_S1.);
#989 = LINE('',#990,#991);
#990 = CARTESIAN_POINT('',(-45.5125,-11.875,-1.5));
#991 = VECTOR('',#992,1.);
#992 = DIRECTION('',(1.,0.,-0.));
#993 = PCURVE('',#44,#994);
#994 = DEFINITIONAL_REPRESENTATION('',(#995),#998);
#995 = B_SPLINE_CURVE_WITH_KNOTS('',1,(#996,#997),.UNSPECIFIED.,.F.,.F.,
  (2,2),(-9.0625,29.6875),.PIECEWISE_BEZIER_KNOTS.);
#996 = CARTESIAN_POINT('',(20.625,3.125));
#997 = CARTESIAN_POINT('',(59.375,3.125));
#998 = ( GEOMETRIC_REPRESENTATION_CONTEXT(2) 
PARAMETRIC_REPRESENTATION_CONTEXT() REPRESENTATION_CONTEXT('2D SPACE',''
  ) );
#999 = PCURVE('',#1000,#1005);
#1000 = PLANE('',#1001);
#1001 = AXIS2_PLACEMENT_3D('',#1002,#1003,#1004);
#1002 = CARTESIAN_POINT('',(-15.825,-11.875,0.));
#1003 = DIRECTION('',(0.,-1.,0.));
#1004 = DIRECTION('',(-1.,0.,0.));
#1005 = DEFINITIONAL_REPRESENTATION('',(#1006),#1009);
#1006 = B_SPLINE_CURVE_WITH_KNOTS('',1,(#1007,#1008),.UNSPECIFIED.,.F.,
  .F.,(2,2),(-9.0625,29.6875),.PIECEWISE_BEZIER_KNOTS.);
#1007 = CARTESIAN_POINT('',(38.75,1.5));
#1008 = CARTESIAN_POINT('',(0.,1.5));
#1009 = ( GEOMETRIC_REPRESENTATION_CONTEXT(2) 
PARAMETRIC_REPRESENTATION_CONTEXT() REPRESENTATION_CONTEXT('2D SPACE',''
  ) );
#1010 = ORIENTED_EDGE('',*,*,#1011,.T.);
#1011 = EDGE_CURVE('',#986,#927,#1012,.T.);
#1012 = SURFACE_CURVE('',#1013,(#1018,#1029),.PCURVE_S1.);
#1013 = CIRCLE('',#1014,0.625);
#1014 = AXIS2_PLACEMENT_3D('',#1015,#1016,#1017);
#1015 = CARTESIAN_POINT('',(-54.575,-11.25,-1.5));
#1016 = DIRECTION('',(0.,-0.,-1.));
#1017 = DIRECTION('',(0.,-1.,0.));
#1018 = PCURVE('',#44,#1019);
#1019 = DEFINITIONAL_REPRESENTATION('',(#1020),#1028);
#1020 = ( BOUNDED_CURVE() B_SPLINE_CURVE(2,(#1021,#1022,#1023,#1024,
#1025,#1026,#1027),.UNSPECIFIED.,.T.,.F.) B_SPLINE_CURVE_WITH_KNOTS((1,2
    ,2,2,2,1),(-2.094395102393,0.,2.094395102393,4.188790204786,
6.28318530718,8.377580409573),.UNSPECIFIED.) CURVE() 
GEOMETRIC_REPRESENTATION_ITEM() RATIONAL_B_SPLINE_CURVE((1.,0.5,1.,0.5,
1.,0.5,1.)) REPRESENTATION_ITEM('') );
#1021 = CARTESIAN_POINT('',(20.625,3.125));
#1022 = CARTESIAN_POINT('',(19.542468245269,3.125));
#1023 = CARTESIAN_POINT('',(20.083734122635,4.0625));
#1024 = CARTESIAN_POINT('',(20.625,5.));
#1025 = CARTESIAN_POINT('',(21.166265877365,4.0625));
#1026 = CARTESIAN_POINT('',(21.707531754731,3.125));
#1027 = CARTESIAN_POINT('',(20.625,3.125));
#1028 = ( GEOMETRIC_REPRESENTATION_CONTEXT(2) 
PARAMETRIC_REPRESENTATION_CONTEXT() REPRESENTATION_CONTEXT('2D SPACE',''
  ) );
#1029 = PCURVE('',#1030,#1035);
#1030 = CYLINDRICAL_SURFACE('',#1031,0.625);
#1031 = AXIS2_PLACEMENT_3D('',#1032,#1033,#1034);
#1032 = CARTESIAN_POINT('',(-54.575,-11.25,0.));
#1033 = DIRECTION('',(0.,-0.,-1.));
#1034 = DIRECTION('',(0.,-1.,0.));
#1035 = DEFINITIONAL_REPRESENTATION('',(#1036),#1040);
#1036 = LINE('',#1037,#1038);
#1037 = CARTESIAN_POINT('',(0.,1.5));
#1038 = VECTOR('',#1039,1.);
#1039 = DIRECTION('',(1.,0.));
#1040 = ( GEOMETRIC_REPRESENTATION_CONTEXT(2) 
PARAMETRIC_REPRESENTATION_CONTEXT() REPRESENTATION_CONTEXT('2D SPACE',''
  ) );
#1041 = FACE_BOUND('',#1042,.F.);
#1042 = EDGE_LOOP('',(#1043,#1071,#1104,#1130));
#1043 = ORIENTED_EDGE('',*,*,#1044,.F.);
#1044 = EDGE_CURVE('',#1045,#1047,#1049,.T.);
#1045 = VERTEX_POINT('',#1046);
#1046 = CARTESIAN_POINT('',(-15.825,-6.875,-1.5));
#1047 = VERTEX_POINT('',#1048);
#1048 = CARTESIAN_POINT('',(-54.575,-6.875,-1.5));
#1049 = SURFACE_CURVE('',#1050,(#1054,#1060),.PCURVE_S1.);
#1050 = LINE('',#1051,#1052);
#1051 = CARTESIAN_POINT('',(-64.8875,-6.875,-1.5));
#1052 = VECTOR('',#1053,1.);
#1053 = DIRECTION('',(-1.,0.,0.));
#1054 = PCURVE('',#44,#1055);
#1055 = DEFINITIONAL_REPRESENTATION('',(#1056),#1059);
#1056 = B_SPLINE_CURVE_WITH_KNOTS('',1,(#1057,#1058),.UNSPECIFIED.,.F.,
  .F.,(2,2),(-49.0625,-10.3125),.PIECEWISE_BEZIER_KNOTS.);
#1057 = CARTESIAN_POINT('',(59.375,8.125));
#1058 = CARTESIAN_POINT('',(20.625,8.125));
#1059 = ( GEOMETRIC_REPRESENTATION_CONTEXT(2) 
PARAMETRIC_REPRESENTATION_CONTEXT() REPRESENTATION_CONTEXT('2D SPACE',''
  ) );
#1060 = PCURVE('',#1061,#1066);
#1061 = PLANE('',#1062);
#1062 = AXIS2_PLACEMENT_3D('',#1063,#1064,#1065);
#1063 = CARTESIAN_POINT('',(-54.575,-6.875,0.));
#1064 = DIRECTION('',(0.,1.,0.));
#1065 = DIRECTION('',(1.,0.,0.));
#1066 = DEFINITIONAL_REPRESENTATION('',(#1067),#1070);
#1067 = B_SPLINE_CURVE_WITH_KNOTS('',1,(#1068,#1069),.UNSPECIFIED.,.F.,
  .F.,(2,2),(-49.0625,-10.3125),.PIECEWISE_BEZIER_KNOTS.);
#1068 = CARTESIAN_POINT('',(38.75,1.5));
#1069 = CARTESIAN_POINT('',(0.,1.5));
#1070 = ( GEOMETRIC_REPRESENTATION_CONTEXT(2) 
PARAMETRIC_REPRESENTATION_CONTEXT() REPRESENTATION_CONTEXT('2D SPACE',''
  ) );
#1071 = ORIENTED_EDGE('',*,*,#1072,.T.);
#1072 = EDGE_CURVE('',#1045,#1073,#1075,.T.);
#1073 = VERTEX_POINT('',#1074);
#1074 = CARTESIAN_POINT('',(-15.825,-8.125,-1.5));
#1075 = SURFACE_CURVE('',#1076,(#1081,#1092),.PCURVE_S1.);
#1076 = CIRCLE('',#1077,0.625);
#1077 = AXIS2_PLACEMENT_3D('',#1078,#1079,#1080);
#1078 = CARTESIAN_POINT('',(-15.825,-7.5,-1.5));
#1079 = DIRECTION('',(0.,0.,-1.));
#1080 = DIRECTION('',(0.,1.,0.));
#1081 = PCURVE('',#44,#1082);
#1082 = DEFINITIONAL_REPRESENTATION('',(#1083),#1091);
#1083 = ( BOUNDED_CURVE() B_SPLINE_CURVE(2,(#1084,#1085,#1086,#1087,
#1088,#1089,#1090),.UNSPECIFIED.,.T.,.F.) B_SPLINE_CURVE_WITH_KNOTS((1,2
    ,2,2,2,1),(-2.094395102393,0.,2.094395102393,4.188790204786,
6.28318530718,8.377580409573),.UNSPECIFIED.) CURVE() 
GEOMETRIC_REPRESENTATION_ITEM() RATIONAL_B_SPLINE_CURVE((1.,0.5,1.,0.5,
1.,0.5,1.)) REPRESENTATION_ITEM('') );
#1084 = CARTESIAN_POINT('',(59.375,8.125));
#1085 = CARTESIAN_POINT('',(60.457531754731,8.125));
#1086 = CARTESIAN_POINT('',(59.916265877365,7.1875));
#1087 = CARTESIAN_POINT('',(59.375,6.25));
#1088 = CARTESIAN_POINT('',(58.833734122635,7.1875));
#1089 = CARTESIAN_POINT('',(58.292468245269,8.125));
#1090 = CARTESIAN_POINT('',(59.375,8.125));
#1091 = ( GEOMETRIC_REPRESENTATION_CONTEXT(2) 
PARAMETRIC_REPRESENTATION_CONTEXT() REPRESENTATION_CONTEXT('2D SPACE',''
  ) );
#1092 = PCURVE('',#1093,#1098);
#1093 = CYLINDRICAL_SURFACE('',#1094,0.625);
#1094 = AXIS2_PLACEMENT_3D('',#1095,#1096,#1097);
#1095 = CARTESIAN_POINT('',(-15.825,-7.5,0.));
#1096 = DIRECTION('',(0.,0.,-1.));
#1097 = DIRECTION('',(0.,1.,0.));
#1098 = DEFINITIONAL_REPRESENTATION('',(#1099),#1103);
#1099 = LINE('',#1100,#1101);
#1100 = CARTESIAN_POINT('',(0.,1.5));
#1101 = VECTOR('',#1102,1.);
#1102 = DIRECTION('',(1.,0.));
#1103 = ( GEOMETRIC_REPRESENTATION_CONTEXT(2) 
PARAMETRIC_REPRESENTATION_CONTEXT() REPRESENTATION_CONTEXT('2D SPACE',''
  ) );
#1104 = ORIENTED_EDGE('',*,*,#1105,.F.);
#1105 = EDGE_CURVE('',#1106,#1073,#1108,.T.);
#1106 = VERTEX_POINT('',#1107);
#1107 = CARTESIAN_POINT('',(-54.575,-8.125,-1.5));
#1108 = SURFACE_CURVE('',#1109,(#1113,#1119),.PCURVE_S1.);
#1109 = LINE('',#1110,#1111);
#1110 = CARTESIAN_POINT('',(-45.5125,-8.125,-1.5));
#1111 = VECTOR('',#1112,1.);
#1112 = DIRECTION('',(1.,0.,-0.));
#1113 = PCURVE('',#44,#1114);
#1114 = DEFINITIONAL_REPRESENTATION('',(#1115),#1118);
#1115 = B_SPLINE_CURVE_WITH_KNOTS('',1,(#1116,#1117),.UNSPECIFIED.,.F.,
  .F.,(2,2),(-9.0625,29.6875),.PIECEWISE_BEZIER_KNOTS.);
#1116 = CARTESIAN_POINT('',(20.625,6.875));
#1117 = CARTESIAN_POINT('',(59.375,6.875));
#1118 = ( GEOMETRIC_REPRESENTATION_CONTEXT(2) 
PARAMETRIC_REPRESENTATION_CONTEXT() REPRESENTATION_CONTEXT('2D SPACE',''
  ) );
#1119 = PCURVE('',#1120,#1125);
#1120 = PLANE('',#1121);
#1121 = AXIS2_PLACEMENT_3D('',#1122,#1123,#1124);
#1122 = CARTESIAN_POINT('',(-15.825,-8.125,0.));
#1123 = DIRECTION('',(0.,-1.,0.));
#1124 = DIRECTION('',(-1.,0.,0.));
#1125 = DEFINITIONAL_REPRESENTATION('',(#1126),#1129);
#1126 = B_SPLINE_CURVE_WITH_KNOTS('',1,(#1127,#1128),.UNSPECIFIED.,.F.,
  .F.,(2,2),(-9.0625,29.6875),.PIECEWISE_BEZIER_KNOTS.);
#1127 = CARTESIAN_POINT('',(38.75,1.5));
#1128 = CARTESIAN_POINT('',(0.,1.5));
#1129 = ( GEOMETRIC_REPRESENTATION_CONTEXT(2) 
PARAMETRIC_REPRESENTATION_CONTEXT() REPRESENTATION_CONTEXT('2D SPACE',''
  ) );
#1130 = ORIENTED_EDGE('',*,*,#1131,.T.);
#1131 = EDGE_CURVE('',#1106,#1047,#1132,.T.);
#1132 = SURFACE_CURVE('',#1133,(#1138,#1149),.PCURVE_S1.);
#1133 = CIRCLE('',#1134,0.625);
#1134 = AXIS2_PLACEMENT_3D('',#1135,#1136,#1137);
#1135 = CARTESIAN_POINT('',(-54.575,-7.5,-1.5));
#1136 = DIRECTION('',(0.,-0.,-1.));
#1137 = DIRECTION('',(0.,-1.,0.));
#1138 = PCURVE('',#44,#1139);
#1139 = DEFINITIONAL_REPRESENTATION('',(#1140),#1148);
#1140 = ( BOUNDED_CURVE() B_SPLINE_CURVE(2,(#1141,#1142,#1143,#1144,
#1145,#1146,#1147),.UNSPECIFIED.,.T.,.F.) B_SPLINE_CURVE_WITH_KNOTS((1,2
    ,2,2,2,1),(-2.094395102393,0.,2.094395102393,4.188790204786,
6.28318530718,8.377580409573),.UNSPECIFIED.) CURVE() 
GEOMETRIC_REPRESENTATION_ITEM() RATIONAL_B_SPLINE_CURVE((1.,0.5,1.,0.5,
1.,0.5,1.)) REPRESENTATION_ITEM('') );
#1141 = CARTESIAN_POINT('',(20.625,6.875));
#1142 = CARTESIAN_POINT('',(19.542468245269,6.875));
#1143 = CARTESIAN_POINT('',(20.083734122635,7.8125));
#1144 = CARTESIAN_POINT('',(20.625,8.75));
#1145 = CARTESIAN_POINT('',(21.166265877365,7.8125));
#1146 = CARTESIAN_POINT('',(21.707531754731,6.875));
#1147 = CARTESIAN_POINT('',(20.625,6.875));
#1148 = ( GEOMETRIC_REPRESENTATION_CONTEXT(2) 
PARAMETRIC_REPRESENTATION_CONTEXT() REPRESENTATION_CONTEXT('2D SPACE',''
  ) );
#1149 = PCURVE('',#1150,#1155);
#1150 = CYLINDRICAL_SURFACE('',#1151,0.625);
#1151 = AXIS2_PLACEMENT_3D('',#1152,#1153,#1154);
#1152 = CARTESIAN_POINT('',(-54.575,-7.5,0.));
#1153 = DIRECTION('',(0.,-0.,-1.));
#1154 = DIRECTION('',(0.,-1.,0.));
#1155 = DEFINITIONAL_REPRESENTATION('',(#1156),#1160);
#1156 = LINE('',#1157,#1158);
#1157 = CARTESIAN_POINT('',(0.,1.5));
#1158 = VECTOR('',#1159,1.);
#1159 = DIRECTION('',(1.,0.));
#1160 = ( GEOMETRIC_REPRESENTATION_CONTEXT(2) 
PARAMETRIC_REPRESENTATION_CONTEXT() REPRESENTATION_CONTEXT('2D SPACE',''
  ) );
#1161 = FACE_BOUND('',#1162,.F.);
#1162 = EDGE_LOOP('',(#1163,#1191,#1224,#1250));
#1163 = ORIENTED_EDGE('',*,*,#1164,.F.);
#1164 = EDGE_CURVE('',#1165,#1167,#1169,.T.);
#1165 = VERTEX_POINT('',#1166);
#1166 = CARTESIAN_POINT('',(-15.825,-3.125,-1.5));
#1167 = VERTEX_POINT('',#1168);
#1168 = CARTESIAN_POINT('',(-54.575,-3.125,-1.5));
#1169 = SURFACE_CURVE('',#1170,(#1174,#1180),.PCURVE_S1.);
#1170 = LINE('',#1171,#1172);
#1171 = CARTESIAN_POINT('',(-64.8875,-3.125,-1.5));
#1172 = VECTOR('',#1173,1.);
#1173 = DIRECTION('',(-1.,0.,0.));
#1174 = PCURVE('',#44,#1175);
#1175 = DEFINITIONAL_REPRESENTATION('',(#1176),#1179);
#1176 = B_SPLINE_CURVE_WITH_KNOTS('',1,(#1177,#1178),.UNSPECIFIED.,.F.,
  .F.,(2,2),(-49.0625,-10.3125),.PIECEWISE_BEZIER_KNOTS.);
#1177 = CARTESIAN_POINT('',(59.375,11.875));
#1178 = CARTESIAN_POINT('',(20.625,11.875));
#1179 = ( GEOMETRIC_REPRESENTATION_CONTEXT(2) 
PARAMETRIC_REPRESENTATION_CONTEXT() REPRESENTATION_CONTEXT('2D SPACE',''
  ) );
#1180 = PCURVE('',#1181,#1186);
#1181 = PLANE('',#1182);
#1182 = AXIS2_PLACEMENT_3D('',#1183,#1184,#1185);
#1183 = CARTESIAN_POINT('',(-54.575,-3.125,0.));
#1184 = DIRECTION('',(0.,1.,0.));
#1185 = DIRECTION('',(1.,0.,0.));
#1186 = DEFINITIONAL_REPRESENTATION('',(#1187),#1190);
#1187 = B_SPLINE_CURVE_WITH_KNOTS('',1,(#1188,#1189),.UNSPECIFIED.,.F.,
  .F.,(2,2),(-49.0625,-10.3125),.PIECEWISE_BEZIER_KNOTS.);
#1188 = CARTESIAN_POINT('',(38.75,1.5));
#1189 = CARTESIAN_POINT('',(0.,1.5));
#1190 = ( GEOMETRIC_REPRESENTATION_CONTEXT(2) 
PARAMETRIC_REPRESENTATION_CONTEXT() REPRESENTATION_CONTEXT('2D SPACE',''
  ) );
#1191 = ORIENTED_EDGE('',*,*,#1192,.T.);
#1192 = EDGE_CURVE('',#1165,#1193,#1195,.T.);
#1193 = VERTEX_POINT('',#1194);
#1194 = CARTESIAN_POINT('',(-15.825,-4.375,-1.5));
#1195 = SURFACE_CURVE('',#1196,(#1201,#1212),.PCURVE_S1.);
#1196 = CIRCLE('',#1197,0.625);
#1197 = AXIS2_PLACEMENT_3D('',#1198,#1199,#1200);
#1198 = CARTESIAN_POINT('',(-15.825,-3.75,-1.5));
#1199 = DIRECTION('',(0.,0.,-1.));
#1200 = DIRECTION('',(0.,1.,0.));
#1201 = PCURVE('',#44,#1202);
#1202 = DEFINITIONAL_REPRESENTATION('',(#1203),#1211);
#1203 = ( BOUNDED_CURVE() B_SPLINE_CURVE(2,(#1204,#1205,#1206,#1207,
#1208,#1209,#1210),.UNSPECIFIED.,.T.,.F.) B_SPLINE_CURVE_WITH_KNOTS((1,2
    ,2,2,2,1),(-2.094395102393,0.,2.094395102393,4.188790204786,
6.28318530718,8.377580409573),.UNSPECIFIED.) CURVE() 
GEOMETRIC_REPRESENTATION_ITEM() RATIONAL_B_SPLINE_CURVE((1.,0.5,1.,0.5,
1.,0.5,1.)) REPRESENTATION_ITEM('') );
#1204 = CARTESIAN_POINT('',(59.375,11.875));
#1205 = CARTESIAN_POINT('',(60.457531754731,11.875));
#1206 = CARTESIAN_POINT('',(59.916265877365,10.9375));
#1207 = CARTESIAN_POINT('',(59.375,10.));
#1208 = CARTESIAN_POINT('',(58.833734122635,10.9375));
#1209 = CARTESIAN_POINT('',(58.292468245269,11.875));
#1210 = CARTESIAN_POINT('',(59.375,11.875));
#1211 = ( GEOMETRIC_REPRESENTATION_CONTEXT(2) 
PARAMETRIC_REPRESENTATION_CONTEXT() REPRESENTATION_CONTEXT('2D SPACE',''
  ) );
#1212 = PCURVE('',#1213,#1218);
#1213 = CYLINDRICAL_SURFACE('',#1214,0.625);
#1214 = AXIS2_PLACEMENT_3D('',#1215,#1216,#1217);
#1215 = CARTESIAN_POINT('',(-15.825,-3.75,0.));
#1216 = DIRECTION('',(0.,0.,-1.));
#1217 = DIRECTION('',(0.,1.,0.));
#1218 = DEFINITIONAL_REPRESENTATION('',(#1219),#1223);
#1219 = LINE('',#1220,#1221);
#1220 = CARTESIAN_POINT('',(0.,1.5));
#1221 = VECTOR('',#1222,1.);
#1222 = DIRECTION('',(1.,0.));
#1223 = ( GEOMETRIC_REPRESENTATION_CONTEXT(2) 
PARAMETRIC_REPRESENTATION_CONTEXT() REPRESENTATION_CONTEXT('2D SPACE',''
  ) );
#1224 = ORIENTED_EDGE('',*,*,#1225,.F.);
#1225 = EDGE_CURVE('',#1226,#1193,#1228,.T.);
#1226 = VERTEX_POINT('',#1227);
#1227 = CARTESIAN_POINT('',(-54.575,-4.375,-1.5));
#1228 = SURFACE_CURVE('',#1229,(#1233,#1239),.PCURVE_S1.);
#1229 = LINE('',#1230,#1231);
#1230 = CARTESIAN_POINT('',(-45.5125,-4.375,-1.5));
#1231 = VECTOR('',#1232,1.);
#1232 = DIRECTION('',(1.,0.,-0.));
#1233 = PCURVE('',#44,#1234);
#1234 = DEFINITIONAL_REPRESENTATION('',(#1235),#1238);
#1235 = B_SPLINE_CURVE_WITH_KNOTS('',1,(#1236,#1237),.UNSPECIFIED.,.F.,
  .F.,(2,2),(-9.0625,29.6875),.PIECEWISE_BEZIER_KNOTS.);
#1236 = CARTESIAN_POINT('',(20.625,10.625));
#1237 = CARTESIAN_POINT('',(59.375,10.625));
#1238 = ( GEOMETRIC_REPRESENTATION_CONTEXT(2) 
PARAMETRIC_REPRESENTATION_CONTEXT() REPRESENTATION_CONTEXT('2D SPACE',''
  ) );
#1239 = PCURVE('',#1240,#1245);
#1240 = PLANE('',#1241);
#1241 = AXIS2_PLACEMENT_3D('',#1242,#1243,#1244);
#1242 = CARTESIAN_POINT('',(-15.825,-4.375,0.));
#1243 = DIRECTION('',(0.,-1.,0.));
#1244 = DIRECTION('',(-1.,0.,0.));
#1245 = DEFINITIONAL_REPRESENTATION('',(#1246),#1249);
#1246 = B_SPLINE_CURVE_WITH_KNOTS('',1,(#1247,#1248),.UNSPECIFIED.,.F.,
  .F.,(2,2),(-9.0625,29.6875),.PIECEWISE_BEZIER_KNOTS.);
#1247 = CARTESIAN_POINT('',(38.75,1.5));
#1248 = CARTESIAN_POINT('',(0.,1.5));
#1249 = ( GEOMETRIC_REPRESENTATION_CONTEXT(2) 
PARAMETRIC_REPRESENTATION_CONTEXT() REPRESENTATION_CONTEXT('2D SPACE',''
  ) );
#1250 = ORIENTED_EDGE('',*,*,#1251,.T.);
#1251 = EDGE_CURVE('',#1226,#1167,#1252,.T.);
#1252 = SURFACE_CURVE('',#1253,(#1258,#1269),.PCURVE_S1.);
#1253 = CIRCLE('',#1254,0.625);
#1254 = AXIS2_PLACEMENT_3D('',#1255,#1256,#1257);
#1255 = CARTESIAN_POINT('',(-54.575,-3.75,-1.5));
#1256 = DIRECTION('',(0.,-0.,-1.));
#1257 = DIRECTION('',(0.,-1.,0.));
#1258 = PCURVE('',#44,#1259);
#1259 = DEFINITIONAL_REPRESENTATION('',(#1260),#1268);
#1260 = ( BOUNDED_CURVE() B_SPLINE_CURVE(2,(#1261,#1262,#1263,#1264,
#1265,#1266,#1267),.UNSPECIFIED.,.T.,.F.) B_SPLINE_CURVE_WITH_KNOTS((1,2
    ,2,2,2,1),(-2.094395102393,0.,2.094395102393,4.188790204786,
6.28318530718,8.377580409573),.UNSPECIFIED.) CURVE() 
GEOMETRIC_REPRESENTATION_ITEM() RATIONAL_B_SPLINE_CURVE((1.,0.5,1.,0.5,
1.,0.5,1.)) REPRESENTATION_ITEM('') );
#1261 = CARTESIAN_POINT('',(20.625,10.625));
#1262 = CARTESIAN_POINT('',(19.542468245269,10.625));
#1263 = CARTESIAN_POINT('',(20.083734122635,11.5625));
#1264 = CARTESIAN_POINT('',(20.625,12.5));
#1265 = CARTESIAN_POINT('',(21.166265877365,11.5625));
#1266 = CARTESIAN_POINT('',(21.707531754731,10.625));
#1267 = CARTESIAN_POINT('',(20.625,10.625));
#1268 = ( GEOMETRIC_REPRESENTATION_CONTEXT(2) 
PARAMETRIC_REPRESENTATION_CONTEXT() REPRESENTATION_CONTEXT('2D SPACE',''
  ) );
#1269 = PCURVE('',#1270,#1275);
#1270 = CYLINDRICAL_SURFACE('',#1271,0.625);
#1271 = AXIS2_PLACEMENT_3D('',#1272,#1273,#1274);
#1272 = CARTESIAN_POINT('',(-54.575,-3.75,0.));
#1273 = DIRECTION('',(0.,-0.,-1.));
#1274 = DIRECTION('',(0.,-1.,0.));
#1275 = DEFINITIONAL_REPRESENTATION('',(#1276),#1280);
#1276 = LINE('',#1277,#1278);
#1277 = CARTESIAN_POINT('',(0.,1.5));
#1278 = VECTOR('',#1279,1.);
#1279 = DIRECTION('',(1.,0.));
#1280 = ( GEOMETRIC_REPRESENTATION_CONTEXT(2) 
PARAMETRIC_REPRESENTATION_CONTEXT() REPRESENTATION_CONTEXT('2D SPACE',''
  ) );
#1281 = FACE_BOUND('',#1282,.F.);
#1282 = EDGE_LOOP('',(#1283,#1311,#1344,#1370));
#1283 = ORIENTED_EDGE('',*,*,#1284,.F.);
#1284 = EDGE_CURVE('',#1285,#1287,#1289,.T.);
#1285 = VERTEX_POINT('',#1286);
#1286 = CARTESIAN_POINT('',(-0.625,-15.825,-1.5));
#1287 = VERTEX_POINT('',#1288);
#1288 = CARTESIAN_POINT('',(-0.625,-54.575,-1.5));
#1289 = SURFACE_CURVE('',#1290,(#1294,#1300),.PCURVE_S1.);
#1290 = LINE('',#1291,#1292);
#1291 = CARTESIAN_POINT('',(-0.625,-34.7875,-1.5));
#1292 = VECTOR('',#1293,1.);
#1293 = DIRECTION('',(-1.110223024625E-16,-1.,0.));
#1294 = PCURVE('',#44,#1295);
#1295 = DEFINITIONAL_REPRESENTATION('',(#1296),#1299);
#1296 = B_SPLINE_CURVE_WITH_KNOTS('',1,(#1297,#1298),.UNSPECIFIED.,.F.,
  .F.,(2,2),(-18.9625,19.7875),.PIECEWISE_BEZIER_KNOTS.);
#1297 = CARTESIAN_POINT('',(74.575,-0.825));
#1298 = CARTESIAN_POINT('',(74.575,-39.575));
#1299 = ( GEOMETRIC_REPRESENTATION_CONTEXT(2) 
PARAMETRIC_REPRESENTATION_CONTEXT() REPRESENTATION_CONTEXT('2D SPACE',''
  ) );
#1300 = PCURVE('',#1301,#1306);
#1301 = PLANE('',#1302);
#1302 = AXIS2_PLACEMENT_3D('',#1303,#1304,#1305);
#1303 = CARTESIAN_POINT('',(-0.625,-54.575,0.));
#1304 = DIRECTION('',(-1.,1.110223024625E-16,0.));
#1305 = DIRECTION('',(1.110223024625E-16,1.,0.));
#1306 = DEFINITIONAL_REPRESENTATION('',(#1307),#1310);
#1307 = B_SPLINE_CURVE_WITH_KNOTS('',1,(#1308,#1309),.UNSPECIFIED.,.F.,
  .F.,(2,2),(-18.9625,19.7875),.PIECEWISE_BEZIER_KNOTS.);
#1308 = CARTESIAN_POINT('',(38.75,1.5));
#1309 = CARTESIAN_POINT('',(0.,1.5));
#1310 = ( GEOMETRIC_REPRESENTATION_CONTEXT(2) 
PARAMETRIC_REPRESENTATION_CONTEXT() REPRESENTATION_CONTEXT('2D SPACE',''
  ) );
#1311 = ORIENTED_EDGE('',*,*,#1312,.T.);
#1312 = EDGE_CURVE('',#1285,#1313,#1315,.T.);
#1313 = VERTEX_POINT('',#1314);
#1314 = CARTESIAN_POINT('',(0.625,-15.825,-1.5));
#1315 = SURFACE_CURVE('',#1316,(#1321,#1332),.PCURVE_S1.);
#1316 = CIRCLE('',#1317,0.625);
#1317 = AXIS2_PLACEMENT_3D('',#1318,#1319,#1320);
#1318 = CARTESIAN_POINT('',(2.206568261442E-15,-15.825,-1.5));
#1319 = DIRECTION('',(0.,0.,-1.));
#1320 = DIRECTION('',(-1.,1.110223024625E-16,0.));
#1321 = PCURVE('',#44,#1322);
#1322 = DEFINITIONAL_REPRESENTATION('',(#1323),#1331);
#1323 = ( BOUNDED_CURVE() B_SPLINE_CURVE(2,(#1324,#1325,#1326,#1327,
#1328,#1329,#1330),.UNSPECIFIED.,.T.,.F.) B_SPLINE_CURVE_WITH_KNOTS((1,2
    ,2,2,2,1),(-2.094395102393,0.,2.094395102393,4.188790204786,
6.28318530718,8.377580409573),.UNSPECIFIED.) CURVE() 
GEOMETRIC_REPRESENTATION_ITEM() RATIONAL_B_SPLINE_CURVE((1.,0.5,1.,0.5,
1.,0.5,1.)) REPRESENTATION_ITEM('') );
#1324 = CARTESIAN_POINT('',(74.575,-0.825));
#1325 = CARTESIAN_POINT('',(74.575,0.257531754731));
#1326 = CARTESIAN_POINT('',(75.5125,-0.283734122635));
#1327 = CARTESIAN_POINT('',(76.45,-0.825));
#1328 = CARTESIAN_POINT('',(75.5125,-1.366265877365));
#1329 = CARTESIAN_POINT('',(74.575,-1.907531754731));
#1330 = CARTESIAN_POINT('',(74.575,-0.825));
#1331 = ( GEOMETRIC_REPRESENTATION_CONTEXT(2) 
PARAMETRIC_REPRESENTATION_CONTEXT() REPRESENTATION_CONTEXT('2D SPACE',''
  ) );
#1332 = PCURVE('',#1333,#1338);
#1333 = CYLINDRICAL_SURFACE('',#1334,0.625);
#1334 = AXIS2_PLACEMENT_3D('',#1335,#1336,#1337);
#1335 = CARTESIAN_POINT('',(2.206568261442E-15,-15.825,0.));
#1336 = DIRECTION('',(0.,0.,-1.));
#1337 = DIRECTION('',(-1.,1.110223024625E-16,0.));
#1338 = DEFINITIONAL_REPRESENTATION('',(#1339),#1343);
#1339 = LINE('',#1340,#1341);
#1340 = CARTESIAN_POINT('',(0.,1.5));
#1341 = VECTOR('',#1342,1.);
#1342 = DIRECTION('',(1.,0.));
#1343 = ( GEOMETRIC_REPRESENTATION_CONTEXT(2) 
PARAMETRIC_REPRESENTATION_CONTEXT() REPRESENTATION_CONTEXT('2D SPACE',''
  ) );
#1344 = ORIENTED_EDGE('',*,*,#1345,.F.);
#1345 = EDGE_CURVE('',#1346,#1313,#1348,.T.);
#1346 = VERTEX_POINT('',#1347);
#1347 = CARTESIAN_POINT('',(0.625,-54.575,-1.5));
#1348 = SURFACE_CURVE('',#1349,(#1353,#1359),.PCURVE_S1.);
#1349 = LINE('',#1350,#1351);
#1350 = CARTESIAN_POINT('',(0.625,-15.4125,-1.5));
#1351 = VECTOR('',#1352,1.);
#1352 = DIRECTION('',(1.110223024625E-16,1.,-0.));
#1353 = PCURVE('',#44,#1354);
#1354 = DEFINITIONAL_REPRESENTATION('',(#1355),#1358);
#1355 = B_SPLINE_CURVE_WITH_KNOTS('',1,(#1356,#1357),.UNSPECIFIED.,.F.,
  .F.,(2,2),(-39.1625,-0.4125),.PIECEWISE_BEZIER_KNOTS.);
#1356 = CARTESIAN_POINT('',(75.825,-39.575));
#1357 = CARTESIAN_POINT('',(75.825,-0.825));
#1358 = ( GEOMETRIC_REPRESENTATION_CONTEXT(2) 
PARAMETRIC_REPRESENTATION_CONTEXT() REPRESENTATION_CONTEXT('2D SPACE',''
  ) );
#1359 = PCURVE('',#1360,#1365);
#1360 = PLANE('',#1361);
#1361 = AXIS2_PLACEMENT_3D('',#1362,#1363,#1364);
#1362 = CARTESIAN_POINT('',(0.625,-15.825,0.));
#1363 = DIRECTION('',(1.,-1.110223024625E-16,0.));
#1364 = DIRECTION('',(-1.110223024625E-16,-1.,0.));
#1365 = DEFINITIONAL_REPRESENTATION('',(#1366),#1369);
#1366 = B_SPLINE_CURVE_WITH_KNOTS('',1,(#1367,#1368),.UNSPECIFIED.,.F.,
  .F.,(2,2),(-39.1625,-0.4125),.PIECEWISE_BEZIER_KNOTS.);
#1367 = CARTESIAN_POINT('',(38.75,1.5));
#1368 = CARTESIAN_POINT('',(0.,1.5));
#1369 = ( GEOMETRIC_REPRESENTATION_CONTEXT(2) 
PARAMETRIC_REPRESENTATION_CONTEXT() REPRESENTATION_CONTEXT('2D SPACE',''
  ) );
#1370 = ORIENTED_EDGE('',*,*,#1371,.T.);
#1371 = EDGE_CURVE('',#1346,#1287,#1372,.T.);
#1372 = SURFACE_CURVE('',#1373,(#1378,#1389),.PCURVE_S1.);
#1373 = CIRCLE('',#1374,0.625);
#1374 = AXIS2_PLACEMENT_3D('',#1375,#1376,#1377);
#1375 = CARTESIAN_POINT('',(-2.206568261442E-15,-54.575,-1.5));
#1376 = DIRECTION('',(0.,-0.,-1.));
#1377 = DIRECTION('',(1.,-1.110223024625E-16,0.));
#1378 = PCURVE('',#44,#1379);
#1379 = DEFINITIONAL_REPRESENTATION('',(#1380),#1388);
#1380 = ( BOUNDED_CURVE() B_SPLINE_CURVE(2,(#1381,#1382,#1383,#1384,
#1385,#1386,#1387),.UNSPECIFIED.,.T.,.F.) B_SPLINE_CURVE_WITH_KNOTS((1,2
    ,2,2,2,1),(-2.094395102393,0.,2.094395102393,4.188790204786,
6.28318530718,8.377580409573),.UNSPECIFIED.) CURVE() 
GEOMETRIC_REPRESENTATION_ITEM() RATIONAL_B_SPLINE_CURVE((1.,0.5,1.,0.5,
1.,0.5,1.)) REPRESENTATION_ITEM('') );
#1381 = CARTESIAN_POINT('',(75.825,-39.575));
#1382 = CARTESIAN_POINT('',(75.825,-40.65753175473));
#1383 = CARTESIAN_POINT('',(74.8875,-40.11626587736));
#1384 = CARTESIAN_POINT('',(73.95,-39.575));
#1385 = CARTESIAN_POINT('',(74.8875,-39.03373412263));
#1386 = CARTESIAN_POINT('',(75.825,-38.49246824526));
#1387 = CARTESIAN_POINT('',(75.825,-39.575));
#1388 = ( GEOMETRIC_REPRESENTATION_CONTEXT(2) 
PARAMETRIC_REPRESENTATION_CONTEXT() REPRESENTATION_CONTEXT('2D SPACE',''
  ) );
#1389 = PCURVE('',#1390,#1395);
#1390 = CYLINDRICAL_SURFACE('',#1391,0.625);
#1391 = AXIS2_PLACEMENT_3D('',#1392,#1393,#1394);
#1392 = CARTESIAN_POINT('',(-2.206568261442E-15,-54.575,0.));
#1393 = DIRECTION('',(0.,-0.,-1.));
#1394 = DIRECTION('',(1.,-1.110223024625E-16,0.));
#1395 = DEFINITIONAL_REPRESENTATION('',(#1396),#1400);
#1396 = LINE('',#1397,#1398);
#1397 = CARTESIAN_POINT('',(0.,1.5));
#1398 = VECTOR('',#1399,1.);
#1399 = DIRECTION('',(1.,0.));
#1400 = ( GEOMETRIC_REPRESENTATION_CONTEXT(2) 
PARAMETRIC_REPRESENTATION_CONTEXT() REPRESENTATION_CONTEXT('2D SPACE',''
  ) );
#1401 = FACE_BOUND('',#1402,.F.);
#1402 = EDGE_LOOP('',(#1403,#1431,#1464,#1490));
#1403 = ORIENTED_EDGE('',*,*,#1404,.F.);
#1404 = EDGE_CURVE('',#1405,#1407,#1409,.T.);
#1405 = VERTEX_POINT('',#1406);
#1406 = CARTESIAN_POINT('',(3.125,-15.825,-1.5));
#1407 = VERTEX_POINT('',#1408);
#1408 = CARTESIAN_POINT('',(3.125,-54.575,-1.5));
#1409 = SURFACE_CURVE('',#1410,(#1414,#1420),.PCURVE_S1.);
#1410 = LINE('',#1411,#1412);
#1411 = CARTESIAN_POINT('',(3.125,-34.7875,-1.5));
#1412 = VECTOR('',#1413,1.);
#1413 = DIRECTION('',(-1.110223024625E-16,-1.,0.));
#1414 = PCURVE('',#44,#1415);
#1415 = DEFINITIONAL_REPRESENTATION('',(#1416),#1419);
#1416 = B_SPLINE_CURVE_WITH_KNOTS('',1,(#1417,#1418),.UNSPECIFIED.,.F.,
  .F.,(2,2),(-18.9625,19.7875),.PIECEWISE_BEZIER_KNOTS.);
#1417 = CARTESIAN_POINT('',(78.325,-0.825));
#1418 = CARTESIAN_POINT('',(78.325,-39.575));
#1419 = ( GEOMETRIC_REPRESENTATION_CONTEXT(2) 
PARAMETRIC_REPRESENTATION_CONTEXT() REPRESENTATION_CONTEXT('2D SPACE',''
  ) );
#1420 = PCURVE('',#1421,#1426);
#1421 = PLANE('',#1422);
#1422 = AXIS2_PLACEMENT_3D('',#1423,#1424,#1425);
#1423 = CARTESIAN_POINT('',(3.125,-54.575,0.));
#1424 = DIRECTION('',(-1.,1.110223024625E-16,0.));
#1425 = DIRECTION('',(1.110223024625E-16,1.,0.));
#1426 = DEFINITIONAL_REPRESENTATION('',(#1427),#1430);
#1427 = B_SPLINE_CURVE_WITH_KNOTS('',1,(#1428,#1429),.UNSPECIFIED.,.F.,
  .F.,(2,2),(-18.9625,19.7875),.PIECEWISE_BEZIER_KNOTS.);
#1428 = CARTESIAN_POINT('',(38.75,1.5));
#1429 = CARTESIAN_POINT('',(0.,1.5));
#1430 = ( GEOMETRIC_REPRESENTATION_CONTEXT(2) 
PARAMETRIC_REPRESENTATION_CONTEXT() REPRESENTATION_CONTEXT('2D SPACE',''
  ) );
#1431 = ORIENTED_EDGE('',*,*,#1432,.T.);
#1432 = EDGE_CURVE('',#1405,#1433,#1435,.T.);
#1433 = VERTEX_POINT('',#1434);
#1434 = CARTESIAN_POINT('',(4.375,-15.825,-1.5));
#1435 = SURFACE_CURVE('',#1436,(#1441,#1452),.PCURVE_S1.);
#1436 = CIRCLE('',#1437,0.625);
#1437 = AXIS2_PLACEMENT_3D('',#1438,#1439,#1440);
#1438 = CARTESIAN_POINT('',(3.75,-15.825,-1.5));
#1439 = DIRECTION('',(0.,0.,-1.));
#1440 = DIRECTION('',(-1.,1.110223024625E-16,0.));
#1441 = PCURVE('',#44,#1442);
#1442 = DEFINITIONAL_REPRESENTATION('',(#1443),#1451);
#1443 = ( BOUNDED_CURVE() B_SPLINE_CURVE(2,(#1444,#1445,#1446,#1447,
#1448,#1449,#1450),.UNSPECIFIED.,.T.,.F.) B_SPLINE_CURVE_WITH_KNOTS((1,2
    ,2,2,2,1),(-2.094395102393,0.,2.094395102393,4.188790204786,
6.28318530718,8.377580409573),.UNSPECIFIED.) CURVE() 
GEOMETRIC_REPRESENTATION_ITEM() RATIONAL_B_SPLINE_CURVE((1.,0.5,1.,0.5,
1.,0.5,1.)) REPRESENTATION_ITEM('') );
#1444 = CARTESIAN_POINT('',(78.325,-0.825));
#1445 = CARTESIAN_POINT('',(78.325,0.257531754731));
#1446 = CARTESIAN_POINT('',(79.2625,-0.283734122635));
#1447 = CARTESIAN_POINT('',(80.2,-0.825));
#1448 = CARTESIAN_POINT('',(79.2625,-1.366265877365));
#1449 = CARTESIAN_POINT('',(78.325,-1.907531754731));
#1450 = CARTESIAN_POINT('',(78.325,-0.825));
#1451 = ( GEOMETRIC_REPRESENTATION_CONTEXT(2) 
PARAMETRIC_REPRESENTATION_CONTEXT() REPRESENTATION_CONTEXT('2D SPACE',''
  ) );
#1452 = PCURVE('',#1453,#1458);
#1453 = CYLINDRICAL_SURFACE('',#1454,0.625);
#1454 = AXIS2_PLACEMENT_3D('',#1455,#1456,#1457);
#1455 = CARTESIAN_POINT('',(3.75,-15.825,0.));
#1456 = DIRECTION('',(0.,0.,-1.));
#1457 = DIRECTION('',(-1.,1.110223024625E-16,0.));
#1458 = DEFINITIONAL_REPRESENTATION('',(#1459),#1463);
#1459 = LINE('',#1460,#1461);
#1460 = CARTESIAN_POINT('',(0.,1.5));
#1461 = VECTOR('',#1462,1.);
#1462 = DIRECTION('',(1.,0.));
#1463 = ( GEOMETRIC_REPRESENTATION_CONTEXT(2) 
PARAMETRIC_REPRESENTATION_CONTEXT() REPRESENTATION_CONTEXT('2D SPACE',''
  ) );
#1464 = ORIENTED_EDGE('',*,*,#1465,.F.);
#1465 = EDGE_CURVE('',#1466,#1433,#1468,.T.);
#1466 = VERTEX_POINT('',#1467);
#1467 = CARTESIAN_POINT('',(4.375,-54.575,-1.5));
#1468 = SURFACE_CURVE('',#1469,(#1473,#1479),.PCURVE_S1.);
#1469 = LINE('',#1470,#1471);
#1470 = CARTESIAN_POINT('',(4.375,-15.4125,-1.5));
#1471 = VECTOR('',#1472,1.);
#1472 = DIRECTION('',(1.110223024625E-16,1.,-0.));
#1473 = PCURVE('',#44,#1474);
#1474 = DEFINITIONAL_REPRESENTATION('',(#1475),#1478);
#1475 = B_SPLINE_CURVE_WITH_KNOTS('',1,(#1476,#1477),.UNSPECIFIED.,.F.,
  .F.,(2,2),(-39.1625,-0.4125),.PIECEWISE_BEZIER_KNOTS.);
#1476 = CARTESIAN_POINT('',(79.575,-39.575));
#1477 = CARTESIAN_POINT('',(79.575,-0.825));
#1478 = ( GEOMETRIC_REPRESENTATION_CONTEXT(2) 
PARAMETRIC_REPRESENTATION_CONTEXT() REPRESENTATION_CONTEXT('2D SPACE',''
  ) );
#1479 = PCURVE('',#1480,#1485);
#1480 = PLANE('',#1481);
#1481 = AXIS2_PLACEMENT_3D('',#1482,#1483,#1484);
#1482 = CARTESIAN_POINT('',(4.375,-15.825,0.));
#1483 = DIRECTION('',(1.,-1.110223024625E-16,0.));
#1484 = DIRECTION('',(-1.110223024625E-16,-1.,0.));
#1485 = DEFINITIONAL_REPRESENTATION('',(#1486),#1489);
#1486 = B_SPLINE_CURVE_WITH_KNOTS('',1,(#1487,#1488),.UNSPECIFIED.,.F.,
  .F.,(2,2),(-39.1625,-0.4125),.PIECEWISE_BEZIER_KNOTS.);
#1487 = CARTESIAN_POINT('',(38.75,1.5));
#1488 = CARTESIAN_POINT('',(0.,1.5));
#1489 = ( GEOMETRIC_REPRESENTATION_CONTEXT(2) 
PARAMETRIC_REPRESENTATION_CONTEXT() REPRESENTATION_CONTEXT('2D SPACE',''
  ) );
#1490 = ORIENTED_EDGE('',*,*,#1491,.T.);
#1491 = EDGE_CURVE('',#1466,#1407,#1492,.T.);
#1492 = SURFACE_CURVE('',#1493,(#1498,#1509),.PCURVE_S1.);
#1493 = CIRCLE('',#1494,0.625);
#1494 = AXIS2_PLACEMENT_3D('',#1495,#1496,#1497);
#1495 = CARTESIAN_POINT('',(3.75,-54.575,-1.5));
#1496 = DIRECTION('',(0.,-0.,-1.));
#1497 = DIRECTION('',(1.,-1.110223024625E-16,0.));
#1498 = PCURVE('',#44,#1499);
#1499 = DEFINITIONAL_REPRESENTATION('',(#1500),#1508);
#1500 = ( BOUNDED_CURVE() B_SPLINE_CURVE(2,(#1501,#1502,#1503,#1504,
#1505,#1506,#1507),.UNSPECIFIED.,.T.,.F.) B_SPLINE_CURVE_WITH_KNOTS((1,2
    ,2,2,2,1),(-2.094395102393,0.,2.094395102393,4.188790204786,
6.28318530718,8.377580409573),.UNSPECIFIED.) CURVE() 
GEOMETRIC_REPRESENTATION_ITEM() RATIONAL_B_SPLINE_CURVE((1.,0.5,1.,0.5,
1.,0.5,1.)) REPRESENTATION_ITEM('') );
#1501 = CARTESIAN_POINT('',(79.575,-39.575));
#1502 = CARTESIAN_POINT('',(79.575,-40.65753175473));
#1503 = CARTESIAN_POINT('',(78.6375,-40.11626587736));
#1504 = CARTESIAN_POINT('',(77.7,-39.575));
#1505 = CARTESIAN_POINT('',(78.6375,-39.03373412263));
#1506 = CARTESIAN_POINT('',(79.575,-38.49246824526));
#1507 = CARTESIAN_POINT('',(79.575,-39.575));
#1508 = ( GEOMETRIC_REPRESENTATION_CONTEXT(2) 
PARAMETRIC_REPRESENTATION_CONTEXT() REPRESENTATION_CONTEXT('2D SPACE',''
  ) );
#1509 = PCURVE('',#1510,#1515);
#1510 = CYLINDRICAL_SURFACE('',#1511,0.625);
#1511 = AXIS2_PLACEMENT_3D('',#1512,#1513,#1514);
#1512 = CARTESIAN_POINT('',(3.75,-54.575,0.));
#1513 = DIRECTION('',(0.,-0.,-1.));
#1514 = DIRECTION('',(1.,-1.110223024625E-16,0.));
#1515 = DEFINITIONAL_REPRESENTATION('',(#1516),#1520);
#1516 = LINE('',#1517,#1518);
#1517 = CARTESIAN_POINT('',(0.,1.5));
#1518 = VECTOR('',#1519,1.);
#1519 = DIRECTION('',(1.,0.));
#1520 = ( GEOMETRIC_REPRESENTATION_CONTEXT(2) 
PARAMETRIC_REPRESENTATION_CONTEXT() REPRESENTATION_CONTEXT('2D SPACE',''
  ) );
#1521 = FACE_BOUND('',#1522,.F.);
#1522 = EDGE_LOOP('',(#1523,#1551,#1584,#1610));
#1523 = ORIENTED_EDGE('',*,*,#1524,.F.);
#1524 = EDGE_CURVE('',#1525,#1527,#1529,.T.);
#1525 = VERTEX_POINT('',#1526);
#1526 = CARTESIAN_POINT('',(6.875,-15.825,-1.5));
#1527 = VERTEX_POINT('',#1528);
#1528 = CARTESIAN_POINT('',(6.875,-54.575,-1.5));
#1529 = SURFACE_CURVE('',#1530,(#1534,#1540),.PCURVE_S1.);
#1530 = LINE('',#1531,#1532);
#1531 = CARTESIAN_POINT('',(6.875,-34.7875,-1.5));
#1532 = VECTOR('',#1533,1.);
#1533 = DIRECTION('',(-1.110223024625E-16,-1.,0.));
#1534 = PCURVE('',#44,#1535);
#1535 = DEFINITIONAL_REPRESENTATION('',(#1536),#1539);
#1536 = B_SPLINE_CURVE_WITH_KNOTS('',1,(#1537,#1538),.UNSPECIFIED.,.F.,
  .F.,(2,2),(-18.9625,19.7875),.PIECEWISE_BEZIER_KNOTS.);
#1537 = CARTESIAN_POINT('',(82.075,-0.825));
#1538 = CARTESIAN_POINT('',(82.075,-39.575));
#1539 = ( GEOMETRIC_REPRESENTATION_CONTEXT(2) 
PARAMETRIC_REPRESENTATION_CONTEXT() REPRESENTATION_CONTEXT('2D SPACE',''
  ) );
#1540 = PCURVE('',#1541,#1546);
#1541 = PLANE('',#1542);
#1542 = AXIS2_PLACEMENT_3D('',#1543,#1544,#1545);
#1543 = CARTESIAN_POINT('',(6.875,-54.575,0.));
#1544 = DIRECTION('',(-1.,1.110223024625E-16,0.));
#1545 = DIRECTION('',(1.110223024625E-16,1.,0.));
#1546 = DEFINITIONAL_REPRESENTATION('',(#1547),#1550);
#1547 = B_SPLINE_CURVE_WITH_KNOTS('',1,(#1548,#1549),.UNSPECIFIED.,.F.,
  .F.,(2,2),(-18.9625,19.7875),.PIECEWISE_BEZIER_KNOTS.);
#1548 = CARTESIAN_POINT('',(38.75,1.5));
#1549 = CARTESIAN_POINT('',(0.,1.5));
#1550 = ( GEOMETRIC_REPRESENTATION_CONTEXT(2) 
PARAMETRIC_REPRESENTATION_CONTEXT() REPRESENTATION_CONTEXT('2D SPACE',''
  ) );
#1551 = ORIENTED_EDGE('',*,*,#1552,.T.);
#1552 = EDGE_CURVE('',#1525,#1553,#1555,.T.);
#1553 = VERTEX_POINT('',#1554);
#1554 = CARTESIAN_POINT('',(8.125,-15.825,-1.5));
#1555 = SURFACE_CURVE('',#1556,(#1561,#1572),.PCURVE_S1.);
#1556 = CIRCLE('',#1557,0.625);
#1557 = AXIS2_PLACEMENT_3D('',#1558,#1559,#1560);
#1558 = CARTESIAN_POINT('',(7.5,-15.825,-1.5));
#1559 = DIRECTION('',(0.,0.,-1.));
#1560 = DIRECTION('',(-1.,1.110223024625E-16,0.));
#1561 = PCURVE('',#44,#1562);
#1562 = DEFINITIONAL_REPRESENTATION('',(#1563),#1571);
#1563 = ( BOUNDED_CURVE() B_SPLINE_CURVE(2,(#1564,#1565,#1566,#1567,
#1568,#1569,#1570),.UNSPECIFIED.,.T.,.F.) B_SPLINE_CURVE_WITH_KNOTS((1,2
    ,2,2,2,1),(-2.094395102393,0.,2.094395102393,4.188790204786,
6.28318530718,8.377580409573),.UNSPECIFIED.) CURVE() 
GEOMETRIC_REPRESENTATION_ITEM() RATIONAL_B_SPLINE_CURVE((1.,0.5,1.,0.5,
1.,0.5,1.)) REPRESENTATION_ITEM('') );
#1564 = CARTESIAN_POINT('',(82.075,-0.825));
#1565 = CARTESIAN_POINT('',(82.075,0.257531754731));
#1566 = CARTESIAN_POINT('',(83.0125,-0.283734122635));
#1567 = CARTESIAN_POINT('',(83.95,-0.825));
#1568 = CARTESIAN_POINT('',(83.0125,-1.366265877365));
#1569 = CARTESIAN_POINT('',(82.075,-1.907531754731));
#1570 = CARTESIAN_POINT('',(82.075,-0.825));
#1571 = ( GEOMETRIC_REPRESENTATION_CONTEXT(2) 
PARAMETRIC_REPRESENTATION_CONTEXT() REPRESENTATION_CONTEXT('2D SPACE',''
  ) );
#1572 = PCURVE('',#1573,#1578);
#1573 = CYLINDRICAL_SURFACE('',#1574,0.625);
#1574 = AXIS2_PLACEMENT_3D('',#1575,#1576,#1577);
#1575 = CARTESIAN_POINT('',(7.5,-15.825,0.));
#1576 = DIRECTION('',(0.,0.,-1.));
#1577 = DIRECTION('',(-1.,1.110223024625E-16,0.));
#1578 = DEFINITIONAL_REPRESENTATION('',(#1579),#1583);
#1579 = LINE('',#1580,#1581);
#1580 = CARTESIAN_POINT('',(0.,1.5));
#1581 = VECTOR('',#1582,1.);
#1582 = DIRECTION('',(1.,0.));
#1583 = ( GEOMETRIC_REPRESENTATION_CONTEXT(2) 
PARAMETRIC_REPRESENTATION_CONTEXT() REPRESENTATION_CONTEXT('2D SPACE',''
  ) );
#1584 = ORIENTED_EDGE('',*,*,#1585,.F.);
#1585 = EDGE_CURVE('',#1586,#1553,#1588,.T.);
#1586 = VERTEX_POINT('',#1587);
#1587 = CARTESIAN_POINT('',(8.125,-54.575,-1.5));
#1588 = SURFACE_CURVE('',#1589,(#1593,#1599),.PCURVE_S1.);
#1589 = LINE('',#1590,#1591);
#1590 = CARTESIAN_POINT('',(8.125,-15.4125,-1.5));
#1591 = VECTOR('',#1592,1.);
#1592 = DIRECTION('',(1.110223024625E-16,1.,-0.));
#1593 = PCURVE('',#44,#1594);
#1594 = DEFINITIONAL_REPRESENTATION('',(#1595),#1598);
#1595 = B_SPLINE_CURVE_WITH_KNOTS('',1,(#1596,#1597),.UNSPECIFIED.,.F.,
  .F.,(2,2),(-39.1625,-0.4125),.PIECEWISE_BEZIER_KNOTS.);
#1596 = CARTESIAN_POINT('',(83.325,-39.575));
#1597 = CARTESIAN_POINT('',(83.325,-0.825));
#1598 = ( GEOMETRIC_REPRESENTATION_CONTEXT(2) 
PARAMETRIC_REPRESENTATION_CONTEXT() REPRESENTATION_CONTEXT('2D SPACE',''
  ) );
#1599 = PCURVE('',#1600,#1605);
#1600 = PLANE('',#1601);
#1601 = AXIS2_PLACEMENT_3D('',#1602,#1603,#1604);
#1602 = CARTESIAN_POINT('',(8.125,-15.825,0.));
#1603 = DIRECTION('',(1.,-1.110223024625E-16,0.));
#1604 = DIRECTION('',(-1.110223024625E-16,-1.,0.));
#1605 = DEFINITIONAL_REPRESENTATION('',(#1606),#1609);
#1606 = B_SPLINE_CURVE_WITH_KNOTS('',1,(#1607,#1608),.UNSPECIFIED.,.F.,
  .F.,(2,2),(-39.1625,-0.4125),.PIECEWISE_BEZIER_KNOTS.);
#1607 = CARTESIAN_POINT('',(38.75,1.5));
#1608 = CARTESIAN_POINT('',(0.,1.5));
#1609 = ( GEOMETRIC_REPRESENTATION_CONTEXT(2) 
PARAMETRIC_REPRESENTATION_CONTEXT() REPRESENTATION_CONTEXT('2D SPACE',''
  ) );
#1610 = ORIENTED_EDGE('',*,*,#1611,.T.);
#1611 = EDGE_CURVE('',#1586,#1527,#1612,.T.);
#1612 = SURFACE_CURVE('',#1613,(#1618,#1629),.PCURVE_S1.);
#1613 = CIRCLE('',#1614,0.625);
#1614 = AXIS2_PLACEMENT_3D('',#1615,#1616,#1617);
#1615 = CARTESIAN_POINT('',(7.5,-54.575,-1.5));
#1616 = DIRECTION('',(0.,-0.,-1.));
#1617 = DIRECTION('',(1.,-1.110223024625E-16,0.));
#1618 = PCURVE('',#44,#1619);
#1619 = DEFINITIONAL_REPRESENTATION('',(#1620),#1628);
#1620 = ( BOUNDED_CURVE() B_SPLINE_CURVE(2,(#1621,#1622,#1623,#1624,
#1625,#1626,#1627),.UNSPECIFIED.,.T.,.F.) B_SPLINE_CURVE_WITH_KNOTS((1,2
    ,2,2,2,1),(-2.094395102393,0.,2.094395102393,4.188790204786,
6.28318530718,8.377580409573),.UNSPECIFIED.) CURVE() 
GEOMETRIC_REPRESENTATION_ITEM() RATIONAL_B_SPLINE_CURVE((1.,0.5,1.,0.5,
1.,0.5,1.)) REPRESENTATION_ITEM('') );
#1621 = CARTESIAN_POINT('',(83.325,-39.575));
#1622 = CARTESIAN_POINT('',(83.325,-40.65753175473));
#1623 = CARTESIAN_POINT('',(82.3875,-40.11626587736));
#1624 = CARTESIAN_POINT('',(81.45,-39.575));
#1625 = CARTESIAN_POINT('',(82.3875,-39.03373412263));
#1626 = CARTESIAN_POINT('',(83.325,-38.49246824526));
#1627 = CARTESIAN_POINT('',(83.325,-39.575));
#1628 = ( GEOMETRIC_REPRESENTATION_CONTEXT(2) 
PARAMETRIC_REPRESENTATION_CONTEXT() REPRESENTATION_CONTEXT('2D SPACE',''
  ) );
#1629 = PCURVE('',#1630,#1635);
#1630 = CYLINDRICAL_SURFACE('',#1631,0.625);
#1631 = AXIS2_PLACEMENT_3D('',#1632,#1633,#1634);
#1632 = CARTESIAN_POINT('',(7.5,-54.575,0.));
#1633 = DIRECTION('',(0.,-0.,-1.));
#1634 = DIRECTION('',(1.,-1.110223024625E-16,0.));
#1635 = DEFINITIONAL_REPRESENTATION('',(#1636),#1640);
#1636 = LINE('',#1637,#1638);
#1637 = CARTESIAN_POINT('',(0.,1.5));
#1638 = VECTOR('',#1639,1.);
#1639 = DIRECTION('',(1.,0.));
#1640 = ( GEOMETRIC_REPRESENTATION_CONTEXT(2) 
PARAMETRIC_REPRESENTATION_CONTEXT() REPRESENTATION_CONTEXT('2D SPACE',''
  ) );
#1641 = FACE_BOUND('',#1642,.F.);
#1642 = EDGE_LOOP('',(#1643,#1671,#1704,#1730));
#1643 = ORIENTED_EDGE('',*,*,#1644,.F.);
#1644 = EDGE_CURVE('',#1645,#1647,#1649,.T.);
#1645 = VERTEX_POINT('',#1646);
#1646 = CARTESIAN_POINT('',(10.625,-15.825,-1.5));
#1647 = VERTEX_POINT('',#1648);
#1648 = CARTESIAN_POINT('',(10.625,-54.575,-1.5));
#1649 = SURFACE_CURVE('',#1650,(#1654,#1660),.PCURVE_S1.);
#1650 = LINE('',#1651,#1652);
#1651 = CARTESIAN_POINT('',(10.625,-34.7875,-1.5));
#1652 = VECTOR('',#1653,1.);
#1653 = DIRECTION('',(-1.110223024625E-16,-1.,0.));
#1654 = PCURVE('',#44,#1655);
#1655 = DEFINITIONAL_REPRESENTATION('',(#1656),#1659);
#1656 = B_SPLINE_CURVE_WITH_KNOTS('',1,(#1657,#1658),.UNSPECIFIED.,.F.,
  .F.,(2,2),(-18.9625,19.7875),.PIECEWISE_BEZIER_KNOTS.);
#1657 = CARTESIAN_POINT('',(85.825,-0.825));
#1658 = CARTESIAN_POINT('',(85.825,-39.575));
#1659 = ( GEOMETRIC_REPRESENTATION_CONTEXT(2) 
PARAMETRIC_REPRESENTATION_CONTEXT() REPRESENTATION_CONTEXT('2D SPACE',''
  ) );
#1660 = PCURVE('',#1661,#1666);
#1661 = PLANE('',#1662);
#1662 = AXIS2_PLACEMENT_3D('',#1663,#1664,#1665);
#1663 = CARTESIAN_POINT('',(10.625,-54.575,0.));
#1664 = DIRECTION('',(-1.,1.110223024625E-16,0.));
#1665 = DIRECTION('',(1.110223024625E-16,1.,0.));
#1666 = DEFINITIONAL_REPRESENTATION('',(#1667),#1670);
#1667 = B_SPLINE_CURVE_WITH_KNOTS('',1,(#1668,#1669),.UNSPECIFIED.,.F.,
  .F.,(2,2),(-18.9625,19.7875),.PIECEWISE_BEZIER_KNOTS.);
#1668 = CARTESIAN_POINT('',(38.75,1.5));
#1669 = CARTESIAN_POINT('',(0.,1.5));
#1670 = ( GEOMETRIC_REPRESENTATION_CONTEXT(2) 
PARAMETRIC_REPRESENTATION_CONTEXT() REPRESENTATION_CONTEXT('2D SPACE',''
  ) );
#1671 = ORIENTED_EDGE('',*,*,#1672,.T.);
#1672 = EDGE_CURVE('',#1645,#1673,#1675,.T.);
#1673 = VERTEX_POINT('',#1674);
#1674 = CARTESIAN_POINT('',(11.875,-15.825,-1.5));
#1675 = SURFACE_CURVE('',#1676,(#1681,#1692),.PCURVE_S1.);
#1676 = CIRCLE('',#1677,0.625);
#1677 = AXIS2_PLACEMENT_3D('',#1678,#1679,#1680);
#1678 = CARTESIAN_POINT('',(11.25,-15.825,-1.5));
#1679 = DIRECTION('',(0.,0.,-1.));
#1680 = DIRECTION('',(-1.,1.110223024625E-16,0.));
#1681 = PCURVE('',#44,#1682);
#1682 = DEFINITIONAL_REPRESENTATION('',(#1683),#1691);
#1683 = ( BOUNDED_CURVE() B_SPLINE_CURVE(2,(#1684,#1685,#1686,#1687,
#1688,#1689,#1690),.UNSPECIFIED.,.T.,.F.) B_SPLINE_CURVE_WITH_KNOTS((1,2
    ,2,2,2,1),(-2.094395102393,0.,2.094395102393,4.188790204786,
6.28318530718,8.377580409573),.UNSPECIFIED.) CURVE() 
GEOMETRIC_REPRESENTATION_ITEM() RATIONAL_B_SPLINE_CURVE((1.,0.5,1.,0.5,
1.,0.5,1.)) REPRESENTATION_ITEM('') );
#1684 = CARTESIAN_POINT('',(85.825,-0.825));
#1685 = CARTESIAN_POINT('',(85.825,0.257531754731));
#1686 = CARTESIAN_POINT('',(86.7625,-0.283734122635));
#1687 = CARTESIAN_POINT('',(87.7,-0.825));
#1688 = CARTESIAN_POINT('',(86.7625,-1.366265877365));
#1689 = CARTESIAN_POINT('',(85.825,-1.907531754731));
#1690 = CARTESIAN_POINT('',(85.825,-0.825));
#1691 = ( GEOMETRIC_REPRESENTATION_CONTEXT(2) 
PARAMETRIC_REPRESENTATION_CONTEXT() REPRESENTATION_CONTEXT('2D SPACE',''
  ) );
#1692 = PCURVE('',#1693,#1698);
#1693 = CYLINDRICAL_SURFACE('',#1694,0.625);
#1694 = AXIS2_PLACEMENT_3D('',#1695,#1696,#1697);
#1695 = CARTESIAN_POINT('',(11.25,-15.825,0.));
#1696 = DIRECTION('',(0.,0.,-1.));
#1697 = DIRECTION('',(-1.,1.110223024625E-16,0.));
#1698 = DEFINITIONAL_REPRESENTATION('',(#1699),#1703);
#1699 = LINE('',#1700,#1701);
#1700 = CARTESIAN_POINT('',(0.,1.5));
#1701 = VECTOR('',#1702,1.);
#1702 = DIRECTION('',(1.,0.));
#1703 = ( GEOMETRIC_REPRESENTATION_CONTEXT(2) 
PARAMETRIC_REPRESENTATION_CONTEXT() REPRESENTATION_CONTEXT('2D SPACE',''
  ) );
#1704 = ORIENTED_EDGE('',*,*,#1705,.F.);
#1705 = EDGE_CURVE('',#1706,#1673,#1708,.T.);
#1706 = VERTEX_POINT('',#1707);
#1707 = CARTESIAN_POINT('',(11.875,-54.575,-1.5));
#1708 = SURFACE_CURVE('',#1709,(#1713,#1719),.PCURVE_S1.);
#1709 = LINE('',#1710,#1711);
#1710 = CARTESIAN_POINT('',(11.875,-15.4125,-1.5));
#1711 = VECTOR('',#1712,1.);
#1712 = DIRECTION('',(1.110223024625E-16,1.,-0.));
#1713 = PCURVE('',#44,#1714);
#1714 = DEFINITIONAL_REPRESENTATION('',(#1715),#1718);
#1715 = B_SPLINE_CURVE_WITH_KNOTS('',1,(#1716,#1717),.UNSPECIFIED.,.F.,
  .F.,(2,2),(-39.1625,-0.4125),.PIECEWISE_BEZIER_KNOTS.);
#1716 = CARTESIAN_POINT('',(87.075,-39.575));
#1717 = CARTESIAN_POINT('',(87.075,-0.825));
#1718 = ( GEOMETRIC_REPRESENTATION_CONTEXT(2) 
PARAMETRIC_REPRESENTATION_CONTEXT() REPRESENTATION_CONTEXT('2D SPACE',''
  ) );
#1719 = PCURVE('',#1720,#1725);
#1720 = PLANE('',#1721);
#1721 = AXIS2_PLACEMENT_3D('',#1722,#1723,#1724);
#1722 = CARTESIAN_POINT('',(11.875,-15.825,0.));
#1723 = DIRECTION('',(1.,-1.110223024625E-16,0.));
#1724 = DIRECTION('',(-1.110223024625E-16,-1.,0.));
#1725 = DEFINITIONAL_REPRESENTATION('',(#1726),#1729);
#1726 = B_SPLINE_CURVE_WITH_KNOTS('',1,(#1727,#1728),.UNSPECIFIED.,.F.,
  .F.,(2,2),(-39.1625,-0.4125),.PIECEWISE_BEZIER_KNOTS.);
#1727 = CARTESIAN_POINT('',(38.75,1.5));
#1728 = CARTESIAN_POINT('',(0.,1.5));
#1729 = ( GEOMETRIC_REPRESENTATION_CONTEXT(2) 
PARAMETRIC_REPRESENTATION_CONTEXT() REPRESENTATION_CONTEXT('2D SPACE',''
  ) );
#1730 = ORIENTED_EDGE('',*,*,#1731,.T.);
#1731 = EDGE_CURVE('',#1706,#1647,#1732,.T.);
#1732 = SURFACE_CURVE('',#1733,(#1738,#1749),.PCURVE_S1.);
#1733 = CIRCLE('',#1734,0.625);
#1734 = AXIS2_PLACEMENT_3D('',#1735,#1736,#1737);
#1735 = CARTESIAN_POINT('',(11.25,-54.575,-1.5));
#1736 = DIRECTION('',(0.,-0.,-1.));
#1737 = DIRECTION('',(1.,-1.110223024625E-16,0.));
#1738 = PCURVE('',#44,#1739);
#1739 = DEFINITIONAL_REPRESENTATION('',(#1740),#1748);
#1740 = ( BOUNDED_CURVE() B_SPLINE_CURVE(2,(#1741,#1742,#1743,#1744,
#1745,#1746,#1747),.UNSPECIFIED.,.T.,.F.) B_SPLINE_CURVE_WITH_KNOTS((1,2
    ,2,2,2,1),(-2.094395102393,0.,2.094395102393,4.188790204786,
6.28318530718,8.377580409573),.UNSPECIFIED.) CURVE() 
GEOMETRIC_REPRESENTATION_ITEM() RATIONAL_B_SPLINE_CURVE((1.,0.5,1.,0.5,
1.,0.5,1.)) REPRESENTATION_ITEM('') );
#1741 = CARTESIAN_POINT('',(87.075,-39.575));
#1742 = CARTESIAN_POINT('',(87.075,-40.65753175473));
#1743 = CARTESIAN_POINT('',(86.1375,-40.11626587736));
#1744 = CARTESIAN_POINT('',(85.2,-39.575));
#1745 = CARTESIAN_POINT('',(86.1375,-39.03373412263));
#1746 = CARTESIAN_POINT('',(87.075,-38.49246824526));
#1747 = CARTESIAN_POINT('',(87.075,-39.575));
#1748 = ( GEOMETRIC_REPRESENTATION_CONTEXT(2) 
PARAMETRIC_REPRESENTATION_CONTEXT() REPRESENTATION_CONTEXT('2D SPACE',''
  ) );
#1749 = PCURVE('',#1750,#1755);
#1750 = CYLINDRICAL_SURFACE('',#1751,0.625);
#1751 = AXIS2_PLACEMENT_3D('',#1752,#1753,#1754);
#1752 = CARTESIAN_POINT('',(11.25,-54.575,0.));
#1753 = DIRECTION('',(0.,-0.,-1.));
#1754 = DIRECTION('',(1.,-1.110223024625E-16,0.));
#1755 = DEFINITIONAL_REPRESENTATION('',(#1756),#1760);
#1756 = LINE('',#1757,#1758);
#1757 = CARTESIAN_POINT('',(0.,1.5));
#1758 = VECTOR('',#1759,1.);
#1759 = DIRECTION('',(1.,0.));
#1760 = ( GEOMETRIC_REPRESENTATION_CONTEXT(2) 
PARAMETRIC_REPRESENTATION_CONTEXT() REPRESENTATION_CONTEXT('2D SPACE',''
  ) );
#1761 = FACE_BOUND('',#1762,.F.);
#1762 = EDGE_LOOP('',(#1763,#1791,#1824,#1850));
#1763 = ORIENTED_EDGE('',*,*,#1764,.F.);
#1764 = EDGE_CURVE('',#1765,#1767,#1769,.T.);
#1765 = VERTEX_POINT('',#1766);
#1766 = CARTESIAN_POINT('',(54.575,-10.625,-1.5));
#1767 = VERTEX_POINT('',#1768);
#1768 = CARTESIAN_POINT('',(15.825,-10.625,-1.5));
#1769 = SURFACE_CURVE('',#1770,(#1774,#1780),.PCURVE_S1.);
#1770 = LINE('',#1771,#1772);
#1771 = CARTESIAN_POINT('',(-29.6875,-10.625,-1.5));
#1772 = VECTOR('',#1773,1.);
#1773 = DIRECTION('',(-1.,0.,0.));
#1774 = PCURVE('',#44,#1775);
#1775 = DEFINITIONAL_REPRESENTATION('',(#1776),#1779);
#1776 = B_SPLINE_CURVE_WITH_KNOTS('',1,(#1777,#1778),.UNSPECIFIED.,.F.,
  .F.,(2,2),(-84.2625,-45.5125),.PIECEWISE_BEZIER_KNOTS.);
#1777 = CARTESIAN_POINT('',(129.775,4.375));
#1778 = CARTESIAN_POINT('',(91.025,4.375));
#1779 = ( GEOMETRIC_REPRESENTATION_CONTEXT(2) 
PARAMETRIC_REPRESENTATION_CONTEXT() REPRESENTATION_CONTEXT('2D SPACE',''
  ) );
#1780 = PCURVE('',#1781,#1786);
#1781 = PLANE('',#1782);
#1782 = AXIS2_PLACEMENT_3D('',#1783,#1784,#1785);
#1783 = CARTESIAN_POINT('',(15.825,-10.625,0.));
#1784 = DIRECTION('',(0.,1.,0.));
#1785 = DIRECTION('',(1.,0.,0.));
#1786 = DEFINITIONAL_REPRESENTATION('',(#1787),#1790);
#1787 = B_SPLINE_CURVE_WITH_KNOTS('',1,(#1788,#1789),.UNSPECIFIED.,.F.,
  .F.,(2,2),(-84.2625,-45.5125),.PIECEWISE_BEZIER_KNOTS.);
#1788 = CARTESIAN_POINT('',(38.75,1.5));
#1789 = CARTESIAN_POINT('',(0.,1.5));
#1790 = ( GEOMETRIC_REPRESENTATION_CONTEXT(2) 
PARAMETRIC_REPRESENTATION_CONTEXT() REPRESENTATION_CONTEXT('2D SPACE',''
  ) );
#1791 = ORIENTED_EDGE('',*,*,#1792,.T.);
#1792 = EDGE_CURVE('',#1765,#1793,#1795,.T.);
#1793 = VERTEX_POINT('',#1794);
#1794 = CARTESIAN_POINT('',(54.575,-11.875,-1.5));
#1795 = SURFACE_CURVE('',#1796,(#1801,#1812),.PCURVE_S1.);
#1796 = CIRCLE('',#1797,0.625);
#1797 = AXIS2_PLACEMENT_3D('',#1798,#1799,#1800);
#1798 = CARTESIAN_POINT('',(54.575,-11.25,-1.5));
#1799 = DIRECTION('',(0.,0.,-1.));
#1800 = DIRECTION('',(0.,1.,0.));
#1801 = PCURVE('',#44,#1802);
#1802 = DEFINITIONAL_REPRESENTATION('',(#1803),#1811);
#1803 = ( BOUNDED_CURVE() B_SPLINE_CURVE(2,(#1804,#1805,#1806,#1807,
#1808,#1809,#1810),.UNSPECIFIED.,.T.,.F.) B_SPLINE_CURVE_WITH_KNOTS((1,2
    ,2,2,2,1),(-2.094395102393,0.,2.094395102393,4.188790204786,
6.28318530718,8.377580409573),.UNSPECIFIED.) CURVE() 
GEOMETRIC_REPRESENTATION_ITEM() RATIONAL_B_SPLINE_CURVE((1.,0.5,1.,0.5,
1.,0.5,1.)) REPRESENTATION_ITEM('') );
#1804 = CARTESIAN_POINT('',(129.775,4.375));
#1805 = CARTESIAN_POINT('',(130.85753175473,4.375));
#1806 = CARTESIAN_POINT('',(130.31626587736,3.4375));
#1807 = CARTESIAN_POINT('',(129.775,2.5));
#1808 = CARTESIAN_POINT('',(129.23373412263,3.4375));
#1809 = CARTESIAN_POINT('',(128.69246824526,4.375));
#1810 = CARTESIAN_POINT('',(129.775,4.375));
#1811 = ( GEOMETRIC_REPRESENTATION_CONTEXT(2) 
PARAMETRIC_REPRESENTATION_CONTEXT() REPRESENTATION_CONTEXT('2D SPACE',''
  ) );
#1812 = PCURVE('',#1813,#1818);
#1813 = CYLINDRICAL_SURFACE('',#1814,0.625);
#1814 = AXIS2_PLACEMENT_3D('',#1815,#1816,#1817);
#1815 = CARTESIAN_POINT('',(54.575,-11.25,0.));
#1816 = DIRECTION('',(0.,0.,-1.));
#1817 = DIRECTION('',(0.,1.,0.));
#1818 = DEFINITIONAL_REPRESENTATION('',(#1819),#1823);
#1819 = LINE('',#1820,#1821);
#1820 = CARTESIAN_POINT('',(0.,1.5));
#1821 = VECTOR('',#1822,1.);
#1822 = DIRECTION('',(1.,0.));
#1823 = ( GEOMETRIC_REPRESENTATION_CONTEXT(2) 
PARAMETRIC_REPRESENTATION_CONTEXT() REPRESENTATION_CONTEXT('2D SPACE',''
  ) );
#1824 = ORIENTED_EDGE('',*,*,#1825,.F.);
#1825 = EDGE_CURVE('',#1826,#1793,#1828,.T.);
#1826 = VERTEX_POINT('',#1827);
#1827 = CARTESIAN_POINT('',(15.825,-11.875,-1.5));
#1828 = SURFACE_CURVE('',#1829,(#1833,#1839),.PCURVE_S1.);
#1829 = LINE('',#1830,#1831);
#1830 = CARTESIAN_POINT('',(-10.3125,-11.875,-1.5));
#1831 = VECTOR('',#1832,1.);
#1832 = DIRECTION('',(1.,0.,-0.));
#1833 = PCURVE('',#44,#1834);
#1834 = DEFINITIONAL_REPRESENTATION('',(#1835),#1838);
#1835 = B_SPLINE_CURVE_WITH_KNOTS('',1,(#1836,#1837),.UNSPECIFIED.,.F.,
  .F.,(2,2),(26.1375,64.8875),.PIECEWISE_BEZIER_KNOTS.);
#1836 = CARTESIAN_POINT('',(91.025,3.125));
#1837 = CARTESIAN_POINT('',(129.775,3.125));
#1838 = ( GEOMETRIC_REPRESENTATION_CONTEXT(2) 
PARAMETRIC_REPRESENTATION_CONTEXT() REPRESENTATION_CONTEXT('2D SPACE',''
  ) );
#1839 = PCURVE('',#1840,#1845);
#1840 = PLANE('',#1841);
#1841 = AXIS2_PLACEMENT_3D('',#1842,#1843,#1844);
#1842 = CARTESIAN_POINT('',(54.575,-11.875,0.));
#1843 = DIRECTION('',(0.,-1.,0.));
#1844 = DIRECTION('',(-1.,0.,0.));
#1845 = DEFINITIONAL_REPRESENTATION('',(#1846),#1849);
#1846 = B_SPLINE_CURVE_WITH_KNOTS('',1,(#1847,#1848),.UNSPECIFIED.,.F.,
  .F.,(2,2),(26.1375,64.8875),.PIECEWISE_BEZIER_KNOTS.);
#1847 = CARTESIAN_POINT('',(38.75,1.5));
#1848 = CARTESIAN_POINT('',(0.,1.5));
#1849 = ( GEOMETRIC_REPRESENTATION_CONTEXT(2) 
PARAMETRIC_REPRESENTATION_CONTEXT() REPRESENTATION_CONTEXT('2D SPACE',''
  ) );
#1850 = ORIENTED_EDGE('',*,*,#1851,.T.);
#1851 = EDGE_CURVE('',#1826,#1767,#1852,.T.);
#1852 = SURFACE_CURVE('',#1853,(#1858,#1869),.PCURVE_S1.);
#1853 = CIRCLE('',#1854,0.625);
#1854 = AXIS2_PLACEMENT_3D('',#1855,#1856,#1857);
#1855 = CARTESIAN_POINT('',(15.825,-11.25,-1.5));
#1856 = DIRECTION('',(0.,-0.,-1.));
#1857 = DIRECTION('',(0.,-1.,0.));
#1858 = PCURVE('',#44,#1859);
#1859 = DEFINITIONAL_REPRESENTATION('',(#1860),#1868);
#1860 = ( BOUNDED_CURVE() B_SPLINE_CURVE(2,(#1861,#1862,#1863,#1864,
#1865,#1866,#1867),.UNSPECIFIED.,.T.,.F.) B_SPLINE_CURVE_WITH_KNOTS((1,2
    ,2,2,2,1),(-2.094395102393,0.,2.094395102393,4.188790204786,
6.28318530718,8.377580409573),.UNSPECIFIED.) CURVE() 
GEOMETRIC_REPRESENTATION_ITEM() RATIONAL_B_SPLINE_CURVE((1.,0.5,1.,0.5,
1.,0.5,1.)) REPRESENTATION_ITEM('') );
#1861 = CARTESIAN_POINT('',(91.025,3.125));
#1862 = CARTESIAN_POINT('',(89.942468245269,3.125));
#1863 = CARTESIAN_POINT('',(90.483734122635,4.0625));
#1864 = CARTESIAN_POINT('',(91.025,5.));
#1865 = CARTESIAN_POINT('',(91.566265877365,4.0625));
#1866 = CARTESIAN_POINT('',(92.107531754731,3.125));
#1867 = CARTESIAN_POINT('',(91.025,3.125));
#1868 = ( GEOMETRIC_REPRESENTATION_CONTEXT(2) 
PARAMETRIC_REPRESENTATION_CONTEXT() REPRESENTATION_CONTEXT('2D SPACE',''
  ) );
#1869 = PCURVE('',#1870,#1875);
#1870 = CYLINDRICAL_SURFACE('',#1871,0.625);
#1871 = AXIS2_PLACEMENT_3D('',#1872,#1873,#1874);
#1872 = CARTESIAN_POINT('',(15.825,-11.25,0.));
#1873 = DIRECTION('',(0.,-0.,-1.));
#1874 = DIRECTION('',(0.,-1.,0.));
#1875 = DEFINITIONAL_REPRESENTATION('',(#1876),#1880);
#1876 = LINE('',#1877,#1878);
#1877 = CARTESIAN_POINT('',(0.,1.5));
#1878 = VECTOR('',#1879,1.);
#1879 = DIRECTION('',(1.,0.));
#1880 = ( GEOMETRIC_REPRESENTATION_CONTEXT(2) 
PARAMETRIC_REPRESENTATION_CONTEXT() REPRESENTATION_CONTEXT('2D SPACE',''
  ) );
#1881 = FACE_BOUND('',#1882,.F.);
#1882 = EDGE_LOOP('',(#1883,#1911,#1944,#1970));
#1883 = ORIENTED_EDGE('',*,*,#1884,.F.);
#1884 = EDGE_CURVE('',#1885,#1887,#1889,.T.);
#1885 = VERTEX_POINT('',#1886);
#1886 = CARTESIAN_POINT('',(54.575,-6.875,-1.5));
#1887 = VERTEX_POINT('',#1888);
#1888 = CARTESIAN_POINT('',(15.825,-6.875,-1.5));
#1889 = SURFACE_CURVE('',#1890,(#1894,#1900),.PCURVE_S1.);
#1890 = LINE('',#1891,#1892);
#1891 = CARTESIAN_POINT('',(-29.6875,-6.875,-1.5));
#1892 = VECTOR('',#1893,1.);
#1893 = DIRECTION('',(-1.,0.,0.));
#1894 = PCURVE('',#44,#1895);
#1895 = DEFINITIONAL_REPRESENTATION('',(#1896),#1899);
#1896 = B_SPLINE_CURVE_WITH_KNOTS('',1,(#1897,#1898),.UNSPECIFIED.,.F.,
  .F.,(2,2),(-84.2625,-45.5125),.PIECEWISE_BEZIER_KNOTS.);
#1897 = CARTESIAN_POINT('',(129.775,8.125));
#1898 = CARTESIAN_POINT('',(91.025,8.125));
#1899 = ( GEOMETRIC_REPRESENTATION_CONTEXT(2) 
PARAMETRIC_REPRESENTATION_CONTEXT() REPRESENTATION_CONTEXT('2D SPACE',''
  ) );
#1900 = PCURVE('',#1901,#1906);
#1901 = PLANE('',#1902);
#1902 = AXIS2_PLACEMENT_3D('',#1903,#1904,#1905);
#1903 = CARTESIAN_POINT('',(15.825,-6.875,0.));
#1904 = DIRECTION('',(0.,1.,0.));
#1905 = DIRECTION('',(1.,0.,0.));
#1906 = DEFINITIONAL_REPRESENTATION('',(#1907),#1910);
#1907 = B_SPLINE_CURVE_WITH_KNOTS('',1,(#1908,#1909),.UNSPECIFIED.,.F.,
  .F.,(2,2),(-84.2625,-45.5125),.PIECEWISE_BEZIER_KNOTS.);
#1908 = CARTESIAN_POINT('',(38.75,1.5));
#1909 = CARTESIAN_POINT('',(0.,1.5));
#1910 = ( GEOMETRIC_REPRESENTATION_CONTEXT(2) 
PARAMETRIC_REPRESENTATION_CONTEXT() REPRESENTATION_CONTEXT('2D SPACE',''
  ) );
#1911 = ORIENTED_EDGE('',*,*,#1912,.T.);
#1912 = EDGE_CURVE('',#1885,#1913,#1915,.T.);
#1913 = VERTEX_POINT('',#1914);
#1914 = CARTESIAN_POINT('',(54.575,-8.125,-1.5));
#1915 = SURFACE_CURVE('',#1916,(#1921,#1932),.PCURVE_S1.);
#1916 = CIRCLE('',#1917,0.625);
#1917 = AXIS2_PLACEMENT_3D('',#1918,#1919,#1920);
#1918 = CARTESIAN_POINT('',(54.575,-7.5,-1.5));
#1919 = DIRECTION('',(0.,0.,-1.));
#1920 = DIRECTION('',(0.,1.,0.));
#1921 = PCURVE('',#44,#1922);
#1922 = DEFINITIONAL_REPRESENTATION('',(#1923),#1931);
#1923 = ( BOUNDED_CURVE() B_SPLINE_CURVE(2,(#1924,#1925,#1926,#1927,
#1928,#1929,#1930),.UNSPECIFIED.,.T.,.F.) B_SPLINE_CURVE_WITH_KNOTS((1,2
    ,2,2,2,1),(-2.094395102393,0.,2.094395102393,4.188790204786,
6.28318530718,8.377580409573),.UNSPECIFIED.) CURVE() 
GEOMETRIC_REPRESENTATION_ITEM() RATIONAL_B_SPLINE_CURVE((1.,0.5,1.,0.5,
1.,0.5,1.)) REPRESENTATION_ITEM('') );
#1924 = CARTESIAN_POINT('',(129.775,8.125));
#1925 = CARTESIAN_POINT('',(130.85753175473,8.125));
#1926 = CARTESIAN_POINT('',(130.31626587736,7.1875));
#1927 = CARTESIAN_POINT('',(129.775,6.25));
#1928 = CARTESIAN_POINT('',(129.23373412263,7.1875));
#1929 = CARTESIAN_POINT('',(128.69246824526,8.125));
#1930 = CARTESIAN_POINT('',(129.775,8.125));
#1931 = ( GEOMETRIC_REPRESENTATION_CONTEXT(2) 
PARAMETRIC_REPRESENTATION_CONTEXT() REPRESENTATION_CONTEXT('2D SPACE',''
  ) );
#1932 = PCURVE('',#1933,#1938);
#1933 = CYLINDRICAL_SURFACE('',#1934,0.625);
#1934 = AXIS2_PLACEMENT_3D('',#1935,#1936,#1937);
#1935 = CARTESIAN_POINT('',(54.575,-7.5,0.));
#1936 = DIRECTION('',(0.,0.,-1.));
#1937 = DIRECTION('',(0.,1.,0.));
#1938 = DEFINITIONAL_REPRESENTATION('',(#1939),#1943);
#1939 = LINE('',#1940,#1941);
#1940 = CARTESIAN_POINT('',(0.,1.5));
#1941 = VECTOR('',#1942,1.);
#1942 = DIRECTION('',(1.,0.));
#1943 = ( GEOMETRIC_REPRESENTATION_CONTEXT(2) 
PARAMETRIC_REPRESENTATION_CONTEXT() REPRESENTATION_CONTEXT('2D SPACE',''
  ) );
#1944 = ORIENTED_EDGE('',*,*,#1945,.F.);
#1945 = EDGE_CURVE('',#1946,#1913,#1948,.T.);
#1946 = VERTEX_POINT('',#1947);
#1947 = CARTESIAN_POINT('',(15.825,-8.125,-1.5));
#1948 = SURFACE_CURVE('',#1949,(#1953,#1959),.PCURVE_S1.);
#1949 = LINE('',#1950,#1951);
#1950 = CARTESIAN_POINT('',(-10.3125,-8.125,-1.5));
#1951 = VECTOR('',#1952,1.);
#1952 = DIRECTION('',(1.,0.,-0.));
#1953 = PCURVE('',#44,#1954);
#1954 = DEFINITIONAL_REPRESENTATION('',(#1955),#1958);
#1955 = B_SPLINE_CURVE_WITH_KNOTS('',1,(#1956,#1957),.UNSPECIFIED.,.F.,
  .F.,(2,2),(26.1375,64.8875),.PIECEWISE_BEZIER_KNOTS.);
#1956 = CARTESIAN_POINT('',(91.025,6.875));
#1957 = CARTESIAN_POINT('',(129.775,6.875));
#1958 = ( GEOMETRIC_REPRESENTATION_CONTEXT(2) 
PARAMETRIC_REPRESENTATION_CONTEXT() REPRESENTATION_CONTEXT('2D SPACE',''
  ) );
#1959 = PCURVE('',#1960,#1965);
#1960 = PLANE('',#1961);
#1961 = AXIS2_PLACEMENT_3D('',#1962,#1963,#1964);
#1962 = CARTESIAN_POINT('',(54.575,-8.125,0.));
#1963 = DIRECTION('',(0.,-1.,0.));
#1964 = DIRECTION('',(-1.,0.,0.));
#1965 = DEFINITIONAL_REPRESENTATION('',(#1966),#1969);
#1966 = B_SPLINE_CURVE_WITH_KNOTS('',1,(#1967,#1968),.UNSPECIFIED.,.F.,
  .F.,(2,2),(26.1375,64.8875),.PIECEWISE_BEZIER_KNOTS.);
#1967 = CARTESIAN_POINT('',(38.75,1.5));
#1968 = CARTESIAN_POINT('',(0.,1.5));
#1969 = ( GEOMETRIC_REPRESENTATION_CONTEXT(2) 
PARAMETRIC_REPRESENTATION_CONTEXT() REPRESENTATION_CONTEXT('2D SPACE',''
  ) );
#1970 = ORIENTED_EDGE('',*,*,#1971,.T.);
#1971 = EDGE_CURVE('',#1946,#1887,#1972,.T.);
#1972 = SURFACE_CURVE('',#1973,(#1978,#1989),.PCURVE_S1.);
#1973 = CIRCLE('',#1974,0.625);
#1974 = AXIS2_PLACEMENT_3D('',#1975,#1976,#1977);
#1975 = CARTESIAN_POINT('',(15.825,-7.5,-1.5));
#1976 = DIRECTION('',(0.,-0.,-1.));
#1977 = DIRECTION('',(0.,-1.,0.));
#1978 = PCURVE('',#44,#1979);
#1979 = DEFINITIONAL_REPRESENTATION('',(#1980),#1988);
#1980 = ( BOUNDED_CURVE() B_SPLINE_CURVE(2,(#1981,#1982,#1983,#1984,
#1985,#1986,#1987),.UNSPECIFIED.,.T.,.F.) B_SPLINE_CURVE_WITH_KNOTS((1,2
    ,2,2,2,1),(-2.094395102393,0.,2.094395102393,4.188790204786,
6.28318530718,8.377580409573),.UNSPECIFIED.) CURVE() 
GEOMETRIC_REPRESENTATION_ITEM() RATIONAL_B_SPLINE_CURVE((1.,0.5,1.,0.5,
1.,0.5,1.)) REPRESENTATION_ITEM('') );
#1981 = CARTESIAN_POINT('',(91.025,6.875));
#1982 = CARTESIAN_POINT('',(89.942468245269,6.875));
#1983 = CARTESIAN_POINT('',(90.483734122635,7.8125));
#1984 = CARTESIAN_POINT('',(91.025,8.75));
#1985 = CARTESIAN_POINT('',(91.566265877365,7.8125));
#1986 = CARTESIAN_POINT('',(92.107531754731,6.875));
#1987 = CARTESIAN_POINT('',(91.025,6.875));
#1988 = ( GEOMETRIC_REPRESENTATION_CONTEXT(2) 
PARAMETRIC_REPRESENTATION_CONTEXT() REPRESENTATION_CONTEXT('2D SPACE',''
  ) );
#1989 = PCURVE('',#1990,#1995);
#1990 = CYLINDRICAL_SURFACE('',#1991,0.625);
#1991 = AXIS2_PLACEMENT_3D('',#1992,#1993,#1994);
#1992 = CARTESIAN_POINT('',(15.825,-7.5,0.));
#1993 = DIRECTION('',(0.,-0.,-1.));
#1994 = DIRECTION('',(0.,-1.,0.));
#1995 = DEFINITIONAL_REPRESENTATION('',(#1996),#2000);
#1996 = LINE('',#1997,#1998);
#1997 = CARTESIAN_POINT('',(0.,1.5));
#1998 = VECTOR('',#1999,1.);
#1999 = DIRECTION('',(1.,0.));
#2000 = ( GEOMETRIC_REPRESENTATION_CONTEXT(2) 
PARAMETRIC_REPRESENTATION_CONTEXT() REPRESENTATION_CONTEXT('2D SPACE',''
  ) );
#2001 = FACE_BOUND('',#2002,.F.);
#2002 = EDGE_LOOP('',(#2003,#2031,#2064,#2090));
#2003 = ORIENTED_EDGE('',*,*,#2004,.F.);
#2004 = EDGE_CURVE('',#2005,#2007,#2009,.T.);
#2005 = VERTEX_POINT('',#2006);
#2006 = CARTESIAN_POINT('',(54.575,-3.125,-1.5));
#2007 = VERTEX_POINT('',#2008);
#2008 = CARTESIAN_POINT('',(15.825,-3.125,-1.5));
#2009 = SURFACE_CURVE('',#2010,(#2014,#2020),.PCURVE_S1.);
#2010 = LINE('',#2011,#2012);
#2011 = CARTESIAN_POINT('',(-29.6875,-3.125,-1.5));
#2012 = VECTOR('',#2013,1.);
#2013 = DIRECTION('',(-1.,0.,0.));
#2014 = PCURVE('',#44,#2015);
#2015 = DEFINITIONAL_REPRESENTATION('',(#2016),#2019);
#2016 = B_SPLINE_CURVE_WITH_KNOTS('',1,(#2017,#2018),.UNSPECIFIED.,.F.,
  .F.,(2,2),(-84.2625,-45.5125),.PIECEWISE_BEZIER_KNOTS.);
#2017 = CARTESIAN_POINT('',(129.775,11.875));
#2018 = CARTESIAN_POINT('',(91.025,11.875));
#2019 = ( GEOMETRIC_REPRESENTATION_CONTEXT(2) 
PARAMETRIC_REPRESENTATION_CONTEXT() REPRESENTATION_CONTEXT('2D SPACE',''
  ) );
#2020 = PCURVE('',#2021,#2026);
#2021 = PLANE('',#2022);
#2022 = AXIS2_PLACEMENT_3D('',#2023,#2024,#2025);
#2023 = CARTESIAN_POINT('',(15.825,-3.125,0.));
#2024 = DIRECTION('',(0.,1.,0.));
#2025 = DIRECTION('',(1.,0.,0.));
#2026 = DEFINITIONAL_REPRESENTATION('',(#2027),#2030);
#2027 = B_SPLINE_CURVE_WITH_KNOTS('',1,(#2028,#2029),.UNSPECIFIED.,.F.,
  .F.,(2,2),(-84.2625,-45.5125),.PIECEWISE_BEZIER_KNOTS.);
#2028 = CARTESIAN_POINT('',(38.75,1.5));
#2029 = CARTESIAN_POINT('',(0.,1.5));
#2030 = ( GEOMETRIC_REPRESENTATION_CONTEXT(2) 
PARAMETRIC_REPRESENTATION_CONTEXT() REPRESENTATION_CONTEXT('2D SPACE',''
  ) );
#2031 = ORIENTED_EDGE('',*,*,#2032,.T.);
#2032 = EDGE_CURVE('',#2005,#2033,#2035,.T.);
#2033 = VERTEX_POINT('',#2034);
#2034 = CARTESIAN_POINT('',(54.575,-4.375,-1.5));
#2035 = SURFACE_CURVE('',#2036,(#2041,#2052),.PCURVE_S1.);
#2036 = CIRCLE('',#2037,0.625);
#2037 = AXIS2_PLACEMENT_3D('',#2038,#2039,#2040);
#2038 = CARTESIAN_POINT('',(54.575,-3.75,-1.5));
#2039 = DIRECTION('',(0.,0.,-1.));
#2040 = DIRECTION('',(0.,1.,0.));
#2041 = PCURVE('',#44,#2042);
#2042 = DEFINITIONAL_REPRESENTATION('',(#2043),#2051);
#2043 = ( BOUNDED_CURVE() B_SPLINE_CURVE(2,(#2044,#2045,#2046,#2047,
#2048,#2049,#2050),.UNSPECIFIED.,.T.,.F.) B_SPLINE_CURVE_WITH_KNOTS((1,2
    ,2,2,2,1),(-2.094395102393,0.,2.094395102393,4.188790204786,
6.28318530718,8.377580409573),.UNSPECIFIED.) CURVE() 
GEOMETRIC_REPRESENTATION_ITEM() RATIONAL_B_SPLINE_CURVE((1.,0.5,1.,0.5,
1.,0.5,1.)) REPRESENTATION_ITEM('') );
#2044 = CARTESIAN_POINT('',(129.775,11.875));
#2045 = CARTESIAN_POINT('',(130.85753175473,11.875));
#2046 = CARTESIAN_POINT('',(130.31626587736,10.9375));
#2047 = CARTESIAN_POINT('',(129.775,10.));
#2048 = CARTESIAN_POINT('',(129.23373412263,10.9375));
#2049 = CARTESIAN_POINT('',(128.69246824526,11.875));
#2050 = CARTESIAN_POINT('',(129.775,11.875));
#2051 = ( GEOMETRIC_REPRESENTATION_CONTEXT(2) 
PARAMETRIC_REPRESENTATION_CONTEXT() REPRESENTATION_CONTEXT('2D SPACE',''
  ) );
#2052 = PCURVE('',#2053,#2058);
#2053 = CYLINDRICAL_SURFACE('',#2054,0.625);
#2054 = AXIS2_PLACEMENT_3D('',#2055,#2056,#2057);
#2055 = CARTESIAN_POINT('',(54.575,-3.75,0.));
#2056 = DIRECTION('',(0.,0.,-1.));
#2057 = DIRECTION('',(0.,1.,0.));
#2058 = DEFINITIONAL_REPRESENTATION('',(#2059),#2063);
#2059 = LINE('',#2060,#2061);
#2060 = CARTESIAN_POINT('',(0.,1.5));
#2061 = VECTOR('',#2062,1.);
#2062 = DIRECTION('',(1.,0.));
#2063 = ( GEOMETRIC_REPRESENTATION_CONTEXT(2) 
PARAMETRIC_REPRESENTATION_CONTEXT() REPRESENTATION_CONTEXT('2D SPACE',''
  ) );
#2064 = ORIENTED_EDGE('',*,*,#2065,.F.);
#2065 = EDGE_CURVE('',#2066,#2033,#2068,.T.);
#2066 = VERTEX_POINT('',#2067);
#2067 = CARTESIAN_POINT('',(15.825,-4.375,-1.5));
#2068 = SURFACE_CURVE('',#2069,(#2073,#2079),.PCURVE_S1.);
#2069 = LINE('',#2070,#2071);
#2070 = CARTESIAN_POINT('',(-10.3125,-4.375,-1.5));
#2071 = VECTOR('',#2072,1.);
#2072 = DIRECTION('',(1.,0.,-0.));
#2073 = PCURVE('',#44,#2074);
#2074 = DEFINITIONAL_REPRESENTATION('',(#2075),#2078);
#2075 = B_SPLINE_CURVE_WITH_KNOTS('',1,(#2076,#2077),.UNSPECIFIED.,.F.,
  .F.,(2,2),(26.1375,64.8875),.PIECEWISE_BEZIER_KNOTS.);
#2076 = CARTESIAN_POINT('',(91.025,10.625));
#2077 = CARTESIAN_POINT('',(129.775,10.625));
#2078 = ( GEOMETRIC_REPRESENTATION_CONTEXT(2) 
PARAMETRIC_REPRESENTATION_CONTEXT() REPRESENTATION_CONTEXT('2D SPACE',''
  ) );
#2079 = PCURVE('',#2080,#2085);
#2080 = PLANE('',#2081);
#2081 = AXIS2_PLACEMENT_3D('',#2082,#2083,#2084);
#2082 = CARTESIAN_POINT('',(54.575,-4.375,0.));
#2083 = DIRECTION('',(0.,-1.,0.));
#2084 = DIRECTION('',(-1.,0.,0.));
#2085 = DEFINITIONAL_REPRESENTATION('',(#2086),#2089);
#2086 = B_SPLINE_CURVE_WITH_KNOTS('',1,(#2087,#2088),.UNSPECIFIED.,.F.,
  .F.,(2,2),(26.1375,64.8875),.PIECEWISE_BEZIER_KNOTS.);
#2087 = CARTESIAN_POINT('',(38.75,1.5));
#2088 = CARTESIAN_POINT('',(0.,1.5));
#2089 = ( GEOMETRIC_REPRESENTATION_CONTEXT(2) 
PARAMETRIC_REPRESENTATION_CONTEXT() REPRESENTATION_CONTEXT('2D SPACE',''
  ) );
#2090 = ORIENTED_EDGE('',*,*,#2091,.T.);
#2091 = EDGE_CURVE('',#2066,#2007,#2092,.T.);
#2092 = SURFACE_CURVE('',#2093,(#2098,#2109),.PCURVE_S1.);
#2093 = CIRCLE('',#2094,0.625);
#2094 = AXIS2_PLACEMENT_3D('',#2095,#2096,#2097);
#2095 = CARTESIAN_POINT('',(15.825,-3.75,-1.5));
#2096 = DIRECTION('',(0.,-0.,-1.));
#2097 = DIRECTION('',(0.,-1.,0.));
#2098 = PCURVE('',#44,#2099);
#2099 = DEFINITIONAL_REPRESENTATION('',(#2100),#2108);
#2100 = ( BOUNDED_CURVE() B_SPLINE_CURVE(2,(#2101,#2102,#2103,#2104,
#2105,#2106,#2107),.UNSPECIFIED.,.T.,.F.) B_SPLINE_CURVE_WITH_KNOTS((1,2
    ,2,2,2,1),(-2.094395102393,0.,2.094395102393,4.188790204786,
6.28318530718,8.377580409573),.UNSPECIFIED.) CURVE() 
GEOMETRIC_REPRESENTATION_ITEM() RATIONAL_B_SPLINE_CURVE((1.,0.5,1.,0.5,
1.,0.5,1.)) REPRESENTATION_ITEM('') );
#2101 = CARTESIAN_POINT('',(91.025,10.625));
#2102 = CARTESIAN_POINT('',(89.942468245269,10.625));
#2103 = CARTESIAN_POINT('',(90.483734122635,11.5625));
#2104 = CARTESIAN_POINT('',(91.025,12.5));
#2105 = CARTESIAN_POINT('',(91.566265877365,11.5625));
#2106 = CARTESIAN_POINT('',(92.107531754731,10.625));
#2107 = CARTESIAN_POINT('',(91.025,10.625));
#2108 = ( GEOMETRIC_REPRESENTATION_CONTEXT(2) 
PARAMETRIC_REPRESENTATION_CONTEXT() REPRESENTATION_CONTEXT('2D SPACE',''
  ) );
#2109 = PCURVE('',#2110,#2115);
#2110 = CYLINDRICAL_SURFACE('',#2111,0.625);
#2111 = AXIS2_PLACEMENT_3D('',#2112,#2113,#2114);
#2112 = CARTESIAN_POINT('',(15.825,-3.75,0.));
#2113 = DIRECTION('',(0.,-0.,-1.));
#2114 = DIRECTION('',(0.,-1.,0.));
#2115 = DEFINITIONAL_REPRESENTATION('',(#2116),#2120);
#2116 = LINE('',#2117,#2118);
#2117 = CARTESIAN_POINT('',(0.,1.5));
#2118 = VECTOR('',#2119,1.);
#2119 = DIRECTION('',(1.,0.));
#2120 = ( GEOMETRIC_REPRESENTATION_CONTEXT(2) 
PARAMETRIC_REPRESENTATION_CONTEXT() REPRESENTATION_CONTEXT('2D SPACE',''
  ) );
#2121 = FACE_BOUND('',#2122,.F.);
#2122 = EDGE_LOOP('',(#2123,#2151,#2184,#2210));
#2123 = ORIENTED_EDGE('',*,*,#2124,.F.);
#2124 = EDGE_CURVE('',#2125,#2127,#2129,.T.);
#2125 = VERTEX_POINT('',#2126);
#2126 = CARTESIAN_POINT('',(-15.825,0.625,-1.5));
#2127 = VERTEX_POINT('',#2128);
#2128 = CARTESIAN_POINT('',(-54.575,0.625,-1.5));
#2129 = SURFACE_CURVE('',#2130,(#2134,#2140),.PCURVE_S1.);
#2130 = LINE('',#2131,#2132);
#2131 = CARTESIAN_POINT('',(-64.8875,0.625,-1.5));
#2132 = VECTOR('',#2133,1.);
#2133 = DIRECTION('',(-1.,0.,0.));
#2134 = PCURVE('',#44,#2135);
#2135 = DEFINITIONAL_REPRESENTATION('',(#2136),#2139);
#2136 = B_SPLINE_CURVE_WITH_KNOTS('',1,(#2137,#2138),.UNSPECIFIED.,.F.,
  .F.,(2,2),(-49.0625,-10.3125),.PIECEWISE_BEZIER_KNOTS.);
#2137 = CARTESIAN_POINT('',(59.375,15.625));
#2138 = CARTESIAN_POINT('',(20.625,15.625));
#2139 = ( GEOMETRIC_REPRESENTATION_CONTEXT(2) 
PARAMETRIC_REPRESENTATION_CONTEXT() REPRESENTATION_CONTEXT('2D SPACE',''
  ) );
#2140 = PCURVE('',#2141,#2146);
#2141 = PLANE('',#2142);
#2142 = AXIS2_PLACEMENT_3D('',#2143,#2144,#2145);
#2143 = CARTESIAN_POINT('',(-54.575,0.625,0.));
#2144 = DIRECTION('',(0.,1.,0.));
#2145 = DIRECTION('',(1.,0.,0.));
#2146 = DEFINITIONAL_REPRESENTATION('',(#2147),#2150);
#2147 = B_SPLINE_CURVE_WITH_KNOTS('',1,(#2148,#2149),.UNSPECIFIED.,.F.,
  .F.,(2,2),(-49.0625,-10.3125),.PIECEWISE_BEZIER_KNOTS.);
#2148 = CARTESIAN_POINT('',(38.75,1.5));
#2149 = CARTESIAN_POINT('',(0.,1.5));
#2150 = ( GEOMETRIC_REPRESENTATION_CONTEXT(2) 
PARAMETRIC_REPRESENTATION_CONTEXT() REPRESENTATION_CONTEXT('2D SPACE',''
  ) );
#2151 = ORIENTED_EDGE('',*,*,#2152,.T.);
#2152 = EDGE_CURVE('',#2125,#2153,#2155,.T.);
#2153 = VERTEX_POINT('',#2154);
#2154 = CARTESIAN_POINT('',(-15.825,-0.625,-1.5));
#2155 = SURFACE_CURVE('',#2156,(#2161,#2172),.PCURVE_S1.);
#2156 = CIRCLE('',#2157,0.625);
#2157 = AXIS2_PLACEMENT_3D('',#2158,#2159,#2160);
#2158 = CARTESIAN_POINT('',(-15.825,-5.551115123126E-17,-1.5));
#2159 = DIRECTION('',(0.,0.,-1.));
#2160 = DIRECTION('',(0.,1.,0.));
#2161 = PCURVE('',#44,#2162);
#2162 = DEFINITIONAL_REPRESENTATION('',(#2163),#2171);
#2163 = ( BOUNDED_CURVE() B_SPLINE_CURVE(2,(#2164,#2165,#2166,#2167,
#2168,#2169,#2170),.UNSPECIFIED.,.T.,.F.) B_SPLINE_CURVE_WITH_KNOTS((1,2
    ,2,2,2,1),(-2.094395102393,0.,2.094395102393,4.188790204786,
6.28318530718,8.377580409573),.UNSPECIFIED.) CURVE() 
GEOMETRIC_REPRESENTATION_ITEM() RATIONAL_B_SPLINE_CURVE((1.,0.5,1.,0.5,
1.,0.5,1.)) REPRESENTATION_ITEM('') );
#2164 = CARTESIAN_POINT('',(59.375,15.625));
#2165 = CARTESIAN_POINT('',(60.457531754731,15.625));
#2166 = CARTESIAN_POINT('',(59.916265877365,14.6875));
#2167 = CARTESIAN_POINT('',(59.375,13.75));
#2168 = CARTESIAN_POINT('',(58.833734122635,14.6875));
#2169 = CARTESIAN_POINT('',(58.292468245269,15.625));
#2170 = CARTESIAN_POINT('',(59.375,15.625));
#2171 = ( GEOMETRIC_REPRESENTATION_CONTEXT(2) 
PARAMETRIC_REPRESENTATION_CONTEXT() REPRESENTATION_CONTEXT('2D SPACE',''
  ) );
#2172 = PCURVE('',#2173,#2178);
#2173 = CYLINDRICAL_SURFACE('',#2174,0.625);
#2174 = AXIS2_PLACEMENT_3D('',#2175,#2176,#2177);
#2175 = CARTESIAN_POINT('',(-15.825,-5.551115123126E-17,0.));
#2176 = DIRECTION('',(0.,0.,-1.));
#2177 = DIRECTION('',(0.,1.,0.));
#2178 = DEFINITIONAL_REPRESENTATION('',(#2179),#2183);
#2179 = LINE('',#2180,#2181);
#2180 = CARTESIAN_POINT('',(0.,1.5));
#2181 = VECTOR('',#2182,1.);
#2182 = DIRECTION('',(1.,0.));
#2183 = ( GEOMETRIC_REPRESENTATION_CONTEXT(2) 
PARAMETRIC_REPRESENTATION_CONTEXT() REPRESENTATION_CONTEXT('2D SPACE',''
  ) );
#2184 = ORIENTED_EDGE('',*,*,#2185,.F.);
#2185 = EDGE_CURVE('',#2186,#2153,#2188,.T.);
#2186 = VERTEX_POINT('',#2187);
#2187 = CARTESIAN_POINT('',(-54.575,-0.625,-1.5));
#2188 = SURFACE_CURVE('',#2189,(#2193,#2199),.PCURVE_S1.);
#2189 = LINE('',#2190,#2191);
#2190 = CARTESIAN_POINT('',(-45.5125,-0.625,-1.5));
#2191 = VECTOR('',#2192,1.);
#2192 = DIRECTION('',(1.,0.,-0.));
#2193 = PCURVE('',#44,#2194);
#2194 = DEFINITIONAL_REPRESENTATION('',(#2195),#2198);
#2195 = B_SPLINE_CURVE_WITH_KNOTS('',1,(#2196,#2197),.UNSPECIFIED.,.F.,
  .F.,(2,2),(-9.0625,29.6875),.PIECEWISE_BEZIER_KNOTS.);
#2196 = CARTESIAN_POINT('',(20.625,14.375));
#2197 = CARTESIAN_POINT('',(59.375,14.375));
#2198 = ( GEOMETRIC_REPRESENTATION_CONTEXT(2) 
PARAMETRIC_REPRESENTATION_CONTEXT() REPRESENTATION_CONTEXT('2D SPACE',''
  ) );
#2199 = PCURVE('',#2200,#2205);
#2200 = PLANE('',#2201);
#2201 = AXIS2_PLACEMENT_3D('',#2202,#2203,#2204);
#2202 = CARTESIAN_POINT('',(-15.825,-0.625,0.));
#2203 = DIRECTION('',(0.,-1.,0.));
#2204 = DIRECTION('',(-1.,0.,0.));
#2205 = DEFINITIONAL_REPRESENTATION('',(#2206),#2209);
#2206 = B_SPLINE_CURVE_WITH_KNOTS('',1,(#2207,#2208),.UNSPECIFIED.,.F.,
  .F.,(2,2),(-9.0625,29.6875),.PIECEWISE_BEZIER_KNOTS.);
#2207 = CARTESIAN_POINT('',(38.75,1.5));
#2208 = CARTESIAN_POINT('',(0.,1.5));
#2209 = ( GEOMETRIC_REPRESENTATION_CONTEXT(2) 
PARAMETRIC_REPRESENTATION_CONTEXT() REPRESENTATION_CONTEXT('2D SPACE',''
  ) );
#2210 = ORIENTED_EDGE('',*,*,#2211,.T.);
#2211 = EDGE_CURVE('',#2186,#2127,#2212,.T.);
#2212 = SURFACE_CURVE('',#2213,(#2218,#2229),.PCURVE_S1.);
#2213 = CIRCLE('',#2214,0.625);
#2214 = AXIS2_PLACEMENT_3D('',#2215,#2216,#2217);
#2215 = CARTESIAN_POINT('',(-54.575,5.551115123126E-17,-1.5));
#2216 = DIRECTION('',(0.,-0.,-1.));
#2217 = DIRECTION('',(0.,-1.,0.));
#2218 = PCURVE('',#44,#2219);
#2219 = DEFINITIONAL_REPRESENTATION('',(#2220),#2228);
#2220 = ( BOUNDED_CURVE() B_SPLINE_CURVE(2,(#2221,#2222,#2223,#2224,
#2225,#2226,#2227),.UNSPECIFIED.,.T.,.F.) B_SPLINE_CURVE_WITH_KNOTS((1,2
    ,2,2,2,1),(-2.094395102393,0.,2.094395102393,4.188790204786,
6.28318530718,8.377580409573),.UNSPECIFIED.) CURVE() 
GEOMETRIC_REPRESENTATION_ITEM() RATIONAL_B_SPLINE_CURVE((1.,0.5,1.,0.5,
1.,0.5,1.)) REPRESENTATION_ITEM('') );
#2221 = CARTESIAN_POINT('',(20.625,14.375));
#2222 = CARTESIAN_POINT('',(19.542468245269,14.375));
#2223 = CARTESIAN_POINT('',(20.083734122635,15.3125));
#2224 = CARTESIAN_POINT('',(20.625,16.25));
#2225 = CARTESIAN_POINT('',(21.166265877365,15.3125));
#2226 = CARTESIAN_POINT('',(21.707531754731,14.375));
#2227 = CARTESIAN_POINT('',(20.625,14.375));
#2228 = ( GEOMETRIC_REPRESENTATION_CONTEXT(2) 
PARAMETRIC_REPRESENTATION_CONTEXT() REPRESENTATION_CONTEXT('2D SPACE',''
  ) );
#2229 = PCURVE('',#2230,#2235);
#2230 = CYLINDRICAL_SURFACE('',#2231,0.625);
#2231 = AXIS2_PLACEMENT_3D('',#2232,#2233,#2234);
#2232 = CARTESIAN_POINT('',(-54.575,5.551115123126E-17,0.));
#2233 = DIRECTION('',(0.,-0.,-1.));
#2234 = DIRECTION('',(0.,-1.,0.));
#2235 = DEFINITIONAL_REPRESENTATION('',(#2236),#2240);
#2236 = LINE('',#2237,#2238);
#2237 = CARTESIAN_POINT('',(0.,1.5));
#2238 = VECTOR('',#2239,1.);
#2239 = DIRECTION('',(1.,0.));
#2240 = ( GEOMETRIC_REPRESENTATION_CONTEXT(2) 
PARAMETRIC_REPRESENTATION_CONTEXT() REPRESENTATION_CONTEXT('2D SPACE',''
  ) );
#2241 = FACE_BOUND('',#2242,.F.);
#2242 = EDGE_LOOP('',(#2243,#2271,#2304,#2330));
#2243 = ORIENTED_EDGE('',*,*,#2244,.F.);
#2244 = EDGE_CURVE('',#2245,#2247,#2249,.T.);
#2245 = VERTEX_POINT('',#2246);
#2246 = CARTESIAN_POINT('',(-15.825,4.375,-1.5));
#2247 = VERTEX_POINT('',#2248);
#2248 = CARTESIAN_POINT('',(-54.575,4.375,-1.5));
#2249 = SURFACE_CURVE('',#2250,(#2254,#2260),.PCURVE_S1.);
#2250 = LINE('',#2251,#2252);
#2251 = CARTESIAN_POINT('',(-64.8875,4.375,-1.5));
#2252 = VECTOR('',#2253,1.);
#2253 = DIRECTION('',(-1.,0.,0.));
#2254 = PCURVE('',#44,#2255);
#2255 = DEFINITIONAL_REPRESENTATION('',(#2256),#2259);
#2256 = B_SPLINE_CURVE_WITH_KNOTS('',1,(#2257,#2258),.UNSPECIFIED.,.F.,
  .F.,(2,2),(-49.0625,-10.3125),.PIECEWISE_BEZIER_KNOTS.);
#2257 = CARTESIAN_POINT('',(59.375,19.375));
#2258 = CARTESIAN_POINT('',(20.625,19.375));
#2259 = ( GEOMETRIC_REPRESENTATION_CONTEXT(2) 
PARAMETRIC_REPRESENTATION_CONTEXT() REPRESENTATION_CONTEXT('2D SPACE',''
  ) );
#2260 = PCURVE('',#2261,#2266);
#2261 = PLANE('',#2262);
#2262 = AXIS2_PLACEMENT_3D('',#2263,#2264,#2265);
#2263 = CARTESIAN_POINT('',(-54.575,4.375,0.));
#2264 = DIRECTION('',(0.,1.,0.));
#2265 = DIRECTION('',(1.,0.,0.));
#2266 = DEFINITIONAL_REPRESENTATION('',(#2267),#2270);
#2267 = B_SPLINE_CURVE_WITH_KNOTS('',1,(#2268,#2269),.UNSPECIFIED.,.F.,
  .F.,(2,2),(-49.0625,-10.3125),.PIECEWISE_BEZIER_KNOTS.);
#2268 = CARTESIAN_POINT('',(38.75,1.5));
#2269 = CARTESIAN_POINT('',(0.,1.5));
#2270 = ( GEOMETRIC_REPRESENTATION_CONTEXT(2) 
PARAMETRIC_REPRESENTATION_CONTEXT() REPRESENTATION_CONTEXT('2D SPACE',''
  ) );
#2271 = ORIENTED_EDGE('',*,*,#2272,.T.);
#2272 = EDGE_CURVE('',#2245,#2273,#2275,.T.);
#2273 = VERTEX_POINT('',#2274);
#2274 = CARTESIAN_POINT('',(-15.825,3.125,-1.5));
#2275 = SURFACE_CURVE('',#2276,(#2281,#2292),.PCURVE_S1.);
#2276 = CIRCLE('',#2277,0.625);
#2277 = AXIS2_PLACEMENT_3D('',#2278,#2279,#2280);
#2278 = CARTESIAN_POINT('',(-15.825,3.75,-1.5));
#2279 = DIRECTION('',(0.,0.,-1.));
#2280 = DIRECTION('',(0.,1.,0.));
#2281 = PCURVE('',#44,#2282);
#2282 = DEFINITIONAL_REPRESENTATION('',(#2283),#2291);
#2283 = ( BOUNDED_CURVE() B_SPLINE_CURVE(2,(#2284,#2285,#2286,#2287,
#2288,#2289,#2290),.UNSPECIFIED.,.T.,.F.) B_SPLINE_CURVE_WITH_KNOTS((1,2
    ,2,2,2,1),(-2.094395102393,0.,2.094395102393,4.188790204786,
6.28318530718,8.377580409573),.UNSPECIFIED.) CURVE() 
GEOMETRIC_REPRESENTATION_ITEM() RATIONAL_B_SPLINE_CURVE((1.,0.5,1.,0.5,
1.,0.5,1.)) REPRESENTATION_ITEM('') );
#2284 = CARTESIAN_POINT('',(59.375,19.375));
#2285 = CARTESIAN_POINT('',(60.457531754731,19.375));
#2286 = CARTESIAN_POINT('',(59.916265877365,18.4375));
#2287 = CARTESIAN_POINT('',(59.375,17.5));
#2288 = CARTESIAN_POINT('',(58.833734122635,18.4375));
#2289 = CARTESIAN_POINT('',(58.292468245269,19.375));
#2290 = CARTESIAN_POINT('',(59.375,19.375));
#2291 = ( GEOMETRIC_REPRESENTATION_CONTEXT(2) 
PARAMETRIC_REPRESENTATION_CONTEXT() REPRESENTATION_CONTEXT('2D SPACE',''
  ) );
#2292 = PCURVE('',#2293,#2298);
#2293 = CYLINDRICAL_SURFACE('',#2294,0.625);
#2294 = AXIS2_PLACEMENT_3D('',#2295,#2296,#2297);
#2295 = CARTESIAN_POINT('',(-15.825,3.75,0.));
#2296 = DIRECTION('',(0.,0.,-1.));
#2297 = DIRECTION('',(0.,1.,0.));
#2298 = DEFINITIONAL_REPRESENTATION('',(#2299),#2303);
#2299 = LINE('',#2300,#2301);
#2300 = CARTESIAN_POINT('',(0.,1.5));
#2301 = VECTOR('',#2302,1.);
#2302 = DIRECTION('',(1.,0.));
#2303 = ( GEOMETRIC_REPRESENTATION_CONTEXT(2) 
PARAMETRIC_REPRESENTATION_CONTEXT() REPRESENTATION_CONTEXT('2D SPACE',''
  ) );
#2304 = ORIENTED_EDGE('',*,*,#2305,.F.);
#2305 = EDGE_CURVE('',#2306,#2273,#2308,.T.);
#2306 = VERTEX_POINT('',#2307);
#2307 = CARTESIAN_POINT('',(-54.575,3.125,-1.5));
#2308 = SURFACE_CURVE('',#2309,(#2313,#2319),.PCURVE_S1.);
#2309 = LINE('',#2310,#2311);
#2310 = CARTESIAN_POINT('',(-45.5125,3.125,-1.5));
#2311 = VECTOR('',#2312,1.);
#2312 = DIRECTION('',(1.,0.,-0.));
#2313 = PCURVE('',#44,#2314);
#2314 = DEFINITIONAL_REPRESENTATION('',(#2315),#2318);
#2315 = B_SPLINE_CURVE_WITH_KNOTS('',1,(#2316,#2317),.UNSPECIFIED.,.F.,
  .F.,(2,2),(-9.0625,29.6875),.PIECEWISE_BEZIER_KNOTS.);
#2316 = CARTESIAN_POINT('',(20.625,18.125));
#2317 = CARTESIAN_POINT('',(59.375,18.125));
#2318 = ( GEOMETRIC_REPRESENTATION_CONTEXT(2) 
PARAMETRIC_REPRESENTATION_CONTEXT() REPRESENTATION_CONTEXT('2D SPACE',''
  ) );
#2319 = PCURVE('',#2320,#2325);
#2320 = PLANE('',#2321);
#2321 = AXIS2_PLACEMENT_3D('',#2322,#2323,#2324);
#2322 = CARTESIAN_POINT('',(-15.825,3.125,0.));
#2323 = DIRECTION('',(0.,-1.,0.));
#2324 = DIRECTION('',(-1.,0.,0.));
#2325 = DEFINITIONAL_REPRESENTATION('',(#2326),#2329);
#2326 = B_SPLINE_CURVE_WITH_KNOTS('',1,(#2327,#2328),.UNSPECIFIED.,.F.,
  .F.,(2,2),(-9.0625,29.6875),.PIECEWISE_BEZIER_KNOTS.);
#2327 = CARTESIAN_POINT('',(38.75,1.5));
#2328 = CARTESIAN_POINT('',(0.,1.5));
#2329 = ( GEOMETRIC_REPRESENTATION_CONTEXT(2) 
PARAMETRIC_REPRESENTATION_CONTEXT() REPRESENTATION_CONTEXT('2D SPACE',''
  ) );
#2330 = ORIENTED_EDGE('',*,*,#2331,.T.);
#2331 = EDGE_CURVE('',#2306,#2247,#2332,.T.);
#2332 = SURFACE_CURVE('',#2333,(#2338,#2349),.PCURVE_S1.);
#2333 = CIRCLE('',#2334,0.625);
#2334 = AXIS2_PLACEMENT_3D('',#2335,#2336,#2337);
#2335 = CARTESIAN_POINT('',(-54.575,3.75,-1.5));
#2336 = DIRECTION('',(0.,-0.,-1.));
#2337 = DIRECTION('',(0.,-1.,0.));
#2338 = PCURVE('',#44,#2339);
#2339 = DEFINITIONAL_REPRESENTATION('',(#2340),#2348);
#2340 = ( BOUNDED_CURVE() B_SPLINE_CURVE(2,(#2341,#2342,#2343,#2344,
#2345,#2346,#2347),.UNSPECIFIED.,.T.,.F.) B_SPLINE_CURVE_WITH_KNOTS((1,2
    ,2,2,2,1),(-2.094395102393,0.,2.094395102393,4.188790204786,
6.28318530718,8.377580409573),.UNSPECIFIED.) CURVE() 
GEOMETRIC_REPRESENTATION_ITEM() RATIONAL_B_SPLINE_CURVE((1.,0.5,1.,0.5,
1.,0.5,1.)) REPRESENTATION_ITEM('') );
#2341 = CARTESIAN_POINT('',(20.625,18.125));
#2342 = CARTESIAN_POINT('',(19.542468245269,18.125));
#2343 = CARTESIAN_POINT('',(20.083734122635,19.0625));
#2344 = CARTESIAN_POINT('',(20.625,20.));
#2345 = CARTESIAN_POINT('',(21.166265877365,19.0625));
#2346 = CARTESIAN_POINT('',(21.707531754731,18.125));
#2347 = CARTESIAN_POINT('',(20.625,18.125));
#2348 = ( GEOMETRIC_REPRESENTATION_CONTEXT(2) 
PARAMETRIC_REPRESENTATION_CONTEXT() REPRESENTATION_CONTEXT('2D SPACE',''
  ) );
#2349 = PCURVE('',#2350,#2355);
#2350 = CYLINDRICAL_SURFACE('',#2351,0.625);
#2351 = AXIS2_PLACEMENT_3D('',#2352,#2353,#2354);
#2352 = CARTESIAN_POINT('',(-54.575,3.75,0.));
#2353 = DIRECTION('',(0.,-0.,-1.));
#2354 = DIRECTION('',(0.,-1.,0.));
#2355 = DEFINITIONAL_REPRESENTATION('',(#2356),#2360);
#2356 = LINE('',#2357,#2358);
#2357 = CARTESIAN_POINT('',(0.,1.5));
#2358 = VECTOR('',#2359,1.);
#2359 = DIRECTION('',(1.,0.));
#2360 = ( GEOMETRIC_REPRESENTATION_CONTEXT(2) 
PARAMETRIC_REPRESENTATION_CONTEXT() REPRESENTATION_CONTEXT('2D SPACE',''
  ) );
#2361 = FACE_BOUND('',#2362,.F.);
#2362 = EDGE_LOOP('',(#2363,#2391,#2424,#2450));
#2363 = ORIENTED_EDGE('',*,*,#2364,.F.);
#2364 = EDGE_CURVE('',#2365,#2367,#2369,.T.);
#2365 = VERTEX_POINT('',#2366);
#2366 = CARTESIAN_POINT('',(-15.825,8.125,-1.5));
#2367 = VERTEX_POINT('',#2368);
#2368 = CARTESIAN_POINT('',(-54.575,8.125,-1.5));
#2369 = SURFACE_CURVE('',#2370,(#2374,#2380),.PCURVE_S1.);
#2370 = LINE('',#2371,#2372);
#2371 = CARTESIAN_POINT('',(-64.8875,8.125,-1.5));
#2372 = VECTOR('',#2373,1.);
#2373 = DIRECTION('',(-1.,0.,0.));
#2374 = PCURVE('',#44,#2375);
#2375 = DEFINITIONAL_REPRESENTATION('',(#2376),#2379);
#2376 = B_SPLINE_CURVE_WITH_KNOTS('',1,(#2377,#2378),.UNSPECIFIED.,.F.,
  .F.,(2,2),(-49.0625,-10.3125),.PIECEWISE_BEZIER_KNOTS.);
#2377 = CARTESIAN_POINT('',(59.375,23.125));
#2378 = CARTESIAN_POINT('',(20.625,23.125));
#2379 = ( GEOMETRIC_REPRESENTATION_CONTEXT(2) 
PARAMETRIC_REPRESENTATION_CONTEXT() REPRESENTATION_CONTEXT('2D SPACE',''
  ) );
#2380 = PCURVE('',#2381,#2386);
#2381 = PLANE('',#2382);
#2382 = AXIS2_PLACEMENT_3D('',#2383,#2384,#2385);
#2383 = CARTESIAN_POINT('',(-54.575,8.125,0.));
#2384 = DIRECTION('',(0.,1.,0.));
#2385 = DIRECTION('',(1.,0.,0.));
#2386 = DEFINITIONAL_REPRESENTATION('',(#2387),#2390);
#2387 = B_SPLINE_CURVE_WITH_KNOTS('',1,(#2388,#2389),.UNSPECIFIED.,.F.,
  .F.,(2,2),(-49.0625,-10.3125),.PIECEWISE_BEZIER_KNOTS.);
#2388 = CARTESIAN_POINT('',(38.75,1.5));
#2389 = CARTESIAN_POINT('',(0.,1.5));
#2390 = ( GEOMETRIC_REPRESENTATION_CONTEXT(2) 
PARAMETRIC_REPRESENTATION_CONTEXT() REPRESENTATION_CONTEXT('2D SPACE',''
  ) );
#2391 = ORIENTED_EDGE('',*,*,#2392,.T.);
#2392 = EDGE_CURVE('',#2365,#2393,#2395,.T.);
#2393 = VERTEX_POINT('',#2394);
#2394 = CARTESIAN_POINT('',(-15.825,6.875,-1.5));
#2395 = SURFACE_CURVE('',#2396,(#2401,#2412),.PCURVE_S1.);
#2396 = CIRCLE('',#2397,0.625);
#2397 = AXIS2_PLACEMENT_3D('',#2398,#2399,#2400);
#2398 = CARTESIAN_POINT('',(-15.825,7.5,-1.5));
#2399 = DIRECTION('',(0.,0.,-1.));
#2400 = DIRECTION('',(0.,1.,0.));
#2401 = PCURVE('',#44,#2402);
#2402 = DEFINITIONAL_REPRESENTATION('',(#2403),#2411);
#2403 = ( BOUNDED_CURVE() B_SPLINE_CURVE(2,(#2404,#2405,#2406,#2407,
#2408,#2409,#2410),.UNSPECIFIED.,.T.,.F.) B_SPLINE_CURVE_WITH_KNOTS((1,2
    ,2,2,2,1),(-2.094395102393,0.,2.094395102393,4.188790204786,
6.28318530718,8.377580409573),.UNSPECIFIED.) CURVE() 
GEOMETRIC_REPRESENTATION_ITEM() RATIONAL_B_SPLINE_CURVE((1.,0.5,1.,0.5,
1.,0.5,1.)) REPRESENTATION_ITEM('') );
#2404 = CARTESIAN_POINT('',(59.375,23.125));
#2405 = CARTESIAN_POINT('',(60.457531754731,23.125));
#2406 = CARTESIAN_POINT('',(59.916265877365,22.1875));
#2407 = CARTESIAN_POINT('',(59.375,21.25));
#2408 = CARTESIAN_POINT('',(58.833734122635,22.1875));
#2409 = CARTESIAN_POINT('',(58.292468245269,23.125));
#2410 = CARTESIAN_POINT('',(59.375,23.125));
#2411 = ( GEOMETRIC_REPRESENTATION_CONTEXT(2) 
PARAMETRIC_REPRESENTATION_CONTEXT() REPRESENTATION_CONTEXT('2D SPACE',''
  ) );
#2412 = PCURVE('',#2413,#2418);
#2413 = CYLINDRICAL_SURFACE('',#2414,0.625);
#2414 = AXIS2_PLACEMENT_3D('',#2415,#2416,#2417);
#2415 = CARTESIAN_POINT('',(-15.825,7.5,0.));
#2416 = DIRECTION('',(0.,0.,-1.));
#2417 = DIRECTION('',(0.,1.,0.));
#2418 = DEFINITIONAL_REPRESENTATION('',(#2419),#2423);
#2419 = LINE('',#2420,#2421);
#2420 = CARTESIAN_POINT('',(0.,1.5));
#2421 = VECTOR('',#2422,1.);
#2422 = DIRECTION('',(1.,0.));
#2423 = ( GEOMETRIC_REPRESENTATION_CONTEXT(2) 
PARAMETRIC_REPRESENTATION_CONTEXT() REPRESENTATION_CONTEXT('2D SPACE',''
  ) );
#2424 = ORIENTED_EDGE('',*,*,#2425,.F.);
#2425 = EDGE_CURVE('',#2426,#2393,#2428,.T.);
#2426 = VERTEX_POINT('',#2427);
#2427 = CARTESIAN_POINT('',(-54.575,6.875,-1.5));
#2428 = SURFACE_CURVE('',#2429,(#2433,#2439),.PCURVE_S1.);
#2429 = LINE('',#2430,#2431);
#2430 = CARTESIAN_POINT('',(-45.5125,6.875,-1.5));
#2431 = VECTOR('',#2432,1.);
#2432 = DIRECTION('',(1.,0.,-0.));
#2433 = PCURVE('',#44,#2434);
#2434 = DEFINITIONAL_REPRESENTATION('',(#2435),#2438);
#2435 = B_SPLINE_CURVE_WITH_KNOTS('',1,(#2436,#2437),.UNSPECIFIED.,.F.,
  .F.,(2,2),(-9.0625,29.6875),.PIECEWISE_BEZIER_KNOTS.);
#2436 = CARTESIAN_POINT('',(20.625,21.875));
#2437 = CARTESIAN_POINT('',(59.375,21.875));
#2438 = ( GEOMETRIC_REPRESENTATION_CONTEXT(2) 
PARAMETRIC_REPRESENTATION_CONTEXT() REPRESENTATION_CONTEXT('2D SPACE',''
  ) );
#2439 = PCURVE('',#2440,#2445);
#2440 = PLANE('',#2441);
#2441 = AXIS2_PLACEMENT_3D('',#2442,#2443,#2444);
#2442 = CARTESIAN_POINT('',(-15.825,6.875,0.));
#2443 = DIRECTION('',(0.,-1.,0.));
#2444 = DIRECTION('',(-1.,0.,0.));
#2445 = DEFINITIONAL_REPRESENTATION('',(#2446),#2449);
#2446 = B_SPLINE_CURVE_WITH_KNOTS('',1,(#2447,#2448),.UNSPECIFIED.,.F.,
  .F.,(2,2),(-9.0625,29.6875),.PIECEWISE_BEZIER_KNOTS.);
#2447 = CARTESIAN_POINT('',(38.75,1.5));
#2448 = CARTESIAN_POINT('',(0.,1.5));
#2449 = ( GEOMETRIC_REPRESENTATION_CONTEXT(2) 
PARAMETRIC_REPRESENTATION_CONTEXT() REPRESENTATION_CONTEXT('2D SPACE',''
  ) );
#2450 = ORIENTED_EDGE('',*,*,#2451,.T.);
#2451 = EDGE_CURVE('',#2426,#2367,#2452,.T.);
#2452 = SURFACE_CURVE('',#2453,(#2458,#2469),.PCURVE_S1.);
#2453 = CIRCLE('',#2454,0.625);
#2454 = AXIS2_PLACEMENT_3D('',#2455,#2456,#2457);
#2455 = CARTESIAN_POINT('',(-54.575,7.5,-1.5));
#2456 = DIRECTION('',(0.,-0.,-1.));
#2457 = DIRECTION('',(0.,-1.,0.));
#2458 = PCURVE('',#44,#2459);
#2459 = DEFINITIONAL_REPRESENTATION('',(#2460),#2468);
#2460 = ( BOUNDED_CURVE() B_SPLINE_CURVE(2,(#2461,#2462,#2463,#2464,
#2465,#2466,#2467),.UNSPECIFIED.,.T.,.F.) B_SPLINE_CURVE_WITH_KNOTS((1,2
    ,2,2,2,1),(-2.094395102393,0.,2.094395102393,4.188790204786,
6.28318530718,8.377580409573),.UNSPECIFIED.) CURVE() 
GEOMETRIC_REPRESENTATION_ITEM() RATIONAL_B_SPLINE_CURVE((1.,0.5,1.,0.5,
1.,0.5,1.)) REPRESENTATION_ITEM('') );
#2461 = CARTESIAN_POINT('',(20.625,21.875));
#2462 = CARTESIAN_POINT('',(19.542468245269,21.875));
#2463 = CARTESIAN_POINT('',(20.083734122635,22.8125));
#2464 = CARTESIAN_POINT('',(20.625,23.75));
#2465 = CARTESIAN_POINT('',(21.166265877365,22.8125));
#2466 = CARTESIAN_POINT('',(21.707531754731,21.875));
#2467 = CARTESIAN_POINT('',(20.625,21.875));
#2468 = ( GEOMETRIC_REPRESENTATION_CONTEXT(2) 
PARAMETRIC_REPRESENTATION_CONTEXT() REPRESENTATION_CONTEXT('2D SPACE',''
  ) );
#2469 = PCURVE('',#2470,#2475);
#2470 = CYLINDRICAL_SURFACE('',#2471,0.625);
#2471 = AXIS2_PLACEMENT_3D('',#2472,#2473,#2474);
#2472 = CARTESIAN_POINT('',(-54.575,7.5,0.));
#2473 = DIRECTION('',(0.,-0.,-1.));
#2474 = DIRECTION('',(0.,-1.,0.));
#2475 = DEFINITIONAL_REPRESENTATION('',(#2476),#2480);
#2476 = LINE('',#2477,#2478);
#2477 = CARTESIAN_POINT('',(0.,1.5));
#2478 = VECTOR('',#2479,1.);
#2479 = DIRECTION('',(1.,0.));
#2480 = ( GEOMETRIC_REPRESENTATION_CONTEXT(2) 
PARAMETRIC_REPRESENTATION_CONTEXT() REPRESENTATION_CONTEXT('2D SPACE',''
  ) );
#2481 = FACE_BOUND('',#2482,.F.);
#2482 = EDGE_LOOP('',(#2483,#2511,#2544,#2570));
#2483 = ORIENTED_EDGE('',*,*,#2484,.F.);
#2484 = EDGE_CURVE('',#2485,#2487,#2489,.T.);
#2485 = VERTEX_POINT('',#2486);
#2486 = CARTESIAN_POINT('',(-15.825,11.875,-1.5));
#2487 = VERTEX_POINT('',#2488);
#2488 = CARTESIAN_POINT('',(-54.575,11.875,-1.5));
#2489 = SURFACE_CURVE('',#2490,(#2494,#2500),.PCURVE_S1.);
#2490 = LINE('',#2491,#2492);
#2491 = CARTESIAN_POINT('',(-64.8875,11.875,-1.5));
#2492 = VECTOR('',#2493,1.);
#2493 = DIRECTION('',(-1.,0.,0.));
#2494 = PCURVE('',#44,#2495);
#2495 = DEFINITIONAL_REPRESENTATION('',(#2496),#2499);
#2496 = B_SPLINE_CURVE_WITH_KNOTS('',1,(#2497,#2498),.UNSPECIFIED.,.F.,
  .F.,(2,2),(-49.0625,-10.3125),.PIECEWISE_BEZIER_KNOTS.);
#2497 = CARTESIAN_POINT('',(59.375,26.875));
#2498 = CARTESIAN_POINT('',(20.625,26.875));
#2499 = ( GEOMETRIC_REPRESENTATION_CONTEXT(2) 
PARAMETRIC_REPRESENTATION_CONTEXT() REPRESENTATION_CONTEXT('2D SPACE',''
  ) );
#2500 = PCURVE('',#2501,#2506);
#2501 = PLANE('',#2502);
#2502 = AXIS2_PLACEMENT_3D('',#2503,#2504,#2505);
#2503 = CARTESIAN_POINT('',(-54.575,11.875,0.));
#2504 = DIRECTION('',(0.,1.,0.));
#2505 = DIRECTION('',(1.,0.,0.));
#2506 = DEFINITIONAL_REPRESENTATION('',(#2507),#2510);
#2507 = B_SPLINE_CURVE_WITH_KNOTS('',1,(#2508,#2509),.UNSPECIFIED.,.F.,
  .F.,(2,2),(-49.0625,-10.3125),.PIECEWISE_BEZIER_KNOTS.);
#2508 = CARTESIAN_POINT('',(38.75,1.5));
#2509 = CARTESIAN_POINT('',(0.,1.5));
#2510 = ( GEOMETRIC_REPRESENTATION_CONTEXT(2) 
PARAMETRIC_REPRESENTATION_CONTEXT() REPRESENTATION_CONTEXT('2D SPACE',''
  ) );
#2511 = ORIENTED_EDGE('',*,*,#2512,.T.);
#2512 = EDGE_CURVE('',#2485,#2513,#2515,.T.);
#2513 = VERTEX_POINT('',#2514);
#2514 = CARTESIAN_POINT('',(-15.825,10.625,-1.5));
#2515 = SURFACE_CURVE('',#2516,(#2521,#2532),.PCURVE_S1.);
#2516 = CIRCLE('',#2517,0.625);
#2517 = AXIS2_PLACEMENT_3D('',#2518,#2519,#2520);
#2518 = CARTESIAN_POINT('',(-15.825,11.25,-1.5));
#2519 = DIRECTION('',(0.,0.,-1.));
#2520 = DIRECTION('',(0.,1.,0.));
#2521 = PCURVE('',#44,#2522);
#2522 = DEFINITIONAL_REPRESENTATION('',(#2523),#2531);
#2523 = ( BOUNDED_CURVE() B_SPLINE_CURVE(2,(#2524,#2525,#2526,#2527,
#2528,#2529,#2530),.UNSPECIFIED.,.T.,.F.) B_SPLINE_CURVE_WITH_KNOTS((1,2
    ,2,2,2,1),(-2.094395102393,0.,2.094395102393,4.188790204786,
6.28318530718,8.377580409573),.UNSPECIFIED.) CURVE() 
GEOMETRIC_REPRESENTATION_ITEM() RATIONAL_B_SPLINE_CURVE((1.,0.5,1.,0.5,
1.,0.5,1.)) REPRESENTATION_ITEM('') );
#2524 = CARTESIAN_POINT('',(59.375,26.875));
#2525 = CARTESIAN_POINT('',(60.457531754731,26.875));
#2526 = CARTESIAN_POINT('',(59.916265877365,25.9375));
#2527 = CARTESIAN_POINT('',(59.375,25.));
#2528 = CARTESIAN_POINT('',(58.833734122635,25.9375));
#2529 = CARTESIAN_POINT('',(58.292468245269,26.875));
#2530 = CARTESIAN_POINT('',(59.375,26.875));
#2531 = ( GEOMETRIC_REPRESENTATION_CONTEXT(2) 
PARAMETRIC_REPRESENTATION_CONTEXT() REPRESENTATION_CONTEXT('2D SPACE',''
  ) );
#2532 = PCURVE('',#2533,#2538);
#2533 = CYLINDRICAL_SURFACE('',#2534,0.625);
#2534 = AXIS2_PLACEMENT_3D('',#2535,#2536,#2537);
#2535 = CARTESIAN_POINT('',(-15.825,11.25,0.));
#2536 = DIRECTION('',(0.,0.,-1.));
#2537 = DIRECTION('',(0.,1.,0.));
#2538 = DEFINITIONAL_REPRESENTATION('',(#2539),#2543);
#2539 = LINE('',#2540,#2541);
#2540 = CARTESIAN_POINT('',(0.,1.5));
#2541 = VECTOR('',#2542,1.);
#2542 = DIRECTION('',(1.,0.));
#2543 = ( GEOMETRIC_REPRESENTATION_CONTEXT(2) 
PARAMETRIC_REPRESENTATION_CONTEXT() REPRESENTATION_CONTEXT('2D SPACE',''
  ) );
#2544 = ORIENTED_EDGE('',*,*,#2545,.F.);
#2545 = EDGE_CURVE('',#2546,#2513,#2548,.T.);
#2546 = VERTEX_POINT('',#2547);
#2547 = CARTESIAN_POINT('',(-54.575,10.625,-1.5));
#2548 = SURFACE_CURVE('',#2549,(#2553,#2559),.PCURVE_S1.);
#2549 = LINE('',#2550,#2551);
#2550 = CARTESIAN_POINT('',(-45.5125,10.625,-1.5));
#2551 = VECTOR('',#2552,1.);
#2552 = DIRECTION('',(1.,0.,-0.));
#2553 = PCURVE('',#44,#2554);
#2554 = DEFINITIONAL_REPRESENTATION('',(#2555),#2558);
#2555 = B_SPLINE_CURVE_WITH_KNOTS('',1,(#2556,#2557),.UNSPECIFIED.,.F.,
  .F.,(2,2),(-9.0625,29.6875),.PIECEWISE_BEZIER_KNOTS.);
#2556 = CARTESIAN_POINT('',(20.625,25.625));
#2557 = CARTESIAN_POINT('',(59.375,25.625));
#2558 = ( GEOMETRIC_REPRESENTATION_CONTEXT(2) 
PARAMETRIC_REPRESENTATION_CONTEXT() REPRESENTATION_CONTEXT('2D SPACE',''
  ) );
#2559 = PCURVE('',#2560,#2565);
#2560 = PLANE('',#2561);
#2561 = AXIS2_PLACEMENT_3D('',#2562,#2563,#2564);
#2562 = CARTESIAN_POINT('',(-15.825,10.625,0.));
#2563 = DIRECTION('',(0.,-1.,0.));
#2564 = DIRECTION('',(-1.,0.,0.));
#2565 = DEFINITIONAL_REPRESENTATION('',(#2566),#2569);
#2566 = B_SPLINE_CURVE_WITH_KNOTS('',1,(#2567,#2568),.UNSPECIFIED.,.F.,
  .F.,(2,2),(-9.0625,29.6875),.PIECEWISE_BEZIER_KNOTS.);
#2567 = CARTESIAN_POINT('',(38.75,1.5));
#2568 = CARTESIAN_POINT('',(0.,1.5));
#2569 = ( GEOMETRIC_REPRESENTATION_CONTEXT(2) 
PARAMETRIC_REPRESENTATION_CONTEXT() REPRESENTATION_CONTEXT('2D SPACE',''
  ) );
#2570 = ORIENTED_EDGE('',*,*,#2571,.T.);
#2571 = EDGE_CURVE('',#2546,#2487,#2572,.T.);
#2572 = SURFACE_CURVE('',#2573,(#2578,#2589),.PCURVE_S1.);
#2573 = CIRCLE('',#2574,0.625);
#2574 = AXIS2_PLACEMENT_3D('',#2575,#2576,#2577);
#2575 = CARTESIAN_POINT('',(-54.575,11.25,-1.5));
#2576 = DIRECTION('',(0.,-0.,-1.));
#2577 = DIRECTION('',(0.,-1.,0.));
#2578 = PCURVE('',#44,#2579);
#2579 = DEFINITIONAL_REPRESENTATION('',(#2580),#2588);
#2580 = ( BOUNDED_CURVE() B_SPLINE_CURVE(2,(#2581,#2582,#2583,#2584,
#2585,#2586,#2587),.UNSPECIFIED.,.T.,.F.) B_SPLINE_CURVE_WITH_KNOTS((1,2
    ,2,2,2,1),(-2.094395102393,0.,2.094395102393,4.188790204786,
6.28318530718,8.377580409573),.UNSPECIFIED.) CURVE() 
GEOMETRIC_REPRESENTATION_ITEM() RATIONAL_B_SPLINE_CURVE((1.,0.5,1.,0.5,
1.,0.5,1.)) REPRESENTATION_ITEM('') );
#2581 = CARTESIAN_POINT('',(20.625,25.625));
#2582 = CARTESIAN_POINT('',(19.542468245269,25.625));
#2583 = CARTESIAN_POINT('',(20.083734122635,26.5625));
#2584 = CARTESIAN_POINT('',(20.625,27.5));
#2585 = CARTESIAN_POINT('',(21.166265877365,26.5625));
#2586 = CARTESIAN_POINT('',(21.707531754731,25.625));
#2587 = CARTESIAN_POINT('',(20.625,25.625));
#2588 = ( GEOMETRIC_REPRESENTATION_CONTEXT(2) 
PARAMETRIC_REPRESENTATION_CONTEXT() REPRESENTATION_CONTEXT('2D SPACE',''
  ) );
#2589 = PCURVE('',#2590,#2595);
#2590 = CYLINDRICAL_SURFACE('',#2591,0.625);
#2591 = AXIS2_PLACEMENT_3D('',#2592,#2593,#2594);
#2592 = CARTESIAN_POINT('',(-54.575,11.25,0.));
#2593 = DIRECTION('',(0.,-0.,-1.));
#2594 = DIRECTION('',(0.,-1.,0.));
#2595 = DEFINITIONAL_REPRESENTATION('',(#2596),#2600);
#2596 = LINE('',#2597,#2598);
#2597 = CARTESIAN_POINT('',(0.,1.5));
#2598 = VECTOR('',#2599,1.);
#2599 = DIRECTION('',(1.,0.));
#2600 = ( GEOMETRIC_REPRESENTATION_CONTEXT(2) 
PARAMETRIC_REPRESENTATION_CONTEXT() REPRESENTATION_CONTEXT('2D SPACE',''
  ) );
#2601 = FACE_BOUND('',#2602,.F.);
#2602 = EDGE_LOOP('',(#2603,#2631,#2664,#2690));
#2603 = ORIENTED_EDGE('',*,*,#2604,.F.);
#2604 = EDGE_CURVE('',#2605,#2607,#2609,.T.);
#2605 = VERTEX_POINT('',#2606);
#2606 = CARTESIAN_POINT('',(-11.875,54.575,-1.5));
#2607 = VERTEX_POINT('',#2608);
#2608 = CARTESIAN_POINT('',(-11.875,15.825,-1.5));
#2609 = SURFACE_CURVE('',#2610,(#2614,#2620),.PCURVE_S1.);
#2610 = LINE('',#2611,#2612);
#2611 = CARTESIAN_POINT('',(-11.875,0.4125,-1.5));
#2612 = VECTOR('',#2613,1.);
#2613 = DIRECTION('',(-1.110223024625E-16,-1.,0.));
#2614 = PCURVE('',#44,#2615);
#2615 = DEFINITIONAL_REPRESENTATION('',(#2616),#2619);
#2616 = B_SPLINE_CURVE_WITH_KNOTS('',1,(#2617,#2618),.UNSPECIFIED.,.F.,
  .F.,(2,2),(-54.1625,-15.4125),.PIECEWISE_BEZIER_KNOTS.);
#2617 = CARTESIAN_POINT('',(63.325,69.575));
#2618 = CARTESIAN_POINT('',(63.325,30.825));
#2619 = ( GEOMETRIC_REPRESENTATION_CONTEXT(2) 
PARAMETRIC_REPRESENTATION_CONTEXT() REPRESENTATION_CONTEXT('2D SPACE',''
  ) );
#2620 = PCURVE('',#2621,#2626);
#2621 = PLANE('',#2622);
#2622 = AXIS2_PLACEMENT_3D('',#2623,#2624,#2625);
#2623 = CARTESIAN_POINT('',(-11.875,15.825,0.));
#2624 = DIRECTION('',(-1.,1.110223024625E-16,0.));
#2625 = DIRECTION('',(1.110223024625E-16,1.,0.));
#2626 = DEFINITIONAL_REPRESENTATION('',(#2627),#2630);
#2627 = B_SPLINE_CURVE_WITH_KNOTS('',1,(#2628,#2629),.UNSPECIFIED.,.F.,
  .F.,(2,2),(-54.1625,-15.4125),.PIECEWISE_BEZIER_KNOTS.);
#2628 = CARTESIAN_POINT('',(38.75,1.5));
#2629 = CARTESIAN_POINT('',(0.,1.5));
#2630 = ( GEOMETRIC_REPRESENTATION_CONTEXT(2) 
PARAMETRIC_REPRESENTATION_CONTEXT() REPRESENTATION_CONTEXT('2D SPACE',''
  ) );
#2631 = ORIENTED_EDGE('',*,*,#2632,.T.);
#2632 = EDGE_CURVE('',#2605,#2633,#2635,.T.);
#2633 = VERTEX_POINT('',#2634);
#2634 = CARTESIAN_POINT('',(-10.625,54.575,-1.5));
#2635 = SURFACE_CURVE('',#2636,(#2641,#2652),.PCURVE_S1.);
#2636 = CIRCLE('',#2637,0.625);
#2637 = AXIS2_PLACEMENT_3D('',#2638,#2639,#2640);
#2638 = CARTESIAN_POINT('',(-11.25,54.575,-1.5));
#2639 = DIRECTION('',(0.,0.,-1.));
#2640 = DIRECTION('',(-1.,1.110223024625E-16,0.));
#2641 = PCURVE('',#44,#2642);
#2642 = DEFINITIONAL_REPRESENTATION('',(#2643),#2651);
#2643 = ( BOUNDED_CURVE() B_SPLINE_CURVE(2,(#2644,#2645,#2646,#2647,
#2648,#2649,#2650),.UNSPECIFIED.,.T.,.F.) B_SPLINE_CURVE_WITH_KNOTS((1,2
    ,2,2,2,1),(-2.094395102393,0.,2.094395102393,4.188790204786,
6.28318530718,8.377580409573),.UNSPECIFIED.) CURVE() 
GEOMETRIC_REPRESENTATION_ITEM() RATIONAL_B_SPLINE_CURVE((1.,0.5,1.,0.5,
1.,0.5,1.)) REPRESENTATION_ITEM('') );
#2644 = CARTESIAN_POINT('',(63.325,69.575));
#2645 = CARTESIAN_POINT('',(63.325,70.657531754731));
#2646 = CARTESIAN_POINT('',(64.2625,70.116265877365));
#2647 = CARTESIAN_POINT('',(65.2,69.575));
#2648 = CARTESIAN_POINT('',(64.2625,69.033734122635));
#2649 = CARTESIAN_POINT('',(63.325,68.492468245269));
#2650 = CARTESIAN_POINT('',(63.325,69.575));
#2651 = ( GEOMETRIC_REPRESENTATION_CONTEXT(2) 
PARAMETRIC_REPRESENTATION_CONTEXT() REPRESENTATION_CONTEXT('2D SPACE',''
  ) );
#2652 = PCURVE('',#2653,#2658);
#2653 = CYLINDRICAL_SURFACE('',#2654,0.625);
#2654 = AXIS2_PLACEMENT_3D('',#2655,#2656,#2657);
#2655 = CARTESIAN_POINT('',(-11.25,54.575,0.));
#2656 = DIRECTION('',(0.,0.,-1.));
#2657 = DIRECTION('',(-1.,1.110223024625E-16,0.));
#2658 = DEFINITIONAL_REPRESENTATION('',(#2659),#2663);
#2659 = LINE('',#2660,#2661);
#2660 = CARTESIAN_POINT('',(0.,1.5));
#2661 = VECTOR('',#2662,1.);
#2662 = DIRECTION('',(1.,0.));
#2663 = ( GEOMETRIC_REPRESENTATION_CONTEXT(2) 
PARAMETRIC_REPRESENTATION_CONTEXT() REPRESENTATION_CONTEXT('2D SPACE',''
  ) );
#2664 = ORIENTED_EDGE('',*,*,#2665,.F.);
#2665 = EDGE_CURVE('',#2666,#2633,#2668,.T.);
#2666 = VERTEX_POINT('',#2667);
#2667 = CARTESIAN_POINT('',(-10.625,15.825,-1.5));
#2668 = SURFACE_CURVE('',#2669,(#2673,#2679),.PCURVE_S1.);
#2669 = LINE('',#2670,#2671);
#2670 = CARTESIAN_POINT('',(-10.625,19.7875,-1.5));
#2671 = VECTOR('',#2672,1.);
#2672 = DIRECTION('',(1.110223024625E-16,1.,-0.));
#2673 = PCURVE('',#44,#2674);
#2674 = DEFINITIONAL_REPRESENTATION('',(#2675),#2678);
#2675 = B_SPLINE_CURVE_WITH_KNOTS('',1,(#2676,#2677),.UNSPECIFIED.,.F.,
  .F.,(2,2),(-3.9625,34.7875),.PIECEWISE_BEZIER_KNOTS.);
#2676 = CARTESIAN_POINT('',(64.575,30.825));
#2677 = CARTESIAN_POINT('',(64.575,69.575));
#2678 = ( GEOMETRIC_REPRESENTATION_CONTEXT(2) 
PARAMETRIC_REPRESENTATION_CONTEXT() REPRESENTATION_CONTEXT('2D SPACE',''
  ) );
#2679 = PCURVE('',#2680,#2685);
#2680 = PLANE('',#2681);
#2681 = AXIS2_PLACEMENT_3D('',#2682,#2683,#2684);
#2682 = CARTESIAN_POINT('',(-10.625,54.575,0.));
#2683 = DIRECTION('',(1.,-1.110223024625E-16,0.));
#2684 = DIRECTION('',(-1.110223024625E-16,-1.,0.));
#2685 = DEFINITIONAL_REPRESENTATION('',(#2686),#2689);
#2686 = B_SPLINE_CURVE_WITH_KNOTS('',1,(#2687,#2688),.UNSPECIFIED.,.F.,
  .F.,(2,2),(-3.9625,34.7875),.PIECEWISE_BEZIER_KNOTS.);
#2687 = CARTESIAN_POINT('',(38.75,1.5));
#2688 = CARTESIAN_POINT('',(0.,1.5));
#2689 = ( GEOMETRIC_REPRESENTATION_CONTEXT(2) 
PARAMETRIC_REPRESENTATION_CONTEXT() REPRESENTATION_CONTEXT('2D SPACE',''
  ) );
#2690 = ORIENTED_EDGE('',*,*,#2691,.T.);
#2691 = EDGE_CURVE('',#2666,#2607,#2692,.T.);
#2692 = SURFACE_CURVE('',#2693,(#2698,#2709),.PCURVE_S1.);
#2693 = CIRCLE('',#2694,0.625);
#2694 = AXIS2_PLACEMENT_3D('',#2695,#2696,#2697);
#2695 = CARTESIAN_POINT('',(-11.25,15.825,-1.5));
#2696 = DIRECTION('',(0.,-0.,-1.));
#2697 = DIRECTION('',(1.,-1.110223024625E-16,0.));
#2698 = PCURVE('',#44,#2699);
#2699 = DEFINITIONAL_REPRESENTATION('',(#2700),#2708);
#2700 = ( BOUNDED_CURVE() B_SPLINE_CURVE(2,(#2701,#2702,#2703,#2704,
#2705,#2706,#2707),.UNSPECIFIED.,.T.,.F.) B_SPLINE_CURVE_WITH_KNOTS((1,2
    ,2,2,2,1),(-2.094395102393,0.,2.094395102393,4.188790204786,
6.28318530718,8.377580409573),.UNSPECIFIED.) CURVE() 
GEOMETRIC_REPRESENTATION_ITEM() RATIONAL_B_SPLINE_CURVE((1.,0.5,1.,0.5,
1.,0.5,1.)) REPRESENTATION_ITEM('') );
#2701 = CARTESIAN_POINT('',(64.575,30.825));
#2702 = CARTESIAN_POINT('',(64.575,29.742468245269));
#2703 = CARTESIAN_POINT('',(63.6375,30.283734122635));
#2704 = CARTESIAN_POINT('',(62.7,30.825));
#2705 = CARTESIAN_POINT('',(63.6375,31.366265877365));
#2706 = CARTESIAN_POINT('',(64.575,31.907531754731));
#2707 = CARTESIAN_POINT('',(64.575,30.825));
#2708 = ( GEOMETRIC_REPRESENTATION_CONTEXT(2) 
PARAMETRIC_REPRESENTATION_CONTEXT() REPRESENTATION_CONTEXT('2D SPACE',''
  ) );
#2709 = PCURVE('',#2710,#2715);
#2710 = CYLINDRICAL_SURFACE('',#2711,0.625);
#2711 = AXIS2_PLACEMENT_3D('',#2712,#2713,#2714);
#2712 = CARTESIAN_POINT('',(-11.25,15.825,0.));
#2713 = DIRECTION('',(0.,-0.,-1.));
#2714 = DIRECTION('',(1.,-1.110223024625E-16,0.));
#2715 = DEFINITIONAL_REPRESENTATION('',(#2716),#2720);
#2716 = LINE('',#2717,#2718);
#2717 = CARTESIAN_POINT('',(0.,1.5));
#2718 = VECTOR('',#2719,1.);
#2719 = DIRECTION('',(1.,0.));
#2720 = ( GEOMETRIC_REPRESENTATION_CONTEXT(2) 
PARAMETRIC_REPRESENTATION_CONTEXT() REPRESENTATION_CONTEXT('2D SPACE',''
  ) );
#2721 = FACE_BOUND('',#2722,.F.);
#2722 = EDGE_LOOP('',(#2723,#2751,#2784,#2810));
#2723 = ORIENTED_EDGE('',*,*,#2724,.F.);
#2724 = EDGE_CURVE('',#2725,#2727,#2729,.T.);
#2725 = VERTEX_POINT('',#2726);
#2726 = CARTESIAN_POINT('',(-8.125,54.575,-1.5));
#2727 = VERTEX_POINT('',#2728);
#2728 = CARTESIAN_POINT('',(-8.125,15.825,-1.5));
#2729 = SURFACE_CURVE('',#2730,(#2734,#2740),.PCURVE_S1.);
#2730 = LINE('',#2731,#2732);
#2731 = CARTESIAN_POINT('',(-8.125,0.4125,-1.5));
#2732 = VECTOR('',#2733,1.);
#2733 = DIRECTION('',(-1.110223024625E-16,-1.,0.));
#2734 = PCURVE('',#44,#2735);
#2735 = DEFINITIONAL_REPRESENTATION('',(#2736),#2739);
#2736 = B_SPLINE_CURVE_WITH_KNOTS('',1,(#2737,#2738),.UNSPECIFIED.,.F.,
  .F.,(2,2),(-54.1625,-15.4125),.PIECEWISE_BEZIER_KNOTS.);
#2737 = CARTESIAN_POINT('',(67.075,69.575));
#2738 = CARTESIAN_POINT('',(67.075,30.825));
#2739 = ( GEOMETRIC_REPRESENTATION_CONTEXT(2) 
PARAMETRIC_REPRESENTATION_CONTEXT() REPRESENTATION_CONTEXT('2D SPACE',''
  ) );
#2740 = PCURVE('',#2741,#2746);
#2741 = PLANE('',#2742);
#2742 = AXIS2_PLACEMENT_3D('',#2743,#2744,#2745);
#2743 = CARTESIAN_POINT('',(-8.125,15.825,0.));
#2744 = DIRECTION('',(-1.,1.110223024625E-16,0.));
#2745 = DIRECTION('',(1.110223024625E-16,1.,0.));
#2746 = DEFINITIONAL_REPRESENTATION('',(#2747),#2750);
#2747 = B_SPLINE_CURVE_WITH_KNOTS('',1,(#2748,#2749),.UNSPECIFIED.,.F.,
  .F.,(2,2),(-54.1625,-15.4125),.PIECEWISE_BEZIER_KNOTS.);
#2748 = CARTESIAN_POINT('',(38.75,1.5));
#2749 = CARTESIAN_POINT('',(0.,1.5));
#2750 = ( GEOMETRIC_REPRESENTATION_CONTEXT(2) 
PARAMETRIC_REPRESENTATION_CONTEXT() REPRESENTATION_CONTEXT('2D SPACE',''
  ) );
#2751 = ORIENTED_EDGE('',*,*,#2752,.T.);
#2752 = EDGE_CURVE('',#2725,#2753,#2755,.T.);
#2753 = VERTEX_POINT('',#2754);
#2754 = CARTESIAN_POINT('',(-6.875,54.575,-1.5));
#2755 = SURFACE_CURVE('',#2756,(#2761,#2772),.PCURVE_S1.);
#2756 = CIRCLE('',#2757,0.625);
#2757 = AXIS2_PLACEMENT_3D('',#2758,#2759,#2760);
#2758 = CARTESIAN_POINT('',(-7.5,54.575,-1.5));
#2759 = DIRECTION('',(0.,0.,-1.));
#2760 = DIRECTION('',(-1.,1.110223024625E-16,0.));
#2761 = PCURVE('',#44,#2762);
#2762 = DEFINITIONAL_REPRESENTATION('',(#2763),#2771);
#2763 = ( BOUNDED_CURVE() B_SPLINE_CURVE(2,(#2764,#2765,#2766,#2767,
#2768,#2769,#2770),.UNSPECIFIED.,.T.,.F.) B_SPLINE_CURVE_WITH_KNOTS((1,2
    ,2,2,2,1),(-2.094395102393,0.,2.094395102393,4.188790204786,
6.28318530718,8.377580409573),.UNSPECIFIED.) CURVE() 
GEOMETRIC_REPRESENTATION_ITEM() RATIONAL_B_SPLINE_CURVE((1.,0.5,1.,0.5,
1.,0.5,1.)) REPRESENTATION_ITEM('') );
#2764 = CARTESIAN_POINT('',(67.075,69.575));
#2765 = CARTESIAN_POINT('',(67.075,70.657531754731));
#2766 = CARTESIAN_POINT('',(68.0125,70.116265877365));
#2767 = CARTESIAN_POINT('',(68.95,69.575));
#2768 = CARTESIAN_POINT('',(68.0125,69.033734122635));
#2769 = CARTESIAN_POINT('',(67.075,68.492468245269));
#2770 = CARTESIAN_POINT('',(67.075,69.575));
#2771 = ( GEOMETRIC_REPRESENTATION_CONTEXT(2) 
PARAMETRIC_REPRESENTATION_CONTEXT() REPRESENTATION_CONTEXT('2D SPACE',''
  ) );
#2772 = PCURVE('',#2773,#2778);
#2773 = CYLINDRICAL_SURFACE('',#2774,0.625);
#2774 = AXIS2_PLACEMENT_3D('',#2775,#2776,#2777);
#2775 = CARTESIAN_POINT('',(-7.5,54.575,0.));
#2776 = DIRECTION('',(0.,0.,-1.));
#2777 = DIRECTION('',(-1.,1.110223024625E-16,0.));
#2778 = DEFINITIONAL_REPRESENTATION('',(#2779),#2783);
#2779 = LINE('',#2780,#2781);
#2780 = CARTESIAN_POINT('',(0.,1.5));
#2781 = VECTOR('',#2782,1.);
#2782 = DIRECTION('',(1.,0.));
#2783 = ( GEOMETRIC_REPRESENTATION_CONTEXT(2) 
PARAMETRIC_REPRESENTATION_CONTEXT() REPRESENTATION_CONTEXT('2D SPACE',''
  ) );
#2784 = ORIENTED_EDGE('',*,*,#2785,.F.);
#2785 = EDGE_CURVE('',#2786,#2753,#2788,.T.);
#2786 = VERTEX_POINT('',#2787);
#2787 = CARTESIAN_POINT('',(-6.875,15.825,-1.5));
#2788 = SURFACE_CURVE('',#2789,(#2793,#2799),.PCURVE_S1.);
#2789 = LINE('',#2790,#2791);
#2790 = CARTESIAN_POINT('',(-6.875,19.7875,-1.5));
#2791 = VECTOR('',#2792,1.);
#2792 = DIRECTION('',(1.110223024625E-16,1.,-0.));
#2793 = PCURVE('',#44,#2794);
#2794 = DEFINITIONAL_REPRESENTATION('',(#2795),#2798);
#2795 = B_SPLINE_CURVE_WITH_KNOTS('',1,(#2796,#2797),.UNSPECIFIED.,.F.,
  .F.,(2,2),(-3.9625,34.7875),.PIECEWISE_BEZIER_KNOTS.);
#2796 = CARTESIAN_POINT('',(68.325,30.825));
#2797 = CARTESIAN_POINT('',(68.325,69.575));
#2798 = ( GEOMETRIC_REPRESENTATION_CONTEXT(2) 
PARAMETRIC_REPRESENTATION_CONTEXT() REPRESENTATION_CONTEXT('2D SPACE',''
  ) );
#2799 = PCURVE('',#2800,#2805);
#2800 = PLANE('',#2801);
#2801 = AXIS2_PLACEMENT_3D('',#2802,#2803,#2804);
#2802 = CARTESIAN_POINT('',(-6.875,54.575,0.));
#2803 = DIRECTION('',(1.,-1.110223024625E-16,0.));
#2804 = DIRECTION('',(-1.110223024625E-16,-1.,0.));
#2805 = DEFINITIONAL_REPRESENTATION('',(#2806),#2809);
#2806 = B_SPLINE_CURVE_WITH_KNOTS('',1,(#2807,#2808),.UNSPECIFIED.,.F.,
  .F.,(2,2),(-3.9625,34.7875),.PIECEWISE_BEZIER_KNOTS.);
#2807 = CARTESIAN_POINT('',(38.75,1.5));
#2808 = CARTESIAN_POINT('',(0.,1.5));
#2809 = ( GEOMETRIC_REPRESENTATION_CONTEXT(2) 
PARAMETRIC_REPRESENTATION_CONTEXT() REPRESENTATION_CONTEXT('2D SPACE',''
  ) );
#2810 = ORIENTED_EDGE('',*,*,#2811,.T.);
#2811 = EDGE_CURVE('',#2786,#2727,#2812,.T.);
#2812 = SURFACE_CURVE('',#2813,(#2818,#2829),.PCURVE_S1.);
#2813 = CIRCLE('',#2814,0.625);
#2814 = AXIS2_PLACEMENT_3D('',#2815,#2816,#2817);
#2815 = CARTESIAN_POINT('',(-7.5,15.825,-1.5));
#2816 = DIRECTION('',(0.,-0.,-1.));
#2817 = DIRECTION('',(1.,-1.110223024625E-16,0.));
#2818 = PCURVE('',#44,#2819);
#2819 = DEFINITIONAL_REPRESENTATION('',(#2820),#2828);
#2820 = ( BOUNDED_CURVE() B_SPLINE_CURVE(2,(#2821,#2822,#2823,#2824,
#2825,#2826,#2827),.UNSPECIFIED.,.T.,.F.) B_SPLINE_CURVE_WITH_KNOTS((1,2
    ,2,2,2,1),(-2.094395102393,0.,2.094395102393,4.188790204786,
6.28318530718,8.377580409573),.UNSPECIFIED.) CURVE() 
GEOMETRIC_REPRESENTATION_ITEM() RATIONAL_B_SPLINE_CURVE((1.,0.5,1.,0.5,
1.,0.5,1.)) REPRESENTATION_ITEM('') );
#2821 = CARTESIAN_POINT('',(68.325,30.825));
#2822 = CARTESIAN_POINT('',(68.325,29.742468245269));
#2823 = CARTESIAN_POINT('',(67.3875,30.283734122635));
#2824 = CARTESIAN_POINT('',(66.45,30.825));
#2825 = CARTESIAN_POINT('',(67.3875,31.366265877365));
#2826 = CARTESIAN_POINT('',(68.325,31.907531754731));
#2827 = CARTESIAN_POINT('',(68.325,30.825));
#2828 = ( GEOMETRIC_REPRESENTATION_CONTEXT(2) 
PARAMETRIC_REPRESENTATION_CONTEXT() REPRESENTATION_CONTEXT('2D SPACE',''
  ) );
#2829 = PCURVE('',#2830,#2835);
#2830 = CYLINDRICAL_SURFACE('',#2831,0.625);
#2831 = AXIS2_PLACEMENT_3D('',#2832,#2833,#2834);
#2832 = CARTESIAN_POINT('',(-7.5,15.825,0.));
#2833 = DIRECTION('',(0.,-0.,-1.));
#2834 = DIRECTION('',(1.,-1.110223024625E-16,0.));
#2835 = DEFINITIONAL_REPRESENTATION('',(#2836),#2840);
#2836 = LINE('',#2837,#2838);
#2837 = CARTESIAN_POINT('',(0.,1.5));
#2838 = VECTOR('',#2839,1.);
#2839 = DIRECTION('',(1.,0.));
#2840 = ( GEOMETRIC_REPRESENTATION_CONTEXT(2) 
PARAMETRIC_REPRESENTATION_CONTEXT() REPRESENTATION_CONTEXT('2D SPACE',''
  ) );
#2841 = FACE_BOUND('',#2842,.F.);
#2842 = EDGE_LOOP('',(#2843,#2871,#2904,#2930));
#2843 = ORIENTED_EDGE('',*,*,#2844,.F.);
#2844 = EDGE_CURVE('',#2845,#2847,#2849,.T.);
#2845 = VERTEX_POINT('',#2846);
#2846 = CARTESIAN_POINT('',(-4.375,54.575,-1.5));
#2847 = VERTEX_POINT('',#2848);
#2848 = CARTESIAN_POINT('',(-4.375,15.825,-1.5));
#2849 = SURFACE_CURVE('',#2850,(#2854,#2860),.PCURVE_S1.);
#2850 = LINE('',#2851,#2852);
#2851 = CARTESIAN_POINT('',(-4.375,0.4125,-1.5));
#2852 = VECTOR('',#2853,1.);
#2853 = DIRECTION('',(-1.110223024625E-16,-1.,0.));
#2854 = PCURVE('',#44,#2855);
#2855 = DEFINITIONAL_REPRESENTATION('',(#2856),#2859);
#2856 = B_SPLINE_CURVE_WITH_KNOTS('',1,(#2857,#2858),.UNSPECIFIED.,.F.,
  .F.,(2,2),(-54.1625,-15.4125),.PIECEWISE_BEZIER_KNOTS.);
#2857 = CARTESIAN_POINT('',(70.825,69.575));
#2858 = CARTESIAN_POINT('',(70.825,30.825));
#2859 = ( GEOMETRIC_REPRESENTATION_CONTEXT(2) 
PARAMETRIC_REPRESENTATION_CONTEXT() REPRESENTATION_CONTEXT('2D SPACE',''
  ) );
#2860 = PCURVE('',#2861,#2866);
#2861 = PLANE('',#2862);
#2862 = AXIS2_PLACEMENT_3D('',#2863,#2864,#2865);
#2863 = CARTESIAN_POINT('',(-4.375,15.825,0.));
#2864 = DIRECTION('',(-1.,1.110223024625E-16,0.));
#2865 = DIRECTION('',(1.110223024625E-16,1.,0.));
#2866 = DEFINITIONAL_REPRESENTATION('',(#2867),#2870);
#2867 = B_SPLINE_CURVE_WITH_KNOTS('',1,(#2868,#2869),.UNSPECIFIED.,.F.,
  .F.,(2,2),(-54.1625,-15.4125),.PIECEWISE_BEZIER_KNOTS.);
#2868 = CARTESIAN_POINT('',(38.75,1.5));
#2869 = CARTESIAN_POINT('',(0.,1.5));
#2870 = ( GEOMETRIC_REPRESENTATION_CONTEXT(2) 
PARAMETRIC_REPRESENTATION_CONTEXT() REPRESENTATION_CONTEXT('2D SPACE',''
  ) );
#2871 = ORIENTED_EDGE('',*,*,#2872,.T.);
#2872 = EDGE_CURVE('',#2845,#2873,#2875,.T.);
#2873 = VERTEX_POINT('',#2874);
#2874 = CARTESIAN_POINT('',(-3.125,54.575,-1.5));
#2875 = SURFACE_CURVE('',#2876,(#2881,#2892),.PCURVE_S1.);
#2876 = CIRCLE('',#2877,0.625);
#2877 = AXIS2_PLACEMENT_3D('',#2878,#2879,#2880);
#2878 = CARTESIAN_POINT('',(-3.75,54.575,-1.5));
#2879 = DIRECTION('',(0.,0.,-1.));
#2880 = DIRECTION('',(-1.,1.110223024625E-16,0.));
#2881 = PCURVE('',#44,#2882);
#2882 = DEFINITIONAL_REPRESENTATION('',(#2883),#2891);
#2883 = ( BOUNDED_CURVE() B_SPLINE_CURVE(2,(#2884,#2885,#2886,#2887,
#2888,#2889,#2890),.UNSPECIFIED.,.T.,.F.) B_SPLINE_CURVE_WITH_KNOTS((1,2
    ,2,2,2,1),(-2.094395102393,0.,2.094395102393,4.188790204786,
6.28318530718,8.377580409573),.UNSPECIFIED.) CURVE() 
GEOMETRIC_REPRESENTATION_ITEM() RATIONAL_B_SPLINE_CURVE((1.,0.5,1.,0.5,
1.,0.5,1.)) REPRESENTATION_ITEM('') );
#2884 = CARTESIAN_POINT('',(70.825,69.575));
#2885 = CARTESIAN_POINT('',(70.825,70.657531754731));
#2886 = CARTESIAN_POINT('',(71.7625,70.116265877365));
#2887 = CARTESIAN_POINT('',(72.7,69.575));
#2888 = CARTESIAN_POINT('',(71.7625,69.033734122635));
#2889 = CARTESIAN_POINT('',(70.825,68.492468245269));
#2890 = CARTESIAN_POINT('',(70.825,69.575));
#2891 = ( GEOMETRIC_REPRESENTATION_CONTEXT(2) 
PARAMETRIC_REPRESENTATION_CONTEXT() REPRESENTATION_CONTEXT('2D SPACE',''
  ) );
#2892 = PCURVE('',#2893,#2898);
#2893 = CYLINDRICAL_SURFACE('',#2894,0.625);
#2894 = AXIS2_PLACEMENT_3D('',#2895,#2896,#2897);
#2895 = CARTESIAN_POINT('',(-3.75,54.575,0.));
#2896 = DIRECTION('',(0.,0.,-1.));
#2897 = DIRECTION('',(-1.,1.110223024625E-16,0.));
#2898 = DEFINITIONAL_REPRESENTATION('',(#2899),#2903);
#2899 = LINE('',#2900,#2901);
#2900 = CARTESIAN_POINT('',(0.,1.5));
#2901 = VECTOR('',#2902,1.);
#2902 = DIRECTION('',(1.,0.));
#2903 = ( GEOMETRIC_REPRESENTATION_CONTEXT(2) 
PARAMETRIC_REPRESENTATION_CONTEXT() REPRESENTATION_CONTEXT('2D SPACE',''
  ) );
#2904 = ORIENTED_EDGE('',*,*,#2905,.F.);
#2905 = EDGE_CURVE('',#2906,#2873,#2908,.T.);
#2906 = VERTEX_POINT('',#2907);
#2907 = CARTESIAN_POINT('',(-3.125,15.825,-1.5));
#2908 = SURFACE_CURVE('',#2909,(#2913,#2919),.PCURVE_S1.);
#2909 = LINE('',#2910,#2911);
#2910 = CARTESIAN_POINT('',(-3.125,19.7875,-1.5));
#2911 = VECTOR('',#2912,1.);
#2912 = DIRECTION('',(1.110223024625E-16,1.,-0.));
#2913 = PCURVE('',#44,#2914);
#2914 = DEFINITIONAL_REPRESENTATION('',(#2915),#2918);
#2915 = B_SPLINE_CURVE_WITH_KNOTS('',1,(#2916,#2917),.UNSPECIFIED.,.F.,
  .F.,(2,2),(-3.9625,34.7875),.PIECEWISE_BEZIER_KNOTS.);
#2916 = CARTESIAN_POINT('',(72.075,30.825));
#2917 = CARTESIAN_POINT('',(72.075,69.575));
#2918 = ( GEOMETRIC_REPRESENTATION_CONTEXT(2) 
PARAMETRIC_REPRESENTATION_CONTEXT() REPRESENTATION_CONTEXT('2D SPACE',''
  ) );
#2919 = PCURVE('',#2920,#2925);
#2920 = PLANE('',#2921);
#2921 = AXIS2_PLACEMENT_3D('',#2922,#2923,#2924);
#2922 = CARTESIAN_POINT('',(-3.125,54.575,0.));
#2923 = DIRECTION('',(1.,-1.110223024625E-16,0.));
#2924 = DIRECTION('',(-1.110223024625E-16,-1.,0.));
#2925 = DEFINITIONAL_REPRESENTATION('',(#2926),#2929);
#2926 = B_SPLINE_CURVE_WITH_KNOTS('',1,(#2927,#2928),.UNSPECIFIED.,.F.,
  .F.,(2,2),(-3.9625,34.7875),.PIECEWISE_BEZIER_KNOTS.);
#2927 = CARTESIAN_POINT('',(38.75,1.5));
#2928 = CARTESIAN_POINT('',(0.,1.5));
#2929 = ( GEOMETRIC_REPRESENTATION_CONTEXT(2) 
PARAMETRIC_REPRESENTATION_CONTEXT() REPRESENTATION_CONTEXT('2D SPACE',''
  ) );
#2930 = ORIENTED_EDGE('',*,*,#2931,.T.);
#2931 = EDGE_CURVE('',#2906,#2847,#2932,.T.);
#2932 = SURFACE_CURVE('',#2933,(#2938,#2949),.PCURVE_S1.);
#2933 = CIRCLE('',#2934,0.625);
#2934 = AXIS2_PLACEMENT_3D('',#2935,#2936,#2937);
#2935 = CARTESIAN_POINT('',(-3.75,15.825,-1.5));
#2936 = DIRECTION('',(0.,-0.,-1.));
#2937 = DIRECTION('',(1.,-1.110223024625E-16,0.));
#2938 = PCURVE('',#44,#2939);
#2939 = DEFINITIONAL_REPRESENTATION('',(#2940),#2948);
#2940 = ( BOUNDED_CURVE() B_SPLINE_CURVE(2,(#2941,#2942,#2943,#2944,
#2945,#2946,#2947),.UNSPECIFIED.,.T.,.F.) B_SPLINE_CURVE_WITH_KNOTS((1,2
    ,2,2,2,1),(-2.094395102393,0.,2.094395102393,4.188790204786,
6.28318530718,8.377580409573),.UNSPECIFIED.) CURVE() 
GEOMETRIC_REPRESENTATION_ITEM() RATIONAL_B_SPLINE_CURVE((1.,0.5,1.,0.5,
1.,0.5,1.)) REPRESENTATION_ITEM('') );
#2941 = CARTESIAN_POINT('',(72.075,30.825));
#2942 = CARTESIAN_POINT('',(72.075,29.742468245269));
#2943 = CARTESIAN_POINT('',(71.1375,30.283734122635));
#2944 = CARTESIAN_POINT('',(70.2,30.825));
#2945 = CARTESIAN_POINT('',(71.1375,31.366265877365));
#2946 = CARTESIAN_POINT('',(72.075,31.907531754731));
#2947 = CARTESIAN_POINT('',(72.075,30.825));
#2948 = ( GEOMETRIC_REPRESENTATION_CONTEXT(2) 
PARAMETRIC_REPRESENTATION_CONTEXT() REPRESENTATION_CONTEXT('2D SPACE',''
  ) );
#2949 = PCURVE('',#2950,#2955);
#2950 = CYLINDRICAL_SURFACE('',#2951,0.625);
#2951 = AXIS2_PLACEMENT_3D('',#2952,#2953,#2954);
#2952 = CARTESIAN_POINT('',(-3.75,15.825,0.));
#2953 = DIRECTION('',(0.,-0.,-1.));
#2954 = DIRECTION('',(1.,-1.110223024625E-16,0.));
#2955 = DEFINITIONAL_REPRESENTATION('',(#2956),#2960);
#2956 = LINE('',#2957,#2958);
#2957 = CARTESIAN_POINT('',(0.,1.5));
#2958 = VECTOR('',#2959,1.);
#2959 = DIRECTION('',(1.,0.));
#2960 = ( GEOMETRIC_REPRESENTATION_CONTEXT(2) 
PARAMETRIC_REPRESENTATION_CONTEXT() REPRESENTATION_CONTEXT('2D SPACE',''
  ) );
#2961 = FACE_BOUND('',#2962,.F.);
#2962 = EDGE_LOOP('',(#2963,#2991,#3024,#3050));
#2963 = ORIENTED_EDGE('',*,*,#2964,.F.);
#2964 = EDGE_CURVE('',#2965,#2967,#2969,.T.);
#2965 = VERTEX_POINT('',#2966);
#2966 = CARTESIAN_POINT('',(54.575,0.625,-1.5));
#2967 = VERTEX_POINT('',#2968);
#2968 = CARTESIAN_POINT('',(15.825,0.625,-1.5));
#2969 = SURFACE_CURVE('',#2970,(#2974,#2980),.PCURVE_S1.);
#2970 = LINE('',#2971,#2972);
#2971 = CARTESIAN_POINT('',(-29.6875,0.625,-1.5));
#2972 = VECTOR('',#2973,1.);
#2973 = DIRECTION('',(-1.,0.,0.));
#2974 = PCURVE('',#44,#2975);
#2975 = DEFINITIONAL_REPRESENTATION('',(#2976),#2979);
#2976 = B_SPLINE_CURVE_WITH_KNOTS('',1,(#2977,#2978),.UNSPECIFIED.,.F.,
  .F.,(2,2),(-84.2625,-45.5125),.PIECEWISE_BEZIER_KNOTS.);
#2977 = CARTESIAN_POINT('',(129.775,15.625));
#2978 = CARTESIAN_POINT('',(91.025,15.625));
#2979 = ( GEOMETRIC_REPRESENTATION_CONTEXT(2) 
PARAMETRIC_REPRESENTATION_CONTEXT() REPRESENTATION_CONTEXT('2D SPACE',''
  ) );
#2980 = PCURVE('',#2981,#2986);
#2981 = PLANE('',#2982);
#2982 = AXIS2_PLACEMENT_3D('',#2983,#2984,#2985);
#2983 = CARTESIAN_POINT('',(15.825,0.625,0.));
#2984 = DIRECTION('',(0.,1.,0.));
#2985 = DIRECTION('',(1.,0.,0.));
#2986 = DEFINITIONAL_REPRESENTATION('',(#2987),#2990);
#2987 = B_SPLINE_CURVE_WITH_KNOTS('',1,(#2988,#2989),.UNSPECIFIED.,.F.,
  .F.,(2,2),(-84.2625,-45.5125),.PIECEWISE_BEZIER_KNOTS.);
#2988 = CARTESIAN_POINT('',(38.75,1.5));
#2989 = CARTESIAN_POINT('',(0.,1.5));
#2990 = ( GEOMETRIC_REPRESENTATION_CONTEXT(2) 
PARAMETRIC_REPRESENTATION_CONTEXT() REPRESENTATION_CONTEXT('2D SPACE',''
  ) );
#2991 = ORIENTED_EDGE('',*,*,#2992,.T.);
#2992 = EDGE_CURVE('',#2965,#2993,#2995,.T.);
#2993 = VERTEX_POINT('',#2994);
#2994 = CARTESIAN_POINT('',(54.575,-0.625,-1.5));
#2995 = SURFACE_CURVE('',#2996,(#3001,#3012),.PCURVE_S1.);
#2996 = CIRCLE('',#2997,0.625);
#2997 = AXIS2_PLACEMENT_3D('',#2998,#2999,#3000);
#2998 = CARTESIAN_POINT('',(54.575,-5.551115123126E-17,-1.5));
#2999 = DIRECTION('',(0.,0.,-1.));
#3000 = DIRECTION('',(0.,1.,0.));
#3001 = PCURVE('',#44,#3002);
#3002 = DEFINITIONAL_REPRESENTATION('',(#3003),#3011);
#3003 = ( BOUNDED_CURVE() B_SPLINE_CURVE(2,(#3004,#3005,#3006,#3007,
#3008,#3009,#3010),.UNSPECIFIED.,.T.,.F.) B_SPLINE_CURVE_WITH_KNOTS((1,2
    ,2,2,2,1),(-2.094395102393,0.,2.094395102393,4.188790204786,
6.28318530718,8.377580409573),.UNSPECIFIED.) CURVE() 
GEOMETRIC_REPRESENTATION_ITEM() RATIONAL_B_SPLINE_CURVE((1.,0.5,1.,0.5,
1.,0.5,1.)) REPRESENTATION_ITEM('') );
#3004 = CARTESIAN_POINT('',(129.775,15.625));
#3005 = CARTESIAN_POINT('',(130.85753175473,15.625));
#3006 = CARTESIAN_POINT('',(130.31626587736,14.6875));
#3007 = CARTESIAN_POINT('',(129.775,13.75));
#3008 = CARTESIAN_POINT('',(129.23373412263,14.6875));
#3009 = CARTESIAN_POINT('',(128.69246824526,15.625));
#3010 = CARTESIAN_POINT('',(129.775,15.625));
#3011 = ( GEOMETRIC_REPRESENTATION_CONTEXT(2) 
PARAMETRIC_REPRESENTATION_CONTEXT() REPRESENTATION_CONTEXT('2D SPACE',''
  ) );
#3012 = PCURVE('',#3013,#3018);
#3013 = CYLINDRICAL_SURFACE('',#3014,0.625);
#3014 = AXIS2_PLACEMENT_3D('',#3015,#3016,#3017);
#3015 = CARTESIAN_POINT('',(54.575,-5.551115123126E-17,0.));
#3016 = DIRECTION('',(0.,0.,-1.));
#3017 = DIRECTION('',(0.,1.,0.));
#3018 = DEFINITIONAL_REPRESENTATION('',(#3019),#3023);
#3019 = LINE('',#3020,#3021);
#3020 = CARTESIAN_POINT('',(0.,1.5));
#3021 = VECTOR('',#3022,1.);
#3022 = DIRECTION('',(1.,0.));
#3023 = ( GEOMETRIC_REPRESENTATION_CONTEXT(2) 
PARAMETRIC_REPRESENTATION_CONTEXT() REPRESENTATION_CONTEXT('2D SPACE',''
  ) );
#3024 = ORIENTED_EDGE('',*,*,#3025,.F.);
#3025 = EDGE_CURVE('',#3026,#2993,#3028,.T.);
#3026 = VERTEX_POINT('',#3027);
#3027 = CARTESIAN_POINT('',(15.825,-0.625,-1.5));
#3028 = SURFACE_CURVE('',#3029,(#3033,#3039),.PCURVE_S1.);
#3029 = LINE('',#3030,#3031);
#3030 = CARTESIAN_POINT('',(-10.3125,-0.625,-1.5));
#3031 = VECTOR('',#3032,1.);
#3032 = DIRECTION('',(1.,0.,-0.));
#3033 = PCURVE('',#44,#3034);
#3034 = DEFINITIONAL_REPRESENTATION('',(#3035),#3038);
#3035 = B_SPLINE_CURVE_WITH_KNOTS('',1,(#3036,#3037),.UNSPECIFIED.,.F.,
  .F.,(2,2),(26.1375,64.8875),.PIECEWISE_BEZIER_KNOTS.);
#3036 = CARTESIAN_POINT('',(91.025,14.375));
#3037 = CARTESIAN_POINT('',(129.775,14.375));
#3038 = ( GEOMETRIC_REPRESENTATION_CONTEXT(2) 
PARAMETRIC_REPRESENTATION_CONTEXT() REPRESENTATION_CONTEXT('2D SPACE',''
  ) );
#3039 = PCURVE('',#3040,#3045);
#3040 = PLANE('',#3041);
#3041 = AXIS2_PLACEMENT_3D('',#3042,#3043,#3044);
#3042 = CARTESIAN_POINT('',(54.575,-0.625,0.));
#3043 = DIRECTION('',(0.,-1.,0.));
#3044 = DIRECTION('',(-1.,0.,0.));
#3045 = DEFINITIONAL_REPRESENTATION('',(#3046),#3049);
#3046 = B_SPLINE_CURVE_WITH_KNOTS('',1,(#3047,#3048),.UNSPECIFIED.,.F.,
  .F.,(2,2),(26.1375,64.8875),.PIECEWISE_BEZIER_KNOTS.);
#3047 = CARTESIAN_POINT('',(38.75,1.5));
#3048 = CARTESIAN_POINT('',(0.,1.5));
#3049 = ( GEOMETRIC_REPRESENTATION_CONTEXT(2) 
PARAMETRIC_REPRESENTATION_CONTEXT() REPRESENTATION_CONTEXT('2D SPACE',''
  ) );
#3050 = ORIENTED_EDGE('',*,*,#3051,.T.);
#3051 = EDGE_CURVE('',#3026,#2967,#3052,.T.);
#3052 = SURFACE_CURVE('',#3053,(#3058,#3069),.PCURVE_S1.);
#3053 = CIRCLE('',#3054,0.625);
#3054 = AXIS2_PLACEMENT_3D('',#3055,#3056,#3057);
#3055 = CARTESIAN_POINT('',(15.825,5.551115123126E-17,-1.5));
#3056 = DIRECTION('',(0.,-0.,-1.));
#3057 = DIRECTION('',(0.,-1.,0.));
#3058 = PCURVE('',#44,#3059);
#3059 = DEFINITIONAL_REPRESENTATION('',(#3060),#3068);
#3060 = ( BOUNDED_CURVE() B_SPLINE_CURVE(2,(#3061,#3062,#3063,#3064,
#3065,#3066,#3067),.UNSPECIFIED.,.T.,.F.) B_SPLINE_CURVE_WITH_KNOTS((1,2
    ,2,2,2,1),(-2.094395102393,0.,2.094395102393,4.188790204786,
6.28318530718,8.377580409573),.UNSPECIFIED.) CURVE() 
GEOMETRIC_REPRESENTATION_ITEM() RATIONAL_B_SPLINE_CURVE((1.,0.5,1.,0.5,
1.,0.5,1.)) REPRESENTATION_ITEM('') );
#3061 = CARTESIAN_POINT('',(91.025,14.375));
#3062 = CARTESIAN_POINT('',(89.942468245269,14.375));
#3063 = CARTESIAN_POINT('',(90.483734122635,15.3125));
#3064 = CARTESIAN_POINT('',(91.025,16.25));
#3065 = CARTESIAN_POINT('',(91.566265877365,15.3125));
#3066 = CARTESIAN_POINT('',(92.107531754731,14.375));
#3067 = CARTESIAN_POINT('',(91.025,14.375));
#3068 = ( GEOMETRIC_REPRESENTATION_CONTEXT(2) 
PARAMETRIC_REPRESENTATION_CONTEXT() REPRESENTATION_CONTEXT('2D SPACE',''
  ) );
#3069 = PCURVE('',#3070,#3075);
#3070 = CYLINDRICAL_SURFACE('',#3071,0.625);
#3071 = AXIS2_PLACEMENT_3D('',#3072,#3073,#3074);
#3072 = CARTESIAN_POINT('',(15.825,5.551115123126E-17,0.));
#3073 = DIRECTION('',(0.,-0.,-1.));
#3074 = DIRECTION('',(0.,-1.,0.));
#3075 = DEFINITIONAL_REPRESENTATION('',(#3076),#3080);
#3076 = LINE('',#3077,#3078);
#3077 = CARTESIAN_POINT('',(0.,1.5));
#3078 = VECTOR('',#3079,1.);
#3079 = DIRECTION('',(1.,0.));
#3080 = ( GEOMETRIC_REPRESENTATION_CONTEXT(2) 
PARAMETRIC_REPRESENTATION_CONTEXT() REPRESENTATION_CONTEXT('2D SPACE',''
  ) );
#3081 = FACE_BOUND('',#3082,.F.);
#3082 = EDGE_LOOP('',(#3083,#3111,#3144,#3170));
#3083 = ORIENTED_EDGE('',*,*,#3084,.F.);
#3084 = EDGE_CURVE('',#3085,#3087,#3089,.T.);
#3085 = VERTEX_POINT('',#3086);
#3086 = CARTESIAN_POINT('',(54.575,4.375,-1.5));
#3087 = VERTEX_POINT('',#3088);
#3088 = CARTESIAN_POINT('',(15.825,4.375,-1.5));
#3089 = SURFACE_CURVE('',#3090,(#3094,#3100),.PCURVE_S1.);
#3090 = LINE('',#3091,#3092);
#3091 = CARTESIAN_POINT('',(-29.6875,4.375,-1.5));
#3092 = VECTOR('',#3093,1.);
#3093 = DIRECTION('',(-1.,0.,0.));
#3094 = PCURVE('',#44,#3095);
#3095 = DEFINITIONAL_REPRESENTATION('',(#3096),#3099);
#3096 = B_SPLINE_CURVE_WITH_KNOTS('',1,(#3097,#3098),.UNSPECIFIED.,.F.,
  .F.,(2,2),(-84.2625,-45.5125),.PIECEWISE_BEZIER_KNOTS.);
#3097 = CARTESIAN_POINT('',(129.775,19.375));
#3098 = CARTESIAN_POINT('',(91.025,19.375));
#3099 = ( GEOMETRIC_REPRESENTATION_CONTEXT(2) 
PARAMETRIC_REPRESENTATION_CONTEXT() REPRESENTATION_CONTEXT('2D SPACE',''
  ) );
#3100 = PCURVE('',#3101,#3106);
#3101 = PLANE('',#3102);
#3102 = AXIS2_PLACEMENT_3D('',#3103,#3104,#3105);
#3103 = CARTESIAN_POINT('',(15.825,4.375,0.));
#3104 = DIRECTION('',(0.,1.,0.));
#3105 = DIRECTION('',(1.,0.,0.));
#3106 = DEFINITIONAL_REPRESENTATION('',(#3107),#3110);
#3107 = B_SPLINE_CURVE_WITH_KNOTS('',1,(#3108,#3109),.UNSPECIFIED.,.F.,
  .F.,(2,2),(-84.2625,-45.5125),.PIECEWISE_BEZIER_KNOTS.);
#3108 = CARTESIAN_POINT('',(38.75,1.5));
#3109 = CARTESIAN_POINT('',(0.,1.5));
#3110 = ( GEOMETRIC_REPRESENTATION_CONTEXT(2) 
PARAMETRIC_REPRESENTATION_CONTEXT() REPRESENTATION_CONTEXT('2D SPACE',''
  ) );
#3111 = ORIENTED_EDGE('',*,*,#3112,.T.);
#3112 = EDGE_CURVE('',#3085,#3113,#3115,.T.);
#3113 = VERTEX_POINT('',#3114);
#3114 = CARTESIAN_POINT('',(54.575,3.125,-1.5));
#3115 = SURFACE_CURVE('',#3116,(#3121,#3132),.PCURVE_S1.);
#3116 = CIRCLE('',#3117,0.625);
#3117 = AXIS2_PLACEMENT_3D('',#3118,#3119,#3120);
#3118 = CARTESIAN_POINT('',(54.575,3.75,-1.5));
#3119 = DIRECTION('',(0.,0.,-1.));
#3120 = DIRECTION('',(0.,1.,0.));
#3121 = PCURVE('',#44,#3122);
#3122 = DEFINITIONAL_REPRESENTATION('',(#3123),#3131);
#3123 = ( BOUNDED_CURVE() B_SPLINE_CURVE(2,(#3124,#3125,#3126,#3127,
#3128,#3129,#3130),.UNSPECIFIED.,.T.,.F.) B_SPLINE_CURVE_WITH_KNOTS((1,2
    ,2,2,2,1),(-2.094395102393,0.,2.094395102393,4.188790204786,
6.28318530718,8.377580409573),.UNSPECIFIED.) CURVE() 
GEOMETRIC_REPRESENTATION_ITEM() RATIONAL_B_SPLINE_CURVE((1.,0.5,1.,0.5,
1.,0.5,1.)) REPRESENTATION_ITEM('') );
#3124 = CARTESIAN_POINT('',(129.775,19.375));
#3125 = CARTESIAN_POINT('',(130.85753175473,19.375));
#3126 = CARTESIAN_POINT('',(130.31626587736,18.4375));
#3127 = CARTESIAN_POINT('',(129.775,17.5));
#3128 = CARTESIAN_POINT('',(129.23373412263,18.4375));
#3129 = CARTESIAN_POINT('',(128.69246824526,19.375));
#3130 = CARTESIAN_POINT('',(129.775,19.375));
#3131 = ( GEOMETRIC_REPRESENTATION_CONTEXT(2) 
PARAMETRIC_REPRESENTATION_CONTEXT() REPRESENTATION_CONTEXT('2D SPACE',''
  ) );
#3132 = PCURVE('',#3133,#3138);
#3133 = CYLINDRICAL_SURFACE('',#3134,0.625);
#3134 = AXIS2_PLACEMENT_3D('',#3135,#3136,#3137);
#3135 = CARTESIAN_POINT('',(54.575,3.75,0.));
#3136 = DIRECTION('',(0.,0.,-1.));
#3137 = DIRECTION('',(0.,1.,0.));
#3138 = DEFINITIONAL_REPRESENTATION('',(#3139),#3143);
#3139 = LINE('',#3140,#3141);
#3140 = CARTESIAN_POINT('',(0.,1.5));
#3141 = VECTOR('',#3142,1.);
#3142 = DIRECTION('',(1.,0.));
#3143 = ( GEOMETRIC_REPRESENTATION_CONTEXT(2) 
PARAMETRIC_REPRESENTATION_CONTEXT() REPRESENTATION_CONTEXT('2D SPACE',''
  ) );
#3144 = ORIENTED_EDGE('',*,*,#3145,.F.);
#3145 = EDGE_CURVE('',#3146,#3113,#3148,.T.);
#3146 = VERTEX_POINT('',#3147);
#3147 = CARTESIAN_POINT('',(15.825,3.125,-1.5));
#3148 = SURFACE_CURVE('',#3149,(#3153,#3159),.PCURVE_S1.);
#3149 = LINE('',#3150,#3151);
#3150 = CARTESIAN_POINT('',(-10.3125,3.125,-1.5));
#3151 = VECTOR('',#3152,1.);
#3152 = DIRECTION('',(1.,0.,-0.));
#3153 = PCURVE('',#44,#3154);
#3154 = DEFINITIONAL_REPRESENTATION('',(#3155),#3158);
#3155 = B_SPLINE_CURVE_WITH_KNOTS('',1,(#3156,#3157),.UNSPECIFIED.,.F.,
  .F.,(2,2),(26.1375,64.8875),.PIECEWISE_BEZIER_KNOTS.);
#3156 = CARTESIAN_POINT('',(91.025,18.125));
#3157 = CARTESIAN_POINT('',(129.775,18.125));
#3158 = ( GEOMETRIC_REPRESENTATION_CONTEXT(2) 
PARAMETRIC_REPRESENTATION_CONTEXT() REPRESENTATION_CONTEXT('2D SPACE',''
  ) );
#3159 = PCURVE('',#3160,#3165);
#3160 = PLANE('',#3161);
#3161 = AXIS2_PLACEMENT_3D('',#3162,#3163,#3164);
#3162 = CARTESIAN_POINT('',(54.575,3.125,0.));
#3163 = DIRECTION('',(0.,-1.,0.));
#3164 = DIRECTION('',(-1.,0.,0.));
#3165 = DEFINITIONAL_REPRESENTATION('',(#3166),#3169);
#3166 = B_SPLINE_CURVE_WITH_KNOTS('',1,(#3167,#3168),.UNSPECIFIED.,.F.,
  .F.,(2,2),(26.1375,64.8875),.PIECEWISE_BEZIER_KNOTS.);
#3167 = CARTESIAN_POINT('',(38.75,1.5));
#3168 = CARTESIAN_POINT('',(0.,1.5));
#3169 = ( GEOMETRIC_REPRESENTATION_CONTEXT(2) 
PARAMETRIC_REPRESENTATION_CONTEXT() REPRESENTATION_CONTEXT('2D SPACE',''
  ) );
#3170 = ORIENTED_EDGE('',*,*,#3171,.T.);
#3171 = EDGE_CURVE('',#3146,#3087,#3172,.T.);
#3172 = SURFACE_CURVE('',#3173,(#3178,#3189),.PCURVE_S1.);
#3173 = CIRCLE('',#3174,0.625);
#3174 = AXIS2_PLACEMENT_3D('',#3175,#3176,#3177);
#3175 = CARTESIAN_POINT('',(15.825,3.75,-1.5));
#3176 = DIRECTION('',(0.,-0.,-1.));
#3177 = DIRECTION('',(0.,-1.,0.));
#3178 = PCURVE('',#44,#3179);
#3179 = DEFINITIONAL_REPRESENTATION('',(#3180),#3188);
#3180 = ( BOUNDED_CURVE() B_SPLINE_CURVE(2,(#3181,#3182,#3183,#3184,
#3185,#3186,#3187),.UNSPECIFIED.,.T.,.F.) B_SPLINE_CURVE_WITH_KNOTS((1,2
    ,2,2,2,1),(-2.094395102393,0.,2.094395102393,4.188790204786,
6.28318530718,8.377580409573),.UNSPECIFIED.) CURVE() 
GEOMETRIC_REPRESENTATION_ITEM() RATIONAL_B_SPLINE_CURVE((1.,0.5,1.,0.5,
1.,0.5,1.)) REPRESENTATION_ITEM('') );
#3181 = CARTESIAN_POINT('',(91.025,18.125));
#3182 = CARTESIAN_POINT('',(89.942468245269,18.125));
#3183 = CARTESIAN_POINT('',(90.483734122635,19.0625));
#3184 = CARTESIAN_POINT('',(91.025,20.));
#3185 = CARTESIAN_POINT('',(91.566265877365,19.0625));
#3186 = CARTESIAN_POINT('',(92.107531754731,18.125));
#3187 = CARTESIAN_POINT('',(91.025,18.125));
#3188 = ( GEOMETRIC_REPRESENTATION_CONTEXT(2) 
PARAMETRIC_REPRESENTATION_CONTEXT() REPRESENTATION_CONTEXT('2D SPACE',''
  ) );
#3189 = PCURVE('',#3190,#3195);
#3190 = CYLINDRICAL_SURFACE('',#3191,0.625);
#3191 = AXIS2_PLACEMENT_3D('',#3192,#3193,#3194);
#3192 = CARTESIAN_POINT('',(15.825,3.75,0.));
#3193 = DIRECTION('',(0.,-0.,-1.));
#3194 = DIRECTION('',(0.,-1.,0.));
#3195 = DEFINITIONAL_REPRESENTATION('',(#3196),#3200);
#3196 = LINE('',#3197,#3198);
#3197 = CARTESIAN_POINT('',(0.,1.5));
#3198 = VECTOR('',#3199,1.);
#3199 = DIRECTION('',(1.,0.));
#3200 = ( GEOMETRIC_REPRESENTATION_CONTEXT(2) 
PARAMETRIC_REPRESENTATION_CONTEXT() REPRESENTATION_CONTEXT('2D SPACE',''
  ) );
#3201 = FACE_BOUND('',#3202,.F.);
#3202 = EDGE_LOOP('',(#3203,#3231,#3264,#3290));
#3203 = ORIENTED_EDGE('',*,*,#3204,.F.);
#3204 = EDGE_CURVE('',#3205,#3207,#3209,.T.);
#3205 = VERTEX_POINT('',#3206);
#3206 = CARTESIAN_POINT('',(54.575,8.125,-1.5));
#3207 = VERTEX_POINT('',#3208);
#3208 = CARTESIAN_POINT('',(15.825,8.125,-1.5));
#3209 = SURFACE_CURVE('',#3210,(#3214,#3220),.PCURVE_S1.);
#3210 = LINE('',#3211,#3212);
#3211 = CARTESIAN_POINT('',(-29.6875,8.125,-1.5));
#3212 = VECTOR('',#3213,1.);
#3213 = DIRECTION('',(-1.,0.,0.));
#3214 = PCURVE('',#44,#3215);
#3215 = DEFINITIONAL_REPRESENTATION('',(#3216),#3219);
#3216 = B_SPLINE_CURVE_WITH_KNOTS('',1,(#3217,#3218),.UNSPECIFIED.,.F.,
  .F.,(2,2),(-84.2625,-45.5125),.PIECEWISE_BEZIER_KNOTS.);
#3217 = CARTESIAN_POINT('',(129.775,23.125));
#3218 = CARTESIAN_POINT('',(91.025,23.125));
#3219 = ( GEOMETRIC_REPRESENTATION_CONTEXT(2) 
PARAMETRIC_REPRESENTATION_CONTEXT() REPRESENTATION_CONTEXT('2D SPACE',''
  ) );
#3220 = PCURVE('',#3221,#3226);
#3221 = PLANE('',#3222);
#3222 = AXIS2_PLACEMENT_3D('',#3223,#3224,#3225);
#3223 = CARTESIAN_POINT('',(15.825,8.125,0.));
#3224 = DIRECTION('',(0.,1.,0.));
#3225 = DIRECTION('',(1.,0.,0.));
#3226 = DEFINITIONAL_REPRESENTATION('',(#3227),#3230);
#3227 = B_SPLINE_CURVE_WITH_KNOTS('',1,(#3228,#3229),.UNSPECIFIED.,.F.,
  .F.,(2,2),(-84.2625,-45.5125),.PIECEWISE_BEZIER_KNOTS.);
#3228 = CARTESIAN_POINT('',(38.75,1.5));
#3229 = CARTESIAN_POINT('',(0.,1.5));
#3230 = ( GEOMETRIC_REPRESENTATION_CONTEXT(2) 
PARAMETRIC_REPRESENTATION_CONTEXT() REPRESENTATION_CONTEXT('2D SPACE',''
  ) );
#3231 = ORIENTED_EDGE('',*,*,#3232,.T.);
#3232 = EDGE_CURVE('',#3205,#3233,#3235,.T.);
#3233 = VERTEX_POINT('',#3234);
#3234 = CARTESIAN_POINT('',(54.575,6.875,-1.5));
#3235 = SURFACE_CURVE('',#3236,(#3241,#3252),.PCURVE_S1.);
#3236 = CIRCLE('',#3237,0.625);
#3237 = AXIS2_PLACEMENT_3D('',#3238,#3239,#3240);
#3238 = CARTESIAN_POINT('',(54.575,7.5,-1.5));
#3239 = DIRECTION('',(0.,0.,-1.));
#3240 = DIRECTION('',(0.,1.,0.));
#3241 = PCURVE('',#44,#3242);
#3242 = DEFINITIONAL_REPRESENTATION('',(#3243),#3251);
#3243 = ( BOUNDED_CURVE() B_SPLINE_CURVE(2,(#3244,#3245,#3246,#3247,
#3248,#3249,#3250),.UNSPECIFIED.,.T.,.F.) B_SPLINE_CURVE_WITH_KNOTS((1,2
    ,2,2,2,1),(-2.094395102393,0.,2.094395102393,4.188790204786,
6.28318530718,8.377580409573),.UNSPECIFIED.) CURVE() 
GEOMETRIC_REPRESENTATION_ITEM() RATIONAL_B_SPLINE_CURVE((1.,0.5,1.,0.5,
1.,0.5,1.)) REPRESENTATION_ITEM('') );
#3244 = CARTESIAN_POINT('',(129.775,23.125));
#3245 = CARTESIAN_POINT('',(130.85753175473,23.125));
#3246 = CARTESIAN_POINT('',(130.31626587736,22.1875));
#3247 = CARTESIAN_POINT('',(129.775,21.25));
#3248 = CARTESIAN_POINT('',(129.23373412263,22.1875));
#3249 = CARTESIAN_POINT('',(128.69246824526,23.125));
#3250 = CARTESIAN_POINT('',(129.775,23.125));
#3251 = ( GEOMETRIC_REPRESENTATION_CONTEXT(2) 
PARAMETRIC_REPRESENTATION_CONTEXT() REPRESENTATION_CONTEXT('2D SPACE',''
  ) );
#3252 = PCURVE('',#3253,#3258);
#3253 = CYLINDRICAL_SURFACE('',#3254,0.625);
#3254 = AXIS2_PLACEMENT_3D('',#3255,#3256,#3257);
#3255 = CARTESIAN_POINT('',(54.575,7.5,0.));
#3256 = DIRECTION('',(0.,0.,-1.));
#3257 = DIRECTION('',(0.,1.,0.));
#3258 = DEFINITIONAL_REPRESENTATION('',(#3259),#3263);
#3259 = LINE('',#3260,#3261);
#3260 = CARTESIAN_POINT('',(0.,1.5));
#3261 = VECTOR('',#3262,1.);
#3262 = DIRECTION('',(1.,0.));
#3263 = ( GEOMETRIC_REPRESENTATION_CONTEXT(2) 
PARAMETRIC_REPRESENTATION_CONTEXT() REPRESENTATION_CONTEXT('2D SPACE',''
  ) );
#3264 = ORIENTED_EDGE('',*,*,#3265,.F.);
#3265 = EDGE_CURVE('',#3266,#3233,#3268,.T.);
#3266 = VERTEX_POINT('',#3267);
#3267 = CARTESIAN_POINT('',(15.825,6.875,-1.5));
#3268 = SURFACE_CURVE('',#3269,(#3273,#3279),.PCURVE_S1.);
#3269 = LINE('',#3270,#3271);
#3270 = CARTESIAN_POINT('',(-10.3125,6.875,-1.5));
#3271 = VECTOR('',#3272,1.);
#3272 = DIRECTION('',(1.,0.,-0.));
#3273 = PCURVE('',#44,#3274);
#3274 = DEFINITIONAL_REPRESENTATION('',(#3275),#3278);
#3275 = B_SPLINE_CURVE_WITH_KNOTS('',1,(#3276,#3277),.UNSPECIFIED.,.F.,
  .F.,(2,2),(26.1375,64.8875),.PIECEWISE_BEZIER_KNOTS.);
#3276 = CARTESIAN_POINT('',(91.025,21.875));
#3277 = CARTESIAN_POINT('',(129.775,21.875));
#3278 = ( GEOMETRIC_REPRESENTATION_CONTEXT(2) 
PARAMETRIC_REPRESENTATION_CONTEXT() REPRESENTATION_CONTEXT('2D SPACE',''
  ) );
#3279 = PCURVE('',#3280,#3285);
#3280 = PLANE('',#3281);
#3281 = AXIS2_PLACEMENT_3D('',#3282,#3283,#3284);
#3282 = CARTESIAN_POINT('',(54.575,6.875,0.));
#3283 = DIRECTION('',(0.,-1.,0.));
#3284 = DIRECTION('',(-1.,0.,0.));
#3285 = DEFINITIONAL_REPRESENTATION('',(#3286),#3289);
#3286 = B_SPLINE_CURVE_WITH_KNOTS('',1,(#3287,#3288),.UNSPECIFIED.,.F.,
  .F.,(2,2),(26.1375,64.8875),.PIECEWISE_BEZIER_KNOTS.);
#3287 = CARTESIAN_POINT('',(38.75,1.5));
#3288 = CARTESIAN_POINT('',(0.,1.5));
#3289 = ( GEOMETRIC_REPRESENTATION_CONTEXT(2) 
PARAMETRIC_REPRESENTATION_CONTEXT() REPRESENTATION_CONTEXT('2D SPACE',''
  ) );
#3290 = ORIENTED_EDGE('',*,*,#3291,.T.);
#3291 = EDGE_CURVE('',#3266,#3207,#3292,.T.);
#3292 = SURFACE_CURVE('',#3293,(#3298,#3309),.PCURVE_S1.);
#3293 = CIRCLE('',#3294,0.625);
#3294 = AXIS2_PLACEMENT_3D('',#3295,#3296,#3297);
#3295 = CARTESIAN_POINT('',(15.825,7.5,-1.5));
#3296 = DIRECTION('',(0.,-0.,-1.));
#3297 = DIRECTION('',(0.,-1.,0.));
#3298 = PCURVE('',#44,#3299);
#3299 = DEFINITIONAL_REPRESENTATION('',(#3300),#3308);
#3300 = ( BOUNDED_CURVE() B_SPLINE_CURVE(2,(#3301,#3302,#3303,#3304,
#3305,#3306,#3307),.UNSPECIFIED.,.T.,.F.) B_SPLINE_CURVE_WITH_KNOTS((1,2
    ,2,2,2,1),(-2.094395102393,0.,2.094395102393,4.188790204786,
6.28318530718,8.377580409573),.UNSPECIFIED.) CURVE() 
GEOMETRIC_REPRESENTATION_ITEM() RATIONAL_B_SPLINE_CURVE((1.,0.5,1.,0.5,
1.,0.5,1.)) REPRESENTATION_ITEM('') );
#3301 = CARTESIAN_POINT('',(91.025,21.875));
#3302 = CARTESIAN_POINT('',(89.942468245269,21.875));
#3303 = CARTESIAN_POINT('',(90.483734122635,22.8125));
#3304 = CARTESIAN_POINT('',(91.025,23.75));
#3305 = CARTESIAN_POINT('',(91.566265877365,22.8125));
#3306 = CARTESIAN_POINT('',(92.107531754731,21.875));
#3307 = CARTESIAN_POINT('',(91.025,21.875));
#3308 = ( GEOMETRIC_REPRESENTATION_CONTEXT(2) 
PARAMETRIC_REPRESENTATION_CONTEXT() REPRESENTATION_CONTEXT('2D SPACE',''
  ) );
#3309 = PCURVE('',#3310,#3315);
#3310 = CYLINDRICAL_SURFACE('',#3311,0.625);
#3311 = AXIS2_PLACEMENT_3D('',#3312,#3313,#3314);
#3312 = CARTESIAN_POINT('',(15.825,7.5,0.));
#3313 = DIRECTION('',(0.,-0.,-1.));
#3314 = DIRECTION('',(0.,-1.,0.));
#3315 = DEFINITIONAL_REPRESENTATION('',(#3316),#3320);
#3316 = LINE('',#3317,#3318);
#3317 = CARTESIAN_POINT('',(0.,1.5));
#3318 = VECTOR('',#3319,1.);
#3319 = DIRECTION('',(1.,0.));
#3320 = ( GEOMETRIC_REPRESENTATION_CONTEXT(2) 
PARAMETRIC_REPRESENTATION_CONTEXT() REPRESENTATION_CONTEXT('2D SPACE',''
  ) );
#3321 = FACE_BOUND('',#3322,.F.);
#3322 = EDGE_LOOP('',(#3323,#3351,#3384,#3410));
#3323 = ORIENTED_EDGE('',*,*,#3324,.F.);
#3324 = EDGE_CURVE('',#3325,#3327,#3329,.T.);
#3325 = VERTEX_POINT('',#3326);
#3326 = CARTESIAN_POINT('',(54.575,11.875,-1.5));
#3327 = VERTEX_POINT('',#3328);
#3328 = CARTESIAN_POINT('',(15.825,11.875,-1.5));
#3329 = SURFACE_CURVE('',#3330,(#3334,#3340),.PCURVE_S1.);
#3330 = LINE('',#3331,#3332);
#3331 = CARTESIAN_POINT('',(-29.6875,11.875,-1.5));
#3332 = VECTOR('',#3333,1.);
#3333 = DIRECTION('',(-1.,0.,0.));
#3334 = PCURVE('',#44,#3335);
#3335 = DEFINITIONAL_REPRESENTATION('',(#3336),#3339);
#3336 = B_SPLINE_CURVE_WITH_KNOTS('',1,(#3337,#3338),.UNSPECIFIED.,.F.,
  .F.,(2,2),(-84.2625,-45.5125),.PIECEWISE_BEZIER_KNOTS.);
#3337 = CARTESIAN_POINT('',(129.775,26.875));
#3338 = CARTESIAN_POINT('',(91.025,26.875));
#3339 = ( GEOMETRIC_REPRESENTATION_CONTEXT(2) 
PARAMETRIC_REPRESENTATION_CONTEXT() REPRESENTATION_CONTEXT('2D SPACE',''
  ) );
#3340 = PCURVE('',#3341,#3346);
#3341 = PLANE('',#3342);
#3342 = AXIS2_PLACEMENT_3D('',#3343,#3344,#3345);
#3343 = CARTESIAN_POINT('',(15.825,11.875,0.));
#3344 = DIRECTION('',(0.,1.,0.));
#3345 = DIRECTION('',(1.,0.,0.));
#3346 = DEFINITIONAL_REPRESENTATION('',(#3347),#3350);
#3347 = B_SPLINE_CURVE_WITH_KNOTS('',1,(#3348,#3349),.UNSPECIFIED.,.F.,
  .F.,(2,2),(-84.2625,-45.5125),.PIECEWISE_BEZIER_KNOTS.);
#3348 = CARTESIAN_POINT('',(38.75,1.5));
#3349 = CARTESIAN_POINT('',(0.,1.5));
#3350 = ( GEOMETRIC_REPRESENTATION_CONTEXT(2) 
PARAMETRIC_REPRESENTATION_CONTEXT() REPRESENTATION_CONTEXT('2D SPACE',''
  ) );
#3351 = ORIENTED_EDGE('',*,*,#3352,.T.);
#3352 = EDGE_CURVE('',#3325,#3353,#3355,.T.);
#3353 = VERTEX_POINT('',#3354);
#3354 = CARTESIAN_POINT('',(54.575,10.625,-1.5));
#3355 = SURFACE_CURVE('',#3356,(#3361,#3372),.PCURVE_S1.);
#3356 = CIRCLE('',#3357,0.625);
#3357 = AXIS2_PLACEMENT_3D('',#3358,#3359,#3360);
#3358 = CARTESIAN_POINT('',(54.575,11.25,-1.5));
#3359 = DIRECTION('',(0.,0.,-1.));
#3360 = DIRECTION('',(0.,1.,0.));
#3361 = PCURVE('',#44,#3362);
#3362 = DEFINITIONAL_REPRESENTATION('',(#3363),#3371);
#3363 = ( BOUNDED_CURVE() B_SPLINE_CURVE(2,(#3364,#3365,#3366,#3367,
#3368,#3369,#3370),.UNSPECIFIED.,.T.,.F.) B_SPLINE_CURVE_WITH_KNOTS((1,2
    ,2,2,2,1),(-2.094395102393,0.,2.094395102393,4.188790204786,
6.28318530718,8.377580409573),.UNSPECIFIED.) CURVE() 
GEOMETRIC_REPRESENTATION_ITEM() RATIONAL_B_SPLINE_CURVE((1.,0.5,1.,0.5,
1.,0.5,1.)) REPRESENTATION_ITEM('') );
#3364 = CARTESIAN_POINT('',(129.775,26.875));
#3365 = CARTESIAN_POINT('',(130.85753175473,26.875));
#3366 = CARTESIAN_POINT('',(130.31626587736,25.9375));
#3367 = CARTESIAN_POINT('',(129.775,25.));
#3368 = CARTESIAN_POINT('',(129.23373412263,25.9375));
#3369 = CARTESIAN_POINT('',(128.69246824526,26.875));
#3370 = CARTESIAN_POINT('',(129.775,26.875));
#3371 = ( GEOMETRIC_REPRESENTATION_CONTEXT(2) 
PARAMETRIC_REPRESENTATION_CONTEXT() REPRESENTATION_CONTEXT('2D SPACE',''
  ) );
#3372 = PCURVE('',#3373,#3378);
#3373 = CYLINDRICAL_SURFACE('',#3374,0.625);
#3374 = AXIS2_PLACEMENT_3D('',#3375,#3376,#3377);
#3375 = CARTESIAN_POINT('',(54.575,11.25,0.));
#3376 = DIRECTION('',(0.,0.,-1.));
#3377 = DIRECTION('',(0.,1.,0.));
#3378 = DEFINITIONAL_REPRESENTATION('',(#3379),#3383);
#3379 = LINE('',#3380,#3381);
#3380 = CARTESIAN_POINT('',(0.,1.5));
#3381 = VECTOR('',#3382,1.);
#3382 = DIRECTION('',(1.,0.));
#3383 = ( GEOMETRIC_REPRESENTATION_CONTEXT(2) 
PARAMETRIC_REPRESENTATION_CONTEXT() REPRESENTATION_CONTEXT('2D SPACE',''
  ) );
#3384 = ORIENTED_EDGE('',*,*,#3385,.F.);
#3385 = EDGE_CURVE('',#3386,#3353,#3388,.T.);
#3386 = VERTEX_POINT('',#3387);
#3387 = CARTESIAN_POINT('',(15.825,10.625,-1.5));
#3388 = SURFACE_CURVE('',#3389,(#3393,#3399),.PCURVE_S1.);
#3389 = LINE('',#3390,#3391);
#3390 = CARTESIAN_POINT('',(-10.3125,10.625,-1.5));
#3391 = VECTOR('',#3392,1.);
#3392 = DIRECTION('',(1.,0.,-0.));
#3393 = PCURVE('',#44,#3394);
#3394 = DEFINITIONAL_REPRESENTATION('',(#3395),#3398);
#3395 = B_SPLINE_CURVE_WITH_KNOTS('',1,(#3396,#3397),.UNSPECIFIED.,.F.,
  .F.,(2,2),(26.1375,64.8875),.PIECEWISE_BEZIER_KNOTS.);
#3396 = CARTESIAN_POINT('',(91.025,25.625));
#3397 = CARTESIAN_POINT('',(129.775,25.625));
#3398 = ( GEOMETRIC_REPRESENTATION_CONTEXT(2) 
PARAMETRIC_REPRESENTATION_CONTEXT() REPRESENTATION_CONTEXT('2D SPACE',''
  ) );
#3399 = PCURVE('',#3400,#3405);
#3400 = PLANE('',#3401);
#3401 = AXIS2_PLACEMENT_3D('',#3402,#3403,#3404);
#3402 = CARTESIAN_POINT('',(54.575,10.625,0.));
#3403 = DIRECTION('',(0.,-1.,0.));
#3404 = DIRECTION('',(-1.,0.,0.));
#3405 = DEFINITIONAL_REPRESENTATION('',(#3406),#3409);
#3406 = B_SPLINE_CURVE_WITH_KNOTS('',1,(#3407,#3408),.UNSPECIFIED.,.F.,
  .F.,(2,2),(26.1375,64.8875),.PIECEWISE_BEZIER_KNOTS.);
#3407 = CARTESIAN_POINT('',(38.75,1.5));
#3408 = CARTESIAN_POINT('',(0.,1.5));
#3409 = ( GEOMETRIC_REPRESENTATION_CONTEXT(2) 
PARAMETRIC_REPRESENTATION_CONTEXT() REPRESENTATION_CONTEXT('2D SPACE',''
  ) );
#3410 = ORIENTED_EDGE('',*,*,#3411,.T.);
#3411 = EDGE_CURVE('',#3386,#3327,#3412,.T.);
#3412 = SURFACE_CURVE('',#3413,(#3418,#3429),.PCURVE_S1.);
#3413 = CIRCLE('',#3414,0.625);
#3414 = AXIS2_PLACEMENT_3D('',#3415,#3416,#3417);
#3415 = CARTESIAN_POINT('',(15.825,11.25,-1.5));
#3416 = DIRECTION('',(0.,-0.,-1.));
#3417 = DIRECTION('',(0.,-1.,0.));
#3418 = PCURVE('',#44,#3419);
#3419 = DEFINITIONAL_REPRESENTATION('',(#3420),#3428);
#3420 = ( BOUNDED_CURVE() B_SPLINE_CURVE(2,(#3421,#3422,#3423,#3424,
#3425,#3426,#3427),.UNSPECIFIED.,.T.,.F.) B_SPLINE_CURVE_WITH_KNOTS((1,2
    ,2,2,2,1),(-2.094395102393,0.,2.094395102393,4.188790204786,
6.28318530718,8.377580409573),.UNSPECIFIED.) CURVE() 
GEOMETRIC_REPRESENTATION_ITEM() RATIONAL_B_SPLINE_CURVE((1.,0.5,1.,0.5,
1.,0.5,1.)) REPRESENTATION_ITEM('') );
#3421 = CARTESIAN_POINT('',(91.025,25.625));
#3422 = CARTESIAN_POINT('',(89.942468245269,25.625));
#3423 = CARTESIAN_POINT('',(90.483734122635,26.5625));
#3424 = CARTESIAN_POINT('',(91.025,27.5));
#3425 = CARTESIAN_POINT('',(91.566265877365,26.5625));
#3426 = CARTESIAN_POINT('',(92.107531754731,25.625));
#3427 = CARTESIAN_POINT('',(91.025,25.625));
#3428 = ( GEOMETRIC_REPRESENTATION_CONTEXT(2) 
PARAMETRIC_REPRESENTATION_CONTEXT() REPRESENTATION_CONTEXT('2D SPACE',''
  ) );
#3429 = PCURVE('',#3430,#3435);
#3430 = CYLINDRICAL_SURFACE('',#3431,0.625);
#3431 = AXIS2_PLACEMENT_3D('',#3432,#3433,#3434);
#3432 = CARTESIAN_POINT('',(15.825,11.25,0.));
#3433 = DIRECTION('',(0.,-0.,-1.));
#3434 = DIRECTION('',(0.,-1.,0.));
#3435 = DEFINITIONAL_REPRESENTATION('',(#3436),#3440);
#3436 = LINE('',#3437,#3438);
#3437 = CARTESIAN_POINT('',(0.,1.5));
#3438 = VECTOR('',#3439,1.);
#3439 = DIRECTION('',(1.,0.));
#3440 = ( GEOMETRIC_REPRESENTATION_CONTEXT(2) 
PARAMETRIC_REPRESENTATION_CONTEXT() REPRESENTATION_CONTEXT('2D SPACE',''
  ) );
#3441 = FACE_BOUND('',#3442,.F.);
#3442 = EDGE_LOOP('',(#3443,#3471,#3504,#3530));
#3443 = ORIENTED_EDGE('',*,*,#3444,.F.);
#3444 = EDGE_CURVE('',#3445,#3447,#3449,.T.);
#3445 = VERTEX_POINT('',#3446);
#3446 = CARTESIAN_POINT('',(-0.625,54.575,-1.5));
#3447 = VERTEX_POINT('',#3448);
#3448 = CARTESIAN_POINT('',(-0.625,15.825,-1.5));
#3449 = SURFACE_CURVE('',#3450,(#3454,#3460),.PCURVE_S1.);
#3450 = LINE('',#3451,#3452);
#3451 = CARTESIAN_POINT('',(-0.625,0.4125,-1.5));
#3452 = VECTOR('',#3453,1.);
#3453 = DIRECTION('',(-1.110223024625E-16,-1.,0.));
#3454 = PCURVE('',#44,#3455);
#3455 = DEFINITIONAL_REPRESENTATION('',(#3456),#3459);
#3456 = B_SPLINE_CURVE_WITH_KNOTS('',1,(#3457,#3458),.UNSPECIFIED.,.F.,
  .F.,(2,2),(-54.1625,-15.4125),.PIECEWISE_BEZIER_KNOTS.);
#3457 = CARTESIAN_POINT('',(74.575,69.575));
#3458 = CARTESIAN_POINT('',(74.575,30.825));
#3459 = ( GEOMETRIC_REPRESENTATION_CONTEXT(2) 
PARAMETRIC_REPRESENTATION_CONTEXT() REPRESENTATION_CONTEXT('2D SPACE',''
  ) );
#3460 = PCURVE('',#3461,#3466);
#3461 = PLANE('',#3462);
#3462 = AXIS2_PLACEMENT_3D('',#3463,#3464,#3465);
#3463 = CARTESIAN_POINT('',(-0.625,15.825,0.));
#3464 = DIRECTION('',(-1.,1.110223024625E-16,0.));
#3465 = DIRECTION('',(1.110223024625E-16,1.,0.));
#3466 = DEFINITIONAL_REPRESENTATION('',(#3467),#3470);
#3467 = B_SPLINE_CURVE_WITH_KNOTS('',1,(#3468,#3469),.UNSPECIFIED.,.F.,
  .F.,(2,2),(-54.1625,-15.4125),.PIECEWISE_BEZIER_KNOTS.);
#3468 = CARTESIAN_POINT('',(38.75,1.5));
#3469 = CARTESIAN_POINT('',(0.,1.5));
#3470 = ( GEOMETRIC_REPRESENTATION_CONTEXT(2) 
PARAMETRIC_REPRESENTATION_CONTEXT() REPRESENTATION_CONTEXT('2D SPACE',''
  ) );
#3471 = ORIENTED_EDGE('',*,*,#3472,.T.);
#3472 = EDGE_CURVE('',#3445,#3473,#3475,.T.);
#3473 = VERTEX_POINT('',#3474);
#3474 = CARTESIAN_POINT('',(0.625,54.575,-1.5));
#3475 = SURFACE_CURVE('',#3476,(#3481,#3492),.PCURVE_S1.);
#3476 = CIRCLE('',#3477,0.625);
#3477 = AXIS2_PLACEMENT_3D('',#3478,#3479,#3480);
#3478 = CARTESIAN_POINT('',(2.206568261442E-15,54.575,-1.5));
#3479 = DIRECTION('',(0.,0.,-1.));
#3480 = DIRECTION('',(-1.,1.110223024625E-16,0.));
#3481 = PCURVE('',#44,#3482);
#3482 = DEFINITIONAL_REPRESENTATION('',(#3483),#3491);
#3483 = ( BOUNDED_CURVE() B_SPLINE_CURVE(2,(#3484,#3485,#3486,#3487,
#3488,#3489,#3490),.UNSPECIFIED.,.T.,.F.) B_SPLINE_CURVE_WITH_KNOTS((1,2
    ,2,2,2,1),(-2.094395102393,0.,2.094395102393,4.188790204786,
6.28318530718,8.377580409573),.UNSPECIFIED.) CURVE() 
GEOMETRIC_REPRESENTATION_ITEM() RATIONAL_B_SPLINE_CURVE((1.,0.5,1.,0.5,
1.,0.5,1.)) REPRESENTATION_ITEM('') );
#3484 = CARTESIAN_POINT('',(74.575,69.575));
#3485 = CARTESIAN_POINT('',(74.575,70.657531754731));
#3486 = CARTESIAN_POINT('',(75.5125,70.116265877365));
#3487 = CARTESIAN_POINT('',(76.45,69.575));
#3488 = CARTESIAN_POINT('',(75.5125,69.033734122635));
#3489 = CARTESIAN_POINT('',(74.575,68.492468245269));
#3490 = CARTESIAN_POINT('',(74.575,69.575));
#3491 = ( GEOMETRIC_REPRESENTATION_CONTEXT(2) 
PARAMETRIC_REPRESENTATION_CONTEXT() REPRESENTATION_CONTEXT('2D SPACE',''
  ) );
#3492 = PCURVE('',#3493,#3498);
#3493 = CYLINDRICAL_SURFACE('',#3494,0.625);
#3494 = AXIS2_PLACEMENT_3D('',#3495,#3496,#3497);
#3495 = CARTESIAN_POINT('',(2.206568261442E-15,54.575,0.));
#3496 = DIRECTION('',(0.,0.,-1.));
#3497 = DIRECTION('',(-1.,1.110223024625E-16,0.));
#3498 = DEFINITIONAL_REPRESENTATION('',(#3499),#3503);
#3499 = LINE('',#3500,#3501);
#3500 = CARTESIAN_POINT('',(0.,1.5));
#3501 = VECTOR('',#3502,1.);
#3502 = DIRECTION('',(1.,0.));
#3503 = ( GEOMETRIC_REPRESENTATION_CONTEXT(2) 
PARAMETRIC_REPRESENTATION_CONTEXT() REPRESENTATION_CONTEXT('2D SPACE',''
  ) );
#3504 = ORIENTED_EDGE('',*,*,#3505,.F.);
#3505 = EDGE_CURVE('',#3506,#3473,#3508,.T.);
#3506 = VERTEX_POINT('',#3507);
#3507 = CARTESIAN_POINT('',(0.625,15.825,-1.5));
#3508 = SURFACE_CURVE('',#3509,(#3513,#3519),.PCURVE_S1.);
#3509 = LINE('',#3510,#3511);
#3510 = CARTESIAN_POINT('',(0.625,19.7875,-1.5));
#3511 = VECTOR('',#3512,1.);
#3512 = DIRECTION('',(1.110223024625E-16,1.,-0.));
#3513 = PCURVE('',#44,#3514);
#3514 = DEFINITIONAL_REPRESENTATION('',(#3515),#3518);
#3515 = B_SPLINE_CURVE_WITH_KNOTS('',1,(#3516,#3517),.UNSPECIFIED.,.F.,
  .F.,(2,2),(-3.9625,34.7875),.PIECEWISE_BEZIER_KNOTS.);
#3516 = CARTESIAN_POINT('',(75.825,30.825));
#3517 = CARTESIAN_POINT('',(75.825,69.575));
#3518 = ( GEOMETRIC_REPRESENTATION_CONTEXT(2) 
PARAMETRIC_REPRESENTATION_CONTEXT() REPRESENTATION_CONTEXT('2D SPACE',''
  ) );
#3519 = PCURVE('',#3520,#3525);
#3520 = PLANE('',#3521);
#3521 = AXIS2_PLACEMENT_3D('',#3522,#3523,#3524);
#3522 = CARTESIAN_POINT('',(0.625,54.575,0.));
#3523 = DIRECTION('',(1.,-1.110223024625E-16,0.));
#3524 = DIRECTION('',(-1.110223024625E-16,-1.,0.));
#3525 = DEFINITIONAL_REPRESENTATION('',(#3526),#3529);
#3526 = B_SPLINE_CURVE_WITH_KNOTS('',1,(#3527,#3528),.UNSPECIFIED.,.F.,
  .F.,(2,2),(-3.9625,34.7875),.PIECEWISE_BEZIER_KNOTS.);
#3527 = CARTESIAN_POINT('',(38.75,1.5));
#3528 = CARTESIAN_POINT('',(0.,1.5));
#3529 = ( GEOMETRIC_REPRESENTATION_CONTEXT(2) 
PARAMETRIC_REPRESENTATION_CONTEXT() REPRESENTATION_CONTEXT('2D SPACE',''
  ) );
#3530 = ORIENTED_EDGE('',*,*,#3531,.T.);
#3531 = EDGE_CURVE('',#3506,#3447,#3532,.T.);
#3532 = SURFACE_CURVE('',#3533,(#3538,#3549),.PCURVE_S1.);
#3533 = CIRCLE('',#3534,0.625);
#3534 = AXIS2_PLACEMENT_3D('',#3535,#3536,#3537);
#3535 = CARTESIAN_POINT('',(-2.206568261442E-15,15.825,-1.5));
#3536 = DIRECTION('',(0.,-0.,-1.));
#3537 = DIRECTION('',(1.,-1.110223024625E-16,0.));
#3538 = PCURVE('',#44,#3539);
#3539 = DEFINITIONAL_REPRESENTATION('',(#3540),#3548);
#3540 = ( BOUNDED_CURVE() B_SPLINE_CURVE(2,(#3541,#3542,#3543,#3544,
#3545,#3546,#3547),.UNSPECIFIED.,.T.,.F.) B_SPLINE_CURVE_WITH_KNOTS((1,2
    ,2,2,2,1),(-2.094395102393,0.,2.094395102393,4.188790204786,
6.28318530718,8.377580409573),.UNSPECIFIED.) CURVE() 
GEOMETRIC_REPRESENTATION_ITEM() RATIONAL_B_SPLINE_CURVE((1.,0.5,1.,0.5,
1.,0.5,1.)) REPRESENTATION_ITEM('') );
#3541 = CARTESIAN_POINT('',(75.825,30.825));
#3542 = CARTESIAN_POINT('',(75.825,29.742468245269));
#3543 = CARTESIAN_POINT('',(74.8875,30.283734122635));
#3544 = CARTESIAN_POINT('',(73.95,30.825));
#3545 = CARTESIAN_POINT('',(74.8875,31.366265877365));
#3546 = CARTESIAN_POINT('',(75.825,31.907531754731));
#3547 = CARTESIAN_POINT('',(75.825,30.825));
#3548 = ( GEOMETRIC_REPRESENTATION_CONTEXT(2) 
PARAMETRIC_REPRESENTATION_CONTEXT() REPRESENTATION_CONTEXT('2D SPACE',''
  ) );
#3549 = PCURVE('',#3550,#3555);
#3550 = CYLINDRICAL_SURFACE('',#3551,0.625);
#3551 = AXIS2_PLACEMENT_3D('',#3552,#3553,#3554);
#3552 = CARTESIAN_POINT('',(-2.206568261442E-15,15.825,0.));
#3553 = DIRECTION('',(0.,-0.,-1.));
#3554 = DIRECTION('',(1.,-1.110223024625E-16,0.));
#3555 = DEFINITIONAL_REPRESENTATION('',(#3556),#3560);
#3556 = LINE('',#3557,#3558);
#3557 = CARTESIAN_POINT('',(0.,1.5));
#3558 = VECTOR('',#3559,1.);
#3559 = DIRECTION('',(1.,0.));
#3560 = ( GEOMETRIC_REPRESENTATION_CONTEXT(2) 
PARAMETRIC_REPRESENTATION_CONTEXT() REPRESENTATION_CONTEXT('2D SPACE',''
  ) );
#3561 = FACE_BOUND('',#3562,.F.);
#3562 = EDGE_LOOP('',(#3563,#3591,#3624,#3650));
#3563 = ORIENTED_EDGE('',*,*,#3564,.F.);
#3564 = EDGE_CURVE('',#3565,#3567,#3569,.T.);
#3565 = VERTEX_POINT('',#3566);
#3566 = CARTESIAN_POINT('',(3.125,54.575,-1.5));
#3567 = VERTEX_POINT('',#3568);
#3568 = CARTESIAN_POINT('',(3.125,15.825,-1.5));
#3569 = SURFACE_CURVE('',#3570,(#3574,#3580),.PCURVE_S1.);
#3570 = LINE('',#3571,#3572);
#3571 = CARTESIAN_POINT('',(3.125,0.4125,-1.5));
#3572 = VECTOR('',#3573,1.);
#3573 = DIRECTION('',(-1.110223024625E-16,-1.,0.));
#3574 = PCURVE('',#44,#3575);
#3575 = DEFINITIONAL_REPRESENTATION('',(#3576),#3579);
#3576 = B_SPLINE_CURVE_WITH_KNOTS('',1,(#3577,#3578),.UNSPECIFIED.,.F.,
  .F.,(2,2),(-54.1625,-15.4125),.PIECEWISE_BEZIER_KNOTS.);
#3577 = CARTESIAN_POINT('',(78.325,69.575));
#3578 = CARTESIAN_POINT('',(78.325,30.825));
#3579 = ( GEOMETRIC_REPRESENTATION_CONTEXT(2) 
PARAMETRIC_REPRESENTATION_CONTEXT() REPRESENTATION_CONTEXT('2D SPACE',''
  ) );
#3580 = PCURVE('',#3581,#3586);
#3581 = PLANE('',#3582);
#3582 = AXIS2_PLACEMENT_3D('',#3583,#3584,#3585);
#3583 = CARTESIAN_POINT('',(3.125,15.825,0.));
#3584 = DIRECTION('',(-1.,1.110223024625E-16,0.));
#3585 = DIRECTION('',(1.110223024625E-16,1.,0.));
#3586 = DEFINITIONAL_REPRESENTATION('',(#3587),#3590);
#3587 = B_SPLINE_CURVE_WITH_KNOTS('',1,(#3588,#3589),.UNSPECIFIED.,.F.,
  .F.,(2,2),(-54.1625,-15.4125),.PIECEWISE_BEZIER_KNOTS.);
#3588 = CARTESIAN_POINT('',(38.75,1.5));
#3589 = CARTESIAN_POINT('',(0.,1.5));
#3590 = ( GEOMETRIC_REPRESENTATION_CONTEXT(2) 
PARAMETRIC_REPRESENTATION_CONTEXT() REPRESENTATION_CONTEXT('2D SPACE',''
  ) );
#3591 = ORIENTED_EDGE('',*,*,#3592,.T.);
#3592 = EDGE_CURVE('',#3565,#3593,#3595,.T.);
#3593 = VERTEX_POINT('',#3594);
#3594 = CARTESIAN_POINT('',(4.375,54.575,-1.5));
#3595 = SURFACE_CURVE('',#3596,(#3601,#3612),.PCURVE_S1.);
#3596 = CIRCLE('',#3597,0.625);
#3597 = AXIS2_PLACEMENT_3D('',#3598,#3599,#3600);
#3598 = CARTESIAN_POINT('',(3.75,54.575,-1.5));
#3599 = DIRECTION('',(0.,0.,-1.));
#3600 = DIRECTION('',(-1.,1.110223024625E-16,0.));
#3601 = PCURVE('',#44,#3602);
#3602 = DEFINITIONAL_REPRESENTATION('',(#3603),#3611);
#3603 = ( BOUNDED_CURVE() B_SPLINE_CURVE(2,(#3604,#3605,#3606,#3607,
#3608,#3609,#3610),.UNSPECIFIED.,.T.,.F.) B_SPLINE_CURVE_WITH_KNOTS((1,2
    ,2,2,2,1),(-2.094395102393,0.,2.094395102393,4.188790204786,
6.28318530718,8.377580409573),.UNSPECIFIED.) CURVE() 
GEOMETRIC_REPRESENTATION_ITEM() RATIONAL_B_SPLINE_CURVE((1.,0.5,1.,0.5,
1.,0.5,1.)) REPRESENTATION_ITEM('') );
#3604 = CARTESIAN_POINT('',(78.325,69.575));
#3605 = CARTESIAN_POINT('',(78.325,70.657531754731));
#3606 = CARTESIAN_POINT('',(79.2625,70.116265877365));
#3607 = CARTESIAN_POINT('',(80.2,69.575));
#3608 = CARTESIAN_POINT('',(79.2625,69.033734122635));
#3609 = CARTESIAN_POINT('',(78.325,68.492468245269));
#3610 = CARTESIAN_POINT('',(78.325,69.575));
#3611 = ( GEOMETRIC_REPRESENTATION_CONTEXT(2) 
PARAMETRIC_REPRESENTATION_CONTEXT() REPRESENTATION_CONTEXT('2D SPACE',''
  ) );
#3612 = PCURVE('',#3613,#3618);
#3613 = CYLINDRICAL_SURFACE('',#3614,0.625);
#3614 = AXIS2_PLACEMENT_3D('',#3615,#3616,#3617);
#3615 = CARTESIAN_POINT('',(3.75,54.575,0.));
#3616 = DIRECTION('',(0.,0.,-1.));
#3617 = DIRECTION('',(-1.,1.110223024625E-16,0.));
#3618 = DEFINITIONAL_REPRESENTATION('',(#3619),#3623);
#3619 = LINE('',#3620,#3621);
#3620 = CARTESIAN_POINT('',(0.,1.5));
#3621 = VECTOR('',#3622,1.);
#3622 = DIRECTION('',(1.,0.));
#3623 = ( GEOMETRIC_REPRESENTATION_CONTEXT(2) 
PARAMETRIC_REPRESENTATION_CONTEXT() REPRESENTATION_CONTEXT('2D SPACE',''
  ) );
#3624 = ORIENTED_EDGE('',*,*,#3625,.F.);
#3625 = EDGE_CURVE('',#3626,#3593,#3628,.T.);
#3626 = VERTEX_POINT('',#3627);
#3627 = CARTESIAN_POINT('',(4.375,15.825,-1.5));
#3628 = SURFACE_CURVE('',#3629,(#3633,#3639),.PCURVE_S1.);
#3629 = LINE('',#3630,#3631);
#3630 = CARTESIAN_POINT('',(4.375,19.7875,-1.5));
#3631 = VECTOR('',#3632,1.);
#3632 = DIRECTION('',(1.110223024625E-16,1.,-0.));
#3633 = PCURVE('',#44,#3634);
#3634 = DEFINITIONAL_REPRESENTATION('',(#3635),#3638);
#3635 = B_SPLINE_CURVE_WITH_KNOTS('',1,(#3636,#3637),.UNSPECIFIED.,.F.,
  .F.,(2,2),(-3.9625,34.7875),.PIECEWISE_BEZIER_KNOTS.);
#3636 = CARTESIAN_POINT('',(79.575,30.825));
#3637 = CARTESIAN_POINT('',(79.575,69.575));
#3638 = ( GEOMETRIC_REPRESENTATION_CONTEXT(2) 
PARAMETRIC_REPRESENTATION_CONTEXT() REPRESENTATION_CONTEXT('2D SPACE',''
  ) );
#3639 = PCURVE('',#3640,#3645);
#3640 = PLANE('',#3641);
#3641 = AXIS2_PLACEMENT_3D('',#3642,#3643,#3644);
#3642 = CARTESIAN_POINT('',(4.375,54.575,0.));
#3643 = DIRECTION('',(1.,-1.110223024625E-16,0.));
#3644 = DIRECTION('',(-1.110223024625E-16,-1.,0.));
#3645 = DEFINITIONAL_REPRESENTATION('',(#3646),#3649);
#3646 = B_SPLINE_CURVE_WITH_KNOTS('',1,(#3647,#3648),.UNSPECIFIED.,.F.,
  .F.,(2,2),(-3.9625,34.7875),.PIECEWISE_BEZIER_KNOTS.);
#3647 = CARTESIAN_POINT('',(38.75,1.5));
#3648 = CARTESIAN_POINT('',(0.,1.5));
#3649 = ( GEOMETRIC_REPRESENTATION_CONTEXT(2) 
PARAMETRIC_REPRESENTATION_CONTEXT() REPRESENTATION_CONTEXT('2D SPACE',''
  ) );
#3650 = ORIENTED_EDGE('',*,*,#3651,.T.);
#3651 = EDGE_CURVE('',#3626,#3567,#3652,.T.);
#3652 = SURFACE_CURVE('',#3653,(#3658,#3669),.PCURVE_S1.);
#3653 = CIRCLE('',#3654,0.625);
#3654 = AXIS2_PLACEMENT_3D('',#3655,#3656,#3657);
#3655 = CARTESIAN_POINT('',(3.75,15.825,-1.5));
#3656 = DIRECTION('',(0.,-0.,-1.));
#3657 = DIRECTION('',(1.,-1.110223024625E-16,0.));
#3658 = PCURVE('',#44,#3659);
#3659 = DEFINITIONAL_REPRESENTATION('',(#3660),#3668);
#3660 = ( BOUNDED_CURVE() B_SPLINE_CURVE(2,(#3661,#3662,#3663,#3664,
#3665,#3666,#3667),.UNSPECIFIED.,.T.,.F.) B_SPLINE_CURVE_WITH_KNOTS((1,2
    ,2,2,2,1),(-2.094395102393,0.,2.094395102393,4.188790204786,
6.28318530718,8.377580409573),.UNSPECIFIED.) CURVE() 
GEOMETRIC_REPRESENTATION_ITEM() RATIONAL_B_SPLINE_CURVE((1.,0.5,1.,0.5,
1.,0.5,1.)) REPRESENTATION_ITEM('') );
#3661 = CARTESIAN_POINT('',(79.575,30.825));
#3662 = CARTESIAN_POINT('',(79.575,29.742468245269));
#3663 = CARTESIAN_POINT('',(78.6375,30.283734122635));
#3664 = CARTESIAN_POINT('',(77.7,30.825));
#3665 = CARTESIAN_POINT('',(78.6375,31.366265877365));
#3666 = CARTESIAN_POINT('',(79.575,31.907531754731));
#3667 = CARTESIAN_POINT('',(79.575,30.825));
#3668 = ( GEOMETRIC_REPRESENTATION_CONTEXT(2) 
PARAMETRIC_REPRESENTATION_CONTEXT() REPRESENTATION_CONTEXT('2D SPACE',''
  ) );
#3669 = PCURVE('',#3670,#3675);
#3670 = CYLINDRICAL_SURFACE('',#3671,0.625);
#3671 = AXIS2_PLACEMENT_3D('',#3672,#3673,#3674);
#3672 = CARTESIAN_POINT('',(3.75,15.825,0.));
#3673 = DIRECTION('',(0.,-0.,-1.));
#3674 = DIRECTION('',(1.,-1.110223024625E-16,0.));
#3675 = DEFINITIONAL_REPRESENTATION('',(#3676),#3680);
#3676 = LINE('',#3677,#3678);
#3677 = CARTESIAN_POINT('',(0.,1.5));
#3678 = VECTOR('',#3679,1.);
#3679 = DIRECTION('',(1.,0.));
#3680 = ( GEOMETRIC_REPRESENTATION_CONTEXT(2) 
PARAMETRIC_REPRESENTATION_CONTEXT() REPRESENTATION_CONTEXT('2D SPACE',''
  ) );
#3681 = FACE_BOUND('',#3682,.F.);
#3682 = EDGE_LOOP('',(#3683,#3711,#3744,#3770));
#3683 = ORIENTED_EDGE('',*,*,#3684,.F.);
#3684 = EDGE_CURVE('',#3685,#3687,#3689,.T.);
#3685 = VERTEX_POINT('',#3686);
#3686 = CARTESIAN_POINT('',(6.875,54.575,-1.5));
#3687 = VERTEX_POINT('',#3688);
#3688 = CARTESIAN_POINT('',(6.875,15.825,-1.5));
#3689 = SURFACE_CURVE('',#3690,(#3694,#3700),.PCURVE_S1.);
#3690 = LINE('',#3691,#3692);
#3691 = CARTESIAN_POINT('',(6.875,0.4125,-1.5));
#3692 = VECTOR('',#3693,1.);
#3693 = DIRECTION('',(-1.110223024625E-16,-1.,0.));
#3694 = PCURVE('',#44,#3695);
#3695 = DEFINITIONAL_REPRESENTATION('',(#3696),#3699);
#3696 = B_SPLINE_CURVE_WITH_KNOTS('',1,(#3697,#3698),.UNSPECIFIED.,.F.,
  .F.,(2,2),(-54.1625,-15.4125),.PIECEWISE_BEZIER_KNOTS.);
#3697 = CARTESIAN_POINT('',(82.075,69.575));
#3698 = CARTESIAN_POINT('',(82.075,30.825));
#3699 = ( GEOMETRIC_REPRESENTATION_CONTEXT(2) 
PARAMETRIC_REPRESENTATION_CONTEXT() REPRESENTATION_CONTEXT('2D SPACE',''
  ) );
#3700 = PCURVE('',#3701,#3706);
#3701 = PLANE('',#3702);
#3702 = AXIS2_PLACEMENT_3D('',#3703,#3704,#3705);
#3703 = CARTESIAN_POINT('',(6.875,15.825,0.));
#3704 = DIRECTION('',(-1.,1.110223024625E-16,0.));
#3705 = DIRECTION('',(1.110223024625E-16,1.,0.));
#3706 = DEFINITIONAL_REPRESENTATION('',(#3707),#3710);
#3707 = B_SPLINE_CURVE_WITH_KNOTS('',1,(#3708,#3709),.UNSPECIFIED.,.F.,
  .F.,(2,2),(-54.1625,-15.4125),.PIECEWISE_BEZIER_KNOTS.);
#3708 = CARTESIAN_POINT('',(38.75,1.5));
#3709 = CARTESIAN_POINT('',(0.,1.5));
#3710 = ( GEOMETRIC_REPRESENTATION_CONTEXT(2) 
PARAMETRIC_REPRESENTATION_CONTEXT() REPRESENTATION_CONTEXT('2D SPACE',''
  ) );
#3711 = ORIENTED_EDGE('',*,*,#3712,.T.);
#3712 = EDGE_CURVE('',#3685,#3713,#3715,.T.);
#3713 = VERTEX_POINT('',#3714);
#3714 = CARTESIAN_POINT('',(8.125,54.575,-1.5));
#3715 = SURFACE_CURVE('',#3716,(#3721,#3732),.PCURVE_S1.);
#3716 = CIRCLE('',#3717,0.625);
#3717 = AXIS2_PLACEMENT_3D('',#3718,#3719,#3720);
#3718 = CARTESIAN_POINT('',(7.5,54.575,-1.5));
#3719 = DIRECTION('',(0.,0.,-1.));
#3720 = DIRECTION('',(-1.,1.110223024625E-16,0.));
#3721 = PCURVE('',#44,#3722);
#3722 = DEFINITIONAL_REPRESENTATION('',(#3723),#3731);
#3723 = ( BOUNDED_CURVE() B_SPLINE_CURVE(2,(#3724,#3725,#3726,#3727,
#3728,#3729,#3730),.UNSPECIFIED.,.T.,.F.) B_SPLINE_CURVE_WITH_KNOTS((1,2
    ,2,2,2,1),(-2.094395102393,0.,2.094395102393,4.188790204786,
6.28318530718,8.377580409573),.UNSPECIFIED.) CURVE() 
GEOMETRIC_REPRESENTATION_ITEM() RATIONAL_B_SPLINE_CURVE((1.,0.5,1.,0.5,
1.,0.5,1.)) REPRESENTATION_ITEM('') );
#3724 = CARTESIAN_POINT('',(82.075,69.575));
#3725 = CARTESIAN_POINT('',(82.075,70.657531754731));
#3726 = CARTESIAN_POINT('',(83.0125,70.116265877365));
#3727 = CARTESIAN_POINT('',(83.95,69.575));
#3728 = CARTESIAN_POINT('',(83.0125,69.033734122635));
#3729 = CARTESIAN_POINT('',(82.075,68.492468245269));
#3730 = CARTESIAN_POINT('',(82.075,69.575));
#3731 = ( GEOMETRIC_REPRESENTATION_CONTEXT(2) 
PARAMETRIC_REPRESENTATION_CONTEXT() REPRESENTATION_CONTEXT('2D SPACE',''
  ) );
#3732 = PCURVE('',#3733,#3738);
#3733 = CYLINDRICAL_SURFACE('',#3734,0.625);
#3734 = AXIS2_PLACEMENT_3D('',#3735,#3736,#3737);
#3735 = CARTESIAN_POINT('',(7.5,54.575,0.));
#3736 = DIRECTION('',(0.,0.,-1.));
#3737 = DIRECTION('',(-1.,1.110223024625E-16,0.));
#3738 = DEFINITIONAL_REPRESENTATION('',(#3739),#3743);
#3739 = LINE('',#3740,#3741);
#3740 = CARTESIAN_POINT('',(0.,1.5));
#3741 = VECTOR('',#3742,1.);
#3742 = DIRECTION('',(1.,0.));
#3743 = ( GEOMETRIC_REPRESENTATION_CONTEXT(2) 
PARAMETRIC_REPRESENTATION_CONTEXT() REPRESENTATION_CONTEXT('2D SPACE',''
  ) );
#3744 = ORIENTED_EDGE('',*,*,#3745,.F.);
#3745 = EDGE_CURVE('',#3746,#3713,#3748,.T.);
#3746 = VERTEX_POINT('',#3747);
#3747 = CARTESIAN_POINT('',(8.125,15.825,-1.5));
#3748 = SURFACE_CURVE('',#3749,(#3753,#3759),.PCURVE_S1.);
#3749 = LINE('',#3750,#3751);
#3750 = CARTESIAN_POINT('',(8.125,19.7875,-1.5));
#3751 = VECTOR('',#3752,1.);
#3752 = DIRECTION('',(1.110223024625E-16,1.,-0.));
#3753 = PCURVE('',#44,#3754);
#3754 = DEFINITIONAL_REPRESENTATION('',(#3755),#3758);
#3755 = B_SPLINE_CURVE_WITH_KNOTS('',1,(#3756,#3757),.UNSPECIFIED.,.F.,
  .F.,(2,2),(-3.9625,34.7875),.PIECEWISE_BEZIER_KNOTS.);
#3756 = CARTESIAN_POINT('',(83.325,30.825));
#3757 = CARTESIAN_POINT('',(83.325,69.575));
#3758 = ( GEOMETRIC_REPRESENTATION_CONTEXT(2) 
PARAMETRIC_REPRESENTATION_CONTEXT() REPRESENTATION_CONTEXT('2D SPACE',''
  ) );
#3759 = PCURVE('',#3760,#3765);
#3760 = PLANE('',#3761);
#3761 = AXIS2_PLACEMENT_3D('',#3762,#3763,#3764);
#3762 = CARTESIAN_POINT('',(8.125,54.575,0.));
#3763 = DIRECTION('',(1.,-1.110223024625E-16,0.));
#3764 = DIRECTION('',(-1.110223024625E-16,-1.,0.));
#3765 = DEFINITIONAL_REPRESENTATION('',(#3766),#3769);
#3766 = B_SPLINE_CURVE_WITH_KNOTS('',1,(#3767,#3768),.UNSPECIFIED.,.F.,
  .F.,(2,2),(-3.9625,34.7875),.PIECEWISE_BEZIER_KNOTS.);
#3767 = CARTESIAN_POINT('',(38.75,1.5));
#3768 = CARTESIAN_POINT('',(0.,1.5));
#3769 = ( GEOMETRIC_REPRESENTATION_CONTEXT(2) 
PARAMETRIC_REPRESENTATION_CONTEXT() REPRESENTATION_CONTEXT('2D SPACE',''
  ) );
#3770 = ORIENTED_EDGE('',*,*,#3771,.T.);
#3771 = EDGE_CURVE('',#3746,#3687,#3772,.T.);
#3772 = SURFACE_CURVE('',#3773,(#3778,#3789),.PCURVE_S1.);
#3773 = CIRCLE('',#3774,0.625);
#3774 = AXIS2_PLACEMENT_3D('',#3775,#3776,#3777);
#3775 = CARTESIAN_POINT('',(7.5,15.825,-1.5));
#3776 = DIRECTION('',(0.,-0.,-1.));
#3777 = DIRECTION('',(1.,-1.110223024625E-16,0.));
#3778 = PCURVE('',#44,#3779);
#3779 = DEFINITIONAL_REPRESENTATION('',(#3780),#3788);
#3780 = ( BOUNDED_CURVE() B_SPLINE_CURVE(2,(#3781,#3782,#3783,#3784,
#3785,#3786,#3787),.UNSPECIFIED.,.T.,.F.) B_SPLINE_CURVE_WITH_KNOTS((1,2
    ,2,2,2,1),(-2.094395102393,0.,2.094395102393,4.188790204786,
6.28318530718,8.377580409573),.UNSPECIFIED.) CURVE() 
GEOMETRIC_REPRESENTATION_ITEM() RATIONAL_B_SPLINE_CURVE((1.,0.5,1.,0.5,
1.,0.5,1.)) REPRESENTATION_ITEM('') );
#3781 = CARTESIAN_POINT('',(83.325,30.825));
#3782 = CARTESIAN_POINT('',(83.325,29.742468245269));
#3783 = CARTESIAN_POINT('',(82.3875,30.283734122635));
#3784 = CARTESIAN_POINT('',(81.45,30.825));
#3785 = CARTESIAN_POINT('',(82.3875,31.366265877365));
#3786 = CARTESIAN_POINT('',(83.325,31.907531754731));
#3787 = CARTESIAN_POINT('',(83.325,30.825));
#3788 = ( GEOMETRIC_REPRESENTATION_CONTEXT(2) 
PARAMETRIC_REPRESENTATION_CONTEXT() REPRESENTATION_CONTEXT('2D SPACE',''
  ) );
#3789 = PCURVE('',#3790,#3795);
#3790 = CYLINDRICAL_SURFACE('',#3791,0.625);
#3791 = AXIS2_PLACEMENT_3D('',#3792,#3793,#3794);
#3792 = CARTESIAN_POINT('',(7.5,15.825,0.));
#3793 = DIRECTION('',(0.,-0.,-1.));
#3794 = DIRECTION('',(1.,-1.110223024625E-16,0.));
#3795 = DEFINITIONAL_REPRESENTATION('',(#3796),#3800);
#3796 = LINE('',#3797,#3798);
#3797 = CARTESIAN_POINT('',(0.,1.5));
#3798 = VECTOR('',#3799,1.);
#3799 = DIRECTION('',(1.,0.));
#3800 = ( GEOMETRIC_REPRESENTATION_CONTEXT(2) 
PARAMETRIC_REPRESENTATION_CONTEXT() REPRESENTATION_CONTEXT('2D SPACE',''
  ) );
#3801 = FACE_BOUND('',#3802,.F.);
#3802 = EDGE_LOOP('',(#3803,#3831,#3864,#3890));
#3803 = ORIENTED_EDGE('',*,*,#3804,.F.);
#3804 = EDGE_CURVE('',#3805,#3807,#3809,.T.);
#3805 = VERTEX_POINT('',#3806);
#3806 = CARTESIAN_POINT('',(10.625,54.575,-1.5));
#3807 = VERTEX_POINT('',#3808);
#3808 = CARTESIAN_POINT('',(10.625,15.825,-1.5));
#3809 = SURFACE_CURVE('',#3810,(#3814,#3820),.PCURVE_S1.);
#3810 = LINE('',#3811,#3812);
#3811 = CARTESIAN_POINT('',(10.625,0.4125,-1.5));
#3812 = VECTOR('',#3813,1.);
#3813 = DIRECTION('',(-1.110223024625E-16,-1.,0.));
#3814 = PCURVE('',#44,#3815);
#3815 = DEFINITIONAL_REPRESENTATION('',(#3816),#3819);
#3816 = B_SPLINE_CURVE_WITH_KNOTS('',1,(#3817,#3818),.UNSPECIFIED.,.F.,
  .F.,(2,2),(-54.1625,-15.4125),.PIECEWISE_BEZIER_KNOTS.);
#3817 = CARTESIAN_POINT('',(85.825,69.575));
#3818 = CARTESIAN_POINT('',(85.825,30.825));
#3819 = ( GEOMETRIC_REPRESENTATION_CONTEXT(2) 
PARAMETRIC_REPRESENTATION_CONTEXT() REPRESENTATION_CONTEXT('2D SPACE',''
  ) );
#3820 = PCURVE('',#3821,#3826);
#3821 = PLANE('',#3822);
#3822 = AXIS2_PLACEMENT_3D('',#3823,#3824,#3825);
#3823 = CARTESIAN_POINT('',(10.625,15.825,0.));
#3824 = DIRECTION('',(-1.,1.110223024625E-16,0.));
#3825 = DIRECTION('',(1.110223024625E-16,1.,0.));
#3826 = DEFINITIONAL_REPRESENTATION('',(#3827),#3830);
#3827 = B_SPLINE_CURVE_WITH_KNOTS('',1,(#3828,#3829),.UNSPECIFIED.,.F.,
  .F.,(2,2),(-54.1625,-15.4125),.PIECEWISE_BEZIER_KNOTS.);
#3828 = CARTESIAN_POINT('',(38.75,1.5));
#3829 = CARTESIAN_POINT('',(0.,1.5));
#3830 = ( GEOMETRIC_REPRESENTATION_CONTEXT(2) 
PARAMETRIC_REPRESENTATION_CONTEXT() REPRESENTATION_CONTEXT('2D SPACE',''
  ) );
#3831 = ORIENTED_EDGE('',*,*,#3832,.T.);
#3832 = EDGE_CURVE('',#3805,#3833,#3835,.T.);
#3833 = VERTEX_POINT('',#3834);
#3834 = CARTESIAN_POINT('',(11.875,54.575,-1.5));
#3835 = SURFACE_CURVE('',#3836,(#3841,#3852),.PCURVE_S1.);
#3836 = CIRCLE('',#3837,0.625);
#3837 = AXIS2_PLACEMENT_3D('',#3838,#3839,#3840);
#3838 = CARTESIAN_POINT('',(11.25,54.575,-1.5));
#3839 = DIRECTION('',(0.,0.,-1.));
#3840 = DIRECTION('',(-1.,1.110223024625E-16,0.));
#3841 = PCURVE('',#44,#3842);
#3842 = DEFINITIONAL_REPRESENTATION('',(#3843),#3851);
#3843 = ( BOUNDED_CURVE() B_SPLINE_CURVE(2,(#3844,#3845,#3846,#3847,
#3848,#3849,#3850),.UNSPECIFIED.,.T.,.F.) B_SPLINE_CURVE_WITH_KNOTS((1,2
    ,2,2,2,1),(-2.094395102393,0.,2.094395102393,4.188790204786,
6.28318530718,8.377580409573),.UNSPECIFIED.) CURVE() 
GEOMETRIC_REPRESENTATION_ITEM() RATIONAL_B_SPLINE_CURVE((1.,0.5,1.,0.5,
1.,0.5,1.)) REPRESENTATION_ITEM('') );
#3844 = CARTESIAN_POINT('',(85.825,69.575));
#3845 = CARTESIAN_POINT('',(85.825,70.657531754731));
#3846 = CARTESIAN_POINT('',(86.7625,70.116265877365));
#3847 = CARTESIAN_POINT('',(87.7,69.575));
#3848 = CARTESIAN_POINT('',(86.7625,69.033734122635));
#3849 = CARTESIAN_POINT('',(85.825,68.492468245269));
#3850 = CARTESIAN_POINT('',(85.825,69.575));
#3851 = ( GEOMETRIC_REPRESENTATION_CONTEXT(2) 
PARAMETRIC_REPRESENTATION_CONTEXT() REPRESENTATION_CONTEXT('2D SPACE',''
  ) );
#3852 = PCURVE('',#3853,#3858);
#3853 = CYLINDRICAL_SURFACE('',#3854,0.625);
#3854 = AXIS2_PLACEMENT_3D('',#3855,#3856,#3857);
#3855 = CARTESIAN_POINT('',(11.25,54.575,0.));
#3856 = DIRECTION('',(0.,0.,-1.));
#3857 = DIRECTION('',(-1.,1.110223024625E-16,0.));
#3858 = DEFINITIONAL_REPRESENTATION('',(#3859),#3863);
#3859 = LINE('',#3860,#3861);
#3860 = CARTESIAN_POINT('',(0.,1.5));
#3861 = VECTOR('',#3862,1.);
#3862 = DIRECTION('',(1.,0.));
#3863 = ( GEOMETRIC_REPRESENTATION_CONTEXT(2) 
PARAMETRIC_REPRESENTATION_CONTEXT() REPRESENTATION_CONTEXT('2D SPACE',''
  ) );
#3864 = ORIENTED_EDGE('',*,*,#3865,.F.);
#3865 = EDGE_CURVE('',#3866,#3833,#3868,.T.);
#3866 = VERTEX_POINT('',#3867);
#3867 = CARTESIAN_POINT('',(11.875,15.825,-1.5));
#3868 = SURFACE_CURVE('',#3869,(#3873,#3879),.PCURVE_S1.);
#3869 = LINE('',#3870,#3871);
#3870 = CARTESIAN_POINT('',(11.875,19.7875,-1.5));
#3871 = VECTOR('',#3872,1.);
#3872 = DIRECTION('',(1.110223024625E-16,1.,-0.));
#3873 = PCURVE('',#44,#3874);
#3874 = DEFINITIONAL_REPRESENTATION('',(#3875),#3878);
#3875 = B_SPLINE_CURVE_WITH_KNOTS('',1,(#3876,#3877),.UNSPECIFIED.,.F.,
  .F.,(2,2),(-3.9625,34.7875),.PIECEWISE_BEZIER_KNOTS.);
#3876 = CARTESIAN_POINT('',(87.075,30.825));
#3877 = CARTESIAN_POINT('',(87.075,69.575));
#3878 = ( GEOMETRIC_REPRESENTATION_CONTEXT(2) 
PARAMETRIC_REPRESENTATION_CONTEXT() REPRESENTATION_CONTEXT('2D SPACE',''
  ) );
#3879 = PCURVE('',#3880,#3885);
#3880 = PLANE('',#3881);
#3881 = AXIS2_PLACEMENT_3D('',#3882,#3883,#3884);
#3882 = CARTESIAN_POINT('',(11.875,54.575,0.));
#3883 = DIRECTION('',(1.,-1.110223024625E-16,0.));
#3884 = DIRECTION('',(-1.110223024625E-16,-1.,0.));
#3885 = DEFINITIONAL_REPRESENTATION('',(#3886),#3889);
#3886 = B_SPLINE_CURVE_WITH_KNOTS('',1,(#3887,#3888),.UNSPECIFIED.,.F.,
  .F.,(2,2),(-3.9625,34.7875),.PIECEWISE_BEZIER_KNOTS.);
#3887 = CARTESIAN_POINT('',(38.75,1.5));
#3888 = CARTESIAN_POINT('',(0.,1.5));
#3889 = ( GEOMETRIC_REPRESENTATION_CONTEXT(2) 
PARAMETRIC_REPRESENTATION_CONTEXT() REPRESENTATION_CONTEXT('2D SPACE',''
  ) );
#3890 = ORIENTED_EDGE('',*,*,#3891,.T.);
#3891 = EDGE_CURVE('',#3866,#3807,#3892,.T.);
#3892 = SURFACE_CURVE('',#3893,(#3898,#3909),.PCURVE_S1.);
#3893 = CIRCLE('',#3894,0.625);
#3894 = AXIS2_PLACEMENT_3D('',#3895,#3896,#3897);
#3895 = CARTESIAN_POINT('',(11.25,15.825,-1.5));
#3896 = DIRECTION('',(0.,-0.,-1.));
#3897 = DIRECTION('',(1.,-1.110223024625E-16,0.));
#3898 = PCURVE('',#44,#3899);
#3899 = DEFINITIONAL_REPRESENTATION('',(#3900),#3908);
#3900 = ( BOUNDED_CURVE() B_SPLINE_CURVE(2,(#3901,#3902,#3903,#3904,
#3905,#3906,#3907),.UNSPECIFIED.,.T.,.F.) B_SPLINE_CURVE_WITH_KNOTS((1,2
    ,2,2,2,1),(-2.094395102393,0.,2.094395102393,4.188790204786,
6.28318530718,8.377580409573),.UNSPECIFIED.) CURVE() 
GEOMETRIC_REPRESENTATION_ITEM() RATIONAL_B_SPLINE_CURVE((1.,0.5,1.,0.5,
1.,0.5,1.)) REPRESENTATION_ITEM('') );
#3901 = CARTESIAN_POINT('',(87.075,30.825));
#3902 = CARTESIAN_POINT('',(87.075,29.742468245269));
#3903 = CARTESIAN_POINT('',(86.1375,30.283734122635));
#3904 = CARTESIAN_POINT('',(85.2,30.825));
#3905 = CARTESIAN_POINT('',(86.1375,31.366265877365));
#3906 = CARTESIAN_POINT('',(87.075,31.907531754731));
#3907 = CARTESIAN_POINT('',(87.075,30.825));
#3908 = ( GEOMETRIC_REPRESENTATION_CONTEXT(2) 
PARAMETRIC_REPRESENTATION_CONTEXT() REPRESENTATION_CONTEXT('2D SPACE',''
  ) );
#3909 = PCURVE('',#3910,#3915);
#3910 = CYLINDRICAL_SURFACE('',#3911,0.625);
#3911 = AXIS2_PLACEMENT_3D('',#3912,#3913,#3914);
#3912 = CARTESIAN_POINT('',(11.25,15.825,0.));
#3913 = DIRECTION('',(0.,-0.,-1.));
#3914 = DIRECTION('',(1.,-1.110223024625E-16,0.));
#3915 = DEFINITIONAL_REPRESENTATION('',(#3916),#3920);
#3916 = LINE('',#3917,#3918);
#3917 = CARTESIAN_POINT('',(0.,1.5));
#3918 = VECTOR('',#3919,1.);
#3919 = DIRECTION('',(1.,0.));
#3920 = ( GEOMETRIC_REPRESENTATION_CONTEXT(2) 
PARAMETRIC_REPRESENTATION_CONTEXT() REPRESENTATION_CONTEXT('2D SPACE',''
  ) );
#3921 = ADVANCED_FACE('',(#3922),#126,.F.);
#3922 = FACE_BOUND('',#3923,.F.);
#3923 = EDGE_LOOP('',(#3924,#3952,#3973,#3974));
#3924 = ORIENTED_EDGE('',*,*,#3925,.T.);
#3925 = EDGE_CURVE('',#85,#3926,#3928,.T.);
#3926 = VERTEX_POINT('',#3927);
#3927 = CARTESIAN_POINT('',(-15.,-18.,1.5));
#3928 = SURFACE_CURVE('',#3929,(#3934,#3941),.PCURVE_S1.);
#3929 = CIRCLE('',#3930,3.);
#3930 = AXIS2_PLACEMENT_3D('',#3931,#3932,#3933);
#3931 = CARTESIAN_POINT('',(-18.,-18.,1.5));
#3932 = DIRECTION('',(0.,0.,-1.));
#3933 = DIRECTION('',(0.,1.,0.));
#3934 = PCURVE('',#126,#3935);
#3935 = DEFINITIONAL_REPRESENTATION('',(#3936),#3940);
#3936 = LINE('',#3937,#3938);
#3937 = CARTESIAN_POINT('',(0.,0.));
#3938 = VECTOR('',#3939,1.);
#3939 = DIRECTION('',(1.,0.));
#3940 = ( GEOMETRIC_REPRESENTATION_CONTEXT(2) 
PARAMETRIC_REPRESENTATION_CONTEXT() REPRESENTATION_CONTEXT('2D SPACE',''
  ) );
#3941 = PCURVE('',#100,#3942);
#3942 = DEFINITIONAL_REPRESENTATION('',(#3943),#3951);
#3943 = ( BOUNDED_CURVE() B_SPLINE_CURVE(2,(#3944,#3945,#3946,#3947,
#3948,#3949,#3950),.UNSPECIFIED.,.T.,.F.) B_SPLINE_CURVE_WITH_KNOTS((1,2
    ,2,2,2,1),(-2.094395102393,0.,2.094395102393,4.188790204786,
6.28318530718,8.377580409573),.UNSPECIFIED.) CURVE() 
GEOMETRIC_REPRESENTATION_ITEM() RATIONAL_B_SPLINE_CURVE((1.,0.5,1.,0.5,
1.,0.5,1.)) REPRESENTATION_ITEM('') );
#3944 = CARTESIAN_POINT('',(57.2,0.));
#3945 = CARTESIAN_POINT('',(62.396152422707,0.));
#3946 = CARTESIAN_POINT('',(59.798076211353,-4.5));
#3947 = CARTESIAN_POINT('',(57.2,-9.));
#3948 = CARTESIAN_POINT('',(54.601923788647,-4.5));
#3949 = CARTESIAN_POINT('',(52.003847577293,-4.440892098501E-15));
#3950 = CARTESIAN_POINT('',(57.2,0.));
#3951 = ( GEOMETRIC_REPRESENTATION_CONTEXT(2) 
PARAMETRIC_REPRESENTATION_CONTEXT() REPRESENTATION_CONTEXT('2D SPACE',''
  ) );
#3952 = ORIENTED_EDGE('',*,*,#3953,.T.);
#3953 = EDGE_CURVE('',#3926,#194,#3954,.T.);
#3954 = SURFACE_CURVE('',#3955,(#3959,#3966),.PCURVE_S1.);
#3955 = LINE('',#3956,#3957);
#3956 = CARTESIAN_POINT('',(-15.,-18.,1.5));
#3957 = VECTOR('',#3958,1.);
#3958 = DIRECTION('',(0.,0.,-1.));
#3959 = PCURVE('',#126,#3960);
#3960 = DEFINITIONAL_REPRESENTATION('',(#3961),#3965);
#3961 = LINE('',#3962,#3963);
#3962 = CARTESIAN_POINT('',(1.570796326795,0.));
#3963 = VECTOR('',#3964,1.);
#3964 = DIRECTION('',(0.,1.));
#3965 = ( GEOMETRIC_REPRESENTATION_CONTEXT(2) 
PARAMETRIC_REPRESENTATION_CONTEXT() REPRESENTATION_CONTEXT('2D SPACE',''
  ) );
#3966 = PCURVE('',#237,#3967);
#3967 = DEFINITIONAL_REPRESENTATION('',(#3968),#3972);
#3968 = LINE('',#3969,#3970);
#3969 = CARTESIAN_POINT('',(3.,-57.2));
#3970 = VECTOR('',#3971,1.);
#3971 = DIRECTION('',(-1.,0.));
#3972 = ( GEOMETRIC_REPRESENTATION_CONTEXT(2) 
PARAMETRIC_REPRESENTATION_CONTEXT() REPRESENTATION_CONTEXT('2D SPACE',''
  ) );
#3973 = ORIENTED_EDGE('',*,*,#193,.F.);
#3974 = ORIENTED_EDGE('',*,*,#112,.F.);
#3975 = ADVANCED_FACE('',(#3976),#72,.F.);
#3976 = FACE_BOUND('',#3977,.F.);
#3977 = EDGE_LOOP('',(#3978,#3979,#3980,#4003));
#3978 = ORIENTED_EDGE('',*,*,#56,.F.);
#3979 = ORIENTED_EDGE('',*,*,#171,.T.);
#3980 = ORIENTED_EDGE('',*,*,#3981,.T.);
#3981 = EDGE_CURVE('',#142,#3982,#3984,.T.);
#3982 = VERTEX_POINT('',#3983);
#3983 = CARTESIAN_POINT('',(-75.2,15.,1.5));
#3984 = SURFACE_CURVE('',#3985,(#3989,#3996),.PCURVE_S1.);
#3985 = LINE('',#3986,#3987);
#3986 = CARTESIAN_POINT('',(-75.2,15.,-1.5));
#3987 = VECTOR('',#3988,1.);
#3988 = DIRECTION('',(0.,0.,1.));
#3989 = PCURVE('',#72,#3990);
#3990 = DEFINITIONAL_REPRESENTATION('',(#3991),#3995);
#3991 = LINE('',#3992,#3993);
#3992 = CARTESIAN_POINT('',(0.,-30.));
#3993 = VECTOR('',#3994,1.);
#3994 = DIRECTION('',(1.,0.));
#3995 = ( GEOMETRIC_REPRESENTATION_CONTEXT(2) 
PARAMETRIC_REPRESENTATION_CONTEXT() REPRESENTATION_CONTEXT('2D SPACE',''
  ) );
#3996 = PCURVE('',#159,#3997);
#3997 = DEFINITIONAL_REPRESENTATION('',(#3998),#4002);
#3998 = LINE('',#3999,#4000);
#3999 = CARTESIAN_POINT('',(0.,0.));
#4000 = VECTOR('',#4001,1.);
#4001 = DIRECTION('',(1.,0.));
#4002 = ( GEOMETRIC_REPRESENTATION_CONTEXT(2) 
PARAMETRIC_REPRESENTATION_CONTEXT() REPRESENTATION_CONTEXT('2D SPACE',''
  ) );
#4003 = ORIENTED_EDGE('',*,*,#4004,.F.);
#4004 = EDGE_CURVE('',#57,#3982,#4005,.T.);
#4005 = SURFACE_CURVE('',#4006,(#4010,#4017),.PCURVE_S1.);
#4006 = LINE('',#4007,#4008);
#4007 = CARTESIAN_POINT('',(-75.2,-15.,1.5));
#4008 = VECTOR('',#4009,1.);
#4009 = DIRECTION('',(0.,1.,0.));
#4010 = PCURVE('',#72,#4011);
#4011 = DEFINITIONAL_REPRESENTATION('',(#4012),#4016);
#4012 = LINE('',#4013,#4014);
#4013 = CARTESIAN_POINT('',(3.,0.));
#4014 = VECTOR('',#4015,1.);
#4015 = DIRECTION('',(0.,-1.));
#4016 = ( GEOMETRIC_REPRESENTATION_CONTEXT(2) 
PARAMETRIC_REPRESENTATION_CONTEXT() REPRESENTATION_CONTEXT('2D SPACE',''
  ) );
#4017 = PCURVE('',#100,#4018);
#4018 = DEFINITIONAL_REPRESENTATION('',(#4019),#4023);
#4019 = LINE('',#4020,#4021);
#4020 = CARTESIAN_POINT('',(0.,0.));
#4021 = VECTOR('',#4022,1.);
#4022 = DIRECTION('',(0.,1.));
#4023 = ( GEOMETRIC_REPRESENTATION_CONTEXT(2) 
PARAMETRIC_REPRESENTATION_CONTEXT() REPRESENTATION_CONTEXT('2D SPACE',''
  ) );
#4024 = ADVANCED_FACE('',(#4025,#4334,#4434,#4534,#4634,#4734,#4834,
    #4934,#5034,#5134,#5234,#5334,#5434,#5534,#5634,#5734,#5834,#5934,
    #6034,#6134,#6234,#6334,#6434,#6534,#6634,#6734,#6834,#6934,#7034),
  #100,.T.);
#4025 = FACE_BOUND('',#4026,.T.);
#4026 = EDGE_LOOP('',(#4027,#4050,#4051,#4052,#4053,#4076,#4099,#4122,
    #4150,#4173,#4196,#4219,#4243,#4266,#4289,#4312));
#4027 = ORIENTED_EDGE('',*,*,#4028,.F.);
#4028 = EDGE_CURVE('',#3982,#4029,#4031,.T.);
#4029 = VERTEX_POINT('',#4030);
#4030 = CARTESIAN_POINT('',(-18.,15.,1.5));
#4031 = SURFACE_CURVE('',#4032,(#4036,#4043),.PCURVE_S1.);
#4032 = LINE('',#4033,#4034);
#4033 = CARTESIAN_POINT('',(-75.2,15.,1.5));
#4034 = VECTOR('',#4035,1.);
#4035 = DIRECTION('',(1.,0.,0.));
#4036 = PCURVE('',#100,#4037);
#4037 = DEFINITIONAL_REPRESENTATION('',(#4038),#4042);
#4038 = LINE('',#4039,#4040);
#4039 = CARTESIAN_POINT('',(0.,30.));
#4040 = VECTOR('',#4041,1.);
#4041 = DIRECTION('',(1.,0.));
#4042 = ( GEOMETRIC_REPRESENTATION_CONTEXT(2) 
PARAMETRIC_REPRESENTATION_CONTEXT() REPRESENTATION_CONTEXT('2D SPACE',''
  ) );
#4043 = PCURVE('',#159,#4044);
#4044 = DEFINITIONAL_REPRESENTATION('',(#4045),#4049);
#4045 = LINE('',#4046,#4047);
#4046 = CARTESIAN_POINT('',(3.,0.));
#4047 = VECTOR('',#4048,1.);
#4048 = DIRECTION('',(0.,1.));
#4049 = ( GEOMETRIC_REPRESENTATION_CONTEXT(2) 
PARAMETRIC_REPRESENTATION_CONTEXT() REPRESENTATION_CONTEXT('2D SPACE',''
  ) );
#4050 = ORIENTED_EDGE('',*,*,#4004,.F.);
#4051 = ORIENTED_EDGE('',*,*,#84,.T.);
#4052 = ORIENTED_EDGE('',*,*,#3925,.T.);
#4053 = ORIENTED_EDGE('',*,*,#4054,.F.);
#4054 = EDGE_CURVE('',#4055,#3926,#4057,.T.);
#4055 = VERTEX_POINT('',#4056);
#4056 = CARTESIAN_POINT('',(-15.,-75.2,1.5));
#4057 = SURFACE_CURVE('',#4058,(#4062,#4069),.PCURVE_S1.);
#4058 = LINE('',#4059,#4060);
#4059 = CARTESIAN_POINT('',(-15.,-75.2,1.5));
#4060 = VECTOR('',#4061,1.);
#4061 = DIRECTION('',(0.,1.,0.));
#4062 = PCURVE('',#100,#4063);
#4063 = DEFINITIONAL_REPRESENTATION('',(#4064),#4068);
#4064 = LINE('',#4065,#4066);
#4065 = CARTESIAN_POINT('',(60.2,-60.2));
#4066 = VECTOR('',#4067,1.);
#4067 = DIRECTION('',(0.,1.));
#4068 = ( GEOMETRIC_REPRESENTATION_CONTEXT(2) 
PARAMETRIC_REPRESENTATION_CONTEXT() REPRESENTATION_CONTEXT('2D SPACE',''
  ) );
#4069 = PCURVE('',#237,#4070);
#4070 = DEFINITIONAL_REPRESENTATION('',(#4071),#4075);
#4071 = LINE('',#4072,#4073);
#4072 = CARTESIAN_POINT('',(3.,0.));
#4073 = VECTOR('',#4074,1.);
#4074 = DIRECTION('',(0.,-1.));
#4075 = ( GEOMETRIC_REPRESENTATION_CONTEXT(2) 
PARAMETRIC_REPRESENTATION_CONTEXT() REPRESENTATION_CONTEXT('2D SPACE',''
  ) );
#4076 = ORIENTED_EDGE('',*,*,#4077,.T.);
#4077 = EDGE_CURVE('',#4055,#4078,#4080,.T.);
#4078 = VERTEX_POINT('',#4079);
#4079 = CARTESIAN_POINT('',(15.,-75.2,1.5));
#4080 = SURFACE_CURVE('',#4081,(#4085,#4092),.PCURVE_S1.);
#4081 = LINE('',#4082,#4083);
#4082 = CARTESIAN_POINT('',(-15.,-75.2,1.5));
#4083 = VECTOR('',#4084,1.);
#4084 = DIRECTION('',(1.,0.,0.));
#4085 = PCURVE('',#100,#4086);
#4086 = DEFINITIONAL_REPRESENTATION('',(#4087),#4091);
#4087 = LINE('',#4088,#4089);
#4088 = CARTESIAN_POINT('',(60.2,-60.2));
#4089 = VECTOR('',#4090,1.);
#4090 = DIRECTION('',(1.,0.));
#4091 = ( GEOMETRIC_REPRESENTATION_CONTEXT(2) 
PARAMETRIC_REPRESENTATION_CONTEXT() REPRESENTATION_CONTEXT('2D SPACE',''
  ) );
#4092 = PCURVE('',#265,#4093);
#4093 = DEFINITIONAL_REPRESENTATION('',(#4094),#4098);
#4094 = LINE('',#4095,#4096);
#4095 = CARTESIAN_POINT('',(3.,0.));
#4096 = VECTOR('',#4097,1.);
#4097 = DIRECTION('',(0.,1.));
#4098 = ( GEOMETRIC_REPRESENTATION_CONTEXT(2) 
PARAMETRIC_REPRESENTATION_CONTEXT() REPRESENTATION_CONTEXT('2D SPACE',''
  ) );
#4099 = ORIENTED_EDGE('',*,*,#4100,.T.);
#4100 = EDGE_CURVE('',#4078,#4101,#4103,.T.);
#4101 = VERTEX_POINT('',#4102);
#4102 = CARTESIAN_POINT('',(15.,-18.,1.5));
#4103 = SURFACE_CURVE('',#4104,(#4108,#4115),.PCURVE_S1.);
#4104 = LINE('',#4105,#4106);
#4105 = CARTESIAN_POINT('',(15.,-75.2,1.5));
#4106 = VECTOR('',#4107,1.);
#4107 = DIRECTION('',(0.,1.,0.));
#4108 = PCURVE('',#100,#4109);
#4109 = DEFINITIONAL_REPRESENTATION('',(#4110),#4114);
#4110 = LINE('',#4111,#4112);
#4111 = CARTESIAN_POINT('',(90.2,-60.2));
#4112 = VECTOR('',#4113,1.);
#4113 = DIRECTION('',(0.,1.));
#4114 = ( GEOMETRIC_REPRESENTATION_CONTEXT(2) 
PARAMETRIC_REPRESENTATION_CONTEXT() REPRESENTATION_CONTEXT('2D SPACE',''
  ) );
#4115 = PCURVE('',#293,#4116);
#4116 = DEFINITIONAL_REPRESENTATION('',(#4117),#4121);
#4117 = LINE('',#4118,#4119);
#4118 = CARTESIAN_POINT('',(3.,0.));
#4119 = VECTOR('',#4120,1.);
#4120 = DIRECTION('',(0.,-1.));
#4121 = ( GEOMETRIC_REPRESENTATION_CONTEXT(2) 
PARAMETRIC_REPRESENTATION_CONTEXT() REPRESENTATION_CONTEXT('2D SPACE',''
  ) );
#4122 = ORIENTED_EDGE('',*,*,#4123,.T.);
#4123 = EDGE_CURVE('',#4101,#4124,#4126,.T.);
#4124 = VERTEX_POINT('',#4125);
#4125 = CARTESIAN_POINT('',(18.,-15.,1.5));
#4126 = SURFACE_CURVE('',#4127,(#4132,#4143),.PCURVE_S1.);
#4127 = CIRCLE('',#4128,3.);
#4128 = AXIS2_PLACEMENT_3D('',#4129,#4130,#4131);
#4129 = CARTESIAN_POINT('',(18.,-18.,1.5));
#4130 = DIRECTION('',(0.,0.,-1.));
#4131 = DIRECTION('',(0.,1.,0.));
#4132 = PCURVE('',#100,#4133);
#4133 = DEFINITIONAL_REPRESENTATION('',(#4134),#4142);
#4134 = ( BOUNDED_CURVE() B_SPLINE_CURVE(2,(#4135,#4136,#4137,#4138,
#4139,#4140,#4141),.UNSPECIFIED.,.T.,.F.) B_SPLINE_CURVE_WITH_KNOTS((1,2
    ,2,2,2,1),(-2.094395102393,0.,2.094395102393,4.188790204786,
6.28318530718,8.377580409573),.UNSPECIFIED.) CURVE() 
GEOMETRIC_REPRESENTATION_ITEM() RATIONAL_B_SPLINE_CURVE((1.,0.5,1.,0.5,
1.,0.5,1.)) REPRESENTATION_ITEM('') );
#4135 = CARTESIAN_POINT('',(93.2,0.));
#4136 = CARTESIAN_POINT('',(98.396152422707,0.));
#4137 = CARTESIAN_POINT('',(95.798076211353,-4.5));
#4138 = CARTESIAN_POINT('',(93.2,-9.));
#4139 = CARTESIAN_POINT('',(90.601923788647,-4.5));
#4140 = CARTESIAN_POINT('',(88.003847577293,-4.440892098501E-15));
#4141 = CARTESIAN_POINT('',(93.2,0.));
#4142 = ( GEOMETRIC_REPRESENTATION_CONTEXT(2) 
PARAMETRIC_REPRESENTATION_CONTEXT() REPRESENTATION_CONTEXT('2D SPACE',''
  ) );
#4143 = PCURVE('',#326,#4144);
#4144 = DEFINITIONAL_REPRESENTATION('',(#4145),#4149);
#4145 = LINE('',#4146,#4147);
#4146 = CARTESIAN_POINT('',(-4.712388980385,0.));
#4147 = VECTOR('',#4148,1.);
#4148 = DIRECTION('',(1.,0.));
#4149 = ( GEOMETRIC_REPRESENTATION_CONTEXT(2) 
PARAMETRIC_REPRESENTATION_CONTEXT() REPRESENTATION_CONTEXT('2D SPACE',''
  ) );
#4150 = ORIENTED_EDGE('',*,*,#4151,.T.);
#4151 = EDGE_CURVE('',#4124,#4152,#4154,.T.);
#4152 = VERTEX_POINT('',#4153);
#4153 = CARTESIAN_POINT('',(75.2,-15.,1.5));
#4154 = SURFACE_CURVE('',#4155,(#4159,#4166),.PCURVE_S1.);
#4155 = LINE('',#4156,#4157);
#4156 = CARTESIAN_POINT('',(-75.2,-15.,1.5));
#4157 = VECTOR('',#4158,1.);
#4158 = DIRECTION('',(1.,0.,0.));
#4159 = PCURVE('',#100,#4160);
#4160 = DEFINITIONAL_REPRESENTATION('',(#4161),#4165);
#4161 = LINE('',#4162,#4163);
#4162 = CARTESIAN_POINT('',(0.,0.));
#4163 = VECTOR('',#4164,1.);
#4164 = DIRECTION('',(1.,0.));
#4165 = ( GEOMETRIC_REPRESENTATION_CONTEXT(2) 
PARAMETRIC_REPRESENTATION_CONTEXT() REPRESENTATION_CONTEXT('2D SPACE',''
  ) );
#4166 = PCURVE('',#354,#4167);
#4167 = DEFINITIONAL_REPRESENTATION('',(#4168),#4172);
#4168 = LINE('',#4169,#4170);
#4169 = CARTESIAN_POINT('',(3.,0.));
#4170 = VECTOR('',#4171,1.);
#4171 = DIRECTION('',(0.,1.));
#4172 = ( GEOMETRIC_REPRESENTATION_CONTEXT(2) 
PARAMETRIC_REPRESENTATION_CONTEXT() REPRESENTATION_CONTEXT('2D SPACE',''
  ) );
#4173 = ORIENTED_EDGE('',*,*,#4174,.T.);
#4174 = EDGE_CURVE('',#4152,#4175,#4177,.T.);
#4175 = VERTEX_POINT('',#4176);
#4176 = CARTESIAN_POINT('',(75.2,15.,1.5));
#4177 = SURFACE_CURVE('',#4178,(#4182,#4189),.PCURVE_S1.);
#4178 = LINE('',#4179,#4180);
#4179 = CARTESIAN_POINT('',(75.2,-15.,1.5));
#4180 = VECTOR('',#4181,1.);
#4181 = DIRECTION('',(0.,1.,0.));
#4182 = PCURVE('',#100,#4183);
#4183 = DEFINITIONAL_REPRESENTATION('',(#4184),#4188);
#4184 = LINE('',#4185,#4186);
#4185 = CARTESIAN_POINT('',(150.4,0.));
#4186 = VECTOR('',#4187,1.);
#4187 = DIRECTION('',(0.,1.));
#4188 = ( GEOMETRIC_REPRESENTATION_CONTEXT(2) 
PARAMETRIC_REPRESENTATION_CONTEXT() REPRESENTATION_CONTEXT('2D SPACE',''
  ) );
#4189 = PCURVE('',#382,#4190);
#4190 = DEFINITIONAL_REPRESENTATION('',(#4191),#4195);
#4191 = LINE('',#4192,#4193);
#4192 = CARTESIAN_POINT('',(3.,0.));
#4193 = VECTOR('',#4194,1.);
#4194 = DIRECTION('',(0.,-1.));
#4195 = ( GEOMETRIC_REPRESENTATION_CONTEXT(2) 
PARAMETRIC_REPRESENTATION_CONTEXT() REPRESENTATION_CONTEXT('2D SPACE',''
  ) );
#4196 = ORIENTED_EDGE('',*,*,#4197,.F.);
#4197 = EDGE_CURVE('',#4198,#4175,#4200,.T.);
#4198 = VERTEX_POINT('',#4199);
#4199 = CARTESIAN_POINT('',(18.,15.,1.5));
#4200 = SURFACE_CURVE('',#4201,(#4205,#4212),.PCURVE_S1.);
#4201 = LINE('',#4202,#4203);
#4202 = CARTESIAN_POINT('',(-75.2,15.,1.5));
#4203 = VECTOR('',#4204,1.);
#4204 = DIRECTION('',(1.,0.,0.));
#4205 = PCURVE('',#100,#4206);
#4206 = DEFINITIONAL_REPRESENTATION('',(#4207),#4211);
#4207 = LINE('',#4208,#4209);
#4208 = CARTESIAN_POINT('',(0.,30.));
#4209 = VECTOR('',#4210,1.);
#4210 = DIRECTION('',(1.,0.));
#4211 = ( GEOMETRIC_REPRESENTATION_CONTEXT(2) 
PARAMETRIC_REPRESENTATION_CONTEXT() REPRESENTATION_CONTEXT('2D SPACE',''
  ) );
#4212 = PCURVE('',#410,#4213);
#4213 = DEFINITIONAL_REPRESENTATION('',(#4214),#4218);
#4214 = LINE('',#4215,#4216);
#4215 = CARTESIAN_POINT('',(3.,0.));
#4216 = VECTOR('',#4217,1.);
#4217 = DIRECTION('',(0.,1.));
#4218 = ( GEOMETRIC_REPRESENTATION_CONTEXT(2) 
PARAMETRIC_REPRESENTATION_CONTEXT() REPRESENTATION_CONTEXT('2D SPACE',''
  ) );
#4219 = ORIENTED_EDGE('',*,*,#4220,.F.);
#4220 = EDGE_CURVE('',#4221,#4198,#4223,.T.);
#4221 = VERTEX_POINT('',#4222);
#4222 = CARTESIAN_POINT('',(15.,18.,1.5));
#4223 = SURFACE_CURVE('',#4224,(#4229,#4236),.PCURVE_S1.);
#4224 = CIRCLE('',#4225,3.);
#4225 = AXIS2_PLACEMENT_3D('',#4226,#4227,#4228);
#4226 = CARTESIAN_POINT('',(18.,18.,1.5));
#4227 = DIRECTION('',(0.,-0.,1.));
#4228 = DIRECTION('',(0.,1.,0.));
#4229 = PCURVE('',#100,#4230);
#4230 = DEFINITIONAL_REPRESENTATION('',(#4231),#4235);
#4231 = CIRCLE('',#4232,3.);
#4232 = AXIS2_PLACEMENT_2D('',#4233,#4234);
#4233 = CARTESIAN_POINT('',(93.2,33.));
#4234 = DIRECTION('',(0.,1.));
#4235 = ( GEOMETRIC_REPRESENTATION_CONTEXT(2) 
PARAMETRIC_REPRESENTATION_CONTEXT() REPRESENTATION_CONTEXT('2D SPACE',''
  ) );
#4236 = PCURVE('',#439,#4237);
#4237 = DEFINITIONAL_REPRESENTATION('',(#4238),#4242);
#4238 = LINE('',#4239,#4240);
#4239 = CARTESIAN_POINT('',(1.570796326795,-0.));
#4240 = VECTOR('',#4241,1.);
#4241 = DIRECTION('',(-1.,0.));
#4242 = ( GEOMETRIC_REPRESENTATION_CONTEXT(2) 
PARAMETRIC_REPRESENTATION_CONTEXT() REPRESENTATION_CONTEXT('2D SPACE',''
  ) );
#4243 = ORIENTED_EDGE('',*,*,#4244,.T.);
#4244 = EDGE_CURVE('',#4221,#4245,#4247,.T.);
#4245 = VERTEX_POINT('',#4246);
#4246 = CARTESIAN_POINT('',(15.,75.2,1.5));
#4247 = SURFACE_CURVE('',#4248,(#4252,#4259),.PCURVE_S1.);
#4248 = LINE('',#4249,#4250);
#4249 = CARTESIAN_POINT('',(15.,-75.2,1.5));
#4250 = VECTOR('',#4251,1.);
#4251 = DIRECTION('',(0.,1.,0.));
#4252 = PCURVE('',#100,#4253);
#4253 = DEFINITIONAL_REPRESENTATION('',(#4254),#4258);
#4254 = LINE('',#4255,#4256);
#4255 = CARTESIAN_POINT('',(90.2,-60.2));
#4256 = VECTOR('',#4257,1.);
#4257 = DIRECTION('',(0.,1.));
#4258 = ( GEOMETRIC_REPRESENTATION_CONTEXT(2) 
PARAMETRIC_REPRESENTATION_CONTEXT() REPRESENTATION_CONTEXT('2D SPACE',''
  ) );
#4259 = PCURVE('',#467,#4260);
#4260 = DEFINITIONAL_REPRESENTATION('',(#4261),#4265);
#4261 = LINE('',#4262,#4263);
#4262 = CARTESIAN_POINT('',(3.,0.));
#4263 = VECTOR('',#4264,1.);
#4264 = DIRECTION('',(0.,-1.));
#4265 = ( GEOMETRIC_REPRESENTATION_CONTEXT(2) 
PARAMETRIC_REPRESENTATION_CONTEXT() REPRESENTATION_CONTEXT('2D SPACE',''
  ) );
#4266 = ORIENTED_EDGE('',*,*,#4267,.F.);
#4267 = EDGE_CURVE('',#4268,#4245,#4270,.T.);
#4268 = VERTEX_POINT('',#4269);
#4269 = CARTESIAN_POINT('',(-15.,75.2,1.5));
#4270 = SURFACE_CURVE('',#4271,(#4275,#4282),.PCURVE_S1.);
#4271 = LINE('',#4272,#4273);
#4272 = CARTESIAN_POINT('',(-15.,75.2,1.5));
#4273 = VECTOR('',#4274,1.);
#4274 = DIRECTION('',(1.,0.,0.));
#4275 = PCURVE('',#100,#4276);
#4276 = DEFINITIONAL_REPRESENTATION('',(#4277),#4281);
#4277 = LINE('',#4278,#4279);
#4278 = CARTESIAN_POINT('',(60.2,90.2));
#4279 = VECTOR('',#4280,1.);
#4280 = DIRECTION('',(1.,0.));
#4281 = ( GEOMETRIC_REPRESENTATION_CONTEXT(2) 
PARAMETRIC_REPRESENTATION_CONTEXT() REPRESENTATION_CONTEXT('2D SPACE',''
  ) );
#4282 = PCURVE('',#495,#4283);
#4283 = DEFINITIONAL_REPRESENTATION('',(#4284),#4288);
#4284 = LINE('',#4285,#4286);
#4285 = CARTESIAN_POINT('',(3.,0.));
#4286 = VECTOR('',#4287,1.);
#4287 = DIRECTION('',(0.,1.));
#4288 = ( GEOMETRIC_REPRESENTATION_CONTEXT(2) 
PARAMETRIC_REPRESENTATION_CONTEXT() REPRESENTATION_CONTEXT('2D SPACE',''
  ) );
#4289 = ORIENTED_EDGE('',*,*,#4290,.F.);
#4290 = EDGE_CURVE('',#4291,#4268,#4293,.T.);
#4291 = VERTEX_POINT('',#4292);
#4292 = CARTESIAN_POINT('',(-15.,18.,1.5));
#4293 = SURFACE_CURVE('',#4294,(#4298,#4305),.PCURVE_S1.);
#4294 = LINE('',#4295,#4296);
#4295 = CARTESIAN_POINT('',(-15.,-75.2,1.5));
#4296 = VECTOR('',#4297,1.);
#4297 = DIRECTION('',(0.,1.,0.));
#4298 = PCURVE('',#100,#4299);
#4299 = DEFINITIONAL_REPRESENTATION('',(#4300),#4304);
#4300 = LINE('',#4301,#4302);
#4301 = CARTESIAN_POINT('',(60.2,-60.2));
#4302 = VECTOR('',#4303,1.);
#4303 = DIRECTION('',(0.,1.));
#4304 = ( GEOMETRIC_REPRESENTATION_CONTEXT(2) 
PARAMETRIC_REPRESENTATION_CONTEXT() REPRESENTATION_CONTEXT('2D SPACE',''
  ) );
#4305 = PCURVE('',#523,#4306);
#4306 = DEFINITIONAL_REPRESENTATION('',(#4307),#4311);
#4307 = LINE('',#4308,#4309);
#4308 = CARTESIAN_POINT('',(3.,0.));
#4309 = VECTOR('',#4310,1.);
#4310 = DIRECTION('',(0.,-1.));
#4311 = ( GEOMETRIC_REPRESENTATION_CONTEXT(2) 
PARAMETRIC_REPRESENTATION_CONTEXT() REPRESENTATION_CONTEXT('2D SPACE',''
  ) );
#4312 = ORIENTED_EDGE('',*,*,#4313,.F.);
#4313 = EDGE_CURVE('',#4029,#4291,#4314,.T.);
#4314 = SURFACE_CURVE('',#4315,(#4320,#4327),.PCURVE_S1.);
#4315 = CIRCLE('',#4316,3.);
#4316 = AXIS2_PLACEMENT_3D('',#4317,#4318,#4319);
#4317 = CARTESIAN_POINT('',(-18.,18.,1.5));
#4318 = DIRECTION('',(0.,-0.,1.));
#4319 = DIRECTION('',(0.,1.,0.));
#4320 = PCURVE('',#100,#4321);
#4321 = DEFINITIONAL_REPRESENTATION('',(#4322),#4326);
#4322 = CIRCLE('',#4323,3.);
#4323 = AXIS2_PLACEMENT_2D('',#4324,#4325);
#4324 = CARTESIAN_POINT('',(57.2,33.));
#4325 = DIRECTION('',(0.,1.));
#4326 = ( GEOMETRIC_REPRESENTATION_CONTEXT(2) 
PARAMETRIC_REPRESENTATION_CONTEXT() REPRESENTATION_CONTEXT('2D SPACE',''
  ) );
#4327 = PCURVE('',#550,#4328);
#4328 = DEFINITIONAL_REPRESENTATION('',(#4329),#4333);
#4329 = LINE('',#4330,#4331);
#4330 = CARTESIAN_POINT('',(3.14159265359,-0.));
#4331 = VECTOR('',#4332,1.);
#4332 = DIRECTION('',(-1.,0.));
#4333 = ( GEOMETRIC_REPRESENTATION_CONTEXT(2) 
PARAMETRIC_REPRESENTATION_CONTEXT() REPRESENTATION_CONTEXT('2D SPACE',''
  ) );
#4334 = FACE_BOUND('',#4335,.T.);
#4335 = EDGE_LOOP('',(#4336,#4359,#4387,#4408));
#4336 = ORIENTED_EDGE('',*,*,#4337,.F.);
#4337 = EDGE_CURVE('',#4338,#4340,#4342,.T.);
#4338 = VERTEX_POINT('',#4339);
#4339 = CARTESIAN_POINT('',(-11.875,-15.825,1.5));
#4340 = VERTEX_POINT('',#4341);
#4341 = CARTESIAN_POINT('',(-11.875,-54.575,1.5));
#4342 = SURFACE_CURVE('',#4343,(#4347,#4353),.PCURVE_S1.);
#4343 = LINE('',#4344,#4345);
#4344 = CARTESIAN_POINT('',(-11.875,-34.7875,1.5));
#4345 = VECTOR('',#4346,1.);
#4346 = DIRECTION('',(-1.110223024625E-16,-1.,0.));
#4347 = PCURVE('',#100,#4348);
#4348 = DEFINITIONAL_REPRESENTATION('',(#4349),#4352);
#4349 = B_SPLINE_CURVE_WITH_KNOTS('',1,(#4350,#4351),.UNSPECIFIED.,.F.,
  .F.,(2,2),(-18.9625,19.7875),.PIECEWISE_BEZIER_KNOTS.);
#4350 = CARTESIAN_POINT('',(63.325,-0.825));
#4351 = CARTESIAN_POINT('',(63.325,-39.575));
#4352 = ( GEOMETRIC_REPRESENTATION_CONTEXT(2) 
PARAMETRIC_REPRESENTATION_CONTEXT() REPRESENTATION_CONTEXT('2D SPACE',''
  ) );
#4353 = PCURVE('',#581,#4354);
#4354 = DEFINITIONAL_REPRESENTATION('',(#4355),#4358);
#4355 = B_SPLINE_CURVE_WITH_KNOTS('',1,(#4356,#4357),.UNSPECIFIED.,.F.,
  .F.,(2,2),(-18.9625,19.7875),.PIECEWISE_BEZIER_KNOTS.);
#4356 = CARTESIAN_POINT('',(38.75,-1.5));
#4357 = CARTESIAN_POINT('',(0.,-1.5));
#4358 = ( GEOMETRIC_REPRESENTATION_CONTEXT(2) 
PARAMETRIC_REPRESENTATION_CONTEXT() REPRESENTATION_CONTEXT('2D SPACE',''
  ) );
#4359 = ORIENTED_EDGE('',*,*,#4360,.T.);
#4360 = EDGE_CURVE('',#4338,#4361,#4363,.T.);
#4361 = VERTEX_POINT('',#4362);
#4362 = CARTESIAN_POINT('',(-10.625,-15.825,1.5));
#4363 = SURFACE_CURVE('',#4364,(#4369,#4380),.PCURVE_S1.);
#4364 = CIRCLE('',#4365,0.625);
#4365 = AXIS2_PLACEMENT_3D('',#4366,#4367,#4368);
#4366 = CARTESIAN_POINT('',(-11.25,-15.825,1.5));
#4367 = DIRECTION('',(0.,0.,-1.));
#4368 = DIRECTION('',(-1.,1.110223024625E-16,0.));
#4369 = PCURVE('',#100,#4370);
#4370 = DEFINITIONAL_REPRESENTATION('',(#4371),#4379);
#4371 = ( BOUNDED_CURVE() B_SPLINE_CURVE(2,(#4372,#4373,#4374,#4375,
#4376,#4377,#4378),.UNSPECIFIED.,.T.,.F.) B_SPLINE_CURVE_WITH_KNOTS((1,2
    ,2,2,2,1),(-2.094395102393,0.,2.094395102393,4.188790204786,
6.28318530718,8.377580409573),.UNSPECIFIED.) CURVE() 
GEOMETRIC_REPRESENTATION_ITEM() RATIONAL_B_SPLINE_CURVE((1.,0.5,1.,0.5,
1.,0.5,1.)) REPRESENTATION_ITEM('') );
#4372 = CARTESIAN_POINT('',(63.325,-0.825));
#4373 = CARTESIAN_POINT('',(63.325,0.257531754731));
#4374 = CARTESIAN_POINT('',(64.2625,-0.283734122635));
#4375 = CARTESIAN_POINT('',(65.2,-0.825));
#4376 = CARTESIAN_POINT('',(64.2625,-1.366265877365));
#4377 = CARTESIAN_POINT('',(63.325,-1.907531754731));
#4378 = CARTESIAN_POINT('',(63.325,-0.825));
#4379 = ( GEOMETRIC_REPRESENTATION_CONTEXT(2) 
PARAMETRIC_REPRESENTATION_CONTEXT() REPRESENTATION_CONTEXT('2D SPACE',''
  ) );
#4380 = PCURVE('',#613,#4381);
#4381 = DEFINITIONAL_REPRESENTATION('',(#4382),#4386);
#4382 = LINE('',#4383,#4384);
#4383 = CARTESIAN_POINT('',(0.,-1.5));
#4384 = VECTOR('',#4385,1.);
#4385 = DIRECTION('',(1.,0.));
#4386 = ( GEOMETRIC_REPRESENTATION_CONTEXT(2) 
PARAMETRIC_REPRESENTATION_CONTEXT() REPRESENTATION_CONTEXT('2D SPACE',''
  ) );
#4387 = ORIENTED_EDGE('',*,*,#4388,.F.);
#4388 = EDGE_CURVE('',#4389,#4361,#4391,.T.);
#4389 = VERTEX_POINT('',#4390);
#4390 = CARTESIAN_POINT('',(-10.625,-54.575,1.5));
#4391 = SURFACE_CURVE('',#4392,(#4396,#4402),.PCURVE_S1.);
#4392 = LINE('',#4393,#4394);
#4393 = CARTESIAN_POINT('',(-10.625,-15.4125,1.5));
#4394 = VECTOR('',#4395,1.);
#4395 = DIRECTION('',(1.110223024625E-16,1.,-0.));
#4396 = PCURVE('',#100,#4397);
#4397 = DEFINITIONAL_REPRESENTATION('',(#4398),#4401);
#4398 = B_SPLINE_CURVE_WITH_KNOTS('',1,(#4399,#4400),.UNSPECIFIED.,.F.,
  .F.,(2,2),(-39.1625,-0.4125),.PIECEWISE_BEZIER_KNOTS.);
#4399 = CARTESIAN_POINT('',(64.575,-39.575));
#4400 = CARTESIAN_POINT('',(64.575,-0.825));
#4401 = ( GEOMETRIC_REPRESENTATION_CONTEXT(2) 
PARAMETRIC_REPRESENTATION_CONTEXT() REPRESENTATION_CONTEXT('2D SPACE',''
  ) );
#4402 = PCURVE('',#640,#4403);
#4403 = DEFINITIONAL_REPRESENTATION('',(#4404),#4407);
#4404 = B_SPLINE_CURVE_WITH_KNOTS('',1,(#4405,#4406),.UNSPECIFIED.,.F.,
  .F.,(2,2),(-39.1625,-0.4125),.PIECEWISE_BEZIER_KNOTS.);
#4405 = CARTESIAN_POINT('',(38.75,-1.5));
#4406 = CARTESIAN_POINT('',(0.,-1.5));
#4407 = ( GEOMETRIC_REPRESENTATION_CONTEXT(2) 
PARAMETRIC_REPRESENTATION_CONTEXT() REPRESENTATION_CONTEXT('2D SPACE',''
  ) );
#4408 = ORIENTED_EDGE('',*,*,#4409,.T.);
#4409 = EDGE_CURVE('',#4389,#4340,#4410,.T.);
#4410 = SURFACE_CURVE('',#4411,(#4416,#4427),.PCURVE_S1.);
#4411 = CIRCLE('',#4412,0.625);
#4412 = AXIS2_PLACEMENT_3D('',#4413,#4414,#4415);
#4413 = CARTESIAN_POINT('',(-11.25,-54.575,1.5));
#4414 = DIRECTION('',(0.,-0.,-1.));
#4415 = DIRECTION('',(1.,-1.110223024625E-16,0.));
#4416 = PCURVE('',#100,#4417);
#4417 = DEFINITIONAL_REPRESENTATION('',(#4418),#4426);
#4418 = ( BOUNDED_CURVE() B_SPLINE_CURVE(2,(#4419,#4420,#4421,#4422,
#4423,#4424,#4425),.UNSPECIFIED.,.T.,.F.) B_SPLINE_CURVE_WITH_KNOTS((1,2
    ,2,2,2,1),(-2.094395102393,0.,2.094395102393,4.188790204786,
6.28318530718,8.377580409573),.UNSPECIFIED.) CURVE() 
GEOMETRIC_REPRESENTATION_ITEM() RATIONAL_B_SPLINE_CURVE((1.,0.5,1.,0.5,
1.,0.5,1.)) REPRESENTATION_ITEM('') );
#4419 = CARTESIAN_POINT('',(64.575,-39.575));
#4420 = CARTESIAN_POINT('',(64.575,-40.65753175473));
#4421 = CARTESIAN_POINT('',(63.6375,-40.11626587736));
#4422 = CARTESIAN_POINT('',(62.7,-39.575));
#4423 = CARTESIAN_POINT('',(63.6375,-39.03373412263));
#4424 = CARTESIAN_POINT('',(64.575,-38.49246824526));
#4425 = CARTESIAN_POINT('',(64.575,-39.575));
#4426 = ( GEOMETRIC_REPRESENTATION_CONTEXT(2) 
PARAMETRIC_REPRESENTATION_CONTEXT() REPRESENTATION_CONTEXT('2D SPACE',''
  ) );
#4427 = PCURVE('',#670,#4428);
#4428 = DEFINITIONAL_REPRESENTATION('',(#4429),#4433);
#4429 = LINE('',#4430,#4431);
#4430 = CARTESIAN_POINT('',(0.,-1.5));
#4431 = VECTOR('',#4432,1.);
#4432 = DIRECTION('',(1.,0.));
#4433 = ( GEOMETRIC_REPRESENTATION_CONTEXT(2) 
PARAMETRIC_REPRESENTATION_CONTEXT() REPRESENTATION_CONTEXT('2D SPACE',''
  ) );
#4434 = FACE_BOUND('',#4435,.T.);
#4435 = EDGE_LOOP('',(#4436,#4459,#4487,#4508));
#4436 = ORIENTED_EDGE('',*,*,#4437,.F.);
#4437 = EDGE_CURVE('',#4438,#4440,#4442,.T.);
#4438 = VERTEX_POINT('',#4439);
#4439 = CARTESIAN_POINT('',(-8.125,-15.825,1.5));
#4440 = VERTEX_POINT('',#4441);
#4441 = CARTESIAN_POINT('',(-8.125,-54.575,1.5));
#4442 = SURFACE_CURVE('',#4443,(#4447,#4453),.PCURVE_S1.);
#4443 = LINE('',#4444,#4445);
#4444 = CARTESIAN_POINT('',(-8.125,-34.7875,1.5));
#4445 = VECTOR('',#4446,1.);
#4446 = DIRECTION('',(-1.110223024625E-16,-1.,0.));
#4447 = PCURVE('',#100,#4448);
#4448 = DEFINITIONAL_REPRESENTATION('',(#4449),#4452);
#4449 = B_SPLINE_CURVE_WITH_KNOTS('',1,(#4450,#4451),.UNSPECIFIED.,.F.,
  .F.,(2,2),(-18.9625,19.7875),.PIECEWISE_BEZIER_KNOTS.);
#4450 = CARTESIAN_POINT('',(67.075,-0.825));
#4451 = CARTESIAN_POINT('',(67.075,-39.575));
#4452 = ( GEOMETRIC_REPRESENTATION_CONTEXT(2) 
PARAMETRIC_REPRESENTATION_CONTEXT() REPRESENTATION_CONTEXT('2D SPACE',''
  ) );
#4453 = PCURVE('',#701,#4454);
#4454 = DEFINITIONAL_REPRESENTATION('',(#4455),#4458);
#4455 = B_SPLINE_CURVE_WITH_KNOTS('',1,(#4456,#4457),.UNSPECIFIED.,.F.,
  .F.,(2,2),(-18.9625,19.7875),.PIECEWISE_BEZIER_KNOTS.);
#4456 = CARTESIAN_POINT('',(38.75,-1.5));
#4457 = CARTESIAN_POINT('',(0.,-1.5));
#4458 = ( GEOMETRIC_REPRESENTATION_CONTEXT(2) 
PARAMETRIC_REPRESENTATION_CONTEXT() REPRESENTATION_CONTEXT('2D SPACE',''
  ) );
#4459 = ORIENTED_EDGE('',*,*,#4460,.T.);
#4460 = EDGE_CURVE('',#4438,#4461,#4463,.T.);
#4461 = VERTEX_POINT('',#4462);
#4462 = CARTESIAN_POINT('',(-6.875,-15.825,1.5));
#4463 = SURFACE_CURVE('',#4464,(#4469,#4480),.PCURVE_S1.);
#4464 = CIRCLE('',#4465,0.625);
#4465 = AXIS2_PLACEMENT_3D('',#4466,#4467,#4468);
#4466 = CARTESIAN_POINT('',(-7.5,-15.825,1.5));
#4467 = DIRECTION('',(0.,0.,-1.));
#4468 = DIRECTION('',(-1.,1.110223024625E-16,0.));
#4469 = PCURVE('',#100,#4470);
#4470 = DEFINITIONAL_REPRESENTATION('',(#4471),#4479);
#4471 = ( BOUNDED_CURVE() B_SPLINE_CURVE(2,(#4472,#4473,#4474,#4475,
#4476,#4477,#4478),.UNSPECIFIED.,.T.,.F.) B_SPLINE_CURVE_WITH_KNOTS((1,2
    ,2,2,2,1),(-2.094395102393,0.,2.094395102393,4.188790204786,
6.28318530718,8.377580409573),.UNSPECIFIED.) CURVE() 
GEOMETRIC_REPRESENTATION_ITEM() RATIONAL_B_SPLINE_CURVE((1.,0.5,1.,0.5,
1.,0.5,1.)) REPRESENTATION_ITEM('') );
#4472 = CARTESIAN_POINT('',(67.075,-0.825));
#4473 = CARTESIAN_POINT('',(67.075,0.257531754731));
#4474 = CARTESIAN_POINT('',(68.0125,-0.283734122635));
#4475 = CARTESIAN_POINT('',(68.95,-0.825));
#4476 = CARTESIAN_POINT('',(68.0125,-1.366265877365));
#4477 = CARTESIAN_POINT('',(67.075,-1.907531754731));
#4478 = CARTESIAN_POINT('',(67.075,-0.825));
#4479 = ( GEOMETRIC_REPRESENTATION_CONTEXT(2) 
PARAMETRIC_REPRESENTATION_CONTEXT() REPRESENTATION_CONTEXT('2D SPACE',''
  ) );
#4480 = PCURVE('',#733,#4481);
#4481 = DEFINITIONAL_REPRESENTATION('',(#4482),#4486);
#4482 = LINE('',#4483,#4484);
#4483 = CARTESIAN_POINT('',(0.,-1.5));
#4484 = VECTOR('',#4485,1.);
#4485 = DIRECTION('',(1.,0.));
#4486 = ( GEOMETRIC_REPRESENTATION_CONTEXT(2) 
PARAMETRIC_REPRESENTATION_CONTEXT() REPRESENTATION_CONTEXT('2D SPACE',''
  ) );
#4487 = ORIENTED_EDGE('',*,*,#4488,.F.);
#4488 = EDGE_CURVE('',#4489,#4461,#4491,.T.);
#4489 = VERTEX_POINT('',#4490);
#4490 = CARTESIAN_POINT('',(-6.875,-54.575,1.5));
#4491 = SURFACE_CURVE('',#4492,(#4496,#4502),.PCURVE_S1.);
#4492 = LINE('',#4493,#4494);
#4493 = CARTESIAN_POINT('',(-6.875,-15.4125,1.5));
#4494 = VECTOR('',#4495,1.);
#4495 = DIRECTION('',(1.110223024625E-16,1.,-0.));
#4496 = PCURVE('',#100,#4497);
#4497 = DEFINITIONAL_REPRESENTATION('',(#4498),#4501);
#4498 = B_SPLINE_CURVE_WITH_KNOTS('',1,(#4499,#4500),.UNSPECIFIED.,.F.,
  .F.,(2,2),(-39.1625,-0.4125),.PIECEWISE_BEZIER_KNOTS.);
#4499 = CARTESIAN_POINT('',(68.325,-39.575));
#4500 = CARTESIAN_POINT('',(68.325,-0.825));
#4501 = ( GEOMETRIC_REPRESENTATION_CONTEXT(2) 
PARAMETRIC_REPRESENTATION_CONTEXT() REPRESENTATION_CONTEXT('2D SPACE',''
  ) );
#4502 = PCURVE('',#760,#4503);
#4503 = DEFINITIONAL_REPRESENTATION('',(#4504),#4507);
#4504 = B_SPLINE_CURVE_WITH_KNOTS('',1,(#4505,#4506),.UNSPECIFIED.,.F.,
  .F.,(2,2),(-39.1625,-0.4125),.PIECEWISE_BEZIER_KNOTS.);
#4505 = CARTESIAN_POINT('',(38.75,-1.5));
#4506 = CARTESIAN_POINT('',(0.,-1.5));
#4507 = ( GEOMETRIC_REPRESENTATION_CONTEXT(2) 
PARAMETRIC_REPRESENTATION_CONTEXT() REPRESENTATION_CONTEXT('2D SPACE',''
  ) );
#4508 = ORIENTED_EDGE('',*,*,#4509,.T.);
#4509 = EDGE_CURVE('',#4489,#4440,#4510,.T.);
#4510 = SURFACE_CURVE('',#4511,(#4516,#4527),.PCURVE_S1.);
#4511 = CIRCLE('',#4512,0.625);
#4512 = AXIS2_PLACEMENT_3D('',#4513,#4514,#4515);
#4513 = CARTESIAN_POINT('',(-7.5,-54.575,1.5));
#4514 = DIRECTION('',(0.,-0.,-1.));
#4515 = DIRECTION('',(1.,-1.110223024625E-16,0.));
#4516 = PCURVE('',#100,#4517);
#4517 = DEFINITIONAL_REPRESENTATION('',(#4518),#4526);
#4518 = ( BOUNDED_CURVE() B_SPLINE_CURVE(2,(#4519,#4520,#4521,#4522,
#4523,#4524,#4525),.UNSPECIFIED.,.T.,.F.) B_SPLINE_CURVE_WITH_KNOTS((1,2
    ,2,2,2,1),(-2.094395102393,0.,2.094395102393,4.188790204786,
6.28318530718,8.377580409573),.UNSPECIFIED.) CURVE() 
GEOMETRIC_REPRESENTATION_ITEM() RATIONAL_B_SPLINE_CURVE((1.,0.5,1.,0.5,
1.,0.5,1.)) REPRESENTATION_ITEM('') );
#4519 = CARTESIAN_POINT('',(68.325,-39.575));
#4520 = CARTESIAN_POINT('',(68.325,-40.65753175473));
#4521 = CARTESIAN_POINT('',(67.3875,-40.11626587736));
#4522 = CARTESIAN_POINT('',(66.45,-39.575));
#4523 = CARTESIAN_POINT('',(67.3875,-39.03373412263));
#4524 = CARTESIAN_POINT('',(68.325,-38.49246824526));
#4525 = CARTESIAN_POINT('',(68.325,-39.575));
#4526 = ( GEOMETRIC_REPRESENTATION_CONTEXT(2) 
PARAMETRIC_REPRESENTATION_CONTEXT() REPRESENTATION_CONTEXT('2D SPACE',''
  ) );
#4527 = PCURVE('',#790,#4528);
#4528 = DEFINITIONAL_REPRESENTATION('',(#4529),#4533);
#4529 = LINE('',#4530,#4531);
#4530 = CARTESIAN_POINT('',(0.,-1.5));
#4531 = VECTOR('',#4532,1.);
#4532 = DIRECTION('',(1.,0.));
#4533 = ( GEOMETRIC_REPRESENTATION_CONTEXT(2) 
PARAMETRIC_REPRESENTATION_CONTEXT() REPRESENTATION_CONTEXT('2D SPACE',''
  ) );
#4534 = FACE_BOUND('',#4535,.T.);
#4535 = EDGE_LOOP('',(#4536,#4559,#4587,#4608));
#4536 = ORIENTED_EDGE('',*,*,#4537,.F.);
#4537 = EDGE_CURVE('',#4538,#4540,#4542,.T.);
#4538 = VERTEX_POINT('',#4539);
#4539 = CARTESIAN_POINT('',(-4.375,-15.825,1.5));
#4540 = VERTEX_POINT('',#4541);
#4541 = CARTESIAN_POINT('',(-4.375,-54.575,1.5));
#4542 = SURFACE_CURVE('',#4543,(#4547,#4553),.PCURVE_S1.);
#4543 = LINE('',#4544,#4545);
#4544 = CARTESIAN_POINT('',(-4.375,-34.7875,1.5));
#4545 = VECTOR('',#4546,1.);
#4546 = DIRECTION('',(-1.110223024625E-16,-1.,0.));
#4547 = PCURVE('',#100,#4548);
#4548 = DEFINITIONAL_REPRESENTATION('',(#4549),#4552);
#4549 = B_SPLINE_CURVE_WITH_KNOTS('',1,(#4550,#4551),.UNSPECIFIED.,.F.,
  .F.,(2,2),(-18.9625,19.7875),.PIECEWISE_BEZIER_KNOTS.);
#4550 = CARTESIAN_POINT('',(70.825,-0.825));
#4551 = CARTESIAN_POINT('',(70.825,-39.575));
#4552 = ( GEOMETRIC_REPRESENTATION_CONTEXT(2) 
PARAMETRIC_REPRESENTATION_CONTEXT() REPRESENTATION_CONTEXT('2D SPACE',''
  ) );
#4553 = PCURVE('',#821,#4554);
#4554 = DEFINITIONAL_REPRESENTATION('',(#4555),#4558);
#4555 = B_SPLINE_CURVE_WITH_KNOTS('',1,(#4556,#4557),.UNSPECIFIED.,.F.,
  .F.,(2,2),(-18.9625,19.7875),.PIECEWISE_BEZIER_KNOTS.);
#4556 = CARTESIAN_POINT('',(38.75,-1.5));
#4557 = CARTESIAN_POINT('',(0.,-1.5));
#4558 = ( GEOMETRIC_REPRESENTATION_CONTEXT(2) 
PARAMETRIC_REPRESENTATION_CONTEXT() REPRESENTATION_CONTEXT('2D SPACE',''
  ) );
#4559 = ORIENTED_EDGE('',*,*,#4560,.T.);
#4560 = EDGE_CURVE('',#4538,#4561,#4563,.T.);
#4561 = VERTEX_POINT('',#4562);
#4562 = CARTESIAN_POINT('',(-3.125,-15.825,1.5));
#4563 = SURFACE_CURVE('',#4564,(#4569,#4580),.PCURVE_S1.);
#4564 = CIRCLE('',#4565,0.625);
#4565 = AXIS2_PLACEMENT_3D('',#4566,#4567,#4568);
#4566 = CARTESIAN_POINT('',(-3.75,-15.825,1.5));
#4567 = DIRECTION('',(0.,0.,-1.));
#4568 = DIRECTION('',(-1.,1.110223024625E-16,0.));
#4569 = PCURVE('',#100,#4570);
#4570 = DEFINITIONAL_REPRESENTATION('',(#4571),#4579);
#4571 = ( BOUNDED_CURVE() B_SPLINE_CURVE(2,(#4572,#4573,#4574,#4575,
#4576,#4577,#4578),.UNSPECIFIED.,.T.,.F.) B_SPLINE_CURVE_WITH_KNOTS((1,2
    ,2,2,2,1),(-2.094395102393,0.,2.094395102393,4.188790204786,
6.28318530718,8.377580409573),.UNSPECIFIED.) CURVE() 
GEOMETRIC_REPRESENTATION_ITEM() RATIONAL_B_SPLINE_CURVE((1.,0.5,1.,0.5,
1.,0.5,1.)) REPRESENTATION_ITEM('') );
#4572 = CARTESIAN_POINT('',(70.825,-0.825));
#4573 = CARTESIAN_POINT('',(70.825,0.257531754731));
#4574 = CARTESIAN_POINT('',(71.7625,-0.283734122635));
#4575 = CARTESIAN_POINT('',(72.7,-0.825));
#4576 = CARTESIAN_POINT('',(71.7625,-1.366265877365));
#4577 = CARTESIAN_POINT('',(70.825,-1.907531754731));
#4578 = CARTESIAN_POINT('',(70.825,-0.825));
#4579 = ( GEOMETRIC_REPRESENTATION_CONTEXT(2) 
PARAMETRIC_REPRESENTATION_CONTEXT() REPRESENTATION_CONTEXT('2D SPACE',''
  ) );
#4580 = PCURVE('',#853,#4581);
#4581 = DEFINITIONAL_REPRESENTATION('',(#4582),#4586);
#4582 = LINE('',#4583,#4584);
#4583 = CARTESIAN_POINT('',(0.,-1.5));
#4584 = VECTOR('',#4585,1.);
#4585 = DIRECTION('',(1.,0.));
#4586 = ( GEOMETRIC_REPRESENTATION_CONTEXT(2) 
PARAMETRIC_REPRESENTATION_CONTEXT() REPRESENTATION_CONTEXT('2D SPACE',''
  ) );
#4587 = ORIENTED_EDGE('',*,*,#4588,.F.);
#4588 = EDGE_CURVE('',#4589,#4561,#4591,.T.);
#4589 = VERTEX_POINT('',#4590);
#4590 = CARTESIAN_POINT('',(-3.125,-54.575,1.5));
#4591 = SURFACE_CURVE('',#4592,(#4596,#4602),.PCURVE_S1.);
#4592 = LINE('',#4593,#4594);
#4593 = CARTESIAN_POINT('',(-3.125,-15.4125,1.5));
#4594 = VECTOR('',#4595,1.);
#4595 = DIRECTION('',(1.110223024625E-16,1.,-0.));
#4596 = PCURVE('',#100,#4597);
#4597 = DEFINITIONAL_REPRESENTATION('',(#4598),#4601);
#4598 = B_SPLINE_CURVE_WITH_KNOTS('',1,(#4599,#4600),.UNSPECIFIED.,.F.,
  .F.,(2,2),(-39.1625,-0.4125),.PIECEWISE_BEZIER_KNOTS.);
#4599 = CARTESIAN_POINT('',(72.075,-39.575));
#4600 = CARTESIAN_POINT('',(72.075,-0.825));
#4601 = ( GEOMETRIC_REPRESENTATION_CONTEXT(2) 
PARAMETRIC_REPRESENTATION_CONTEXT() REPRESENTATION_CONTEXT('2D SPACE',''
  ) );
#4602 = PCURVE('',#880,#4603);
#4603 = DEFINITIONAL_REPRESENTATION('',(#4604),#4607);
#4604 = B_SPLINE_CURVE_WITH_KNOTS('',1,(#4605,#4606),.UNSPECIFIED.,.F.,
  .F.,(2,2),(-39.1625,-0.4125),.PIECEWISE_BEZIER_KNOTS.);
#4605 = CARTESIAN_POINT('',(38.75,-1.5));
#4606 = CARTESIAN_POINT('',(0.,-1.5));
#4607 = ( GEOMETRIC_REPRESENTATION_CONTEXT(2) 
PARAMETRIC_REPRESENTATION_CONTEXT() REPRESENTATION_CONTEXT('2D SPACE',''
  ) );
#4608 = ORIENTED_EDGE('',*,*,#4609,.T.);
#4609 = EDGE_CURVE('',#4589,#4540,#4610,.T.);
#4610 = SURFACE_CURVE('',#4611,(#4616,#4627),.PCURVE_S1.);
#4611 = CIRCLE('',#4612,0.625);
#4612 = AXIS2_PLACEMENT_3D('',#4613,#4614,#4615);
#4613 = CARTESIAN_POINT('',(-3.75,-54.575,1.5));
#4614 = DIRECTION('',(0.,-0.,-1.));
#4615 = DIRECTION('',(1.,-1.110223024625E-16,0.));
#4616 = PCURVE('',#100,#4617);
#4617 = DEFINITIONAL_REPRESENTATION('',(#4618),#4626);
#4618 = ( BOUNDED_CURVE() B_SPLINE_CURVE(2,(#4619,#4620,#4621,#4622,
#4623,#4624,#4625),.UNSPECIFIED.,.T.,.F.) B_SPLINE_CURVE_WITH_KNOTS((1,2
    ,2,2,2,1),(-2.094395102393,0.,2.094395102393,4.188790204786,
6.28318530718,8.377580409573),.UNSPECIFIED.) CURVE() 
GEOMETRIC_REPRESENTATION_ITEM() RATIONAL_B_SPLINE_CURVE((1.,0.5,1.,0.5,
1.,0.5,1.)) REPRESENTATION_ITEM('') );
#4619 = CARTESIAN_POINT('',(72.075,-39.575));
#4620 = CARTESIAN_POINT('',(72.075,-40.65753175473));
#4621 = CARTESIAN_POINT('',(71.1375,-40.11626587736));
#4622 = CARTESIAN_POINT('',(70.2,-39.575));
#4623 = CARTESIAN_POINT('',(71.1375,-39.03373412263));
#4624 = CARTESIAN_POINT('',(72.075,-38.49246824526));
#4625 = CARTESIAN_POINT('',(72.075,-39.575));
#4626 = ( GEOMETRIC_REPRESENTATION_CONTEXT(2) 
PARAMETRIC_REPRESENTATION_CONTEXT() REPRESENTATION_CONTEXT('2D SPACE',''
  ) );
#4627 = PCURVE('',#910,#4628);
#4628 = DEFINITIONAL_REPRESENTATION('',(#4629),#4633);
#4629 = LINE('',#4630,#4631);
#4630 = CARTESIAN_POINT('',(0.,-1.5));
#4631 = VECTOR('',#4632,1.);
#4632 = DIRECTION('',(1.,0.));
#4633 = ( GEOMETRIC_REPRESENTATION_CONTEXT(2) 
PARAMETRIC_REPRESENTATION_CONTEXT() REPRESENTATION_CONTEXT('2D SPACE',''
  ) );
#4634 = FACE_BOUND('',#4635,.T.);
#4635 = EDGE_LOOP('',(#4636,#4659,#4687,#4708));
#4636 = ORIENTED_EDGE('',*,*,#4637,.F.);
#4637 = EDGE_CURVE('',#4638,#4640,#4642,.T.);
#4638 = VERTEX_POINT('',#4639);
#4639 = CARTESIAN_POINT('',(-15.825,-10.625,1.5));
#4640 = VERTEX_POINT('',#4641);
#4641 = CARTESIAN_POINT('',(-54.575,-10.625,1.5));
#4642 = SURFACE_CURVE('',#4643,(#4647,#4653),.PCURVE_S1.);
#4643 = LINE('',#4644,#4645);
#4644 = CARTESIAN_POINT('',(-64.8875,-10.625,1.5));
#4645 = VECTOR('',#4646,1.);
#4646 = DIRECTION('',(-1.,0.,0.));
#4647 = PCURVE('',#100,#4648);
#4648 = DEFINITIONAL_REPRESENTATION('',(#4649),#4652);
#4649 = B_SPLINE_CURVE_WITH_KNOTS('',1,(#4650,#4651),.UNSPECIFIED.,.F.,
  .F.,(2,2),(-49.0625,-10.3125),.PIECEWISE_BEZIER_KNOTS.);
#4650 = CARTESIAN_POINT('',(59.375,4.375));
#4651 = CARTESIAN_POINT('',(20.625,4.375));
#4652 = ( GEOMETRIC_REPRESENTATION_CONTEXT(2) 
PARAMETRIC_REPRESENTATION_CONTEXT() REPRESENTATION_CONTEXT('2D SPACE',''
  ) );
#4653 = PCURVE('',#941,#4654);
#4654 = DEFINITIONAL_REPRESENTATION('',(#4655),#4658);
#4655 = B_SPLINE_CURVE_WITH_KNOTS('',1,(#4656,#4657),.UNSPECIFIED.,.F.,
  .F.,(2,2),(-49.0625,-10.3125),.PIECEWISE_BEZIER_KNOTS.);
#4656 = CARTESIAN_POINT('',(38.75,-1.5));
#4657 = CARTESIAN_POINT('',(0.,-1.5));
#4658 = ( GEOMETRIC_REPRESENTATION_CONTEXT(2) 
PARAMETRIC_REPRESENTATION_CONTEXT() REPRESENTATION_CONTEXT('2D SPACE',''
  ) );
#4659 = ORIENTED_EDGE('',*,*,#4660,.T.);
#4660 = EDGE_CURVE('',#4638,#4661,#4663,.T.);
#4661 = VERTEX_POINT('',#4662);
#4662 = CARTESIAN_POINT('',(-15.825,-11.875,1.5));
#4663 = SURFACE_CURVE('',#4664,(#4669,#4680),.PCURVE_S1.);
#4664 = CIRCLE('',#4665,0.625);
#4665 = AXIS2_PLACEMENT_3D('',#4666,#4667,#4668);
#4666 = CARTESIAN_POINT('',(-15.825,-11.25,1.5));
#4667 = DIRECTION('',(0.,0.,-1.));
#4668 = DIRECTION('',(0.,1.,0.));
#4669 = PCURVE('',#100,#4670);
#4670 = DEFINITIONAL_REPRESENTATION('',(#4671),#4679);
#4671 = ( BOUNDED_CURVE() B_SPLINE_CURVE(2,(#4672,#4673,#4674,#4675,
#4676,#4677,#4678),.UNSPECIFIED.,.T.,.F.) B_SPLINE_CURVE_WITH_KNOTS((1,2
    ,2,2,2,1),(-2.094395102393,0.,2.094395102393,4.188790204786,
6.28318530718,8.377580409573),.UNSPECIFIED.) CURVE() 
GEOMETRIC_REPRESENTATION_ITEM() RATIONAL_B_SPLINE_CURVE((1.,0.5,1.,0.5,
1.,0.5,1.)) REPRESENTATION_ITEM('') );
#4672 = CARTESIAN_POINT('',(59.375,4.375));
#4673 = CARTESIAN_POINT('',(60.457531754731,4.375));
#4674 = CARTESIAN_POINT('',(59.916265877365,3.4375));
#4675 = CARTESIAN_POINT('',(59.375,2.5));
#4676 = CARTESIAN_POINT('',(58.833734122635,3.4375));
#4677 = CARTESIAN_POINT('',(58.292468245269,4.375));
#4678 = CARTESIAN_POINT('',(59.375,4.375));
#4679 = ( GEOMETRIC_REPRESENTATION_CONTEXT(2) 
PARAMETRIC_REPRESENTATION_CONTEXT() REPRESENTATION_CONTEXT('2D SPACE',''
  ) );
#4680 = PCURVE('',#973,#4681);
#4681 = DEFINITIONAL_REPRESENTATION('',(#4682),#4686);
#4682 = LINE('',#4683,#4684);
#4683 = CARTESIAN_POINT('',(0.,-1.5));
#4684 = VECTOR('',#4685,1.);
#4685 = DIRECTION('',(1.,0.));
#4686 = ( GEOMETRIC_REPRESENTATION_CONTEXT(2) 
PARAMETRIC_REPRESENTATION_CONTEXT() REPRESENTATION_CONTEXT('2D SPACE',''
  ) );
#4687 = ORIENTED_EDGE('',*,*,#4688,.F.);
#4688 = EDGE_CURVE('',#4689,#4661,#4691,.T.);
#4689 = VERTEX_POINT('',#4690);
#4690 = CARTESIAN_POINT('',(-54.575,-11.875,1.5));
#4691 = SURFACE_CURVE('',#4692,(#4696,#4702),.PCURVE_S1.);
#4692 = LINE('',#4693,#4694);
#4693 = CARTESIAN_POINT('',(-45.5125,-11.875,1.5));
#4694 = VECTOR('',#4695,1.);
#4695 = DIRECTION('',(1.,0.,-0.));
#4696 = PCURVE('',#100,#4697);
#4697 = DEFINITIONAL_REPRESENTATION('',(#4698),#4701);
#4698 = B_SPLINE_CURVE_WITH_KNOTS('',1,(#4699,#4700),.UNSPECIFIED.,.F.,
  .F.,(2,2),(-9.0625,29.6875),.PIECEWISE_BEZIER_KNOTS.);
#4699 = CARTESIAN_POINT('',(20.625,3.125));
#4700 = CARTESIAN_POINT('',(59.375,3.125));
#4701 = ( GEOMETRIC_REPRESENTATION_CONTEXT(2) 
PARAMETRIC_REPRESENTATION_CONTEXT() REPRESENTATION_CONTEXT('2D SPACE',''
  ) );
#4702 = PCURVE('',#1000,#4703);
#4703 = DEFINITIONAL_REPRESENTATION('',(#4704),#4707);
#4704 = B_SPLINE_CURVE_WITH_KNOTS('',1,(#4705,#4706),.UNSPECIFIED.,.F.,
  .F.,(2,2),(-9.0625,29.6875),.PIECEWISE_BEZIER_KNOTS.);
#4705 = CARTESIAN_POINT('',(38.75,-1.5));
#4706 = CARTESIAN_POINT('',(0.,-1.5));
#4707 = ( GEOMETRIC_REPRESENTATION_CONTEXT(2) 
PARAMETRIC_REPRESENTATION_CONTEXT() REPRESENTATION_CONTEXT('2D SPACE',''
  ) );
#4708 = ORIENTED_EDGE('',*,*,#4709,.T.);
#4709 = EDGE_CURVE('',#4689,#4640,#4710,.T.);
#4710 = SURFACE_CURVE('',#4711,(#4716,#4727),.PCURVE_S1.);
#4711 = CIRCLE('',#4712,0.625);
#4712 = AXIS2_PLACEMENT_3D('',#4713,#4714,#4715);
#4713 = CARTESIAN_POINT('',(-54.575,-11.25,1.5));
#4714 = DIRECTION('',(0.,-0.,-1.));
#4715 = DIRECTION('',(0.,-1.,0.));
#4716 = PCURVE('',#100,#4717);
#4717 = DEFINITIONAL_REPRESENTATION('',(#4718),#4726);
#4718 = ( BOUNDED_CURVE() B_SPLINE_CURVE(2,(#4719,#4720,#4721,#4722,
#4723,#4724,#4725),.UNSPECIFIED.,.T.,.F.) B_SPLINE_CURVE_WITH_KNOTS((1,2
    ,2,2,2,1),(-2.094395102393,0.,2.094395102393,4.188790204786,
6.28318530718,8.377580409573),.UNSPECIFIED.) CURVE() 
GEOMETRIC_REPRESENTATION_ITEM() RATIONAL_B_SPLINE_CURVE((1.,0.5,1.,0.5,
1.,0.5,1.)) REPRESENTATION_ITEM('') );
#4719 = CARTESIAN_POINT('',(20.625,3.125));
#4720 = CARTESIAN_POINT('',(19.542468245269,3.125));
#4721 = CARTESIAN_POINT('',(20.083734122635,4.0625));
#4722 = CARTESIAN_POINT('',(20.625,5.));
#4723 = CARTESIAN_POINT('',(21.166265877365,4.0625));
#4724 = CARTESIAN_POINT('',(21.707531754731,3.125));
#4725 = CARTESIAN_POINT('',(20.625,3.125));
#4726 = ( GEOMETRIC_REPRESENTATION_CONTEXT(2) 
PARAMETRIC_REPRESENTATION_CONTEXT() REPRESENTATION_CONTEXT('2D SPACE',''
  ) );
#4727 = PCURVE('',#1030,#4728);
#4728 = DEFINITIONAL_REPRESENTATION('',(#4729),#4733);
#4729 = LINE('',#4730,#4731);
#4730 = CARTESIAN_POINT('',(0.,-1.5));
#4731 = VECTOR('',#4732,1.);
#4732 = DIRECTION('',(1.,0.));
#4733 = ( GEOMETRIC_REPRESENTATION_CONTEXT(2) 
PARAMETRIC_REPRESENTATION_CONTEXT() REPRESENTATION_CONTEXT('2D SPACE',''
  ) );
#4734 = FACE_BOUND('',#4735,.T.);
#4735 = EDGE_LOOP('',(#4736,#4759,#4787,#4808));
#4736 = ORIENTED_EDGE('',*,*,#4737,.F.);
#4737 = EDGE_CURVE('',#4738,#4740,#4742,.T.);
#4738 = VERTEX_POINT('',#4739);
#4739 = CARTESIAN_POINT('',(-15.825,-6.875,1.5));
#4740 = VERTEX_POINT('',#4741);
#4741 = CARTESIAN_POINT('',(-54.575,-6.875,1.5));
#4742 = SURFACE_CURVE('',#4743,(#4747,#4753),.PCURVE_S1.);
#4743 = LINE('',#4744,#4745);
#4744 = CARTESIAN_POINT('',(-64.8875,-6.875,1.5));
#4745 = VECTOR('',#4746,1.);
#4746 = DIRECTION('',(-1.,0.,0.));
#4747 = PCURVE('',#100,#4748);
#4748 = DEFINITIONAL_REPRESENTATION('',(#4749),#4752);
#4749 = B_SPLINE_CURVE_WITH_KNOTS('',1,(#4750,#4751),.UNSPECIFIED.,.F.,
  .F.,(2,2),(-49.0625,-10.3125),.PIECEWISE_BEZIER_KNOTS.);
#4750 = CARTESIAN_POINT('',(59.375,8.125));
#4751 = CARTESIAN_POINT('',(20.625,8.125));
#4752 = ( GEOMETRIC_REPRESENTATION_CONTEXT(2) 
PARAMETRIC_REPRESENTATION_CONTEXT() REPRESENTATION_CONTEXT('2D SPACE',''
  ) );
#4753 = PCURVE('',#1061,#4754);
#4754 = DEFINITIONAL_REPRESENTATION('',(#4755),#4758);
#4755 = B_SPLINE_CURVE_WITH_KNOTS('',1,(#4756,#4757),.UNSPECIFIED.,.F.,
  .F.,(2,2),(-49.0625,-10.3125),.PIECEWISE_BEZIER_KNOTS.);
#4756 = CARTESIAN_POINT('',(38.75,-1.5));
#4757 = CARTESIAN_POINT('',(0.,-1.5));
#4758 = ( GEOMETRIC_REPRESENTATION_CONTEXT(2) 
PARAMETRIC_REPRESENTATION_CONTEXT() REPRESENTATION_CONTEXT('2D SPACE',''
  ) );
#4759 = ORIENTED_EDGE('',*,*,#4760,.T.);
#4760 = EDGE_CURVE('',#4738,#4761,#4763,.T.);
#4761 = VERTEX_POINT('',#4762);
#4762 = CARTESIAN_POINT('',(-15.825,-8.125,1.5));
#4763 = SURFACE_CURVE('',#4764,(#4769,#4780),.PCURVE_S1.);
#4764 = CIRCLE('',#4765,0.625);
#4765 = AXIS2_PLACEMENT_3D('',#4766,#4767,#4768);
#4766 = CARTESIAN_POINT('',(-15.825,-7.5,1.5));
#4767 = DIRECTION('',(0.,0.,-1.));
#4768 = DIRECTION('',(0.,1.,0.));
#4769 = PCURVE('',#100,#4770);
#4770 = DEFINITIONAL_REPRESENTATION('',(#4771),#4779);
#4771 = ( BOUNDED_CURVE() B_SPLINE_CURVE(2,(#4772,#4773,#4774,#4775,
#4776,#4777,#4778),.UNSPECIFIED.,.T.,.F.) B_SPLINE_CURVE_WITH_KNOTS((1,2
    ,2,2,2,1),(-2.094395102393,0.,2.094395102393,4.188790204786,
6.28318530718,8.377580409573),.UNSPECIFIED.) CURVE() 
GEOMETRIC_REPRESENTATION_ITEM() RATIONAL_B_SPLINE_CURVE((1.,0.5,1.,0.5,
1.,0.5,1.)) REPRESENTATION_ITEM('') );
#4772 = CARTESIAN_POINT('',(59.375,8.125));
#4773 = CARTESIAN_POINT('',(60.457531754731,8.125));
#4774 = CARTESIAN_POINT('',(59.916265877365,7.1875));
#4775 = CARTESIAN_POINT('',(59.375,6.25));
#4776 = CARTESIAN_POINT('',(58.833734122635,7.1875));
#4777 = CARTESIAN_POINT('',(58.292468245269,8.125));
#4778 = CARTESIAN_POINT('',(59.375,8.125));
#4779 = ( GEOMETRIC_REPRESENTATION_CONTEXT(2) 
PARAMETRIC_REPRESENTATION_CONTEXT() REPRESENTATION_CONTEXT('2D SPACE',''
  ) );
#4780 = PCURVE('',#1093,#4781);
#4781 = DEFINITIONAL_REPRESENTATION('',(#4782),#4786);
#4782 = LINE('',#4783,#4784);
#4783 = CARTESIAN_POINT('',(0.,-1.5));
#4784 = VECTOR('',#4785,1.);
#4785 = DIRECTION('',(1.,0.));
#4786 = ( GEOMETRIC_REPRESENTATION_CONTEXT(2) 
PARAMETRIC_REPRESENTATION_CONTEXT() REPRESENTATION_CONTEXT('2D SPACE',''
  ) );
#4787 = ORIENTED_EDGE('',*,*,#4788,.F.);
#4788 = EDGE_CURVE('',#4789,#4761,#4791,.T.);
#4789 = VERTEX_POINT('',#4790);
#4790 = CARTESIAN_POINT('',(-54.575,-8.125,1.5));
#4791 = SURFACE_CURVE('',#4792,(#4796,#4802),.PCURVE_S1.);
#4792 = LINE('',#4793,#4794);
#4793 = CARTESIAN_POINT('',(-45.5125,-8.125,1.5));
#4794 = VECTOR('',#4795,1.);
#4795 = DIRECTION('',(1.,0.,-0.));
#4796 = PCURVE('',#100,#4797);
#4797 = DEFINITIONAL_REPRESENTATION('',(#4798),#4801);
#4798 = B_SPLINE_CURVE_WITH_KNOTS('',1,(#4799,#4800),.UNSPECIFIED.,.F.,
  .F.,(2,2),(-9.0625,29.6875),.PIECEWISE_BEZIER_KNOTS.);
#4799 = CARTESIAN_POINT('',(20.625,6.875));
#4800 = CARTESIAN_POINT('',(59.375,6.875));
#4801 = ( GEOMETRIC_REPRESENTATION_CONTEXT(2) 
PARAMETRIC_REPRESENTATION_CONTEXT() REPRESENTATION_CONTEXT('2D SPACE',''
  ) );
#4802 = PCURVE('',#1120,#4803);
#4803 = DEFINITIONAL_REPRESENTATION('',(#4804),#4807);
#4804 = B_SPLINE_CURVE_WITH_KNOTS('',1,(#4805,#4806),.UNSPECIFIED.,.F.,
  .F.,(2,2),(-9.0625,29.6875),.PIECEWISE_BEZIER_KNOTS.);
#4805 = CARTESIAN_POINT('',(38.75,-1.5));
#4806 = CARTESIAN_POINT('',(0.,-1.5));
#4807 = ( GEOMETRIC_REPRESENTATION_CONTEXT(2) 
PARAMETRIC_REPRESENTATION_CONTEXT() REPRESENTATION_CONTEXT('2D SPACE',''
  ) );
#4808 = ORIENTED_EDGE('',*,*,#4809,.T.);
#4809 = EDGE_CURVE('',#4789,#4740,#4810,.T.);
#4810 = SURFACE_CURVE('',#4811,(#4816,#4827),.PCURVE_S1.);
#4811 = CIRCLE('',#4812,0.625);
#4812 = AXIS2_PLACEMENT_3D('',#4813,#4814,#4815);
#4813 = CARTESIAN_POINT('',(-54.575,-7.5,1.5));
#4814 = DIRECTION('',(0.,-0.,-1.));
#4815 = DIRECTION('',(0.,-1.,0.));
#4816 = PCURVE('',#100,#4817);
#4817 = DEFINITIONAL_REPRESENTATION('',(#4818),#4826);
#4818 = ( BOUNDED_CURVE() B_SPLINE_CURVE(2,(#4819,#4820,#4821,#4822,
#4823,#4824,#4825),.UNSPECIFIED.,.T.,.F.) B_SPLINE_CURVE_WITH_KNOTS((1,2
    ,2,2,2,1),(-2.094395102393,0.,2.094395102393,4.188790204786,
6.28318530718,8.377580409573),.UNSPECIFIED.) CURVE() 
GEOMETRIC_REPRESENTATION_ITEM() RATIONAL_B_SPLINE_CURVE((1.,0.5,1.,0.5,
1.,0.5,1.)) REPRESENTATION_ITEM('') );
#4819 = CARTESIAN_POINT('',(20.625,6.875));
#4820 = CARTESIAN_POINT('',(19.542468245269,6.875));
#4821 = CARTESIAN_POINT('',(20.083734122635,7.8125));
#4822 = CARTESIAN_POINT('',(20.625,8.75));
#4823 = CARTESIAN_POINT('',(21.166265877365,7.8125));
#4824 = CARTESIAN_POINT('',(21.707531754731,6.875));
#4825 = CARTESIAN_POINT('',(20.625,6.875));
#4826 = ( GEOMETRIC_REPRESENTATION_CONTEXT(2) 
PARAMETRIC_REPRESENTATION_CONTEXT() REPRESENTATION_CONTEXT('2D SPACE',''
  ) );
#4827 = PCURVE('',#1150,#4828);
#4828 = DEFINITIONAL_REPRESENTATION('',(#4829),#4833);
#4829 = LINE('',#4830,#4831);
#4830 = CARTESIAN_POINT('',(0.,-1.5));
#4831 = VECTOR('',#4832,1.);
#4832 = DIRECTION('',(1.,0.));
#4833 = ( GEOMETRIC_REPRESENTATION_CONTEXT(2) 
PARAMETRIC_REPRESENTATION_CONTEXT() REPRESENTATION_CONTEXT('2D SPACE',''
  ) );
#4834 = FACE_BOUND('',#4835,.T.);
#4835 = EDGE_LOOP('',(#4836,#4859,#4887,#4908));
#4836 = ORIENTED_EDGE('',*,*,#4837,.F.);
#4837 = EDGE_CURVE('',#4838,#4840,#4842,.T.);
#4838 = VERTEX_POINT('',#4839);
#4839 = CARTESIAN_POINT('',(-15.825,-3.125,1.5));
#4840 = VERTEX_POINT('',#4841);
#4841 = CARTESIAN_POINT('',(-54.575,-3.125,1.5));
#4842 = SURFACE_CURVE('',#4843,(#4847,#4853),.PCURVE_S1.);
#4843 = LINE('',#4844,#4845);
#4844 = CARTESIAN_POINT('',(-64.8875,-3.125,1.5));
#4845 = VECTOR('',#4846,1.);
#4846 = DIRECTION('',(-1.,0.,0.));
#4847 = PCURVE('',#100,#4848);
#4848 = DEFINITIONAL_REPRESENTATION('',(#4849),#4852);
#4849 = B_SPLINE_CURVE_WITH_KNOTS('',1,(#4850,#4851),.UNSPECIFIED.,.F.,
  .F.,(2,2),(-49.0625,-10.3125),.PIECEWISE_BEZIER_KNOTS.);
#4850 = CARTESIAN_POINT('',(59.375,11.875));
#4851 = CARTESIAN_POINT('',(20.625,11.875));
#4852 = ( GEOMETRIC_REPRESENTATION_CONTEXT(2) 
PARAMETRIC_REPRESENTATION_CONTEXT() REPRESENTATION_CONTEXT('2D SPACE',''
  ) );
#4853 = PCURVE('',#1181,#4854);
#4854 = DEFINITIONAL_REPRESENTATION('',(#4855),#4858);
#4855 = B_SPLINE_CURVE_WITH_KNOTS('',1,(#4856,#4857),.UNSPECIFIED.,.F.,
  .F.,(2,2),(-49.0625,-10.3125),.PIECEWISE_BEZIER_KNOTS.);
#4856 = CARTESIAN_POINT('',(38.75,-1.5));
#4857 = CARTESIAN_POINT('',(0.,-1.5));
#4858 = ( GEOMETRIC_REPRESENTATION_CONTEXT(2) 
PARAMETRIC_REPRESENTATION_CONTEXT() REPRESENTATION_CONTEXT('2D SPACE',''
  ) );
#4859 = ORIENTED_EDGE('',*,*,#4860,.T.);
#4860 = EDGE_CURVE('',#4838,#4861,#4863,.T.);
#4861 = VERTEX_POINT('',#4862);
#4862 = CARTESIAN_POINT('',(-15.825,-4.375,1.5));
#4863 = SURFACE_CURVE('',#4864,(#4869,#4880),.PCURVE_S1.);
#4864 = CIRCLE('',#4865,0.625);
#4865 = AXIS2_PLACEMENT_3D('',#4866,#4867,#4868);
#4866 = CARTESIAN_POINT('',(-15.825,-3.75,1.5));
#4867 = DIRECTION('',(0.,0.,-1.));
#4868 = DIRECTION('',(0.,1.,0.));
#4869 = PCURVE('',#100,#4870);
#4870 = DEFINITIONAL_REPRESENTATION('',(#4871),#4879);
#4871 = ( BOUNDED_CURVE() B_SPLINE_CURVE(2,(#4872,#4873,#4874,#4875,
#4876,#4877,#4878),.UNSPECIFIED.,.T.,.F.) B_SPLINE_CURVE_WITH_KNOTS((1,2
    ,2,2,2,1),(-2.094395102393,0.,2.094395102393,4.188790204786,
6.28318530718,8.377580409573),.UNSPECIFIED.) CURVE() 
GEOMETRIC_REPRESENTATION_ITEM() RATIONAL_B_SPLINE_CURVE((1.,0.5,1.,0.5,
1.,0.5,1.)) REPRESENTATION_ITEM('') );
#4872 = CARTESIAN_POINT('',(59.375,11.875));
#4873 = CARTESIAN_POINT('',(60.457531754731,11.875));
#4874 = CARTESIAN_POINT('',(59.916265877365,10.9375));
#4875 = CARTESIAN_POINT('',(59.375,10.));
#4876 = CARTESIAN_POINT('',(58.833734122635,10.9375));
#4877 = CARTESIAN_POINT('',(58.292468245269,11.875));
#4878 = CARTESIAN_POINT('',(59.375,11.875));
#4879 = ( GEOMETRIC_REPRESENTATION_CONTEXT(2) 
PARAMETRIC_REPRESENTATION_CONTEXT() REPRESENTATION_CONTEXT('2D SPACE',''
  ) );
#4880 = PCURVE('',#1213,#4881);
#4881 = DEFINITIONAL_REPRESENTATION('',(#4882),#4886);
#4882 = LINE('',#4883,#4884);
#4883 = CARTESIAN_POINT('',(0.,-1.5));
#4884 = VECTOR('',#4885,1.);
#4885 = DIRECTION('',(1.,0.));
#4886 = ( GEOMETRIC_REPRESENTATION_CONTEXT(2) 
PARAMETRIC_REPRESENTATION_CONTEXT() REPRESENTATION_CONTEXT('2D SPACE',''
  ) );
#4887 = ORIENTED_EDGE('',*,*,#4888,.F.);
#4888 = EDGE_CURVE('',#4889,#4861,#4891,.T.);
#4889 = VERTEX_POINT('',#4890);
#4890 = CARTESIAN_POINT('',(-54.575,-4.375,1.5));
#4891 = SURFACE_CURVE('',#4892,(#4896,#4902),.PCURVE_S1.);
#4892 = LINE('',#4893,#4894);
#4893 = CARTESIAN_POINT('',(-45.5125,-4.375,1.5));
#4894 = VECTOR('',#4895,1.);
#4895 = DIRECTION('',(1.,0.,-0.));
#4896 = PCURVE('',#100,#4897);
#4897 = DEFINITIONAL_REPRESENTATION('',(#4898),#4901);
#4898 = B_SPLINE_CURVE_WITH_KNOTS('',1,(#4899,#4900),.UNSPECIFIED.,.F.,
  .F.,(2,2),(-9.0625,29.6875),.PIECEWISE_BEZIER_KNOTS.);
#4899 = CARTESIAN_POINT('',(20.625,10.625));
#4900 = CARTESIAN_POINT('',(59.375,10.625));
#4901 = ( GEOMETRIC_REPRESENTATION_CONTEXT(2) 
PARAMETRIC_REPRESENTATION_CONTEXT() REPRESENTATION_CONTEXT('2D SPACE',''
  ) );
#4902 = PCURVE('',#1240,#4903);
#4903 = DEFINITIONAL_REPRESENTATION('',(#4904),#4907);
#4904 = B_SPLINE_CURVE_WITH_KNOTS('',1,(#4905,#4906),.UNSPECIFIED.,.F.,
  .F.,(2,2),(-9.0625,29.6875),.PIECEWISE_BEZIER_KNOTS.);
#4905 = CARTESIAN_POINT('',(38.75,-1.5));
#4906 = CARTESIAN_POINT('',(0.,-1.5));
#4907 = ( GEOMETRIC_REPRESENTATION_CONTEXT(2) 
PARAMETRIC_REPRESENTATION_CONTEXT() REPRESENTATION_CONTEXT('2D SPACE',''
  ) );
#4908 = ORIENTED_EDGE('',*,*,#4909,.T.);
#4909 = EDGE_CURVE('',#4889,#4840,#4910,.T.);
#4910 = SURFACE_CURVE('',#4911,(#4916,#4927),.PCURVE_S1.);
#4911 = CIRCLE('',#4912,0.625);
#4912 = AXIS2_PLACEMENT_3D('',#4913,#4914,#4915);
#4913 = CARTESIAN_POINT('',(-54.575,-3.75,1.5));
#4914 = DIRECTION('',(0.,-0.,-1.));
#4915 = DIRECTION('',(0.,-1.,0.));
#4916 = PCURVE('',#100,#4917);
#4917 = DEFINITIONAL_REPRESENTATION('',(#4918),#4926);
#4918 = ( BOUNDED_CURVE() B_SPLINE_CURVE(2,(#4919,#4920,#4921,#4922,
#4923,#4924,#4925),.UNSPECIFIED.,.T.,.F.) B_SPLINE_CURVE_WITH_KNOTS((1,2
    ,2,2,2,1),(-2.094395102393,0.,2.094395102393,4.188790204786,
6.28318530718,8.377580409573),.UNSPECIFIED.) CURVE() 
GEOMETRIC_REPRESENTATION_ITEM() RATIONAL_B_SPLINE_CURVE((1.,0.5,1.,0.5,
1.,0.5,1.)) REPRESENTATION_ITEM('') );
#4919 = CARTESIAN_POINT('',(20.625,10.625));
#4920 = CARTESIAN_POINT('',(19.542468245269,10.625));
#4921 = CARTESIAN_POINT('',(20.083734122635,11.5625));
#4922 = CARTESIAN_POINT('',(20.625,12.5));
#4923 = CARTESIAN_POINT('',(21.166265877365,11.5625));
#4924 = CARTESIAN_POINT('',(21.707531754731,10.625));
#4925 = CARTESIAN_POINT('',(20.625,10.625));
#4926 = ( GEOMETRIC_REPRESENTATION_CONTEXT(2) 
PARAMETRIC_REPRESENTATION_CONTEXT() REPRESENTATION_CONTEXT('2D SPACE',''
  ) );
#4927 = PCURVE('',#1270,#4928);
#4928 = DEFINITIONAL_REPRESENTATION('',(#4929),#4933);
#4929 = LINE('',#4930,#4931);
#4930 = CARTESIAN_POINT('',(0.,-1.5));
#4931 = VECTOR('',#4932,1.);
#4932 = DIRECTION('',(1.,0.));
#4933 = ( GEOMETRIC_REPRESENTATION_CONTEXT(2) 
PARAMETRIC_REPRESENTATION_CONTEXT() REPRESENTATION_CONTEXT('2D SPACE',''
  ) );
#4934 = FACE_BOUND('',#4935,.T.);
#4935 = EDGE_LOOP('',(#4936,#4959,#4987,#5008));
#4936 = ORIENTED_EDGE('',*,*,#4937,.F.);
#4937 = EDGE_CURVE('',#4938,#4940,#4942,.T.);
#4938 = VERTEX_POINT('',#4939);
#4939 = CARTESIAN_POINT('',(-0.625,-15.825,1.5));
#4940 = VERTEX_POINT('',#4941);
#4941 = CARTESIAN_POINT('',(-0.625,-54.575,1.5));
#4942 = SURFACE_CURVE('',#4943,(#4947,#4953),.PCURVE_S1.);
#4943 = LINE('',#4944,#4945);
#4944 = CARTESIAN_POINT('',(-0.625,-34.7875,1.5));
#4945 = VECTOR('',#4946,1.);
#4946 = DIRECTION('',(-1.110223024625E-16,-1.,0.));
#4947 = PCURVE('',#100,#4948);
#4948 = DEFINITIONAL_REPRESENTATION('',(#4949),#4952);
#4949 = B_SPLINE_CURVE_WITH_KNOTS('',1,(#4950,#4951),.UNSPECIFIED.,.F.,
  .F.,(2,2),(-18.9625,19.7875),.PIECEWISE_BEZIER_KNOTS.);
#4950 = CARTESIAN_POINT('',(74.575,-0.825));
#4951 = CARTESIAN_POINT('',(74.575,-39.575));
#4952 = ( GEOMETRIC_REPRESENTATION_CONTEXT(2) 
PARAMETRIC_REPRESENTATION_CONTEXT() REPRESENTATION_CONTEXT('2D SPACE',''
  ) );
#4953 = PCURVE('',#1301,#4954);
#4954 = DEFINITIONAL_REPRESENTATION('',(#4955),#4958);
#4955 = B_SPLINE_CURVE_WITH_KNOTS('',1,(#4956,#4957),.UNSPECIFIED.,.F.,
  .F.,(2,2),(-18.9625,19.7875),.PIECEWISE_BEZIER_KNOTS.);
#4956 = CARTESIAN_POINT('',(38.75,-1.5));
#4957 = CARTESIAN_POINT('',(0.,-1.5));
#4958 = ( GEOMETRIC_REPRESENTATION_CONTEXT(2) 
PARAMETRIC_REPRESENTATION_CONTEXT() REPRESENTATION_CONTEXT('2D SPACE',''
  ) );
#4959 = ORIENTED_EDGE('',*,*,#4960,.T.);
#4960 = EDGE_CURVE('',#4938,#4961,#4963,.T.);
#4961 = VERTEX_POINT('',#4962);
#4962 = CARTESIAN_POINT('',(0.625,-15.825,1.5));
#4963 = SURFACE_CURVE('',#4964,(#4969,#4980),.PCURVE_S1.);
#4964 = CIRCLE('',#4965,0.625);
#4965 = AXIS2_PLACEMENT_3D('',#4966,#4967,#4968);
#4966 = CARTESIAN_POINT('',(2.206568261442E-15,-15.825,1.5));
#4967 = DIRECTION('',(0.,0.,-1.));
#4968 = DIRECTION('',(-1.,1.110223024625E-16,0.));
#4969 = PCURVE('',#100,#4970);
#4970 = DEFINITIONAL_REPRESENTATION('',(#4971),#4979);
#4971 = ( BOUNDED_CURVE() B_SPLINE_CURVE(2,(#4972,#4973,#4974,#4975,
#4976,#4977,#4978),.UNSPECIFIED.,.T.,.F.) B_SPLINE_CURVE_WITH_KNOTS((1,2
    ,2,2,2,1),(-2.094395102393,0.,2.094395102393,4.188790204786,
6.28318530718,8.377580409573),.UNSPECIFIED.) CURVE() 
GEOMETRIC_REPRESENTATION_ITEM() RATIONAL_B_SPLINE_CURVE((1.,0.5,1.,0.5,
1.,0.5,1.)) REPRESENTATION_ITEM('') );
#4972 = CARTESIAN_POINT('',(74.575,-0.825));
#4973 = CARTESIAN_POINT('',(74.575,0.257531754731));
#4974 = CARTESIAN_POINT('',(75.5125,-0.283734122635));
#4975 = CARTESIAN_POINT('',(76.45,-0.825));
#4976 = CARTESIAN_POINT('',(75.5125,-1.366265877365));
#4977 = CARTESIAN_POINT('',(74.575,-1.907531754731));
#4978 = CARTESIAN_POINT('',(74.575,-0.825));
#4979 = ( GEOMETRIC_REPRESENTATION_CONTEXT(2) 
PARAMETRIC_REPRESENTATION_CONTEXT() REPRESENTATION_CONTEXT('2D SPACE',''
  ) );
#4980 = PCURVE('',#1333,#4981);
#4981 = DEFINITIONAL_REPRESENTATION('',(#4982),#4986);
#4982 = LINE('',#4983,#4984);
#4983 = CARTESIAN_POINT('',(0.,-1.5));
#4984 = VECTOR('',#4985,1.);
#4985 = DIRECTION('',(1.,0.));
#4986 = ( GEOMETRIC_REPRESENTATION_CONTEXT(2) 
PARAMETRIC_REPRESENTATION_CONTEXT() REPRESENTATION_CONTEXT('2D SPACE',''
  ) );
#4987 = ORIENTED_EDGE('',*,*,#4988,.F.);
#4988 = EDGE_CURVE('',#4989,#4961,#4991,.T.);
#4989 = VERTEX_POINT('',#4990);
#4990 = CARTESIAN_POINT('',(0.625,-54.575,1.5));
#4991 = SURFACE_CURVE('',#4992,(#4996,#5002),.PCURVE_S1.);
#4992 = LINE('',#4993,#4994);
#4993 = CARTESIAN_POINT('',(0.625,-15.4125,1.5));
#4994 = VECTOR('',#4995,1.);
#4995 = DIRECTION('',(1.110223024625E-16,1.,-0.));
#4996 = PCURVE('',#100,#4997);
#4997 = DEFINITIONAL_REPRESENTATION('',(#4998),#5001);
#4998 = B_SPLINE_CURVE_WITH_KNOTS('',1,(#4999,#5000),.UNSPECIFIED.,.F.,
  .F.,(2,2),(-39.1625,-0.4125),.PIECEWISE_BEZIER_KNOTS.);
#4999 = CARTESIAN_POINT('',(75.825,-39.575));
#5000 = CARTESIAN_POINT('',(75.825,-0.825));
#5001 = ( GEOMETRIC_REPRESENTATION_CONTEXT(2) 
PARAMETRIC_REPRESENTATION_CONTEXT() REPRESENTATION_CONTEXT('2D SPACE',''
  ) );
#5002 = PCURVE('',#1360,#5003);
#5003 = DEFINITIONAL_REPRESENTATION('',(#5004),#5007);
#5004 = B_SPLINE_CURVE_WITH_KNOTS('',1,(#5005,#5006),.UNSPECIFIED.,.F.,
  .F.,(2,2),(-39.1625,-0.4125),.PIECEWISE_BEZIER_KNOTS.);
#5005 = CARTESIAN_POINT('',(38.75,-1.5));
#5006 = CARTESIAN_POINT('',(0.,-1.5));
#5007 = ( GEOMETRIC_REPRESENTATION_CONTEXT(2) 
PARAMETRIC_REPRESENTATION_CONTEXT() REPRESENTATION_CONTEXT('2D SPACE',''
  ) );
#5008 = ORIENTED_EDGE('',*,*,#5009,.T.);
#5009 = EDGE_CURVE('',#4989,#4940,#5010,.T.);
#5010 = SURFACE_CURVE('',#5011,(#5016,#5027),.PCURVE_S1.);
#5011 = CIRCLE('',#5012,0.625);
#5012 = AXIS2_PLACEMENT_3D('',#5013,#5014,#5015);
#5013 = CARTESIAN_POINT('',(-2.206568261442E-15,-54.575,1.5));
#5014 = DIRECTION('',(0.,-0.,-1.));
#5015 = DIRECTION('',(1.,-1.110223024625E-16,0.));
#5016 = PCURVE('',#100,#5017);
#5017 = DEFINITIONAL_REPRESENTATION('',(#5018),#5026);
#5018 = ( BOUNDED_CURVE() B_SPLINE_CURVE(2,(#5019,#5020,#5021,#5022,
#5023,#5024,#5025),.UNSPECIFIED.,.T.,.F.) B_SPLINE_CURVE_WITH_KNOTS((1,2
    ,2,2,2,1),(-2.094395102393,0.,2.094395102393,4.188790204786,
6.28318530718,8.377580409573),.UNSPECIFIED.) CURVE() 
GEOMETRIC_REPRESENTATION_ITEM() RATIONAL_B_SPLINE_CURVE((1.,0.5,1.,0.5,
1.,0.5,1.)) REPRESENTATION_ITEM('') );
#5019 = CARTESIAN_POINT('',(75.825,-39.575));
#5020 = CARTESIAN_POINT('',(75.825,-40.65753175473));
#5021 = CARTESIAN_POINT('',(74.8875,-40.11626587736));
#5022 = CARTESIAN_POINT('',(73.95,-39.575));
#5023 = CARTESIAN_POINT('',(74.8875,-39.03373412263));
#5024 = CARTESIAN_POINT('',(75.825,-38.49246824526));
#5025 = CARTESIAN_POINT('',(75.825,-39.575));
#5026 = ( GEOMETRIC_REPRESENTATION_CONTEXT(2) 
PARAMETRIC_REPRESENTATION_CONTEXT() REPRESENTATION_CONTEXT('2D SPACE',''
  ) );
#5027 = PCURVE('',#1390,#5028);
#5028 = DEFINITIONAL_REPRESENTATION('',(#5029),#5033);
#5029 = LINE('',#5030,#5031);
#5030 = CARTESIAN_POINT('',(0.,-1.5));
#5031 = VECTOR('',#5032,1.);
#5032 = DIRECTION('',(1.,0.));
#5033 = ( GEOMETRIC_REPRESENTATION_CONTEXT(2) 
PARAMETRIC_REPRESENTATION_CONTEXT() REPRESENTATION_CONTEXT('2D SPACE',''
  ) );
#5034 = FACE_BOUND('',#5035,.T.);
#5035 = EDGE_LOOP('',(#5036,#5059,#5087,#5108));
#5036 = ORIENTED_EDGE('',*,*,#5037,.F.);
#5037 = EDGE_CURVE('',#5038,#5040,#5042,.T.);
#5038 = VERTEX_POINT('',#5039);
#5039 = CARTESIAN_POINT('',(3.125,-15.825,1.5));
#5040 = VERTEX_POINT('',#5041);
#5041 = CARTESIAN_POINT('',(3.125,-54.575,1.5));
#5042 = SURFACE_CURVE('',#5043,(#5047,#5053),.PCURVE_S1.);
#5043 = LINE('',#5044,#5045);
#5044 = CARTESIAN_POINT('',(3.125,-34.7875,1.5));
#5045 = VECTOR('',#5046,1.);
#5046 = DIRECTION('',(-1.110223024625E-16,-1.,0.));
#5047 = PCURVE('',#100,#5048);
#5048 = DEFINITIONAL_REPRESENTATION('',(#5049),#5052);
#5049 = B_SPLINE_CURVE_WITH_KNOTS('',1,(#5050,#5051),.UNSPECIFIED.,.F.,
  .F.,(2,2),(-18.9625,19.7875),.PIECEWISE_BEZIER_KNOTS.);
#5050 = CARTESIAN_POINT('',(78.325,-0.825));
#5051 = CARTESIAN_POINT('',(78.325,-39.575));
#5052 = ( GEOMETRIC_REPRESENTATION_CONTEXT(2) 
PARAMETRIC_REPRESENTATION_CONTEXT() REPRESENTATION_CONTEXT('2D SPACE',''
  ) );
#5053 = PCURVE('',#1421,#5054);
#5054 = DEFINITIONAL_REPRESENTATION('',(#5055),#5058);
#5055 = B_SPLINE_CURVE_WITH_KNOTS('',1,(#5056,#5057),.UNSPECIFIED.,.F.,
  .F.,(2,2),(-18.9625,19.7875),.PIECEWISE_BEZIER_KNOTS.);
#5056 = CARTESIAN_POINT('',(38.75,-1.5));
#5057 = CARTESIAN_POINT('',(0.,-1.5));
#5058 = ( GEOMETRIC_REPRESENTATION_CONTEXT(2) 
PARAMETRIC_REPRESENTATION_CONTEXT() REPRESENTATION_CONTEXT('2D SPACE',''
  ) );
#5059 = ORIENTED_EDGE('',*,*,#5060,.T.);
#5060 = EDGE_CURVE('',#5038,#5061,#5063,.T.);
#5061 = VERTEX_POINT('',#5062);
#5062 = CARTESIAN_POINT('',(4.375,-15.825,1.5));
#5063 = SURFACE_CURVE('',#5064,(#5069,#5080),.PCURVE_S1.);
#5064 = CIRCLE('',#5065,0.625);
#5065 = AXIS2_PLACEMENT_3D('',#5066,#5067,#5068);
#5066 = CARTESIAN_POINT('',(3.75,-15.825,1.5));
#5067 = DIRECTION('',(0.,0.,-1.));
#5068 = DIRECTION('',(-1.,1.110223024625E-16,0.));
#5069 = PCURVE('',#100,#5070);
#5070 = DEFINITIONAL_REPRESENTATION('',(#5071),#5079);
#5071 = ( BOUNDED_CURVE() B_SPLINE_CURVE(2,(#5072,#5073,#5074,#5075,
#5076,#5077,#5078),.UNSPECIFIED.,.T.,.F.) B_SPLINE_CURVE_WITH_KNOTS((1,2
    ,2,2,2,1),(-2.094395102393,0.,2.094395102393,4.188790204786,
6.28318530718,8.377580409573),.UNSPECIFIED.) CURVE() 
GEOMETRIC_REPRESENTATION_ITEM() RATIONAL_B_SPLINE_CURVE((1.,0.5,1.,0.5,
1.,0.5,1.)) REPRESENTATION_ITEM('') );
#5072 = CARTESIAN_POINT('',(78.325,-0.825));
#5073 = CARTESIAN_POINT('',(78.325,0.257531754731));
#5074 = CARTESIAN_POINT('',(79.2625,-0.283734122635));
#5075 = CARTESIAN_POINT('',(80.2,-0.825));
#5076 = CARTESIAN_POINT('',(79.2625,-1.366265877365));
#5077 = CARTESIAN_POINT('',(78.325,-1.907531754731));
#5078 = CARTESIAN_POINT('',(78.325,-0.825));
#5079 = ( GEOMETRIC_REPRESENTATION_CONTEXT(2) 
PARAMETRIC_REPRESENTATION_CONTEXT() REPRESENTATION_CONTEXT('2D SPACE',''
  ) );
#5080 = PCURVE('',#1453,#5081);
#5081 = DEFINITIONAL_REPRESENTATION('',(#5082),#5086);
#5082 = LINE('',#5083,#5084);
#5083 = CARTESIAN_POINT('',(0.,-1.5));
#5084 = VECTOR('',#5085,1.);
#5085 = DIRECTION('',(1.,0.));
#5086 = ( GEOMETRIC_REPRESENTATION_CONTEXT(2) 
PARAMETRIC_REPRESENTATION_CONTEXT() REPRESENTATION_CONTEXT('2D SPACE',''
  ) );
#5087 = ORIENTED_EDGE('',*,*,#5088,.F.);
#5088 = EDGE_CURVE('',#5089,#5061,#5091,.T.);
#5089 = VERTEX_POINT('',#5090);
#5090 = CARTESIAN_POINT('',(4.375,-54.575,1.5));
#5091 = SURFACE_CURVE('',#5092,(#5096,#5102),.PCURVE_S1.);
#5092 = LINE('',#5093,#5094);
#5093 = CARTESIAN_POINT('',(4.375,-15.4125,1.5));
#5094 = VECTOR('',#5095,1.);
#5095 = DIRECTION('',(1.110223024625E-16,1.,-0.));
#5096 = PCURVE('',#100,#5097);
#5097 = DEFINITIONAL_REPRESENTATION('',(#5098),#5101);
#5098 = B_SPLINE_CURVE_WITH_KNOTS('',1,(#5099,#5100),.UNSPECIFIED.,.F.,
  .F.,(2,2),(-39.1625,-0.4125),.PIECEWISE_BEZIER_KNOTS.);
#5099 = CARTESIAN_POINT('',(79.575,-39.575));
#5100 = CARTESIAN_POINT('',(79.575,-0.825));
#5101 = ( GEOMETRIC_REPRESENTATION_CONTEXT(2) 
PARAMETRIC_REPRESENTATION_CONTEXT() REPRESENTATION_CONTEXT('2D SPACE',''
  ) );
#5102 = PCURVE('',#1480,#5103);
#5103 = DEFINITIONAL_REPRESENTATION('',(#5104),#5107);
#5104 = B_SPLINE_CURVE_WITH_KNOTS('',1,(#5105,#5106),.UNSPECIFIED.,.F.,
  .F.,(2,2),(-39.1625,-0.4125),.PIECEWISE_BEZIER_KNOTS.);
#5105 = CARTESIAN_POINT('',(38.75,-1.5));
#5106 = CARTESIAN_POINT('',(0.,-1.5));
#5107 = ( GEOMETRIC_REPRESENTATION_CONTEXT(2) 
PARAMETRIC_REPRESENTATION_CONTEXT() REPRESENTATION_CONTEXT('2D SPACE',''
  ) );
#5108 = ORIENTED_EDGE('',*,*,#5109,.T.);
#5109 = EDGE_CURVE('',#5089,#5040,#5110,.T.);
#5110 = SURFACE_CURVE('',#5111,(#5116,#5127),.PCURVE_S1.);
#5111 = CIRCLE('',#5112,0.625);
#5112 = AXIS2_PLACEMENT_3D('',#5113,#5114,#5115);
#5113 = CARTESIAN_POINT('',(3.75,-54.575,1.5));
#5114 = DIRECTION('',(0.,-0.,-1.));
#5115 = DIRECTION('',(1.,-1.110223024625E-16,0.));
#5116 = PCURVE('',#100,#5117);
#5117 = DEFINITIONAL_REPRESENTATION('',(#5118),#5126);
#5118 = ( BOUNDED_CURVE() B_SPLINE_CURVE(2,(#5119,#5120,#5121,#5122,
#5123,#5124,#5125),.UNSPECIFIED.,.T.,.F.) B_SPLINE_CURVE_WITH_KNOTS((1,2
    ,2,2,2,1),(-2.094395102393,0.,2.094395102393,4.188790204786,
6.28318530718,8.377580409573),.UNSPECIFIED.) CURVE() 
GEOMETRIC_REPRESENTATION_ITEM() RATIONAL_B_SPLINE_CURVE((1.,0.5,1.,0.5,
1.,0.5,1.)) REPRESENTATION_ITEM('') );
#5119 = CARTESIAN_POINT('',(79.575,-39.575));
#5120 = CARTESIAN_POINT('',(79.575,-40.65753175473));
#5121 = CARTESIAN_POINT('',(78.6375,-40.11626587736));
#5122 = CARTESIAN_POINT('',(77.7,-39.575));
#5123 = CARTESIAN_POINT('',(78.6375,-39.03373412263));
#5124 = CARTESIAN_POINT('',(79.575,-38.49246824526));
#5125 = CARTESIAN_POINT('',(79.575,-39.575));
#5126 = ( GEOMETRIC_REPRESENTATION_CONTEXT(2) 
PARAMETRIC_REPRESENTATION_CONTEXT() REPRESENTATION_CONTEXT('2D SPACE',''
  ) );
#5127 = PCURVE('',#1510,#5128);
#5128 = DEFINITIONAL_REPRESENTATION('',(#5129),#5133);
#5129 = LINE('',#5130,#5131);
#5130 = CARTESIAN_POINT('',(0.,-1.5));
#5131 = VECTOR('',#5132,1.);
#5132 = DIRECTION('',(1.,0.));
#5133 = ( GEOMETRIC_REPRESENTATION_CONTEXT(2) 
PARAMETRIC_REPRESENTATION_CONTEXT() REPRESENTATION_CONTEXT('2D SPACE',''
  ) );
#5134 = FACE_BOUND('',#5135,.T.);
#5135 = EDGE_LOOP('',(#5136,#5159,#5187,#5208));
#5136 = ORIENTED_EDGE('',*,*,#5137,.F.);
#5137 = EDGE_CURVE('',#5138,#5140,#5142,.T.);
#5138 = VERTEX_POINT('',#5139);
#5139 = CARTESIAN_POINT('',(6.875,-15.825,1.5));
#5140 = VERTEX_POINT('',#5141);
#5141 = CARTESIAN_POINT('',(6.875,-54.575,1.5));
#5142 = SURFACE_CURVE('',#5143,(#5147,#5153),.PCURVE_S1.);
#5143 = LINE('',#5144,#5145);
#5144 = CARTESIAN_POINT('',(6.875,-34.7875,1.5));
#5145 = VECTOR('',#5146,1.);
#5146 = DIRECTION('',(-1.110223024625E-16,-1.,0.));
#5147 = PCURVE('',#100,#5148);
#5148 = DEFINITIONAL_REPRESENTATION('',(#5149),#5152);
#5149 = B_SPLINE_CURVE_WITH_KNOTS('',1,(#5150,#5151),.UNSPECIFIED.,.F.,
  .F.,(2,2),(-18.9625,19.7875),.PIECEWISE_BEZIER_KNOTS.);
#5150 = CARTESIAN_POINT('',(82.075,-0.825));
#5151 = CARTESIAN_POINT('',(82.075,-39.575));
#5152 = ( GEOMETRIC_REPRESENTATION_CONTEXT(2) 
PARAMETRIC_REPRESENTATION_CONTEXT() REPRESENTATION_CONTEXT('2D SPACE',''
  ) );
#5153 = PCURVE('',#1541,#5154);
#5154 = DEFINITIONAL_REPRESENTATION('',(#5155),#5158);
#5155 = B_SPLINE_CURVE_WITH_KNOTS('',1,(#5156,#5157),.UNSPECIFIED.,.F.,
  .F.,(2,2),(-18.9625,19.7875),.PIECEWISE_BEZIER_KNOTS.);
#5156 = CARTESIAN_POINT('',(38.75,-1.5));
#5157 = CARTESIAN_POINT('',(0.,-1.5));
#5158 = ( GEOMETRIC_REPRESENTATION_CONTEXT(2) 
PARAMETRIC_REPRESENTATION_CONTEXT() REPRESENTATION_CONTEXT('2D SPACE',''
  ) );
#5159 = ORIENTED_EDGE('',*,*,#5160,.T.);
#5160 = EDGE_CURVE('',#5138,#5161,#5163,.T.);
#5161 = VERTEX_POINT('',#5162);
#5162 = CARTESIAN_POINT('',(8.125,-15.825,1.5));
#5163 = SURFACE_CURVE('',#5164,(#5169,#5180),.PCURVE_S1.);
#5164 = CIRCLE('',#5165,0.625);
#5165 = AXIS2_PLACEMENT_3D('',#5166,#5167,#5168);
#5166 = CARTESIAN_POINT('',(7.5,-15.825,1.5));
#5167 = DIRECTION('',(0.,0.,-1.));
#5168 = DIRECTION('',(-1.,1.110223024625E-16,0.));
#5169 = PCURVE('',#100,#5170);
#5170 = DEFINITIONAL_REPRESENTATION('',(#5171),#5179);
#5171 = ( BOUNDED_CURVE() B_SPLINE_CURVE(2,(#5172,#5173,#5174,#5175,
#5176,#5177,#5178),.UNSPECIFIED.,.T.,.F.) B_SPLINE_CURVE_WITH_KNOTS((1,2
    ,2,2,2,1),(-2.094395102393,0.,2.094395102393,4.188790204786,
6.28318530718,8.377580409573),.UNSPECIFIED.) CURVE() 
GEOMETRIC_REPRESENTATION_ITEM() RATIONAL_B_SPLINE_CURVE((1.,0.5,1.,0.5,
1.,0.5,1.)) REPRESENTATION_ITEM('') );
#5172 = CARTESIAN_POINT('',(82.075,-0.825));
#5173 = CARTESIAN_POINT('',(82.075,0.257531754731));
#5174 = CARTESIAN_POINT('',(83.0125,-0.283734122635));
#5175 = CARTESIAN_POINT('',(83.95,-0.825));
#5176 = CARTESIAN_POINT('',(83.0125,-1.366265877365));
#5177 = CARTESIAN_POINT('',(82.075,-1.907531754731));
#5178 = CARTESIAN_POINT('',(82.075,-0.825));
#5179 = ( GEOMETRIC_REPRESENTATION_CONTEXT(2) 
PARAMETRIC_REPRESENTATION_CONTEXT() REPRESENTATION_CONTEXT('2D SPACE',''
  ) );
#5180 = PCURVE('',#1573,#5181);
#5181 = DEFINITIONAL_REPRESENTATION('',(#5182),#5186);
#5182 = LINE('',#5183,#5184);
#5183 = CARTESIAN_POINT('',(0.,-1.5));
#5184 = VECTOR('',#5185,1.);
#5185 = DIRECTION('',(1.,0.));
#5186 = ( GEOMETRIC_REPRESENTATION_CONTEXT(2) 
PARAMETRIC_REPRESENTATION_CONTEXT() REPRESENTATION_CONTEXT('2D SPACE',''
  ) );
#5187 = ORIENTED_EDGE('',*,*,#5188,.F.);
#5188 = EDGE_CURVE('',#5189,#5161,#5191,.T.);
#5189 = VERTEX_POINT('',#5190);
#5190 = CARTESIAN_POINT('',(8.125,-54.575,1.5));
#5191 = SURFACE_CURVE('',#5192,(#5196,#5202),.PCURVE_S1.);
#5192 = LINE('',#5193,#5194);
#5193 = CARTESIAN_POINT('',(8.125,-15.4125,1.5));
#5194 = VECTOR('',#5195,1.);
#5195 = DIRECTION('',(1.110223024625E-16,1.,-0.));
#5196 = PCURVE('',#100,#5197);
#5197 = DEFINITIONAL_REPRESENTATION('',(#5198),#5201);
#5198 = B_SPLINE_CURVE_WITH_KNOTS('',1,(#5199,#5200),.UNSPECIFIED.,.F.,
  .F.,(2,2),(-39.1625,-0.4125),.PIECEWISE_BEZIER_KNOTS.);
#5199 = CARTESIAN_POINT('',(83.325,-39.575));
#5200 = CARTESIAN_POINT('',(83.325,-0.825));
#5201 = ( GEOMETRIC_REPRESENTATION_CONTEXT(2) 
PARAMETRIC_REPRESENTATION_CONTEXT() REPRESENTATION_CONTEXT('2D SPACE',''
  ) );
#5202 = PCURVE('',#1600,#5203);
#5203 = DEFINITIONAL_REPRESENTATION('',(#5204),#5207);
#5204 = B_SPLINE_CURVE_WITH_KNOTS('',1,(#5205,#5206),.UNSPECIFIED.,.F.,
  .F.,(2,2),(-39.1625,-0.4125),.PIECEWISE_BEZIER_KNOTS.);
#5205 = CARTESIAN_POINT('',(38.75,-1.5));
#5206 = CARTESIAN_POINT('',(0.,-1.5));
#5207 = ( GEOMETRIC_REPRESENTATION_CONTEXT(2) 
PARAMETRIC_REPRESENTATION_CONTEXT() REPRESENTATION_CONTEXT('2D SPACE',''
  ) );
#5208 = ORIENTED_EDGE('',*,*,#5209,.T.);
#5209 = EDGE_CURVE('',#5189,#5140,#5210,.T.);
#5210 = SURFACE_CURVE('',#5211,(#5216,#5227),.PCURVE_S1.);
#5211 = CIRCLE('',#5212,0.625);
#5212 = AXIS2_PLACEMENT_3D('',#5213,#5214,#5215);
#5213 = CARTESIAN_POINT('',(7.5,-54.575,1.5));
#5214 = DIRECTION('',(0.,-0.,-1.));
#5215 = DIRECTION('',(1.,-1.110223024625E-16,0.));
#5216 = PCURVE('',#100,#5217);
#5217 = DEFINITIONAL_REPRESENTATION('',(#5218),#5226);
#5218 = ( BOUNDED_CURVE() B_SPLINE_CURVE(2,(#5219,#5220,#5221,#5222,
#5223,#5224,#5225),.UNSPECIFIED.,.T.,.F.) B_SPLINE_CURVE_WITH_KNOTS((1,2
    ,2,2,2,1),(-2.094395102393,0.,2.094395102393,4.188790204786,
6.28318530718,8.377580409573),.UNSPECIFIED.) CURVE() 
GEOMETRIC_REPRESENTATION_ITEM() RATIONAL_B_SPLINE_CURVE((1.,0.5,1.,0.5,
1.,0.5,1.)) REPRESENTATION_ITEM('') );
#5219 = CARTESIAN_POINT('',(83.325,-39.575));
#5220 = CARTESIAN_POINT('',(83.325,-40.65753175473));
#5221 = CARTESIAN_POINT('',(82.3875,-40.11626587736));
#5222 = CARTESIAN_POINT('',(81.45,-39.575));
#5223 = CARTESIAN_POINT('',(82.3875,-39.03373412263));
#5224 = CARTESIAN_POINT('',(83.325,-38.49246824526));
#5225 = CARTESIAN_POINT('',(83.325,-39.575));
#5226 = ( GEOMETRIC_REPRESENTATION_CONTEXT(2) 
PARAMETRIC_REPRESENTATION_CONTEXT() REPRESENTATION_CONTEXT('2D SPACE',''
  ) );
#5227 = PCURVE('',#1630,#5228);
#5228 = DEFINITIONAL_REPRESENTATION('',(#5229),#5233);
#5229 = LINE('',#5230,#5231);
#5230 = CARTESIAN_POINT('',(0.,-1.5));
#5231 = VECTOR('',#5232,1.);
#5232 = DIRECTION('',(1.,0.));
#5233 = ( GEOMETRIC_REPRESENTATION_CONTEXT(2) 
PARAMETRIC_REPRESENTATION_CONTEXT() REPRESENTATION_CONTEXT('2D SPACE',''
  ) );
#5234 = FACE_BOUND('',#5235,.T.);
#5235 = EDGE_LOOP('',(#5236,#5259,#5287,#5308));
#5236 = ORIENTED_EDGE('',*,*,#5237,.F.);
#5237 = EDGE_CURVE('',#5238,#5240,#5242,.T.);
#5238 = VERTEX_POINT('',#5239);
#5239 = CARTESIAN_POINT('',(10.625,-15.825,1.5));
#5240 = VERTEX_POINT('',#5241);
#5241 = CARTESIAN_POINT('',(10.625,-54.575,1.5));
#5242 = SURFACE_CURVE('',#5243,(#5247,#5253),.PCURVE_S1.);
#5243 = LINE('',#5244,#5245);
#5244 = CARTESIAN_POINT('',(10.625,-34.7875,1.5));
#5245 = VECTOR('',#5246,1.);
#5246 = DIRECTION('',(-1.110223024625E-16,-1.,0.));
#5247 = PCURVE('',#100,#5248);
#5248 = DEFINITIONAL_REPRESENTATION('',(#5249),#5252);
#5249 = B_SPLINE_CURVE_WITH_KNOTS('',1,(#5250,#5251),.UNSPECIFIED.,.F.,
  .F.,(2,2),(-18.9625,19.7875),.PIECEWISE_BEZIER_KNOTS.);
#5250 = CARTESIAN_POINT('',(85.825,-0.825));
#5251 = CARTESIAN_POINT('',(85.825,-39.575));
#5252 = ( GEOMETRIC_REPRESENTATION_CONTEXT(2) 
PARAMETRIC_REPRESENTATION_CONTEXT() REPRESENTATION_CONTEXT('2D SPACE',''
  ) );
#5253 = PCURVE('',#1661,#5254);
#5254 = DEFINITIONAL_REPRESENTATION('',(#5255),#5258);
#5255 = B_SPLINE_CURVE_WITH_KNOTS('',1,(#5256,#5257),.UNSPECIFIED.,.F.,
  .F.,(2,2),(-18.9625,19.7875),.PIECEWISE_BEZIER_KNOTS.);
#5256 = CARTESIAN_POINT('',(38.75,-1.5));
#5257 = CARTESIAN_POINT('',(0.,-1.5));
#5258 = ( GEOMETRIC_REPRESENTATION_CONTEXT(2) 
PARAMETRIC_REPRESENTATION_CONTEXT() REPRESENTATION_CONTEXT('2D SPACE',''
  ) );
#5259 = ORIENTED_EDGE('',*,*,#5260,.T.);
#5260 = EDGE_CURVE('',#5238,#5261,#5263,.T.);
#5261 = VERTEX_POINT('',#5262);
#5262 = CARTESIAN_POINT('',(11.875,-15.825,1.5));
#5263 = SURFACE_CURVE('',#5264,(#5269,#5280),.PCURVE_S1.);
#5264 = CIRCLE('',#5265,0.625);
#5265 = AXIS2_PLACEMENT_3D('',#5266,#5267,#5268);
#5266 = CARTESIAN_POINT('',(11.25,-15.825,1.5));
#5267 = DIRECTION('',(0.,0.,-1.));
#5268 = DIRECTION('',(-1.,1.110223024625E-16,0.));
#5269 = PCURVE('',#100,#5270);
#5270 = DEFINITIONAL_REPRESENTATION('',(#5271),#5279);
#5271 = ( BOUNDED_CURVE() B_SPLINE_CURVE(2,(#5272,#5273,#5274,#5275,
#5276,#5277,#5278),.UNSPECIFIED.,.T.,.F.) B_SPLINE_CURVE_WITH_KNOTS((1,2
    ,2,2,2,1),(-2.094395102393,0.,2.094395102393,4.188790204786,
6.28318530718,8.377580409573),.UNSPECIFIED.) CURVE() 
GEOMETRIC_REPRESENTATION_ITEM() RATIONAL_B_SPLINE_CURVE((1.,0.5,1.,0.5,
1.,0.5,1.)) REPRESENTATION_ITEM('') );
#5272 = CARTESIAN_POINT('',(85.825,-0.825));
#5273 = CARTESIAN_POINT('',(85.825,0.257531754731));
#5274 = CARTESIAN_POINT('',(86.7625,-0.283734122635));
#5275 = CARTESIAN_POINT('',(87.7,-0.825));
#5276 = CARTESIAN_POINT('',(86.7625,-1.366265877365));
#5277 = CARTESIAN_POINT('',(85.825,-1.907531754731));
#5278 = CARTESIAN_POINT('',(85.825,-0.825));
#5279 = ( GEOMETRIC_REPRESENTATION_CONTEXT(2) 
PARAMETRIC_REPRESENTATION_CONTEXT() REPRESENTATION_CONTEXT('2D SPACE',''
  ) );
#5280 = PCURVE('',#1693,#5281);
#5281 = DEFINITIONAL_REPRESENTATION('',(#5282),#5286);
#5282 = LINE('',#5283,#5284);
#5283 = CARTESIAN_POINT('',(0.,-1.5));
#5284 = VECTOR('',#5285,1.);
#5285 = DIRECTION('',(1.,0.));
#5286 = ( GEOMETRIC_REPRESENTATION_CONTEXT(2) 
PARAMETRIC_REPRESENTATION_CONTEXT() REPRESENTATION_CONTEXT('2D SPACE',''
  ) );
#5287 = ORIENTED_EDGE('',*,*,#5288,.F.);
#5288 = EDGE_CURVE('',#5289,#5261,#5291,.T.);
#5289 = VERTEX_POINT('',#5290);
#5290 = CARTESIAN_POINT('',(11.875,-54.575,1.5));
#5291 = SURFACE_CURVE('',#5292,(#5296,#5302),.PCURVE_S1.);
#5292 = LINE('',#5293,#5294);
#5293 = CARTESIAN_POINT('',(11.875,-15.4125,1.5));
#5294 = VECTOR('',#5295,1.);
#5295 = DIRECTION('',(1.110223024625E-16,1.,-0.));
#5296 = PCURVE('',#100,#5297);
#5297 = DEFINITIONAL_REPRESENTATION('',(#5298),#5301);
#5298 = B_SPLINE_CURVE_WITH_KNOTS('',1,(#5299,#5300),.UNSPECIFIED.,.F.,
  .F.,(2,2),(-39.1625,-0.4125),.PIECEWISE_BEZIER_KNOTS.);
#5299 = CARTESIAN_POINT('',(87.075,-39.575));
#5300 = CARTESIAN_POINT('',(87.075,-0.825));
#5301 = ( GEOMETRIC_REPRESENTATION_CONTEXT(2) 
PARAMETRIC_REPRESENTATION_CONTEXT() REPRESENTATION_CONTEXT('2D SPACE',''
  ) );
#5302 = PCURVE('',#1720,#5303);
#5303 = DEFINITIONAL_REPRESENTATION('',(#5304),#5307);
#5304 = B_SPLINE_CURVE_WITH_KNOTS('',1,(#5305,#5306),.UNSPECIFIED.,.F.,
  .F.,(2,2),(-39.1625,-0.4125),.PIECEWISE_BEZIER_KNOTS.);
#5305 = CARTESIAN_POINT('',(38.75,-1.5));
#5306 = CARTESIAN_POINT('',(0.,-1.5));
#5307 = ( GEOMETRIC_REPRESENTATION_CONTEXT(2) 
PARAMETRIC_REPRESENTATION_CONTEXT() REPRESENTATION_CONTEXT('2D SPACE',''
  ) );
#5308 = ORIENTED_EDGE('',*,*,#5309,.T.);
#5309 = EDGE_CURVE('',#5289,#5240,#5310,.T.);
#5310 = SURFACE_CURVE('',#5311,(#5316,#5327),.PCURVE_S1.);
#5311 = CIRCLE('',#5312,0.625);
#5312 = AXIS2_PLACEMENT_3D('',#5313,#5314,#5315);
#5313 = CARTESIAN_POINT('',(11.25,-54.575,1.5));
#5314 = DIRECTION('',(0.,-0.,-1.));
#5315 = DIRECTION('',(1.,-1.110223024625E-16,0.));
#5316 = PCURVE('',#100,#5317);
#5317 = DEFINITIONAL_REPRESENTATION('',(#5318),#5326);
#5318 = ( BOUNDED_CURVE() B_SPLINE_CURVE(2,(#5319,#5320,#5321,#5322,
#5323,#5324,#5325),.UNSPECIFIED.,.T.,.F.) B_SPLINE_CURVE_WITH_KNOTS((1,2
    ,2,2,2,1),(-2.094395102393,0.,2.094395102393,4.188790204786,
6.28318530718,8.377580409573),.UNSPECIFIED.) CURVE() 
GEOMETRIC_REPRESENTATION_ITEM() RATIONAL_B_SPLINE_CURVE((1.,0.5,1.,0.5,
1.,0.5,1.)) REPRESENTATION_ITEM('') );
#5319 = CARTESIAN_POINT('',(87.075,-39.575));
#5320 = CARTESIAN_POINT('',(87.075,-40.65753175473));
#5321 = CARTESIAN_POINT('',(86.1375,-40.11626587736));
#5322 = CARTESIAN_POINT('',(85.2,-39.575));
#5323 = CARTESIAN_POINT('',(86.1375,-39.03373412263));
#5324 = CARTESIAN_POINT('',(87.075,-38.49246824526));
#5325 = CARTESIAN_POINT('',(87.075,-39.575));
#5326 = ( GEOMETRIC_REPRESENTATION_CONTEXT(2) 
PARAMETRIC_REPRESENTATION_CONTEXT() REPRESENTATION_CONTEXT('2D SPACE',''
  ) );
#5327 = PCURVE('',#1750,#5328);
#5328 = DEFINITIONAL_REPRESENTATION('',(#5329),#5333);
#5329 = LINE('',#5330,#5331);
#5330 = CARTESIAN_POINT('',(0.,-1.5));
#5331 = VECTOR('',#5332,1.);
#5332 = DIRECTION('',(1.,0.));
#5333 = ( GEOMETRIC_REPRESENTATION_CONTEXT(2) 
PARAMETRIC_REPRESENTATION_CONTEXT() REPRESENTATION_CONTEXT('2D SPACE',''
  ) );
#5334 = FACE_BOUND('',#5335,.T.);
#5335 = EDGE_LOOP('',(#5336,#5359,#5387,#5408));
#5336 = ORIENTED_EDGE('',*,*,#5337,.F.);
#5337 = EDGE_CURVE('',#5338,#5340,#5342,.T.);
#5338 = VERTEX_POINT('',#5339);
#5339 = CARTESIAN_POINT('',(54.575,-10.625,1.5));
#5340 = VERTEX_POINT('',#5341);
#5341 = CARTESIAN_POINT('',(15.825,-10.625,1.5));
#5342 = SURFACE_CURVE('',#5343,(#5347,#5353),.PCURVE_S1.);
#5343 = LINE('',#5344,#5345);
#5344 = CARTESIAN_POINT('',(-29.6875,-10.625,1.5));
#5345 = VECTOR('',#5346,1.);
#5346 = DIRECTION('',(-1.,0.,0.));
#5347 = PCURVE('',#100,#5348);
#5348 = DEFINITIONAL_REPRESENTATION('',(#5349),#5352);
#5349 = B_SPLINE_CURVE_WITH_KNOTS('',1,(#5350,#5351),.UNSPECIFIED.,.F.,
  .F.,(2,2),(-84.2625,-45.5125),.PIECEWISE_BEZIER_KNOTS.);
#5350 = CARTESIAN_POINT('',(129.775,4.375));
#5351 = CARTESIAN_POINT('',(91.025,4.375));
#5352 = ( GEOMETRIC_REPRESENTATION_CONTEXT(2) 
PARAMETRIC_REPRESENTATION_CONTEXT() REPRESENTATION_CONTEXT('2D SPACE',''
  ) );
#5353 = PCURVE('',#1781,#5354);
#5354 = DEFINITIONAL_REPRESENTATION('',(#5355),#5358);
#5355 = B_SPLINE_CURVE_WITH_KNOTS('',1,(#5356,#5357),.UNSPECIFIED.,.F.,
  .F.,(2,2),(-84.2625,-45.5125),.PIECEWISE_BEZIER_KNOTS.);
#5356 = CARTESIAN_POINT('',(38.75,-1.5));
#5357 = CARTESIAN_POINT('',(0.,-1.5));
#5358 = ( GEOMETRIC_REPRESENTATION_CONTEXT(2) 
PARAMETRIC_REPRESENTATION_CONTEXT() REPRESENTATION_CONTEXT('2D SPACE',''
  ) );
#5359 = ORIENTED_EDGE('',*,*,#5360,.T.);
#5360 = EDGE_CURVE('',#5338,#5361,#5363,.T.);
#5361 = VERTEX_POINT('',#5362);
#5362 = CARTESIAN_POINT('',(54.575,-11.875,1.5));
#5363 = SURFACE_CURVE('',#5364,(#5369,#5380),.PCURVE_S1.);
#5364 = CIRCLE('',#5365,0.625);
#5365 = AXIS2_PLACEMENT_3D('',#5366,#5367,#5368);
#5366 = CARTESIAN_POINT('',(54.575,-11.25,1.5));
#5367 = DIRECTION('',(0.,0.,-1.));
#5368 = DIRECTION('',(0.,1.,0.));
#5369 = PCURVE('',#100,#5370);
#5370 = DEFINITIONAL_REPRESENTATION('',(#5371),#5379);
#5371 = ( BOUNDED_CURVE() B_SPLINE_CURVE(2,(#5372,#5373,#5374,#5375,
#5376,#5377,#5378),.UNSPECIFIED.,.T.,.F.) B_SPLINE_CURVE_WITH_KNOTS((1,2
    ,2,2,2,1),(-2.094395102393,0.,2.094395102393,4.188790204786,
6.28318530718,8.377580409573),.UNSPECIFIED.) CURVE() 
GEOMETRIC_REPRESENTATION_ITEM() RATIONAL_B_SPLINE_CURVE((1.,0.5,1.,0.5,
1.,0.5,1.)) REPRESENTATION_ITEM('') );
#5372 = CARTESIAN_POINT('',(129.775,4.375));
#5373 = CARTESIAN_POINT('',(130.85753175473,4.375));
#5374 = CARTESIAN_POINT('',(130.31626587736,3.4375));
#5375 = CARTESIAN_POINT('',(129.775,2.5));
#5376 = CARTESIAN_POINT('',(129.23373412263,3.4375));
#5377 = CARTESIAN_POINT('',(128.69246824526,4.375));
#5378 = CARTESIAN_POINT('',(129.775,4.375));
#5379 = ( GEOMETRIC_REPRESENTATION_CONTEXT(2) 
PARAMETRIC_REPRESENTATION_CONTEXT() REPRESENTATION_CONTEXT('2D SPACE',''
  ) );
#5380 = PCURVE('',#1813,#5381);
#5381 = DEFINITIONAL_REPRESENTATION('',(#5382),#5386);
#5382 = LINE('',#5383,#5384);
#5383 = CARTESIAN_POINT('',(0.,-1.5));
#5384 = VECTOR('',#5385,1.);
#5385 = DIRECTION('',(1.,0.));
#5386 = ( GEOMETRIC_REPRESENTATION_CONTEXT(2) 
PARAMETRIC_REPRESENTATION_CONTEXT() REPRESENTATION_CONTEXT('2D SPACE',''
  ) );
#5387 = ORIENTED_EDGE('',*,*,#5388,.F.);
#5388 = EDGE_CURVE('',#5389,#5361,#5391,.T.);
#5389 = VERTEX_POINT('',#5390);
#5390 = CARTESIAN_POINT('',(15.825,-11.875,1.5));
#5391 = SURFACE_CURVE('',#5392,(#5396,#5402),.PCURVE_S1.);
#5392 = LINE('',#5393,#5394);
#5393 = CARTESIAN_POINT('',(-10.3125,-11.875,1.5));
#5394 = VECTOR('',#5395,1.);
#5395 = DIRECTION('',(1.,0.,-0.));
#5396 = PCURVE('',#100,#5397);
#5397 = DEFINITIONAL_REPRESENTATION('',(#5398),#5401);
#5398 = B_SPLINE_CURVE_WITH_KNOTS('',1,(#5399,#5400),.UNSPECIFIED.,.F.,
  .F.,(2,2),(26.1375,64.8875),.PIECEWISE_BEZIER_KNOTS.);
#5399 = CARTESIAN_POINT('',(91.025,3.125));
#5400 = CARTESIAN_POINT('',(129.775,3.125));
#5401 = ( GEOMETRIC_REPRESENTATION_CONTEXT(2) 
PARAMETRIC_REPRESENTATION_CONTEXT() REPRESENTATION_CONTEXT('2D SPACE',''
  ) );
#5402 = PCURVE('',#1840,#5403);
#5403 = DEFINITIONAL_REPRESENTATION('',(#5404),#5407);
#5404 = B_SPLINE_CURVE_WITH_KNOTS('',1,(#5405,#5406),.UNSPECIFIED.,.F.,
  .F.,(2,2),(26.1375,64.8875),.PIECEWISE_BEZIER_KNOTS.);
#5405 = CARTESIAN_POINT('',(38.75,-1.5));
#5406 = CARTESIAN_POINT('',(0.,-1.5));
#5407 = ( GEOMETRIC_REPRESENTATION_CONTEXT(2) 
PARAMETRIC_REPRESENTATION_CONTEXT() REPRESENTATION_CONTEXT('2D SPACE',''
  ) );
#5408 = ORIENTED_EDGE('',*,*,#5409,.T.);
#5409 = EDGE_CURVE('',#5389,#5340,#5410,.T.);
#5410 = SURFACE_CURVE('',#5411,(#5416,#5427),.PCURVE_S1.);
#5411 = CIRCLE('',#5412,0.625);
#5412 = AXIS2_PLACEMENT_3D('',#5413,#5414,#5415);
#5413 = CARTESIAN_POINT('',(15.825,-11.25,1.5));
#5414 = DIRECTION('',(0.,-0.,-1.));
#5415 = DIRECTION('',(0.,-1.,0.));
#5416 = PCURVE('',#100,#5417);
#5417 = DEFINITIONAL_REPRESENTATION('',(#5418),#5426);
#5418 = ( BOUNDED_CURVE() B_SPLINE_CURVE(2,(#5419,#5420,#5421,#5422,
#5423,#5424,#5425),.UNSPECIFIED.,.T.,.F.) B_SPLINE_CURVE_WITH_KNOTS((1,2
    ,2,2,2,1),(-2.094395102393,0.,2.094395102393,4.188790204786,
6.28318530718,8.377580409573),.UNSPECIFIED.) CURVE() 
GEOMETRIC_REPRESENTATION_ITEM() RATIONAL_B_SPLINE_CURVE((1.,0.5,1.,0.5,
1.,0.5,1.)) REPRESENTATION_ITEM('') );
#5419 = CARTESIAN_POINT('',(91.025,3.125));
#5420 = CARTESIAN_POINT('',(89.942468245269,3.125));
#5421 = CARTESIAN_POINT('',(90.483734122635,4.0625));
#5422 = CARTESIAN_POINT('',(91.025,5.));
#5423 = CARTESIAN_POINT('',(91.566265877365,4.0625));
#5424 = CARTESIAN_POINT('',(92.107531754731,3.125));
#5425 = CARTESIAN_POINT('',(91.025,3.125));
#5426 = ( GEOMETRIC_REPRESENTATION_CONTEXT(2) 
PARAMETRIC_REPRESENTATION_CONTEXT() REPRESENTATION_CONTEXT('2D SPACE',''
  ) );
#5427 = PCURVE('',#1870,#5428);
#5428 = DEFINITIONAL_REPRESENTATION('',(#5429),#5433);
#5429 = LINE('',#5430,#5431);
#5430 = CARTESIAN_POINT('',(0.,-1.5));
#5431 = VECTOR('',#5432,1.);
#5432 = DIRECTION('',(1.,0.));
#5433 = ( GEOMETRIC_REPRESENTATION_CONTEXT(2) 
PARAMETRIC_REPRESENTATION_CONTEXT() REPRESENTATION_CONTEXT('2D SPACE',''
  ) );
#5434 = FACE_BOUND('',#5435,.T.);
#5435 = EDGE_LOOP('',(#5436,#5459,#5487,#5508));
#5436 = ORIENTED_EDGE('',*,*,#5437,.F.);
#5437 = EDGE_CURVE('',#5438,#5440,#5442,.T.);
#5438 = VERTEX_POINT('',#5439);
#5439 = CARTESIAN_POINT('',(54.575,-6.875,1.5));
#5440 = VERTEX_POINT('',#5441);
#5441 = CARTESIAN_POINT('',(15.825,-6.875,1.5));
#5442 = SURFACE_CURVE('',#5443,(#5447,#5453),.PCURVE_S1.);
#5443 = LINE('',#5444,#5445);
#5444 = CARTESIAN_POINT('',(-29.6875,-6.875,1.5));
#5445 = VECTOR('',#5446,1.);
#5446 = DIRECTION('',(-1.,0.,0.));
#5447 = PCURVE('',#100,#5448);
#5448 = DEFINITIONAL_REPRESENTATION('',(#5449),#5452);
#5449 = B_SPLINE_CURVE_WITH_KNOTS('',1,(#5450,#5451),.UNSPECIFIED.,.F.,
  .F.,(2,2),(-84.2625,-45.5125),.PIECEWISE_BEZIER_KNOTS.);
#5450 = CARTESIAN_POINT('',(129.775,8.125));
#5451 = CARTESIAN_POINT('',(91.025,8.125));
#5452 = ( GEOMETRIC_REPRESENTATION_CONTEXT(2) 
PARAMETRIC_REPRESENTATION_CONTEXT() REPRESENTATION_CONTEXT('2D SPACE',''
  ) );
#5453 = PCURVE('',#1901,#5454);
#5454 = DEFINITIONAL_REPRESENTATION('',(#5455),#5458);
#5455 = B_SPLINE_CURVE_WITH_KNOTS('',1,(#5456,#5457),.UNSPECIFIED.,.F.,
  .F.,(2,2),(-84.2625,-45.5125),.PIECEWISE_BEZIER_KNOTS.);
#5456 = CARTESIAN_POINT('',(38.75,-1.5));
#5457 = CARTESIAN_POINT('',(0.,-1.5));
#5458 = ( GEOMETRIC_REPRESENTATION_CONTEXT(2) 
PARAMETRIC_REPRESENTATION_CONTEXT() REPRESENTATION_CONTEXT('2D SPACE',''
  ) );
#5459 = ORIENTED_EDGE('',*,*,#5460,.T.);
#5460 = EDGE_CURVE('',#5438,#5461,#5463,.T.);
#5461 = VERTEX_POINT('',#5462);
#5462 = CARTESIAN_POINT('',(54.575,-8.125,1.5));
#5463 = SURFACE_CURVE('',#5464,(#5469,#5480),.PCURVE_S1.);
#5464 = CIRCLE('',#5465,0.625);
#5465 = AXIS2_PLACEMENT_3D('',#5466,#5467,#5468);
#5466 = CARTESIAN_POINT('',(54.575,-7.5,1.5));
#5467 = DIRECTION('',(0.,0.,-1.));
#5468 = DIRECTION('',(0.,1.,0.));
#5469 = PCURVE('',#100,#5470);
#5470 = DEFINITIONAL_REPRESENTATION('',(#5471),#5479);
#5471 = ( BOUNDED_CURVE() B_SPLINE_CURVE(2,(#5472,#5473,#5474,#5475,
#5476,#5477,#5478),.UNSPECIFIED.,.T.,.F.) B_SPLINE_CURVE_WITH_KNOTS((1,2
    ,2,2,2,1),(-2.094395102393,0.,2.094395102393,4.188790204786,
6.28318530718,8.377580409573),.UNSPECIFIED.) CURVE() 
GEOMETRIC_REPRESENTATION_ITEM() RATIONAL_B_SPLINE_CURVE((1.,0.5,1.,0.5,
1.,0.5,1.)) REPRESENTATION_ITEM('') );
#5472 = CARTESIAN_POINT('',(129.775,8.125));
#5473 = CARTESIAN_POINT('',(130.85753175473,8.125));
#5474 = CARTESIAN_POINT('',(130.31626587736,7.1875));
#5475 = CARTESIAN_POINT('',(129.775,6.25));
#5476 = CARTESIAN_POINT('',(129.23373412263,7.1875));
#5477 = CARTESIAN_POINT('',(128.69246824526,8.125));
#5478 = CARTESIAN_POINT('',(129.775,8.125));
#5479 = ( GEOMETRIC_REPRESENTATION_CONTEXT(2) 
PARAMETRIC_REPRESENTATION_CONTEXT() REPRESENTATION_CONTEXT('2D SPACE',''
  ) );
#5480 = PCURVE('',#1933,#5481);
#5481 = DEFINITIONAL_REPRESENTATION('',(#5482),#5486);
#5482 = LINE('',#5483,#5484);
#5483 = CARTESIAN_POINT('',(0.,-1.5));
#5484 = VECTOR('',#5485,1.);
#5485 = DIRECTION('',(1.,0.));
#5486 = ( GEOMETRIC_REPRESENTATION_CONTEXT(2) 
PARAMETRIC_REPRESENTATION_CONTEXT() REPRESENTATION_CONTEXT('2D SPACE',''
  ) );
#5487 = ORIENTED_EDGE('',*,*,#5488,.F.);
#5488 = EDGE_CURVE('',#5489,#5461,#5491,.T.);
#5489 = VERTEX_POINT('',#5490);
#5490 = CARTESIAN_POINT('',(15.825,-8.125,1.5));
#5491 = SURFACE_CURVE('',#5492,(#5496,#5502),.PCURVE_S1.);
#5492 = LINE('',#5493,#5494);
#5493 = CARTESIAN_POINT('',(-10.3125,-8.125,1.5));
#5494 = VECTOR('',#5495,1.);
#5495 = DIRECTION('',(1.,0.,-0.));
#5496 = PCURVE('',#100,#5497);
#5497 = DEFINITIONAL_REPRESENTATION('',(#5498),#5501);
#5498 = B_SPLINE_CURVE_WITH_KNOTS('',1,(#5499,#5500),.UNSPECIFIED.,.F.,
  .F.,(2,2),(26.1375,64.8875),.PIECEWISE_BEZIER_KNOTS.);
#5499 = CARTESIAN_POINT('',(91.025,6.875));
#5500 = CARTESIAN_POINT('',(129.775,6.875));
#5501 = ( GEOMETRIC_REPRESENTATION_CONTEXT(2) 
PARAMETRIC_REPRESENTATION_CONTEXT() REPRESENTATION_CONTEXT('2D SPACE',''
  ) );
#5502 = PCURVE('',#1960,#5503);
#5503 = DEFINITIONAL_REPRESENTATION('',(#5504),#5507);
#5504 = B_SPLINE_CURVE_WITH_KNOTS('',1,(#5505,#5506),.UNSPECIFIED.,.F.,
  .F.,(2,2),(26.1375,64.8875),.PIECEWISE_BEZIER_KNOTS.);
#5505 = CARTESIAN_POINT('',(38.75,-1.5));
#5506 = CARTESIAN_POINT('',(0.,-1.5));
#5507 = ( GEOMETRIC_REPRESENTATION_CONTEXT(2) 
PARAMETRIC_REPRESENTATION_CONTEXT() REPRESENTATION_CONTEXT('2D SPACE',''
  ) );
#5508 = ORIENTED_EDGE('',*,*,#5509,.T.);
#5509 = EDGE_CURVE('',#5489,#5440,#5510,.T.);
#5510 = SURFACE_CURVE('',#5511,(#5516,#5527),.PCURVE_S1.);
#5511 = CIRCLE('',#5512,0.625);
#5512 = AXIS2_PLACEMENT_3D('',#5513,#5514,#5515);
#5513 = CARTESIAN_POINT('',(15.825,-7.5,1.5));
#5514 = DIRECTION('',(0.,-0.,-1.));
#5515 = DIRECTION('',(0.,-1.,0.));
#5516 = PCURVE('',#100,#5517);
#5517 = DEFINITIONAL_REPRESENTATION('',(#5518),#5526);
#5518 = ( BOUNDED_CURVE() B_SPLINE_CURVE(2,(#5519,#5520,#5521,#5522,
#5523,#5524,#5525),.UNSPECIFIED.,.T.,.F.) B_SPLINE_CURVE_WITH_KNOTS((1,2
    ,2,2,2,1),(-2.094395102393,0.,2.094395102393,4.188790204786,
6.28318530718,8.377580409573),.UNSPECIFIED.) CURVE() 
GEOMETRIC_REPRESENTATION_ITEM() RATIONAL_B_SPLINE_CURVE((1.,0.5,1.,0.5,
1.,0.5,1.)) REPRESENTATION_ITEM('') );
#5519 = CARTESIAN_POINT('',(91.025,6.875));
#5520 = CARTESIAN_POINT('',(89.942468245269,6.875));
#5521 = CARTESIAN_POINT('',(90.483734122635,7.8125));
#5522 = CARTESIAN_POINT('',(91.025,8.75));
#5523 = CARTESIAN_POINT('',(91.566265877365,7.8125));
#5524 = CARTESIAN_POINT('',(92.107531754731,6.875));
#5525 = CARTESIAN_POINT('',(91.025,6.875));
#5526 = ( GEOMETRIC_REPRESENTATION_CONTEXT(2) 
PARAMETRIC_REPRESENTATION_CONTEXT() REPRESENTATION_CONTEXT('2D SPACE',''
  ) );
#5527 = PCURVE('',#1990,#5528);
#5528 = DEFINITIONAL_REPRESENTATION('',(#5529),#5533);
#5529 = LINE('',#5530,#5531);
#5530 = CARTESIAN_POINT('',(0.,-1.5));
#5531 = VECTOR('',#5532,1.);
#5532 = DIRECTION('',(1.,0.));
#5533 = ( GEOMETRIC_REPRESENTATION_CONTEXT(2) 
PARAMETRIC_REPRESENTATION_CONTEXT() REPRESENTATION_CONTEXT('2D SPACE',''
  ) );
#5534 = FACE_BOUND('',#5535,.T.);
#5535 = EDGE_LOOP('',(#5536,#5559,#5587,#5608));
#5536 = ORIENTED_EDGE('',*,*,#5537,.F.);
#5537 = EDGE_CURVE('',#5538,#5540,#5542,.T.);
#5538 = VERTEX_POINT('',#5539);
#5539 = CARTESIAN_POINT('',(54.575,-3.125,1.5));
#5540 = VERTEX_POINT('',#5541);
#5541 = CARTESIAN_POINT('',(15.825,-3.125,1.5));
#5542 = SURFACE_CURVE('',#5543,(#5547,#5553),.PCURVE_S1.);
#5543 = LINE('',#5544,#5545);
#5544 = CARTESIAN_POINT('',(-29.6875,-3.125,1.5));
#5545 = VECTOR('',#5546,1.);
#5546 = DIRECTION('',(-1.,0.,0.));
#5547 = PCURVE('',#100,#5548);
#5548 = DEFINITIONAL_REPRESENTATION('',(#5549),#5552);
#5549 = B_SPLINE_CURVE_WITH_KNOTS('',1,(#5550,#5551),.UNSPECIFIED.,.F.,
  .F.,(2,2),(-84.2625,-45.5125),.PIECEWISE_BEZIER_KNOTS.);
#5550 = CARTESIAN_POINT('',(129.775,11.875));
#5551 = CARTESIAN_POINT('',(91.025,11.875));
#5552 = ( GEOMETRIC_REPRESENTATION_CONTEXT(2) 
PARAMETRIC_REPRESENTATION_CONTEXT() REPRESENTATION_CONTEXT('2D SPACE',''
  ) );
#5553 = PCURVE('',#2021,#5554);
#5554 = DEFINITIONAL_REPRESENTATION('',(#5555),#5558);
#5555 = B_SPLINE_CURVE_WITH_KNOTS('',1,(#5556,#5557),.UNSPECIFIED.,.F.,
  .F.,(2,2),(-84.2625,-45.5125),.PIECEWISE_BEZIER_KNOTS.);
#5556 = CARTESIAN_POINT('',(38.75,-1.5));
#5557 = CARTESIAN_POINT('',(0.,-1.5));
#5558 = ( GEOMETRIC_REPRESENTATION_CONTEXT(2) 
PARAMETRIC_REPRESENTATION_CONTEXT() REPRESENTATION_CONTEXT('2D SPACE',''
  ) );
#5559 = ORIENTED_EDGE('',*,*,#5560,.T.);
#5560 = EDGE_CURVE('',#5538,#5561,#5563,.T.);
#5561 = VERTEX_POINT('',#5562);
#5562 = CARTESIAN_POINT('',(54.575,-4.375,1.5));
#5563 = SURFACE_CURVE('',#5564,(#5569,#5580),.PCURVE_S1.);
#5564 = CIRCLE('',#5565,0.625);
#5565 = AXIS2_PLACEMENT_3D('',#5566,#5567,#5568);
#5566 = CARTESIAN_POINT('',(54.575,-3.75,1.5));
#5567 = DIRECTION('',(0.,0.,-1.));
#5568 = DIRECTION('',(0.,1.,0.));
#5569 = PCURVE('',#100,#5570);
#5570 = DEFINITIONAL_REPRESENTATION('',(#5571),#5579);
#5571 = ( BOUNDED_CURVE() B_SPLINE_CURVE(2,(#5572,#5573,#5574,#5575,
#5576,#5577,#5578),.UNSPECIFIED.,.T.,.F.) B_SPLINE_CURVE_WITH_KNOTS((1,2
    ,2,2,2,1),(-2.094395102393,0.,2.094395102393,4.188790204786,
6.28318530718,8.377580409573),.UNSPECIFIED.) CURVE() 
GEOMETRIC_REPRESENTATION_ITEM() RATIONAL_B_SPLINE_CURVE((1.,0.5,1.,0.5,
1.,0.5,1.)) REPRESENTATION_ITEM('') );
#5572 = CARTESIAN_POINT('',(129.775,11.875));
#5573 = CARTESIAN_POINT('',(130.85753175473,11.875));
#5574 = CARTESIAN_POINT('',(130.31626587736,10.9375));
#5575 = CARTESIAN_POINT('',(129.775,10.));
#5576 = CARTESIAN_POINT('',(129.23373412263,10.9375));
#5577 = CARTESIAN_POINT('',(128.69246824526,11.875));
#5578 = CARTESIAN_POINT('',(129.775,11.875));
#5579 = ( GEOMETRIC_REPRESENTATION_CONTEXT(2) 
PARAMETRIC_REPRESENTATION_CONTEXT() REPRESENTATION_CONTEXT('2D SPACE',''
  ) );
#5580 = PCURVE('',#2053,#5581);
#5581 = DEFINITIONAL_REPRESENTATION('',(#5582),#5586);
#5582 = LINE('',#5583,#5584);
#5583 = CARTESIAN_POINT('',(0.,-1.5));
#5584 = VECTOR('',#5585,1.);
#5585 = DIRECTION('',(1.,0.));
#5586 = ( GEOMETRIC_REPRESENTATION_CONTEXT(2) 
PARAMETRIC_REPRESENTATION_CONTEXT() REPRESENTATION_CONTEXT('2D SPACE',''
  ) );
#5587 = ORIENTED_EDGE('',*,*,#5588,.F.);
#5588 = EDGE_CURVE('',#5589,#5561,#5591,.T.);
#5589 = VERTEX_POINT('',#5590);
#5590 = CARTESIAN_POINT('',(15.825,-4.375,1.5));
#5591 = SURFACE_CURVE('',#5592,(#5596,#5602),.PCURVE_S1.);
#5592 = LINE('',#5593,#5594);
#5593 = CARTESIAN_POINT('',(-10.3125,-4.375,1.5));
#5594 = VECTOR('',#5595,1.);
#5595 = DIRECTION('',(1.,0.,-0.));
#5596 = PCURVE('',#100,#5597);
#5597 = DEFINITIONAL_REPRESENTATION('',(#5598),#5601);
#5598 = B_SPLINE_CURVE_WITH_KNOTS('',1,(#5599,#5600),.UNSPECIFIED.,.F.,
  .F.,(2,2),(26.1375,64.8875),.PIECEWISE_BEZIER_KNOTS.);
#5599 = CARTESIAN_POINT('',(91.025,10.625));
#5600 = CARTESIAN_POINT('',(129.775,10.625));
#5601 = ( GEOMETRIC_REPRESENTATION_CONTEXT(2) 
PARAMETRIC_REPRESENTATION_CONTEXT() REPRESENTATION_CONTEXT('2D SPACE',''
  ) );
#5602 = PCURVE('',#2080,#5603);
#5603 = DEFINITIONAL_REPRESENTATION('',(#5604),#5607);
#5604 = B_SPLINE_CURVE_WITH_KNOTS('',1,(#5605,#5606),.UNSPECIFIED.,.F.,
  .F.,(2,2),(26.1375,64.8875),.PIECEWISE_BEZIER_KNOTS.);
#5605 = CARTESIAN_POINT('',(38.75,-1.5));
#5606 = CARTESIAN_POINT('',(0.,-1.5));
#5607 = ( GEOMETRIC_REPRESENTATION_CONTEXT(2) 
PARAMETRIC_REPRESENTATION_CONTEXT() REPRESENTATION_CONTEXT('2D SPACE',''
  ) );
#5608 = ORIENTED_EDGE('',*,*,#5609,.T.);
#5609 = EDGE_CURVE('',#5589,#5540,#5610,.T.);
#5610 = SURFACE_CURVE('',#5611,(#5616,#5627),.PCURVE_S1.);
#5611 = CIRCLE('',#5612,0.625);
#5612 = AXIS2_PLACEMENT_3D('',#5613,#5614,#5615);
#5613 = CARTESIAN_POINT('',(15.825,-3.75,1.5));
#5614 = DIRECTION('',(0.,-0.,-1.));
#5615 = DIRECTION('',(0.,-1.,0.));
#5616 = PCURVE('',#100,#5617);
#5617 = DEFINITIONAL_REPRESENTATION('',(#5618),#5626);
#5618 = ( BOUNDED_CURVE() B_SPLINE_CURVE(2,(#5619,#5620,#5621,#5622,
#5623,#5624,#5625),.UNSPECIFIED.,.T.,.F.) B_SPLINE_CURVE_WITH_KNOTS((1,2
    ,2,2,2,1),(-2.094395102393,0.,2.094395102393,4.188790204786,
6.28318530718,8.377580409573),.UNSPECIFIED.) CURVE() 
GEOMETRIC_REPRESENTATION_ITEM() RATIONAL_B_SPLINE_CURVE((1.,0.5,1.,0.5,
1.,0.5,1.)) REPRESENTATION_ITEM('') );
#5619 = CARTESIAN_POINT('',(91.025,10.625));
#5620 = CARTESIAN_POINT('',(89.942468245269,10.625));
#5621 = CARTESIAN_POINT('',(90.483734122635,11.5625));
#5622 = CARTESIAN_POINT('',(91.025,12.5));
#5623 = CARTESIAN_POINT('',(91.566265877365,11.5625));
#5624 = CARTESIAN_POINT('',(92.107531754731,10.625));
#5625 = CARTESIAN_POINT('',(91.025,10.625));
#5626 = ( GEOMETRIC_REPRESENTATION_CONTEXT(2) 
PARAMETRIC_REPRESENTATION_CONTEXT() REPRESENTATION_CONTEXT('2D SPACE',''
  ) );
#5627 = PCURVE('',#2110,#5628);
#5628 = DEFINITIONAL_REPRESENTATION('',(#5629),#5633);
#5629 = LINE('',#5630,#5631);
#5630 = CARTESIAN_POINT('',(0.,-1.5));
#5631 = VECTOR('',#5632,1.);
#5632 = DIRECTION('',(1.,0.));
#5633 = ( GEOMETRIC_REPRESENTATION_CONTEXT(2) 
PARAMETRIC_REPRESENTATION_CONTEXT() REPRESENTATION_CONTEXT('2D SPACE',''
  ) );
#5634 = FACE_BOUND('',#5635,.T.);
#5635 = EDGE_LOOP('',(#5636,#5659,#5687,#5708));
#5636 = ORIENTED_EDGE('',*,*,#5637,.F.);
#5637 = EDGE_CURVE('',#5638,#5640,#5642,.T.);
#5638 = VERTEX_POINT('',#5639);
#5639 = CARTESIAN_POINT('',(-15.825,0.625,1.5));
#5640 = VERTEX_POINT('',#5641);
#5641 = CARTESIAN_POINT('',(-54.575,0.625,1.5));
#5642 = SURFACE_CURVE('',#5643,(#5647,#5653),.PCURVE_S1.);
#5643 = LINE('',#5644,#5645);
#5644 = CARTESIAN_POINT('',(-64.8875,0.625,1.5));
#5645 = VECTOR('',#5646,1.);
#5646 = DIRECTION('',(-1.,0.,0.));
#5647 = PCURVE('',#100,#5648);
#5648 = DEFINITIONAL_REPRESENTATION('',(#5649),#5652);
#5649 = B_SPLINE_CURVE_WITH_KNOTS('',1,(#5650,#5651),.UNSPECIFIED.,.F.,
  .F.,(2,2),(-49.0625,-10.3125),.PIECEWISE_BEZIER_KNOTS.);
#5650 = CARTESIAN_POINT('',(59.375,15.625));
#5651 = CARTESIAN_POINT('',(20.625,15.625));
#5652 = ( GEOMETRIC_REPRESENTATION_CONTEXT(2) 
PARAMETRIC_REPRESENTATION_CONTEXT() REPRESENTATION_CONTEXT('2D SPACE',''
  ) );
#5653 = PCURVE('',#2141,#5654);
#5654 = DEFINITIONAL_REPRESENTATION('',(#5655),#5658);
#5655 = B_SPLINE_CURVE_WITH_KNOTS('',1,(#5656,#5657),.UNSPECIFIED.,.F.,
  .F.,(2,2),(-49.0625,-10.3125),.PIECEWISE_BEZIER_KNOTS.);
#5656 = CARTESIAN_POINT('',(38.75,-1.5));
#5657 = CARTESIAN_POINT('',(0.,-1.5));
#5658 = ( GEOMETRIC_REPRESENTATION_CONTEXT(2) 
PARAMETRIC_REPRESENTATION_CONTEXT() REPRESENTATION_CONTEXT('2D SPACE',''
  ) );
#5659 = ORIENTED_EDGE('',*,*,#5660,.T.);
#5660 = EDGE_CURVE('',#5638,#5661,#5663,.T.);
#5661 = VERTEX_POINT('',#5662);
#5662 = CARTESIAN_POINT('',(-15.825,-0.625,1.5));
#5663 = SURFACE_CURVE('',#5664,(#5669,#5680),.PCURVE_S1.);
#5664 = CIRCLE('',#5665,0.625);
#5665 = AXIS2_PLACEMENT_3D('',#5666,#5667,#5668);
#5666 = CARTESIAN_POINT('',(-15.825,-5.551115123126E-17,1.5));
#5667 = DIRECTION('',(0.,0.,-1.));
#5668 = DIRECTION('',(0.,1.,0.));
#5669 = PCURVE('',#100,#5670);
#5670 = DEFINITIONAL_REPRESENTATION('',(#5671),#5679);
#5671 = ( BOUNDED_CURVE() B_SPLINE_CURVE(2,(#5672,#5673,#5674,#5675,
#5676,#5677,#5678),.UNSPECIFIED.,.T.,.F.) B_SPLINE_CURVE_WITH_KNOTS((1,2
    ,2,2,2,1),(-2.094395102393,0.,2.094395102393,4.188790204786,
6.28318530718,8.377580409573),.UNSPECIFIED.) CURVE() 
GEOMETRIC_REPRESENTATION_ITEM() RATIONAL_B_SPLINE_CURVE((1.,0.5,1.,0.5,
1.,0.5,1.)) REPRESENTATION_ITEM('') );
#5672 = CARTESIAN_POINT('',(59.375,15.625));
#5673 = CARTESIAN_POINT('',(60.457531754731,15.625));
#5674 = CARTESIAN_POINT('',(59.916265877365,14.6875));
#5675 = CARTESIAN_POINT('',(59.375,13.75));
#5676 = CARTESIAN_POINT('',(58.833734122635,14.6875));
#5677 = CARTESIAN_POINT('',(58.292468245269,15.625));
#5678 = CARTESIAN_POINT('',(59.375,15.625));
#5679 = ( GEOMETRIC_REPRESENTATION_CONTEXT(2) 
PARAMETRIC_REPRESENTATION_CONTEXT() REPRESENTATION_CONTEXT('2D SPACE',''
  ) );
#5680 = PCURVE('',#2173,#5681);
#5681 = DEFINITIONAL_REPRESENTATION('',(#5682),#5686);
#5682 = LINE('',#5683,#5684);
#5683 = CARTESIAN_POINT('',(0.,-1.5));
#5684 = VECTOR('',#5685,1.);
#5685 = DIRECTION('',(1.,0.));
#5686 = ( GEOMETRIC_REPRESENTATION_CONTEXT(2) 
PARAMETRIC_REPRESENTATION_CONTEXT() REPRESENTATION_CONTEXT('2D SPACE',''
  ) );
#5687 = ORIENTED_EDGE('',*,*,#5688,.F.);
#5688 = EDGE_CURVE('',#5689,#5661,#5691,.T.);
#5689 = VERTEX_POINT('',#5690);
#5690 = CARTESIAN_POINT('',(-54.575,-0.625,1.5));
#5691 = SURFACE_CURVE('',#5692,(#5696,#5702),.PCURVE_S1.);
#5692 = LINE('',#5693,#5694);
#5693 = CARTESIAN_POINT('',(-45.5125,-0.625,1.5));
#5694 = VECTOR('',#5695,1.);
#5695 = DIRECTION('',(1.,0.,-0.));
#5696 = PCURVE('',#100,#5697);
#5697 = DEFINITIONAL_REPRESENTATION('',(#5698),#5701);
#5698 = B_SPLINE_CURVE_WITH_KNOTS('',1,(#5699,#5700),.UNSPECIFIED.,.F.,
  .F.,(2,2),(-9.0625,29.6875),.PIECEWISE_BEZIER_KNOTS.);
#5699 = CARTESIAN_POINT('',(20.625,14.375));
#5700 = CARTESIAN_POINT('',(59.375,14.375));
#5701 = ( GEOMETRIC_REPRESENTATION_CONTEXT(2) 
PARAMETRIC_REPRESENTATION_CONTEXT() REPRESENTATION_CONTEXT('2D SPACE',''
  ) );
#5702 = PCURVE('',#2200,#5703);
#5703 = DEFINITIONAL_REPRESENTATION('',(#5704),#5707);
#5704 = B_SPLINE_CURVE_WITH_KNOTS('',1,(#5705,#5706),.UNSPECIFIED.,.F.,
  .F.,(2,2),(-9.0625,29.6875),.PIECEWISE_BEZIER_KNOTS.);
#5705 = CARTESIAN_POINT('',(38.75,-1.5));
#5706 = CARTESIAN_POINT('',(0.,-1.5));
#5707 = ( GEOMETRIC_REPRESENTATION_CONTEXT(2) 
PARAMETRIC_REPRESENTATION_CONTEXT() REPRESENTATION_CONTEXT('2D SPACE',''
  ) );
#5708 = ORIENTED_EDGE('',*,*,#5709,.T.);
#5709 = EDGE_CURVE('',#5689,#5640,#5710,.T.);
#5710 = SURFACE_CURVE('',#5711,(#5716,#5727),.PCURVE_S1.);
#5711 = CIRCLE('',#5712,0.625);
#5712 = AXIS2_PLACEMENT_3D('',#5713,#5714,#5715);
#5713 = CARTESIAN_POINT('',(-54.575,5.551115123126E-17,1.5));
#5714 = DIRECTION('',(0.,-0.,-1.));
#5715 = DIRECTION('',(0.,-1.,0.));
#5716 = PCURVE('',#100,#5717);
#5717 = DEFINITIONAL_REPRESENTATION('',(#5718),#5726);
#5718 = ( BOUNDED_CURVE() B_SPLINE_CURVE(2,(#5719,#5720,#5721,#5722,
#5723,#5724,#5725),.UNSPECIFIED.,.T.,.F.) B_SPLINE_CURVE_WITH_KNOTS((1,2
    ,2,2,2,1),(-2.094395102393,0.,2.094395102393,4.188790204786,
6.28318530718,8.377580409573),.UNSPECIFIED.) CURVE() 
GEOMETRIC_REPRESENTATION_ITEM() RATIONAL_B_SPLINE_CURVE((1.,0.5,1.,0.5,
1.,0.5,1.)) REPRESENTATION_ITEM('') );
#5719 = CARTESIAN_POINT('',(20.625,14.375));
#5720 = CARTESIAN_POINT('',(19.542468245269,14.375));
#5721 = CARTESIAN_POINT('',(20.083734122635,15.3125));
#5722 = CARTESIAN_POINT('',(20.625,16.25));
#5723 = CARTESIAN_POINT('',(21.166265877365,15.3125));
#5724 = CARTESIAN_POINT('',(21.707531754731,14.375));
#5725 = CARTESIAN_POINT('',(20.625,14.375));
#5726 = ( GEOMETRIC_REPRESENTATION_CONTEXT(2) 
PARAMETRIC_REPRESENTATION_CONTEXT() REPRESENTATION_CONTEXT('2D SPACE',''
  ) );
#5727 = PCURVE('',#2230,#5728);
#5728 = DEFINITIONAL_REPRESENTATION('',(#5729),#5733);
#5729 = LINE('',#5730,#5731);
#5730 = CARTESIAN_POINT('',(0.,-1.5));
#5731 = VECTOR('',#5732,1.);
#5732 = DIRECTION('',(1.,0.));
#5733 = ( GEOMETRIC_REPRESENTATION_CONTEXT(2) 
PARAMETRIC_REPRESENTATION_CONTEXT() REPRESENTATION_CONTEXT('2D SPACE',''
  ) );
#5734 = FACE_BOUND('',#5735,.T.);
#5735 = EDGE_LOOP('',(#5736,#5759,#5787,#5808));
#5736 = ORIENTED_EDGE('',*,*,#5737,.F.);
#5737 = EDGE_CURVE('',#5738,#5740,#5742,.T.);
#5738 = VERTEX_POINT('',#5739);
#5739 = CARTESIAN_POINT('',(-15.825,4.375,1.5));
#5740 = VERTEX_POINT('',#5741);
#5741 = CARTESIAN_POINT('',(-54.575,4.375,1.5));
#5742 = SURFACE_CURVE('',#5743,(#5747,#5753),.PCURVE_S1.);
#5743 = LINE('',#5744,#5745);
#5744 = CARTESIAN_POINT('',(-64.8875,4.375,1.5));
#5745 = VECTOR('',#5746,1.);
#5746 = DIRECTION('',(-1.,0.,0.));
#5747 = PCURVE('',#100,#5748);
#5748 = DEFINITIONAL_REPRESENTATION('',(#5749),#5752);
#5749 = B_SPLINE_CURVE_WITH_KNOTS('',1,(#5750,#5751),.UNSPECIFIED.,.F.,
  .F.,(2,2),(-49.0625,-10.3125),.PIECEWISE_BEZIER_KNOTS.);
#5750 = CARTESIAN_POINT('',(59.375,19.375));
#5751 = CARTESIAN_POINT('',(20.625,19.375));
#5752 = ( GEOMETRIC_REPRESENTATION_CONTEXT(2) 
PARAMETRIC_REPRESENTATION_CONTEXT() REPRESENTATION_CONTEXT('2D SPACE',''
  ) );
#5753 = PCURVE('',#2261,#5754);
#5754 = DEFINITIONAL_REPRESENTATION('',(#5755),#5758);
#5755 = B_SPLINE_CURVE_WITH_KNOTS('',1,(#5756,#5757),.UNSPECIFIED.,.F.,
  .F.,(2,2),(-49.0625,-10.3125),.PIECEWISE_BEZIER_KNOTS.);
#5756 = CARTESIAN_POINT('',(38.75,-1.5));
#5757 = CARTESIAN_POINT('',(0.,-1.5));
#5758 = ( GEOMETRIC_REPRESENTATION_CONTEXT(2) 
PARAMETRIC_REPRESENTATION_CONTEXT() REPRESENTATION_CONTEXT('2D SPACE',''
  ) );
#5759 = ORIENTED_EDGE('',*,*,#5760,.T.);
#5760 = EDGE_CURVE('',#5738,#5761,#5763,.T.);
#5761 = VERTEX_POINT('',#5762);
#5762 = CARTESIAN_POINT('',(-15.825,3.125,1.5));
#5763 = SURFACE_CURVE('',#5764,(#5769,#5780),.PCURVE_S1.);
#5764 = CIRCLE('',#5765,0.625);
#5765 = AXIS2_PLACEMENT_3D('',#5766,#5767,#5768);
#5766 = CARTESIAN_POINT('',(-15.825,3.75,1.5));
#5767 = DIRECTION('',(0.,0.,-1.));
#5768 = DIRECTION('',(0.,1.,0.));
#5769 = PCURVE('',#100,#5770);
#5770 = DEFINITIONAL_REPRESENTATION('',(#5771),#5779);
#5771 = ( BOUNDED_CURVE() B_SPLINE_CURVE(2,(#5772,#5773,#5774,#5775,
#5776,#5777,#5778),.UNSPECIFIED.,.T.,.F.) B_SPLINE_CURVE_WITH_KNOTS((1,2
    ,2,2,2,1),(-2.094395102393,0.,2.094395102393,4.188790204786,
6.28318530718,8.377580409573),.UNSPECIFIED.) CURVE() 
GEOMETRIC_REPRESENTATION_ITEM() RATIONAL_B_SPLINE_CURVE((1.,0.5,1.,0.5,
1.,0.5,1.)) REPRESENTATION_ITEM('') );
#5772 = CARTESIAN_POINT('',(59.375,19.375));
#5773 = CARTESIAN_POINT('',(60.457531754731,19.375));
#5774 = CARTESIAN_POINT('',(59.916265877365,18.4375));
#5775 = CARTESIAN_POINT('',(59.375,17.5));
#5776 = CARTESIAN_POINT('',(58.833734122635,18.4375));
#5777 = CARTESIAN_POINT('',(58.292468245269,19.375));
#5778 = CARTESIAN_POINT('',(59.375,19.375));
#5779 = ( GEOMETRIC_REPRESENTATION_CONTEXT(2) 
PARAMETRIC_REPRESENTATION_CONTEXT() REPRESENTATION_CONTEXT('2D SPACE',''
  ) );
#5780 = PCURVE('',#2293,#5781);
#5781 = DEFINITIONAL_REPRESENTATION('',(#5782),#5786);
#5782 = LINE('',#5783,#5784);
#5783 = CARTESIAN_POINT('',(0.,-1.5));
#5784 = VECTOR('',#5785,1.);
#5785 = DIRECTION('',(1.,0.));
#5786 = ( GEOMETRIC_REPRESENTATION_CONTEXT(2) 
PARAMETRIC_REPRESENTATION_CONTEXT() REPRESENTATION_CONTEXT('2D SPACE',''
  ) );
#5787 = ORIENTED_EDGE('',*,*,#5788,.F.);
#5788 = EDGE_CURVE('',#5789,#5761,#5791,.T.);
#5789 = VERTEX_POINT('',#5790);
#5790 = CARTESIAN_POINT('',(-54.575,3.125,1.5));
#5791 = SURFACE_CURVE('',#5792,(#5796,#5802),.PCURVE_S1.);
#5792 = LINE('',#5793,#5794);
#5793 = CARTESIAN_POINT('',(-45.5125,3.125,1.5));
#5794 = VECTOR('',#5795,1.);
#5795 = DIRECTION('',(1.,0.,-0.));
#5796 = PCURVE('',#100,#5797);
#5797 = DEFINITIONAL_REPRESENTATION('',(#5798),#5801);
#5798 = B_SPLINE_CURVE_WITH_KNOTS('',1,(#5799,#5800),.UNSPECIFIED.,.F.,
  .F.,(2,2),(-9.0625,29.6875),.PIECEWISE_BEZIER_KNOTS.);
#5799 = CARTESIAN_POINT('',(20.625,18.125));
#5800 = CARTESIAN_POINT('',(59.375,18.125));
#5801 = ( GEOMETRIC_REPRESENTATION_CONTEXT(2) 
PARAMETRIC_REPRESENTATION_CONTEXT() REPRESENTATION_CONTEXT('2D SPACE',''
  ) );
#5802 = PCURVE('',#2320,#5803);
#5803 = DEFINITIONAL_REPRESENTATION('',(#5804),#5807);
#5804 = B_SPLINE_CURVE_WITH_KNOTS('',1,(#5805,#5806),.UNSPECIFIED.,.F.,
  .F.,(2,2),(-9.0625,29.6875),.PIECEWISE_BEZIER_KNOTS.);
#5805 = CARTESIAN_POINT('',(38.75,-1.5));
#5806 = CARTESIAN_POINT('',(0.,-1.5));
#5807 = ( GEOMETRIC_REPRESENTATION_CONTEXT(2) 
PARAMETRIC_REPRESENTATION_CONTEXT() REPRESENTATION_CONTEXT('2D SPACE',''
  ) );
#5808 = ORIENTED_EDGE('',*,*,#5809,.T.);
#5809 = EDGE_CURVE('',#5789,#5740,#5810,.T.);
#5810 = SURFACE_CURVE('',#5811,(#5816,#5827),.PCURVE_S1.);
#5811 = CIRCLE('',#5812,0.625);
#5812 = AXIS2_PLACEMENT_3D('',#5813,#5814,#5815);
#5813 = CARTESIAN_POINT('',(-54.575,3.75,1.5));
#5814 = DIRECTION('',(0.,-0.,-1.));
#5815 = DIRECTION('',(0.,-1.,0.));
#5816 = PCURVE('',#100,#5817);
#5817 = DEFINITIONAL_REPRESENTATION('',(#5818),#5826);
#5818 = ( BOUNDED_CURVE() B_SPLINE_CURVE(2,(#5819,#5820,#5821,#5822,
#5823,#5824,#5825),.UNSPECIFIED.,.T.,.F.) B_SPLINE_CURVE_WITH_KNOTS((1,2
    ,2,2,2,1),(-2.094395102393,0.,2.094395102393,4.188790204786,
6.28318530718,8.377580409573),.UNSPECIFIED.) CURVE() 
GEOMETRIC_REPRESENTATION_ITEM() RATIONAL_B_SPLINE_CURVE((1.,0.5,1.,0.5,
1.,0.5,1.)) REPRESENTATION_ITEM('') );
#5819 = CARTESIAN_POINT('',(20.625,18.125));
#5820 = CARTESIAN_POINT('',(19.542468245269,18.125));
#5821 = CARTESIAN_POINT('',(20.083734122635,19.0625));
#5822 = CARTESIAN_POINT('',(20.625,20.));
#5823 = CARTESIAN_POINT('',(21.166265877365,19.0625));
#5824 = CARTESIAN_POINT('',(21.707531754731,18.125));
#5825 = CARTESIAN_POINT('',(20.625,18.125));
#5826 = ( GEOMETRIC_REPRESENTATION_CONTEXT(2) 
PARAMETRIC_REPRESENTATION_CONTEXT() REPRESENTATION_CONTEXT('2D SPACE',''
  ) );
#5827 = PCURVE('',#2350,#5828);
#5828 = DEFINITIONAL_REPRESENTATION('',(#5829),#5833);
#5829 = LINE('',#5830,#5831);
#5830 = CARTESIAN_POINT('',(0.,-1.5));
#5831 = VECTOR('',#5832,1.);
#5832 = DIRECTION('',(1.,0.));
#5833 = ( GEOMETRIC_REPRESENTATION_CONTEXT(2) 
PARAMETRIC_REPRESENTATION_CONTEXT() REPRESENTATION_CONTEXT('2D SPACE',''
  ) );
#5834 = FACE_BOUND('',#5835,.T.);
#5835 = EDGE_LOOP('',(#5836,#5859,#5887,#5908));
#5836 = ORIENTED_EDGE('',*,*,#5837,.F.);
#5837 = EDGE_CURVE('',#5838,#5840,#5842,.T.);
#5838 = VERTEX_POINT('',#5839);
#5839 = CARTESIAN_POINT('',(-15.825,8.125,1.5));
#5840 = VERTEX_POINT('',#5841);
#5841 = CARTESIAN_POINT('',(-54.575,8.125,1.5));
#5842 = SURFACE_CURVE('',#5843,(#5847,#5853),.PCURVE_S1.);
#5843 = LINE('',#5844,#5845);
#5844 = CARTESIAN_POINT('',(-64.8875,8.125,1.5));
#5845 = VECTOR('',#5846,1.);
#5846 = DIRECTION('',(-1.,0.,0.));
#5847 = PCURVE('',#100,#5848);
#5848 = DEFINITIONAL_REPRESENTATION('',(#5849),#5852);
#5849 = B_SPLINE_CURVE_WITH_KNOTS('',1,(#5850,#5851),.UNSPECIFIED.,.F.,
  .F.,(2,2),(-49.0625,-10.3125),.PIECEWISE_BEZIER_KNOTS.);
#5850 = CARTESIAN_POINT('',(59.375,23.125));
#5851 = CARTESIAN_POINT('',(20.625,23.125));
#5852 = ( GEOMETRIC_REPRESENTATION_CONTEXT(2) 
PARAMETRIC_REPRESENTATION_CONTEXT() REPRESENTATION_CONTEXT('2D SPACE',''
  ) );
#5853 = PCURVE('',#2381,#5854);
#5854 = DEFINITIONAL_REPRESENTATION('',(#5855),#5858);
#5855 = B_SPLINE_CURVE_WITH_KNOTS('',1,(#5856,#5857),.UNSPECIFIED.,.F.,
  .F.,(2,2),(-49.0625,-10.3125),.PIECEWISE_BEZIER_KNOTS.);
#5856 = CARTESIAN_POINT('',(38.75,-1.5));
#5857 = CARTESIAN_POINT('',(0.,-1.5));
#5858 = ( GEOMETRIC_REPRESENTATION_CONTEXT(2) 
PARAMETRIC_REPRESENTATION_CONTEXT() REPRESENTATION_CONTEXT('2D SPACE',''
  ) );
#5859 = ORIENTED_EDGE('',*,*,#5860,.T.);
#5860 = EDGE_CURVE('',#5838,#5861,#5863,.T.);
#5861 = VERTEX_POINT('',#5862);
#5862 = CARTESIAN_POINT('',(-15.825,6.875,1.5));
#5863 = SURFACE_CURVE('',#5864,(#5869,#5880),.PCURVE_S1.);
#5864 = CIRCLE('',#5865,0.625);
#5865 = AXIS2_PLACEMENT_3D('',#5866,#5867,#5868);
#5866 = CARTESIAN_POINT('',(-15.825,7.5,1.5));
#5867 = DIRECTION('',(0.,0.,-1.));
#5868 = DIRECTION('',(0.,1.,0.));
#5869 = PCURVE('',#100,#5870);
#5870 = DEFINITIONAL_REPRESENTATION('',(#5871),#5879);
#5871 = ( BOUNDED_CURVE() B_SPLINE_CURVE(2,(#5872,#5873,#5874,#5875,
#5876,#5877,#5878),.UNSPECIFIED.,.T.,.F.) B_SPLINE_CURVE_WITH_KNOTS((1,2
    ,2,2,2,1),(-2.094395102393,0.,2.094395102393,4.188790204786,
6.28318530718,8.377580409573),.UNSPECIFIED.) CURVE() 
GEOMETRIC_REPRESENTATION_ITEM() RATIONAL_B_SPLINE_CURVE((1.,0.5,1.,0.5,
1.,0.5,1.)) REPRESENTATION_ITEM('') );
#5872 = CARTESIAN_POINT('',(59.375,23.125));
#5873 = CARTESIAN_POINT('',(60.457531754731,23.125));
#5874 = CARTESIAN_POINT('',(59.916265877365,22.1875));
#5875 = CARTESIAN_POINT('',(59.375,21.25));
#5876 = CARTESIAN_POINT('',(58.833734122635,22.1875));
#5877 = CARTESIAN_POINT('',(58.292468245269,23.125));
#5878 = CARTESIAN_POINT('',(59.375,23.125));
#5879 = ( GEOMETRIC_REPRESENTATION_CONTEXT(2) 
PARAMETRIC_REPRESENTATION_CONTEXT() REPRESENTATION_CONTEXT('2D SPACE',''
  ) );
#5880 = PCURVE('',#2413,#5881);
#5881 = DEFINITIONAL_REPRESENTATION('',(#5882),#5886);
#5882 = LINE('',#5883,#5884);
#5883 = CARTESIAN_POINT('',(0.,-1.5));
#5884 = VECTOR('',#5885,1.);
#5885 = DIRECTION('',(1.,0.));
#5886 = ( GEOMETRIC_REPRESENTATION_CONTEXT(2) 
PARAMETRIC_REPRESENTATION_CONTEXT() REPRESENTATION_CONTEXT('2D SPACE',''
  ) );
#5887 = ORIENTED_EDGE('',*,*,#5888,.F.);
#5888 = EDGE_CURVE('',#5889,#5861,#5891,.T.);
#5889 = VERTEX_POINT('',#5890);
#5890 = CARTESIAN_POINT('',(-54.575,6.875,1.5));
#5891 = SURFACE_CURVE('',#5892,(#5896,#5902),.PCURVE_S1.);
#5892 = LINE('',#5893,#5894);
#5893 = CARTESIAN_POINT('',(-45.5125,6.875,1.5));
#5894 = VECTOR('',#5895,1.);
#5895 = DIRECTION('',(1.,0.,-0.));
#5896 = PCURVE('',#100,#5897);
#5897 = DEFINITIONAL_REPRESENTATION('',(#5898),#5901);
#5898 = B_SPLINE_CURVE_WITH_KNOTS('',1,(#5899,#5900),.UNSPECIFIED.,.F.,
  .F.,(2,2),(-9.0625,29.6875),.PIECEWISE_BEZIER_KNOTS.);
#5899 = CARTESIAN_POINT('',(20.625,21.875));
#5900 = CARTESIAN_POINT('',(59.375,21.875));
#5901 = ( GEOMETRIC_REPRESENTATION_CONTEXT(2) 
PARAMETRIC_REPRESENTATION_CONTEXT() REPRESENTATION_CONTEXT('2D SPACE',''
  ) );
#5902 = PCURVE('',#2440,#5903);
#5903 = DEFINITIONAL_REPRESENTATION('',(#5904),#5907);
#5904 = B_SPLINE_CURVE_WITH_KNOTS('',1,(#5905,#5906),.UNSPECIFIED.,.F.,
  .F.,(2,2),(-9.0625,29.6875),.PIECEWISE_BEZIER_KNOTS.);
#5905 = CARTESIAN_POINT('',(38.75,-1.5));
#5906 = CARTESIAN_POINT('',(0.,-1.5));
#5907 = ( GEOMETRIC_REPRESENTATION_CONTEXT(2) 
PARAMETRIC_REPRESENTATION_CONTEXT() REPRESENTATION_CONTEXT('2D SPACE',''
  ) );
#5908 = ORIENTED_EDGE('',*,*,#5909,.T.);
#5909 = EDGE_CURVE('',#5889,#5840,#5910,.T.);
#5910 = SURFACE_CURVE('',#5911,(#5916,#5927),.PCURVE_S1.);
#5911 = CIRCLE('',#5912,0.625);
#5912 = AXIS2_PLACEMENT_3D('',#5913,#5914,#5915);
#5913 = CARTESIAN_POINT('',(-54.575,7.5,1.5));
#5914 = DIRECTION('',(0.,-0.,-1.));
#5915 = DIRECTION('',(0.,-1.,0.));
#5916 = PCURVE('',#100,#5917);
#5917 = DEFINITIONAL_REPRESENTATION('',(#5918),#5926);
#5918 = ( BOUNDED_CURVE() B_SPLINE_CURVE(2,(#5919,#5920,#5921,#5922,
#5923,#5924,#5925),.UNSPECIFIED.,.T.,.F.) B_SPLINE_CURVE_WITH_KNOTS((1,2
    ,2,2,2,1),(-2.094395102393,0.,2.094395102393,4.188790204786,
6.28318530718,8.377580409573),.UNSPECIFIED.) CURVE() 
GEOMETRIC_REPRESENTATION_ITEM() RATIONAL_B_SPLINE_CURVE((1.,0.5,1.,0.5,
1.,0.5,1.)) REPRESENTATION_ITEM('') );
#5919 = CARTESIAN_POINT('',(20.625,21.875));
#5920 = CARTESIAN_POINT('',(19.542468245269,21.875));
#5921 = CARTESIAN_POINT('',(20.083734122635,22.8125));
#5922 = CARTESIAN_POINT('',(20.625,23.75));
#5923 = CARTESIAN_POINT('',(21.166265877365,22.8125));
#5924 = CARTESIAN_POINT('',(21.707531754731,21.875));
#5925 = CARTESIAN_POINT('',(20.625,21.875));
#5926 = ( GEOMETRIC_REPRESENTATION_CONTEXT(2) 
PARAMETRIC_REPRESENTATION_CONTEXT() REPRESENTATION_CONTEXT('2D SPACE',''
  ) );
#5927 = PCURVE('',#2470,#5928);
#5928 = DEFINITIONAL_REPRESENTATION('',(#5929),#5933);
#5929 = LINE('',#5930,#5931);
#5930 = CARTESIAN_POINT('',(0.,-1.5));
#5931 = VECTOR('',#5932,1.);
#5932 = DIRECTION('',(1.,0.));
#5933 = ( GEOMETRIC_REPRESENTATION_CONTEXT(2) 
PARAMETRIC_REPRESENTATION_CONTEXT() REPRESENTATION_CONTEXT('2D SPACE',''
  ) );
#5934 = FACE_BOUND('',#5935,.T.);
#5935 = EDGE_LOOP('',(#5936,#5959,#5987,#6008));
#5936 = ORIENTED_EDGE('',*,*,#5937,.F.);
#5937 = EDGE_CURVE('',#5938,#5940,#5942,.T.);
#5938 = VERTEX_POINT('',#5939);
#5939 = CARTESIAN_POINT('',(-15.825,11.875,1.5));
#5940 = VERTEX_POINT('',#5941);
#5941 = CARTESIAN_POINT('',(-54.575,11.875,1.5));
#5942 = SURFACE_CURVE('',#5943,(#5947,#5953),.PCURVE_S1.);
#5943 = LINE('',#5944,#5945);
#5944 = CARTESIAN_POINT('',(-64.8875,11.875,1.5));
#5945 = VECTOR('',#5946,1.);
#5946 = DIRECTION('',(-1.,0.,0.));
#5947 = PCURVE('',#100,#5948);
#5948 = DEFINITIONAL_REPRESENTATION('',(#5949),#5952);
#5949 = B_SPLINE_CURVE_WITH_KNOTS('',1,(#5950,#5951),.UNSPECIFIED.,.F.,
  .F.,(2,2),(-49.0625,-10.3125),.PIECEWISE_BEZIER_KNOTS.);
#5950 = CARTESIAN_POINT('',(59.375,26.875));
#5951 = CARTESIAN_POINT('',(20.625,26.875));
#5952 = ( GEOMETRIC_REPRESENTATION_CONTEXT(2) 
PARAMETRIC_REPRESENTATION_CONTEXT() REPRESENTATION_CONTEXT('2D SPACE',''
  ) );
#5953 = PCURVE('',#2501,#5954);
#5954 = DEFINITIONAL_REPRESENTATION('',(#5955),#5958);
#5955 = B_SPLINE_CURVE_WITH_KNOTS('',1,(#5956,#5957),.UNSPECIFIED.,.F.,
  .F.,(2,2),(-49.0625,-10.3125),.PIECEWISE_BEZIER_KNOTS.);
#5956 = CARTESIAN_POINT('',(38.75,-1.5));
#5957 = CARTESIAN_POINT('',(0.,-1.5));
#5958 = ( GEOMETRIC_REPRESENTATION_CONTEXT(2) 
PARAMETRIC_REPRESENTATION_CONTEXT() REPRESENTATION_CONTEXT('2D SPACE',''
  ) );
#5959 = ORIENTED_EDGE('',*,*,#5960,.T.);
#5960 = EDGE_CURVE('',#5938,#5961,#5963,.T.);
#5961 = VERTEX_POINT('',#5962);
#5962 = CARTESIAN_POINT('',(-15.825,10.625,1.5));
#5963 = SURFACE_CURVE('',#5964,(#5969,#5980),.PCURVE_S1.);
#5964 = CIRCLE('',#5965,0.625);
#5965 = AXIS2_PLACEMENT_3D('',#5966,#5967,#5968);
#5966 = CARTESIAN_POINT('',(-15.825,11.25,1.5));
#5967 = DIRECTION('',(0.,0.,-1.));
#5968 = DIRECTION('',(0.,1.,0.));
#5969 = PCURVE('',#100,#5970);
#5970 = DEFINITIONAL_REPRESENTATION('',(#5971),#5979);
#5971 = ( BOUNDED_CURVE() B_SPLINE_CURVE(2,(#5972,#5973,#5974,#5975,
#5976,#5977,#5978),.UNSPECIFIED.,.T.,.F.) B_SPLINE_CURVE_WITH_KNOTS((1,2
    ,2,2,2,1),(-2.094395102393,0.,2.094395102393,4.188790204786,
6.28318530718,8.377580409573),.UNSPECIFIED.) CURVE() 
GEOMETRIC_REPRESENTATION_ITEM() RATIONAL_B_SPLINE_CURVE((1.,0.5,1.,0.5,
1.,0.5,1.)) REPRESENTATION_ITEM('') );
#5972 = CARTESIAN_POINT('',(59.375,26.875));
#5973 = CARTESIAN_POINT('',(60.457531754731,26.875));
#5974 = CARTESIAN_POINT('',(59.916265877365,25.9375));
#5975 = CARTESIAN_POINT('',(59.375,25.));
#5976 = CARTESIAN_POINT('',(58.833734122635,25.9375));
#5977 = CARTESIAN_POINT('',(58.292468245269,26.875));
#5978 = CARTESIAN_POINT('',(59.375,26.875));
#5979 = ( GEOMETRIC_REPRESENTATION_CONTEXT(2) 
PARAMETRIC_REPRESENTATION_CONTEXT() REPRESENTATION_CONTEXT('2D SPACE',''
  ) );
#5980 = PCURVE('',#2533,#5981);
#5981 = DEFINITIONAL_REPRESENTATION('',(#5982),#5986);
#5982 = LINE('',#5983,#5984);
#5983 = CARTESIAN_POINT('',(0.,-1.5));
#5984 = VECTOR('',#5985,1.);
#5985 = DIRECTION('',(1.,0.));
#5986 = ( GEOMETRIC_REPRESENTATION_CONTEXT(2) 
PARAMETRIC_REPRESENTATION_CONTEXT() REPRESENTATION_CONTEXT('2D SPACE',''
  ) );
#5987 = ORIENTED_EDGE('',*,*,#5988,.F.);
#5988 = EDGE_CURVE('',#5989,#5961,#5991,.T.);
#5989 = VERTEX_POINT('',#5990);
#5990 = CARTESIAN_POINT('',(-54.575,10.625,1.5));
#5991 = SURFACE_CURVE('',#5992,(#5996,#6002),.PCURVE_S1.);
#5992 = LINE('',#5993,#5994);
#5993 = CARTESIAN_POINT('',(-45.5125,10.625,1.5));
#5994 = VECTOR('',#5995,1.);
#5995 = DIRECTION('',(1.,0.,-0.));
#5996 = PCURVE('',#100,#5997);
#5997 = DEFINITIONAL_REPRESENTATION('',(#5998),#6001);
#5998 = B_SPLINE_CURVE_WITH_KNOTS('',1,(#5999,#6000),.UNSPECIFIED.,.F.,
  .F.,(2,2),(-9.0625,29.6875),.PIECEWISE_BEZIER_KNOTS.);
#5999 = CARTESIAN_POINT('',(20.625,25.625));
#6000 = CARTESIAN_POINT('',(59.375,25.625));
#6001 = ( GEOMETRIC_REPRESENTATION_CONTEXT(2) 
PARAMETRIC_REPRESENTATION_CONTEXT() REPRESENTATION_CONTEXT('2D SPACE',''
  ) );
#6002 = PCURVE('',#2560,#6003);
#6003 = DEFINITIONAL_REPRESENTATION('',(#6004),#6007);
#6004 = B_SPLINE_CURVE_WITH_KNOTS('',1,(#6005,#6006),.UNSPECIFIED.,.F.,
  .F.,(2,2),(-9.0625,29.6875),.PIECEWISE_BEZIER_KNOTS.);
#6005 = CARTESIAN_POINT('',(38.75,-1.5));
#6006 = CARTESIAN_POINT('',(0.,-1.5));
#6007 = ( GEOMETRIC_REPRESENTATION_CONTEXT(2) 
PARAMETRIC_REPRESENTATION_CONTEXT() REPRESENTATION_CONTEXT('2D SPACE',''
  ) );
#6008 = ORIENTED_EDGE('',*,*,#6009,.T.);
#6009 = EDGE_CURVE('',#5989,#5940,#6010,.T.);
#6010 = SURFACE_CURVE('',#6011,(#6016,#6027),.PCURVE_S1.);
#6011 = CIRCLE('',#6012,0.625);
#6012 = AXIS2_PLACEMENT_3D('',#6013,#6014,#6015);
#6013 = CARTESIAN_POINT('',(-54.575,11.25,1.5));
#6014 = DIRECTION('',(0.,-0.,-1.));
#6015 = DIRECTION('',(0.,-1.,0.));
#6016 = PCURVE('',#100,#6017);
#6017 = DEFINITIONAL_REPRESENTATION('',(#6018),#6026);
#6018 = ( BOUNDED_CURVE() B_SPLINE_CURVE(2,(#6019,#6020,#6021,#6022,
#6023,#6024,#6025),.UNSPECIFIED.,.T.,.F.) B_SPLINE_CURVE_WITH_KNOTS((1,2
    ,2,2,2,1),(-2.094395102393,0.,2.094395102393,4.188790204786,
6.28318530718,8.377580409573),.UNSPECIFIED.) CURVE() 
GEOMETRIC_REPRESENTATION_ITEM() RATIONAL_B_SPLINE_CURVE((1.,0.5,1.,0.5,
1.,0.5,1.)) REPRESENTATION_ITEM('') );
#6019 = CARTESIAN_POINT('',(20.625,25.625));
#6020 = CARTESIAN_POINT('',(19.542468245269,25.625));
#6021 = CARTESIAN_POINT('',(20.083734122635,26.5625));
#6022 = CARTESIAN_POINT('',(20.625,27.5));
#6023 = CARTESIAN_POINT('',(21.166265877365,26.5625));
#6024 = CARTESIAN_POINT('',(21.707531754731,25.625));
#6025 = CARTESIAN_POINT('',(20.625,25.625));
#6026 = ( GEOMETRIC_REPRESENTATION_CONTEXT(2) 
PARAMETRIC_REPRESENTATION_CONTEXT() REPRESENTATION_CONTEXT('2D SPACE',''
  ) );
#6027 = PCURVE('',#2590,#6028);
#6028 = DEFINITIONAL_REPRESENTATION('',(#6029),#6033);
#6029 = LINE('',#6030,#6031);
#6030 = CARTESIAN_POINT('',(0.,-1.5));
#6031 = VECTOR('',#6032,1.);
#6032 = DIRECTION('',(1.,0.));
#6033 = ( GEOMETRIC_REPRESENTATION_CONTEXT(2) 
PARAMETRIC_REPRESENTATION_CONTEXT() REPRESENTATION_CONTEXT('2D SPACE',''
  ) );
#6034 = FACE_BOUND('',#6035,.T.);
#6035 = EDGE_LOOP('',(#6036,#6059,#6087,#6108));
#6036 = ORIENTED_EDGE('',*,*,#6037,.F.);
#6037 = EDGE_CURVE('',#6038,#6040,#6042,.T.);
#6038 = VERTEX_POINT('',#6039);
#6039 = CARTESIAN_POINT('',(-11.875,54.575,1.5));
#6040 = VERTEX_POINT('',#6041);
#6041 = CARTESIAN_POINT('',(-11.875,15.825,1.5));
#6042 = SURFACE_CURVE('',#6043,(#6047,#6053),.PCURVE_S1.);
#6043 = LINE('',#6044,#6045);
#6044 = CARTESIAN_POINT('',(-11.875,0.4125,1.5));
#6045 = VECTOR('',#6046,1.);
#6046 = DIRECTION('',(-1.110223024625E-16,-1.,0.));
#6047 = PCURVE('',#100,#6048);
#6048 = DEFINITIONAL_REPRESENTATION('',(#6049),#6052);
#6049 = B_SPLINE_CURVE_WITH_KNOTS('',1,(#6050,#6051),.UNSPECIFIED.,.F.,
  .F.,(2,2),(-54.1625,-15.4125),.PIECEWISE_BEZIER_KNOTS.);
#6050 = CARTESIAN_POINT('',(63.325,69.575));
#6051 = CARTESIAN_POINT('',(63.325,30.825));
#6052 = ( GEOMETRIC_REPRESENTATION_CONTEXT(2) 
PARAMETRIC_REPRESENTATION_CONTEXT() REPRESENTATION_CONTEXT('2D SPACE',''
  ) );
#6053 = PCURVE('',#2621,#6054);
#6054 = DEFINITIONAL_REPRESENTATION('',(#6055),#6058);
#6055 = B_SPLINE_CURVE_WITH_KNOTS('',1,(#6056,#6057),.UNSPECIFIED.,.F.,
  .F.,(2,2),(-54.1625,-15.4125),.PIECEWISE_BEZIER_KNOTS.);
#6056 = CARTESIAN_POINT('',(38.75,-1.5));
#6057 = CARTESIAN_POINT('',(0.,-1.5));
#6058 = ( GEOMETRIC_REPRESENTATION_CONTEXT(2) 
PARAMETRIC_REPRESENTATION_CONTEXT() REPRESENTATION_CONTEXT('2D SPACE',''
  ) );
#6059 = ORIENTED_EDGE('',*,*,#6060,.T.);
#6060 = EDGE_CURVE('',#6038,#6061,#6063,.T.);
#6061 = VERTEX_POINT('',#6062);
#6062 = CARTESIAN_POINT('',(-10.625,54.575,1.5));
#6063 = SURFACE_CURVE('',#6064,(#6069,#6080),.PCURVE_S1.);
#6064 = CIRCLE('',#6065,0.625);
#6065 = AXIS2_PLACEMENT_3D('',#6066,#6067,#6068);
#6066 = CARTESIAN_POINT('',(-11.25,54.575,1.5));
#6067 = DIRECTION('',(0.,0.,-1.));
#6068 = DIRECTION('',(-1.,1.110223024625E-16,0.));
#6069 = PCURVE('',#100,#6070);
#6070 = DEFINITIONAL_REPRESENTATION('',(#6071),#6079);
#6071 = ( BOUNDED_CURVE() B_SPLINE_CURVE(2,(#6072,#6073,#6074,#6075,
#6076,#6077,#6078),.UNSPECIFIED.,.T.,.F.) B_SPLINE_CURVE_WITH_KNOTS((1,2
    ,2,2,2,1),(-2.094395102393,0.,2.094395102393,4.188790204786,
6.28318530718,8.377580409573),.UNSPECIFIED.) CURVE() 
GEOMETRIC_REPRESENTATION_ITEM() RATIONAL_B_SPLINE_CURVE((1.,0.5,1.,0.5,
1.,0.5,1.)) REPRESENTATION_ITEM('') );
#6072 = CARTESIAN_POINT('',(63.325,69.575));
#6073 = CARTESIAN_POINT('',(63.325,70.657531754731));
#6074 = CARTESIAN_POINT('',(64.2625,70.116265877365));
#6075 = CARTESIAN_POINT('',(65.2,69.575));
#6076 = CARTESIAN_POINT('',(64.2625,69.033734122635));
#6077 = CARTESIAN_POINT('',(63.325,68.492468245269));
#6078 = CARTESIAN_POINT('',(63.325,69.575));
#6079 = ( GEOMETRIC_REPRESENTATION_CONTEXT(2) 
PARAMETRIC_REPRESENTATION_CONTEXT() REPRESENTATION_CONTEXT('2D SPACE',''
  ) );
#6080 = PCURVE('',#2653,#6081);
#6081 = DEFINITIONAL_REPRESENTATION('',(#6082),#6086);
#6082 = LINE('',#6083,#6084);
#6083 = CARTESIAN_POINT('',(0.,-1.5));
#6084 = VECTOR('',#6085,1.);
#6085 = DIRECTION('',(1.,0.));
#6086 = ( GEOMETRIC_REPRESENTATION_CONTEXT(2) 
PARAMETRIC_REPRESENTATION_CONTEXT() REPRESENTATION_CONTEXT('2D SPACE',''
  ) );
#6087 = ORIENTED_EDGE('',*,*,#6088,.F.);
#6088 = EDGE_CURVE('',#6089,#6061,#6091,.T.);
#6089 = VERTEX_POINT('',#6090);
#6090 = CARTESIAN_POINT('',(-10.625,15.825,1.5));
#6091 = SURFACE_CURVE('',#6092,(#6096,#6102),.PCURVE_S1.);
#6092 = LINE('',#6093,#6094);
#6093 = CARTESIAN_POINT('',(-10.625,19.7875,1.5));
#6094 = VECTOR('',#6095,1.);
#6095 = DIRECTION('',(1.110223024625E-16,1.,-0.));
#6096 = PCURVE('',#100,#6097);
#6097 = DEFINITIONAL_REPRESENTATION('',(#6098),#6101);
#6098 = B_SPLINE_CURVE_WITH_KNOTS('',1,(#6099,#6100),.UNSPECIFIED.,.F.,
  .F.,(2,2),(-3.9625,34.7875),.PIECEWISE_BEZIER_KNOTS.);
#6099 = CARTESIAN_POINT('',(64.575,30.825));
#6100 = CARTESIAN_POINT('',(64.575,69.575));
#6101 = ( GEOMETRIC_REPRESENTATION_CONTEXT(2) 
PARAMETRIC_REPRESENTATION_CONTEXT() REPRESENTATION_CONTEXT('2D SPACE',''
  ) );
#6102 = PCURVE('',#2680,#6103);
#6103 = DEFINITIONAL_REPRESENTATION('',(#6104),#6107);
#6104 = B_SPLINE_CURVE_WITH_KNOTS('',1,(#6105,#6106),.UNSPECIFIED.,.F.,
  .F.,(2,2),(-3.9625,34.7875),.PIECEWISE_BEZIER_KNOTS.);
#6105 = CARTESIAN_POINT('',(38.75,-1.5));
#6106 = CARTESIAN_POINT('',(0.,-1.5));
#6107 = ( GEOMETRIC_REPRESENTATION_CONTEXT(2) 
PARAMETRIC_REPRESENTATION_CONTEXT() REPRESENTATION_CONTEXT('2D SPACE',''
  ) );
#6108 = ORIENTED_EDGE('',*,*,#6109,.T.);
#6109 = EDGE_CURVE('',#6089,#6040,#6110,.T.);
#6110 = SURFACE_CURVE('',#6111,(#6116,#6127),.PCURVE_S1.);
#6111 = CIRCLE('',#6112,0.625);
#6112 = AXIS2_PLACEMENT_3D('',#6113,#6114,#6115);
#6113 = CARTESIAN_POINT('',(-11.25,15.825,1.5));
#6114 = DIRECTION('',(0.,-0.,-1.));
#6115 = DIRECTION('',(1.,-1.110223024625E-16,0.));
#6116 = PCURVE('',#100,#6117);
#6117 = DEFINITIONAL_REPRESENTATION('',(#6118),#6126);
#6118 = ( BOUNDED_CURVE() B_SPLINE_CURVE(2,(#6119,#6120,#6121,#6122,
#6123,#6124,#6125),.UNSPECIFIED.,.T.,.F.) B_SPLINE_CURVE_WITH_KNOTS((1,2
    ,2,2,2,1),(-2.094395102393,0.,2.094395102393,4.188790204786,
6.28318530718,8.377580409573),.UNSPECIFIED.) CURVE() 
GEOMETRIC_REPRESENTATION_ITEM() RATIONAL_B_SPLINE_CURVE((1.,0.5,1.,0.5,
1.,0.5,1.)) REPRESENTATION_ITEM('') );
#6119 = CARTESIAN_POINT('',(64.575,30.825));
#6120 = CARTESIAN_POINT('',(64.575,29.742468245269));
#6121 = CARTESIAN_POINT('',(63.6375,30.283734122635));
#6122 = CARTESIAN_POINT('',(62.7,30.825));
#6123 = CARTESIAN_POINT('',(63.6375,31.366265877365));
#6124 = CARTESIAN_POINT('',(64.575,31.907531754731));
#6125 = CARTESIAN_POINT('',(64.575,30.825));
#6126 = ( GEOMETRIC_REPRESENTATION_CONTEXT(2) 
PARAMETRIC_REPRESENTATION_CONTEXT() REPRESENTATION_CONTEXT('2D SPACE',''
  ) );
#6127 = PCURVE('',#2710,#6128);
#6128 = DEFINITIONAL_REPRESENTATION('',(#6129),#6133);
#6129 = LINE('',#6130,#6131);
#6130 = CARTESIAN_POINT('',(0.,-1.5));
#6131 = VECTOR('',#6132,1.);
#6132 = DIRECTION('',(1.,0.));
#6133 = ( GEOMETRIC_REPRESENTATION_CONTEXT(2) 
PARAMETRIC_REPRESENTATION_CONTEXT() REPRESENTATION_CONTEXT('2D SPACE',''
  ) );
#6134 = FACE_BOUND('',#6135,.T.);
#6135 = EDGE_LOOP('',(#6136,#6159,#6187,#6208));
#6136 = ORIENTED_EDGE('',*,*,#6137,.F.);
#6137 = EDGE_CURVE('',#6138,#6140,#6142,.T.);
#6138 = VERTEX_POINT('',#6139);
#6139 = CARTESIAN_POINT('',(-8.125,54.575,1.5));
#6140 = VERTEX_POINT('',#6141);
#6141 = CARTESIAN_POINT('',(-8.125,15.825,1.5));
#6142 = SURFACE_CURVE('',#6143,(#6147,#6153),.PCURVE_S1.);
#6143 = LINE('',#6144,#6145);
#6144 = CARTESIAN_POINT('',(-8.125,0.4125,1.5));
#6145 = VECTOR('',#6146,1.);
#6146 = DIRECTION('',(-1.110223024625E-16,-1.,0.));
#6147 = PCURVE('',#100,#6148);
#6148 = DEFINITIONAL_REPRESENTATION('',(#6149),#6152);
#6149 = B_SPLINE_CURVE_WITH_KNOTS('',1,(#6150,#6151),.UNSPECIFIED.,.F.,
  .F.,(2,2),(-54.1625,-15.4125),.PIECEWISE_BEZIER_KNOTS.);
#6150 = CARTESIAN_POINT('',(67.075,69.575));
#6151 = CARTESIAN_POINT('',(67.075,30.825));
#6152 = ( GEOMETRIC_REPRESENTATION_CONTEXT(2) 
PARAMETRIC_REPRESENTATION_CONTEXT() REPRESENTATION_CONTEXT('2D SPACE',''
  ) );
#6153 = PCURVE('',#2741,#6154);
#6154 = DEFINITIONAL_REPRESENTATION('',(#6155),#6158);
#6155 = B_SPLINE_CURVE_WITH_KNOTS('',1,(#6156,#6157),.UNSPECIFIED.,.F.,
  .F.,(2,2),(-54.1625,-15.4125),.PIECEWISE_BEZIER_KNOTS.);
#6156 = CARTESIAN_POINT('',(38.75,-1.5));
#6157 = CARTESIAN_POINT('',(0.,-1.5));
#6158 = ( GEOMETRIC_REPRESENTATION_CONTEXT(2) 
PARAMETRIC_REPRESENTATION_CONTEXT() REPRESENTATION_CONTEXT('2D SPACE',''
  ) );
#6159 = ORIENTED_EDGE('',*,*,#6160,.T.);
#6160 = EDGE_CURVE('',#6138,#6161,#6163,.T.);
#6161 = VERTEX_POINT('',#6162);
#6162 = CARTESIAN_POINT('',(-6.875,54.575,1.5));
#6163 = SURFACE_CURVE('',#6164,(#6169,#6180),.PCURVE_S1.);
#6164 = CIRCLE('',#6165,0.625);
#6165 = AXIS2_PLACEMENT_3D('',#6166,#6167,#6168);
#6166 = CARTESIAN_POINT('',(-7.5,54.575,1.5));
#6167 = DIRECTION('',(0.,0.,-1.));
#6168 = DIRECTION('',(-1.,1.110223024625E-16,0.));
#6169 = PCURVE('',#100,#6170);
#6170 = DEFINITIONAL_REPRESENTATION('',(#6171),#6179);
#6171 = ( BOUNDED_CURVE() B_SPLINE_CURVE(2,(#6172,#6173,#6174,#6175,
#6176,#6177,#6178),.UNSPECIFIED.,.T.,.F.) B_SPLINE_CURVE_WITH_KNOTS((1,2
    ,2,2,2,1),(-2.094395102393,0.,2.094395102393,4.188790204786,
6.28318530718,8.377580409573),.UNSPECIFIED.) CURVE() 
GEOMETRIC_REPRESENTATION_ITEM() RATIONAL_B_SPLINE_CURVE((1.,0.5,1.,0.5,
1.,0.5,1.)) REPRESENTATION_ITEM('') );
#6172 = CARTESIAN_POINT('',(67.075,69.575));
#6173 = CARTESIAN_POINT('',(67.075,70.657531754731));
#6174 = CARTESIAN_POINT('',(68.0125,70.116265877365));
#6175 = CARTESIAN_POINT('',(68.95,69.575));
#6176 = CARTESIAN_POINT('',(68.0125,69.033734122635));
#6177 = CARTESIAN_POINT('',(67.075,68.492468245269));
#6178 = CARTESIAN_POINT('',(67.075,69.575));
#6179 = ( GEOMETRIC_REPRESENTATION_CONTEXT(2) 
PARAMETRIC_REPRESENTATION_CONTEXT() REPRESENTATION_CONTEXT('2D SPACE',''
  ) );
#6180 = PCURVE('',#2773,#6181);
#6181 = DEFINITIONAL_REPRESENTATION('',(#6182),#6186);
#6182 = LINE('',#6183,#6184);
#6183 = CARTESIAN_POINT('',(0.,-1.5));
#6184 = VECTOR('',#6185,1.);
#6185 = DIRECTION('',(1.,0.));
#6186 = ( GEOMETRIC_REPRESENTATION_CONTEXT(2) 
PARAMETRIC_REPRESENTATION_CONTEXT() REPRESENTATION_CONTEXT('2D SPACE',''
  ) );
#6187 = ORIENTED_EDGE('',*,*,#6188,.F.);
#6188 = EDGE_CURVE('',#6189,#6161,#6191,.T.);
#6189 = VERTEX_POINT('',#6190);
#6190 = CARTESIAN_POINT('',(-6.875,15.825,1.5));
#6191 = SURFACE_CURVE('',#6192,(#6196,#6202),.PCURVE_S1.);
#6192 = LINE('',#6193,#6194);
#6193 = CARTESIAN_POINT('',(-6.875,19.7875,1.5));
#6194 = VECTOR('',#6195,1.);
#6195 = DIRECTION('',(1.110223024625E-16,1.,-0.));
#6196 = PCURVE('',#100,#6197);
#6197 = DEFINITIONAL_REPRESENTATION('',(#6198),#6201);
#6198 = B_SPLINE_CURVE_WITH_KNOTS('',1,(#6199,#6200),.UNSPECIFIED.,.F.,
  .F.,(2,2),(-3.9625,34.7875),.PIECEWISE_BEZIER_KNOTS.);
#6199 = CARTESIAN_POINT('',(68.325,30.825));
#6200 = CARTESIAN_POINT('',(68.325,69.575));
#6201 = ( GEOMETRIC_REPRESENTATION_CONTEXT(2) 
PARAMETRIC_REPRESENTATION_CONTEXT() REPRESENTATION_CONTEXT('2D SPACE',''
  ) );
#6202 = PCURVE('',#2800,#6203);
#6203 = DEFINITIONAL_REPRESENTATION('',(#6204),#6207);
#6204 = B_SPLINE_CURVE_WITH_KNOTS('',1,(#6205,#6206),.UNSPECIFIED.,.F.,
  .F.,(2,2),(-3.9625,34.7875),.PIECEWISE_BEZIER_KNOTS.);
#6205 = CARTESIAN_POINT('',(38.75,-1.5));
#6206 = CARTESIAN_POINT('',(0.,-1.5));
#6207 = ( GEOMETRIC_REPRESENTATION_CONTEXT(2) 
PARAMETRIC_REPRESENTATION_CONTEXT() REPRESENTATION_CONTEXT('2D SPACE',''
  ) );
#6208 = ORIENTED_EDGE('',*,*,#6209,.T.);
#6209 = EDGE_CURVE('',#6189,#6140,#6210,.T.);
#6210 = SURFACE_CURVE('',#6211,(#6216,#6227),.PCURVE_S1.);
#6211 = CIRCLE('',#6212,0.625);
#6212 = AXIS2_PLACEMENT_3D('',#6213,#6214,#6215);
#6213 = CARTESIAN_POINT('',(-7.5,15.825,1.5));
#6214 = DIRECTION('',(0.,-0.,-1.));
#6215 = DIRECTION('',(1.,-1.110223024625E-16,0.));
#6216 = PCURVE('',#100,#6217);
#6217 = DEFINITIONAL_REPRESENTATION('',(#6218),#6226);
#6218 = ( BOUNDED_CURVE() B_SPLINE_CURVE(2,(#6219,#6220,#6221,#6222,
#6223,#6224,#6225),.UNSPECIFIED.,.T.,.F.) B_SPLINE_CURVE_WITH_KNOTS((1,2
    ,2,2,2,1),(-2.094395102393,0.,2.094395102393,4.188790204786,
6.28318530718,8.377580409573),.UNSPECIFIED.) CURVE() 
GEOMETRIC_REPRESENTATION_ITEM() RATIONAL_B_SPLINE_CURVE((1.,0.5,1.,0.5,
1.,0.5,1.)) REPRESENTATION_ITEM('') );
#6219 = CARTESIAN_POINT('',(68.325,30.825));
#6220 = CARTESIAN_POINT('',(68.325,29.742468245269));
#6221 = CARTESIAN_POINT('',(67.3875,30.283734122635));
#6222 = CARTESIAN_POINT('',(66.45,30.825));
#6223 = CARTESIAN_POINT('',(67.3875,31.366265877365));
#6224 = CARTESIAN_POINT('',(68.325,31.907531754731));
#6225 = CARTESIAN_POINT('',(68.325,30.825));
#6226 = ( GEOMETRIC_REPRESENTATION_CONTEXT(2) 
PARAMETRIC_REPRESENTATION_CONTEXT() REPRESENTATION_CONTEXT('2D SPACE',''
  ) );
#6227 = PCURVE('',#2830,#6228);
#6228 = DEFINITIONAL_REPRESENTATION('',(#6229),#6233);
#6229 = LINE('',#6230,#6231);
#6230 = CARTESIAN_POINT('',(0.,-1.5));
#6231 = VECTOR('',#6232,1.);
#6232 = DIRECTION('',(1.,0.));
#6233 = ( GEOMETRIC_REPRESENTATION_CONTEXT(2) 
PARAMETRIC_REPRESENTATION_CONTEXT() REPRESENTATION_CONTEXT('2D SPACE',''
  ) );
#6234 = FACE_BOUND('',#6235,.T.);
#6235 = EDGE_LOOP('',(#6236,#6259,#6287,#6308));
#6236 = ORIENTED_EDGE('',*,*,#6237,.F.);
#6237 = EDGE_CURVE('',#6238,#6240,#6242,.T.);
#6238 = VERTEX_POINT('',#6239);
#6239 = CARTESIAN_POINT('',(-4.375,54.575,1.5));
#6240 = VERTEX_POINT('',#6241);
#6241 = CARTESIAN_POINT('',(-4.375,15.825,1.5));
#6242 = SURFACE_CURVE('',#6243,(#6247,#6253),.PCURVE_S1.);
#6243 = LINE('',#6244,#6245);
#6244 = CARTESIAN_POINT('',(-4.375,0.4125,1.5));
#6245 = VECTOR('',#6246,1.);
#6246 = DIRECTION('',(-1.110223024625E-16,-1.,0.));
#6247 = PCURVE('',#100,#6248);
#6248 = DEFINITIONAL_REPRESENTATION('',(#6249),#6252);
#6249 = B_SPLINE_CURVE_WITH_KNOTS('',1,(#6250,#6251),.UNSPECIFIED.,.F.,
  .F.,(2,2),(-54.1625,-15.4125),.PIECEWISE_BEZIER_KNOTS.);
#6250 = CARTESIAN_POINT('',(70.825,69.575));
#6251 = CARTESIAN_POINT('',(70.825,30.825));
#6252 = ( GEOMETRIC_REPRESENTATION_CONTEXT(2) 
PARAMETRIC_REPRESENTATION_CONTEXT() REPRESENTATION_CONTEXT('2D SPACE',''
  ) );
#6253 = PCURVE('',#2861,#6254);
#6254 = DEFINITIONAL_REPRESENTATION('',(#6255),#6258);
#6255 = B_SPLINE_CURVE_WITH_KNOTS('',1,(#6256,#6257),.UNSPECIFIED.,.F.,
  .F.,(2,2),(-54.1625,-15.4125),.PIECEWISE_BEZIER_KNOTS.);
#6256 = CARTESIAN_POINT('',(38.75,-1.5));
#6257 = CARTESIAN_POINT('',(0.,-1.5));
#6258 = ( GEOMETRIC_REPRESENTATION_CONTEXT(2) 
PARAMETRIC_REPRESENTATION_CONTEXT() REPRESENTATION_CONTEXT('2D SPACE',''
  ) );
#6259 = ORIENTED_EDGE('',*,*,#6260,.T.);
#6260 = EDGE_CURVE('',#6238,#6261,#6263,.T.);
#6261 = VERTEX_POINT('',#6262);
#6262 = CARTESIAN_POINT('',(-3.125,54.575,1.5));
#6263 = SURFACE_CURVE('',#6264,(#6269,#6280),.PCURVE_S1.);
#6264 = CIRCLE('',#6265,0.625);
#6265 = AXIS2_PLACEMENT_3D('',#6266,#6267,#6268);
#6266 = CARTESIAN_POINT('',(-3.75,54.575,1.5));
#6267 = DIRECTION('',(0.,0.,-1.));
#6268 = DIRECTION('',(-1.,1.110223024625E-16,0.));
#6269 = PCURVE('',#100,#6270);
#6270 = DEFINITIONAL_REPRESENTATION('',(#6271),#6279);
#6271 = ( BOUNDED_CURVE() B_SPLINE_CURVE(2,(#6272,#6273,#6274,#6275,
#6276,#6277,#6278),.UNSPECIFIED.,.T.,.F.) B_SPLINE_CURVE_WITH_KNOTS((1,2
    ,2,2,2,1),(-2.094395102393,0.,2.094395102393,4.188790204786,
6.28318530718,8.377580409573),.UNSPECIFIED.) CURVE() 
GEOMETRIC_REPRESENTATION_ITEM() RATIONAL_B_SPLINE_CURVE((1.,0.5,1.,0.5,
1.,0.5,1.)) REPRESENTATION_ITEM('') );
#6272 = CARTESIAN_POINT('',(70.825,69.575));
#6273 = CARTESIAN_POINT('',(70.825,70.657531754731));
#6274 = CARTESIAN_POINT('',(71.7625,70.116265877365));
#6275 = CARTESIAN_POINT('',(72.7,69.575));
#6276 = CARTESIAN_POINT('',(71.7625,69.033734122635));
#6277 = CARTESIAN_POINT('',(70.825,68.492468245269));
#6278 = CARTESIAN_POINT('',(70.825,69.575));
#6279 = ( GEOMETRIC_REPRESENTATION_CONTEXT(2) 
PARAMETRIC_REPRESENTATION_CONTEXT() REPRESENTATION_CONTEXT('2D SPACE',''
  ) );
#6280 = PCURVE('',#2893,#6281);
#6281 = DEFINITIONAL_REPRESENTATION('',(#6282),#6286);
#6282 = LINE('',#6283,#6284);
#6283 = CARTESIAN_POINT('',(0.,-1.5));
#6284 = VECTOR('',#6285,1.);
#6285 = DIRECTION('',(1.,0.));
#6286 = ( GEOMETRIC_REPRESENTATION_CONTEXT(2) 
PARAMETRIC_REPRESENTATION_CONTEXT() REPRESENTATION_CONTEXT('2D SPACE',''
  ) );
#6287 = ORIENTED_EDGE('',*,*,#6288,.F.);
#6288 = EDGE_CURVE('',#6289,#6261,#6291,.T.);
#6289 = VERTEX_POINT('',#6290);
#6290 = CARTESIAN_POINT('',(-3.125,15.825,1.5));
#6291 = SURFACE_CURVE('',#6292,(#6296,#6302),.PCURVE_S1.);
#6292 = LINE('',#6293,#6294);
#6293 = CARTESIAN_POINT('',(-3.125,19.7875,1.5));
#6294 = VECTOR('',#6295,1.);
#6295 = DIRECTION('',(1.110223024625E-16,1.,-0.));
#6296 = PCURVE('',#100,#6297);
#6297 = DEFINITIONAL_REPRESENTATION('',(#6298),#6301);
#6298 = B_SPLINE_CURVE_WITH_KNOTS('',1,(#6299,#6300),.UNSPECIFIED.,.F.,
  .F.,(2,2),(-3.9625,34.7875),.PIECEWISE_BEZIER_KNOTS.);
#6299 = CARTESIAN_POINT('',(72.075,30.825));
#6300 = CARTESIAN_POINT('',(72.075,69.575));
#6301 = ( GEOMETRIC_REPRESENTATION_CONTEXT(2) 
PARAMETRIC_REPRESENTATION_CONTEXT() REPRESENTATION_CONTEXT('2D SPACE',''
  ) );
#6302 = PCURVE('',#2920,#6303);
#6303 = DEFINITIONAL_REPRESENTATION('',(#6304),#6307);
#6304 = B_SPLINE_CURVE_WITH_KNOTS('',1,(#6305,#6306),.UNSPECIFIED.,.F.,
  .F.,(2,2),(-3.9625,34.7875),.PIECEWISE_BEZIER_KNOTS.);
#6305 = CARTESIAN_POINT('',(38.75,-1.5));
#6306 = CARTESIAN_POINT('',(0.,-1.5));
#6307 = ( GEOMETRIC_REPRESENTATION_CONTEXT(2) 
PARAMETRIC_REPRESENTATION_CONTEXT() REPRESENTATION_CONTEXT('2D SPACE',''
  ) );
#6308 = ORIENTED_EDGE('',*,*,#6309,.T.);
#6309 = EDGE_CURVE('',#6289,#6240,#6310,.T.);
#6310 = SURFACE_CURVE('',#6311,(#6316,#6327),.PCURVE_S1.);
#6311 = CIRCLE('',#6312,0.625);
#6312 = AXIS2_PLACEMENT_3D('',#6313,#6314,#6315);
#6313 = CARTESIAN_POINT('',(-3.75,15.825,1.5));
#6314 = DIRECTION('',(0.,-0.,-1.));
#6315 = DIRECTION('',(1.,-1.110223024625E-16,0.));
#6316 = PCURVE('',#100,#6317);
#6317 = DEFINITIONAL_REPRESENTATION('',(#6318),#6326);
#6318 = ( BOUNDED_CURVE() B_SPLINE_CURVE(2,(#6319,#6320,#6321,#6322,
#6323,#6324,#6325),.UNSPECIFIED.,.T.,.F.) B_SPLINE_CURVE_WITH_KNOTS((1,2
    ,2,2,2,1),(-2.094395102393,0.,2.094395102393,4.188790204786,
6.28318530718,8.377580409573),.UNSPECIFIED.) CURVE() 
GEOMETRIC_REPRESENTATION_ITEM() RATIONAL_B_SPLINE_CURVE((1.,0.5,1.,0.5,
1.,0.5,1.)) REPRESENTATION_ITEM('') );
#6319 = CARTESIAN_POINT('',(72.075,30.825));
#6320 = CARTESIAN_POINT('',(72.075,29.742468245269));
#6321 = CARTESIAN_POINT('',(71.1375,30.283734122635));
#6322 = CARTESIAN_POINT('',(70.2,30.825));
#6323 = CARTESIAN_POINT('',(71.1375,31.366265877365));
#6324 = CARTESIAN_POINT('',(72.075,31.907531754731));
#6325 = CARTESIAN_POINT('',(72.075,30.825));
#6326 = ( GEOMETRIC_REPRESENTATION_CONTEXT(2) 
PARAMETRIC_REPRESENTATION_CONTEXT() REPRESENTATION_CONTEXT('2D SPACE',''
  ) );
#6327 = PCURVE('',#2950,#6328);
#6328 = DEFINITIONAL_REPRESENTATION('',(#6329),#6333);
#6329 = LINE('',#6330,#6331);
#6330 = CARTESIAN_POINT('',(0.,-1.5));
#6331 = VECTOR('',#6332,1.);
#6332 = DIRECTION('',(1.,0.));
#6333 = ( GEOMETRIC_REPRESENTATION_CONTEXT(2) 
PARAMETRIC_REPRESENTATION_CONTEXT() REPRESENTATION_CONTEXT('2D SPACE',''
  ) );
#6334 = FACE_BOUND('',#6335,.T.);
#6335 = EDGE_LOOP('',(#6336,#6359,#6387,#6408));
#6336 = ORIENTED_EDGE('',*,*,#6337,.F.);
#6337 = EDGE_CURVE('',#6338,#6340,#6342,.T.);
#6338 = VERTEX_POINT('',#6339);
#6339 = CARTESIAN_POINT('',(54.575,0.625,1.5));
#6340 = VERTEX_POINT('',#6341);
#6341 = CARTESIAN_POINT('',(15.825,0.625,1.5));
#6342 = SURFACE_CURVE('',#6343,(#6347,#6353),.PCURVE_S1.);
#6343 = LINE('',#6344,#6345);
#6344 = CARTESIAN_POINT('',(-29.6875,0.625,1.5));
#6345 = VECTOR('',#6346,1.);
#6346 = DIRECTION('',(-1.,0.,0.));
#6347 = PCURVE('',#100,#6348);
#6348 = DEFINITIONAL_REPRESENTATION('',(#6349),#6352);
#6349 = B_SPLINE_CURVE_WITH_KNOTS('',1,(#6350,#6351),.UNSPECIFIED.,.F.,
  .F.,(2,2),(-84.2625,-45.5125),.PIECEWISE_BEZIER_KNOTS.);
#6350 = CARTESIAN_POINT('',(129.775,15.625));
#6351 = CARTESIAN_POINT('',(91.025,15.625));
#6352 = ( GEOMETRIC_REPRESENTATION_CONTEXT(2) 
PARAMETRIC_REPRESENTATION_CONTEXT() REPRESENTATION_CONTEXT('2D SPACE',''
  ) );
#6353 = PCURVE('',#2981,#6354);
#6354 = DEFINITIONAL_REPRESENTATION('',(#6355),#6358);
#6355 = B_SPLINE_CURVE_WITH_KNOTS('',1,(#6356,#6357),.UNSPECIFIED.,.F.,
  .F.,(2,2),(-84.2625,-45.5125),.PIECEWISE_BEZIER_KNOTS.);
#6356 = CARTESIAN_POINT('',(38.75,-1.5));
#6357 = CARTESIAN_POINT('',(0.,-1.5));
#6358 = ( GEOMETRIC_REPRESENTATION_CONTEXT(2) 
PARAMETRIC_REPRESENTATION_CONTEXT() REPRESENTATION_CONTEXT('2D SPACE',''
  ) );
#6359 = ORIENTED_EDGE('',*,*,#6360,.T.);
#6360 = EDGE_CURVE('',#6338,#6361,#6363,.T.);
#6361 = VERTEX_POINT('',#6362);
#6362 = CARTESIAN_POINT('',(54.575,-0.625,1.5));
#6363 = SURFACE_CURVE('',#6364,(#6369,#6380),.PCURVE_S1.);
#6364 = CIRCLE('',#6365,0.625);
#6365 = AXIS2_PLACEMENT_3D('',#6366,#6367,#6368);
#6366 = CARTESIAN_POINT('',(54.575,-5.551115123126E-17,1.5));
#6367 = DIRECTION('',(0.,0.,-1.));
#6368 = DIRECTION('',(0.,1.,0.));
#6369 = PCURVE('',#100,#6370);
#6370 = DEFINITIONAL_REPRESENTATION('',(#6371),#6379);
#6371 = ( BOUNDED_CURVE() B_SPLINE_CURVE(2,(#6372,#6373,#6374,#6375,
#6376,#6377,#6378),.UNSPECIFIED.,.T.,.F.) B_SPLINE_CURVE_WITH_KNOTS((1,2
    ,2,2,2,1),(-2.094395102393,0.,2.094395102393,4.188790204786,
6.28318530718,8.377580409573),.UNSPECIFIED.) CURVE() 
GEOMETRIC_REPRESENTATION_ITEM() RATIONAL_B_SPLINE_CURVE((1.,0.5,1.,0.5,
1.,0.5,1.)) REPRESENTATION_ITEM('') );
#6372 = CARTESIAN_POINT('',(129.775,15.625));
#6373 = CARTESIAN_POINT('',(130.85753175473,15.625));
#6374 = CARTESIAN_POINT('',(130.31626587736,14.6875));
#6375 = CARTESIAN_POINT('',(129.775,13.75));
#6376 = CARTESIAN_POINT('',(129.23373412263,14.6875));
#6377 = CARTESIAN_POINT('',(128.69246824526,15.625));
#6378 = CARTESIAN_POINT('',(129.775,15.625));
#6379 = ( GEOMETRIC_REPRESENTATION_CONTEXT(2) 
PARAMETRIC_REPRESENTATION_CONTEXT() REPRESENTATION_CONTEXT('2D SPACE',''
  ) );
#6380 = PCURVE('',#3013,#6381);
#6381 = DEFINITIONAL_REPRESENTATION('',(#6382),#6386);
#6382 = LINE('',#6383,#6384);
#6383 = CARTESIAN_POINT('',(0.,-1.5));
#6384 = VECTOR('',#6385,1.);
#6385 = DIRECTION('',(1.,0.));
#6386 = ( GEOMETRIC_REPRESENTATION_CONTEXT(2) 
PARAMETRIC_REPRESENTATION_CONTEXT() REPRESENTATION_CONTEXT('2D SPACE',''
  ) );
#6387 = ORIENTED_EDGE('',*,*,#6388,.F.);
#6388 = EDGE_CURVE('',#6389,#6361,#6391,.T.);
#6389 = VERTEX_POINT('',#6390);
#6390 = CARTESIAN_POINT('',(15.825,-0.625,1.5));
#6391 = SURFACE_CURVE('',#6392,(#6396,#6402),.PCURVE_S1.);
#6392 = LINE('',#6393,#6394);
#6393 = CARTESIAN_POINT('',(-10.3125,-0.625,1.5));
#6394 = VECTOR('',#6395,1.);
#6395 = DIRECTION('',(1.,0.,-0.));
#6396 = PCURVE('',#100,#6397);
#6397 = DEFINITIONAL_REPRESENTATION('',(#6398),#6401);
#6398 = B_SPLINE_CURVE_WITH_KNOTS('',1,(#6399,#6400),.UNSPECIFIED.,.F.,
  .F.,(2,2),(26.1375,64.8875),.PIECEWISE_BEZIER_KNOTS.);
#6399 = CARTESIAN_POINT('',(91.025,14.375));
#6400 = CARTESIAN_POINT('',(129.775,14.375));
#6401 = ( GEOMETRIC_REPRESENTATION_CONTEXT(2) 
PARAMETRIC_REPRESENTATION_CONTEXT() REPRESENTATION_CONTEXT('2D SPACE',''
  ) );
#6402 = PCURVE('',#3040,#6403);
#6403 = DEFINITIONAL_REPRESENTATION('',(#6404),#6407);
#6404 = B_SPLINE_CURVE_WITH_KNOTS('',1,(#6405,#6406),.UNSPECIFIED.,.F.,
  .F.,(2,2),(26.1375,64.8875),.PIECEWISE_BEZIER_KNOTS.);
#6405 = CARTESIAN_POINT('',(38.75,-1.5));
#6406 = CARTESIAN_POINT('',(0.,-1.5));
#6407 = ( GEOMETRIC_REPRESENTATION_CONTEXT(2) 
PARAMETRIC_REPRESENTATION_CONTEXT() REPRESENTATION_CONTEXT('2D SPACE',''
  ) );
#6408 = ORIENTED_EDGE('',*,*,#6409,.T.);
#6409 = EDGE_CURVE('',#6389,#6340,#6410,.T.);
#6410 = SURFACE_CURVE('',#6411,(#6416,#6427),.PCURVE_S1.);
#6411 = CIRCLE('',#6412,0.625);
#6412 = AXIS2_PLACEMENT_3D('',#6413,#6414,#6415);
#6413 = CARTESIAN_POINT('',(15.825,5.551115123126E-17,1.5));
#6414 = DIRECTION('',(0.,-0.,-1.));
#6415 = DIRECTION('',(0.,-1.,0.));
#6416 = PCURVE('',#100,#6417);
#6417 = DEFINITIONAL_REPRESENTATION('',(#6418),#6426);
#6418 = ( BOUNDED_CURVE() B_SPLINE_CURVE(2,(#6419,#6420,#6421,#6422,
#6423,#6424,#6425),.UNSPECIFIED.,.T.,.F.) B_SPLINE_CURVE_WITH_KNOTS((1,2
    ,2,2,2,1),(-2.094395102393,0.,2.094395102393,4.188790204786,
6.28318530718,8.377580409573),.UNSPECIFIED.) CURVE() 
GEOMETRIC_REPRESENTATION_ITEM() RATIONAL_B_SPLINE_CURVE((1.,0.5,1.,0.5,
1.,0.5,1.)) REPRESENTATION_ITEM('') );
#6419 = CARTESIAN_POINT('',(91.025,14.375));
#6420 = CARTESIAN_POINT('',(89.942468245269,14.375));
#6421 = CARTESIAN_POINT('',(90.483734122635,15.3125));
#6422 = CARTESIAN_POINT('',(91.025,16.25));
#6423 = CARTESIAN_POINT('',(91.566265877365,15.3125));
#6424 = CARTESIAN_POINT('',(92.107531754731,14.375));
#6425 = CARTESIAN_POINT('',(91.025,14.375));
#6426 = ( GEOMETRIC_REPRESENTATION_CONTEXT(2) 
PARAMETRIC_REPRESENTATION_CONTEXT() REPRESENTATION_CONTEXT('2D SPACE',''
  ) );
#6427 = PCURVE('',#3070,#6428);
#6428 = DEFINITIONAL_REPRESENTATION('',(#6429),#6433);
#6429 = LINE('',#6430,#6431);
#6430 = CARTESIAN_POINT('',(0.,-1.5));
#6431 = VECTOR('',#6432,1.);
#6432 = DIRECTION('',(1.,0.));
#6433 = ( GEOMETRIC_REPRESENTATION_CONTEXT(2) 
PARAMETRIC_REPRESENTATION_CONTEXT() REPRESENTATION_CONTEXT('2D SPACE',''
  ) );
#6434 = FACE_BOUND('',#6435,.T.);
#6435 = EDGE_LOOP('',(#6436,#6459,#6487,#6508));
#6436 = ORIENTED_EDGE('',*,*,#6437,.F.);
#6437 = EDGE_CURVE('',#6438,#6440,#6442,.T.);
#6438 = VERTEX_POINT('',#6439);
#6439 = CARTESIAN_POINT('',(54.575,4.375,1.5));
#6440 = VERTEX_POINT('',#6441);
#6441 = CARTESIAN_POINT('',(15.825,4.375,1.5));
#6442 = SURFACE_CURVE('',#6443,(#6447,#6453),.PCURVE_S1.);
#6443 = LINE('',#6444,#6445);
#6444 = CARTESIAN_POINT('',(-29.6875,4.375,1.5));
#6445 = VECTOR('',#6446,1.);
#6446 = DIRECTION('',(-1.,0.,0.));
#6447 = PCURVE('',#100,#6448);
#6448 = DEFINITIONAL_REPRESENTATION('',(#6449),#6452);
#6449 = B_SPLINE_CURVE_WITH_KNOTS('',1,(#6450,#6451),.UNSPECIFIED.,.F.,
  .F.,(2,2),(-84.2625,-45.5125),.PIECEWISE_BEZIER_KNOTS.);
#6450 = CARTESIAN_POINT('',(129.775,19.375));
#6451 = CARTESIAN_POINT('',(91.025,19.375));
#6452 = ( GEOMETRIC_REPRESENTATION_CONTEXT(2) 
PARAMETRIC_REPRESENTATION_CONTEXT() REPRESENTATION_CONTEXT('2D SPACE',''
  ) );
#6453 = PCURVE('',#3101,#6454);
#6454 = DEFINITIONAL_REPRESENTATION('',(#6455),#6458);
#6455 = B_SPLINE_CURVE_WITH_KNOTS('',1,(#6456,#6457),.UNSPECIFIED.,.F.,
  .F.,(2,2),(-84.2625,-45.5125),.PIECEWISE_BEZIER_KNOTS.);
#6456 = CARTESIAN_POINT('',(38.75,-1.5));
#6457 = CARTESIAN_POINT('',(0.,-1.5));
#6458 = ( GEOMETRIC_REPRESENTATION_CONTEXT(2) 
PARAMETRIC_REPRESENTATION_CONTEXT() REPRESENTATION_CONTEXT('2D SPACE',''
  ) );
#6459 = ORIENTED_EDGE('',*,*,#6460,.T.);
#6460 = EDGE_CURVE('',#6438,#6461,#6463,.T.);
#6461 = VERTEX_POINT('',#6462);
#6462 = CARTESIAN_POINT('',(54.575,3.125,1.5));
#6463 = SURFACE_CURVE('',#6464,(#6469,#6480),.PCURVE_S1.);
#6464 = CIRCLE('',#6465,0.625);
#6465 = AXIS2_PLACEMENT_3D('',#6466,#6467,#6468);
#6466 = CARTESIAN_POINT('',(54.575,3.75,1.5));
#6467 = DIRECTION('',(0.,0.,-1.));
#6468 = DIRECTION('',(0.,1.,0.));
#6469 = PCURVE('',#100,#6470);
#6470 = DEFINITIONAL_REPRESENTATION('',(#6471),#6479);
#6471 = ( BOUNDED_CURVE() B_SPLINE_CURVE(2,(#6472,#6473,#6474,#6475,
#6476,#6477,#6478),.UNSPECIFIED.,.T.,.F.) B_SPLINE_CURVE_WITH_KNOTS((1,2
    ,2,2,2,1),(-2.094395102393,0.,2.094395102393,4.188790204786,
6.28318530718,8.377580409573),.UNSPECIFIED.) CURVE() 
GEOMETRIC_REPRESENTATION_ITEM() RATIONAL_B_SPLINE_CURVE((1.,0.5,1.,0.5,
1.,0.5,1.)) REPRESENTATION_ITEM('') );
#6472 = CARTESIAN_POINT('',(129.775,19.375));
#6473 = CARTESIAN_POINT('',(130.85753175473,19.375));
#6474 = CARTESIAN_POINT('',(130.31626587736,18.4375));
#6475 = CARTESIAN_POINT('',(129.775,17.5));
#6476 = CARTESIAN_POINT('',(129.23373412263,18.4375));
#6477 = CARTESIAN_POINT('',(128.69246824526,19.375));
#6478 = CARTESIAN_POINT('',(129.775,19.375));
#6479 = ( GEOMETRIC_REPRESENTATION_CONTEXT(2) 
PARAMETRIC_REPRESENTATION_CONTEXT() REPRESENTATION_CONTEXT('2D SPACE',''
  ) );
#6480 = PCURVE('',#3133,#6481);
#6481 = DEFINITIONAL_REPRESENTATION('',(#6482),#6486);
#6482 = LINE('',#6483,#6484);
#6483 = CARTESIAN_POINT('',(0.,-1.5));
#6484 = VECTOR('',#6485,1.);
#6485 = DIRECTION('',(1.,0.));
#6486 = ( GEOMETRIC_REPRESENTATION_CONTEXT(2) 
PARAMETRIC_REPRESENTATION_CONTEXT() REPRESENTATION_CONTEXT('2D SPACE',''
  ) );
#6487 = ORIENTED_EDGE('',*,*,#6488,.F.);
#6488 = EDGE_CURVE('',#6489,#6461,#6491,.T.);
#6489 = VERTEX_POINT('',#6490);
#6490 = CARTESIAN_POINT('',(15.825,3.125,1.5));
#6491 = SURFACE_CURVE('',#6492,(#6496,#6502),.PCURVE_S1.);
#6492 = LINE('',#6493,#6494);
#6493 = CARTESIAN_POINT('',(-10.3125,3.125,1.5));
#6494 = VECTOR('',#6495,1.);
#6495 = DIRECTION('',(1.,0.,-0.));
#6496 = PCURVE('',#100,#6497);
#6497 = DEFINITIONAL_REPRESENTATION('',(#6498),#6501);
#6498 = B_SPLINE_CURVE_WITH_KNOTS('',1,(#6499,#6500),.UNSPECIFIED.,.F.,
  .F.,(2,2),(26.1375,64.8875),.PIECEWISE_BEZIER_KNOTS.);
#6499 = CARTESIAN_POINT('',(91.025,18.125));
#6500 = CARTESIAN_POINT('',(129.775,18.125));
#6501 = ( GEOMETRIC_REPRESENTATION_CONTEXT(2) 
PARAMETRIC_REPRESENTATION_CONTEXT() REPRESENTATION_CONTEXT('2D SPACE',''
  ) );
#6502 = PCURVE('',#3160,#6503);
#6503 = DEFINITIONAL_REPRESENTATION('',(#6504),#6507);
#6504 = B_SPLINE_CURVE_WITH_KNOTS('',1,(#6505,#6506),.UNSPECIFIED.,.F.,
  .F.,(2,2),(26.1375,64.8875),.PIECEWISE_BEZIER_KNOTS.);
#6505 = CARTESIAN_POINT('',(38.75,-1.5));
#6506 = CARTESIAN_POINT('',(0.,-1.5));
#6507 = ( GEOMETRIC_REPRESENTATION_CONTEXT(2) 
PARAMETRIC_REPRESENTATION_CONTEXT() REPRESENTATION_CONTEXT('2D SPACE',''
  ) );
#6508 = ORIENTED_EDGE('',*,*,#6509,.T.);
#6509 = EDGE_CURVE('',#6489,#6440,#6510,.T.);
#6510 = SURFACE_CURVE('',#6511,(#6516,#6527),.PCURVE_S1.);
#6511 = CIRCLE('',#6512,0.625);
#6512 = AXIS2_PLACEMENT_3D('',#6513,#6514,#6515);
#6513 = CARTESIAN_POINT('',(15.825,3.75,1.5));
#6514 = DIRECTION('',(0.,-0.,-1.));
#6515 = DIRECTION('',(0.,-1.,0.));
#6516 = PCURVE('',#100,#6517);
#6517 = DEFINITIONAL_REPRESENTATION('',(#6518),#6526);
#6518 = ( BOUNDED_CURVE() B_SPLINE_CURVE(2,(#6519,#6520,#6521,#6522,
#6523,#6524,#6525),.UNSPECIFIED.,.T.,.F.) B_SPLINE_CURVE_WITH_KNOTS((1,2
    ,2,2,2,1),(-2.094395102393,0.,2.094395102393,4.188790204786,
6.28318530718,8.377580409573),.UNSPECIFIED.) CURVE() 
GEOMETRIC_REPRESENTATION_ITEM() RATIONAL_B_SPLINE_CURVE((1.,0.5,1.,0.5,
1.,0.5,1.)) REPRESENTATION_ITEM('') );
#6519 = CARTESIAN_POINT('',(91.025,18.125));
#6520 = CARTESIAN_POINT('',(89.942468245269,18.125));
#6521 = CARTESIAN_POINT('',(90.483734122635,19.0625));
#6522 = CARTESIAN_POINT('',(91.025,20.));
#6523 = CARTESIAN_POINT('',(91.566265877365,19.0625));
#6524 = CARTESIAN_POINT('',(92.107531754731,18.125));
#6525 = CARTESIAN_POINT('',(91.025,18.125));
#6526 = ( GEOMETRIC_REPRESENTATION_CONTEXT(2) 
PARAMETRIC_REPRESENTATION_CONTEXT() REPRESENTATION_CONTEXT('2D SPACE',''
  ) );
#6527 = PCURVE('',#3190,#6528);
#6528 = DEFINITIONAL_REPRESENTATION('',(#6529),#6533);
#6529 = LINE('',#6530,#6531);
#6530 = CARTESIAN_POINT('',(0.,-1.5));
#6531 = VECTOR('',#6532,1.);
#6532 = DIRECTION('',(1.,0.));
#6533 = ( GEOMETRIC_REPRESENTATION_CONTEXT(2) 
PARAMETRIC_REPRESENTATION_CONTEXT() REPRESENTATION_CONTEXT('2D SPACE',''
  ) );
#6534 = FACE_BOUND('',#6535,.T.);
#6535 = EDGE_LOOP('',(#6536,#6559,#6587,#6608));
#6536 = ORIENTED_EDGE('',*,*,#6537,.F.);
#6537 = EDGE_CURVE('',#6538,#6540,#6542,.T.);
#6538 = VERTEX_POINT('',#6539);
#6539 = CARTESIAN_POINT('',(54.575,8.125,1.5));
#6540 = VERTEX_POINT('',#6541);
#6541 = CARTESIAN_POINT('',(15.825,8.125,1.5));
#6542 = SURFACE_CURVE('',#6543,(#6547,#6553),.PCURVE_S1.);
#6543 = LINE('',#6544,#6545);
#6544 = CARTESIAN_POINT('',(-29.6875,8.125,1.5));
#6545 = VECTOR('',#6546,1.);
#6546 = DIRECTION('',(-1.,0.,0.));
#6547 = PCURVE('',#100,#6548);
#6548 = DEFINITIONAL_REPRESENTATION('',(#6549),#6552);
#6549 = B_SPLINE_CURVE_WITH_KNOTS('',1,(#6550,#6551),.UNSPECIFIED.,.F.,
  .F.,(2,2),(-84.2625,-45.5125),.PIECEWISE_BEZIER_KNOTS.);
#6550 = CARTESIAN_POINT('',(129.775,23.125));
#6551 = CARTESIAN_POINT('',(91.025,23.125));
#6552 = ( GEOMETRIC_REPRESENTATION_CONTEXT(2) 
PARAMETRIC_REPRESENTATION_CONTEXT() REPRESENTATION_CONTEXT('2D SPACE',''
  ) );
#6553 = PCURVE('',#3221,#6554);
#6554 = DEFINITIONAL_REPRESENTATION('',(#6555),#6558);
#6555 = B_SPLINE_CURVE_WITH_KNOTS('',1,(#6556,#6557),.UNSPECIFIED.,.F.,
  .F.,(2,2),(-84.2625,-45.5125),.PIECEWISE_BEZIER_KNOTS.);
#6556 = CARTESIAN_POINT('',(38.75,-1.5));
#6557 = CARTESIAN_POINT('',(0.,-1.5));
#6558 = ( GEOMETRIC_REPRESENTATION_CONTEXT(2) 
PARAMETRIC_REPRESENTATION_CONTEXT() REPRESENTATION_CONTEXT('2D SPACE',''
  ) );
#6559 = ORIENTED_EDGE('',*,*,#6560,.T.);
#6560 = EDGE_CURVE('',#6538,#6561,#6563,.T.);
#6561 = VERTEX_POINT('',#6562);
#6562 = CARTESIAN_POINT('',(54.575,6.875,1.5));
#6563 = SURFACE_CURVE('',#6564,(#6569,#6580),.PCURVE_S1.);
#6564 = CIRCLE('',#6565,0.625);
#6565 = AXIS2_PLACEMENT_3D('',#6566,#6567,#6568);
#6566 = CARTESIAN_POINT('',(54.575,7.5,1.5));
#6567 = DIRECTION('',(0.,0.,-1.));
#6568 = DIRECTION('',(0.,1.,0.));
#6569 = PCURVE('',#100,#6570);
#6570 = DEFINITIONAL_REPRESENTATION('',(#6571),#6579);
#6571 = ( BOUNDED_CURVE() B_SPLINE_CURVE(2,(#6572,#6573,#6574,#6575,
#6576,#6577,#6578),.UNSPECIFIED.,.T.,.F.) B_SPLINE_CURVE_WITH_KNOTS((1,2
    ,2,2,2,1),(-2.094395102393,0.,2.094395102393,4.188790204786,
6.28318530718,8.377580409573),.UNSPECIFIED.) CURVE() 
GEOMETRIC_REPRESENTATION_ITEM() RATIONAL_B_SPLINE_CURVE((1.,0.5,1.,0.5,
1.,0.5,1.)) REPRESENTATION_ITEM('') );
#6572 = CARTESIAN_POINT('',(129.775,23.125));
#6573 = CARTESIAN_POINT('',(130.85753175473,23.125));
#6574 = CARTESIAN_POINT('',(130.31626587736,22.1875));
#6575 = CARTESIAN_POINT('',(129.775,21.25));
#6576 = CARTESIAN_POINT('',(129.23373412263,22.1875));
#6577 = CARTESIAN_POINT('',(128.69246824526,23.125));
#6578 = CARTESIAN_POINT('',(129.775,23.125));
#6579 = ( GEOMETRIC_REPRESENTATION_CONTEXT(2) 
PARAMETRIC_REPRESENTATION_CONTEXT() REPRESENTATION_CONTEXT('2D SPACE',''
  ) );
#6580 = PCURVE('',#3253,#6581);
#6581 = DEFINITIONAL_REPRESENTATION('',(#6582),#6586);
#6582 = LINE('',#6583,#6584);
#6583 = CARTESIAN_POINT('',(0.,-1.5));
#6584 = VECTOR('',#6585,1.);
#6585 = DIRECTION('',(1.,0.));
#6586 = ( GEOMETRIC_REPRESENTATION_CONTEXT(2) 
PARAMETRIC_REPRESENTATION_CONTEXT() REPRESENTATION_CONTEXT('2D SPACE',''
  ) );
#6587 = ORIENTED_EDGE('',*,*,#6588,.F.);
#6588 = EDGE_CURVE('',#6589,#6561,#6591,.T.);
#6589 = VERTEX_POINT('',#6590);
#6590 = CARTESIAN_POINT('',(15.825,6.875,1.5));
#6591 = SURFACE_CURVE('',#6592,(#6596,#6602),.PCURVE_S1.);
#6592 = LINE('',#6593,#6594);
#6593 = CARTESIAN_POINT('',(-10.3125,6.875,1.5));
#6594 = VECTOR('',#6595,1.);
#6595 = DIRECTION('',(1.,0.,-0.));
#6596 = PCURVE('',#100,#6597);
#6597 = DEFINITIONAL_REPRESENTATION('',(#6598),#6601);
#6598 = B_SPLINE_CURVE_WITH_KNOTS('',1,(#6599,#6600),.UNSPECIFIED.,.F.,
  .F.,(2,2),(26.1375,64.8875),.PIECEWISE_BEZIER_KNOTS.);
#6599 = CARTESIAN_POINT('',(91.025,21.875));
#6600 = CARTESIAN_POINT('',(129.775,21.875));
#6601 = ( GEOMETRIC_REPRESENTATION_CONTEXT(2) 
PARAMETRIC_REPRESENTATION_CONTEXT() REPRESENTATION_CONTEXT('2D SPACE',''
  ) );
#6602 = PCURVE('',#3280,#6603);
#6603 = DEFINITIONAL_REPRESENTATION('',(#6604),#6607);
#6604 = B_SPLINE_CURVE_WITH_KNOTS('',1,(#6605,#6606),.UNSPECIFIED.,.F.,
  .F.,(2,2),(26.1375,64.8875),.PIECEWISE_BEZIER_KNOTS.);
#6605 = CARTESIAN_POINT('',(38.75,-1.5));
#6606 = CARTESIAN_POINT('',(0.,-1.5));
#6607 = ( GEOMETRIC_REPRESENTATION_CONTEXT(2) 
PARAMETRIC_REPRESENTATION_CONTEXT() REPRESENTATION_CONTEXT('2D SPACE',''
  ) );
#6608 = ORIENTED_EDGE('',*,*,#6609,.T.);
#6609 = EDGE_CURVE('',#6589,#6540,#6610,.T.);
#6610 = SURFACE_CURVE('',#6611,(#6616,#6627),.PCURVE_S1.);
#6611 = CIRCLE('',#6612,0.625);
#6612 = AXIS2_PLACEMENT_3D('',#6613,#6614,#6615);
#6613 = CARTESIAN_POINT('',(15.825,7.5,1.5));
#6614 = DIRECTION('',(0.,-0.,-1.));
#6615 = DIRECTION('',(0.,-1.,0.));
#6616 = PCURVE('',#100,#6617);
#6617 = DEFINITIONAL_REPRESENTATION('',(#6618),#6626);
#6618 = ( BOUNDED_CURVE() B_SPLINE_CURVE(2,(#6619,#6620,#6621,#6622,
#6623,#6624,#6625),.UNSPECIFIED.,.T.,.F.) B_SPLINE_CURVE_WITH_KNOTS((1,2
    ,2,2,2,1),(-2.094395102393,0.,2.094395102393,4.188790204786,
6.28318530718,8.377580409573),.UNSPECIFIED.) CURVE() 
GEOMETRIC_REPRESENTATION_ITEM() RATIONAL_B_SPLINE_CURVE((1.,0.5,1.,0.5,
1.,0.5,1.)) REPRESENTATION_ITEM('') );
#6619 = CARTESIAN_POINT('',(91.025,21.875));
#6620 = CARTESIAN_POINT('',(89.942468245269,21.875));
#6621 = CARTESIAN_POINT('',(90.483734122635,22.8125));
#6622 = CARTESIAN_POINT('',(91.025,23.75));
#6623 = CARTESIAN_POINT('',(91.566265877365,22.8125));
#6624 = CARTESIAN_POINT('',(92.107531754731,21.875));
#6625 = CARTESIAN_POINT('',(91.025,21.875));
#6626 = ( GEOMETRIC_REPRESENTATION_CONTEXT(2) 
PARAMETRIC_REPRESENTATION_CONTEXT() REPRESENTATION_CONTEXT('2D SPACE',''
  ) );
#6627 = PCURVE('',#3310,#6628);
#6628 = DEFINITIONAL_REPRESENTATION('',(#6629),#6633);
#6629 = LINE('',#6630,#6631);
#6630 = CARTESIAN_POINT('',(0.,-1.5));
#6631 = VECTOR('',#6632,1.);
#6632 = DIRECTION('',(1.,0.));
#6633 = ( GEOMETRIC_REPRESENTATION_CONTEXT(2) 
PARAMETRIC_REPRESENTATION_CONTEXT() REPRESENTATION_CONTEXT('2D SPACE',''
  ) );
#6634 = FACE_BOUND('',#6635,.T.);
#6635 = EDGE_LOOP('',(#6636,#6659,#6687,#6708));
#6636 = ORIENTED_EDGE('',*,*,#6637,.F.);
#6637 = EDGE_CURVE('',#6638,#6640,#6642,.T.);
#6638 = VERTEX_POINT('',#6639);
#6639 = CARTESIAN_POINT('',(54.575,11.875,1.5));
#6640 = VERTEX_POINT('',#6641);
#6641 = CARTESIAN_POINT('',(15.825,11.875,1.5));
#6642 = SURFACE_CURVE('',#6643,(#6647,#6653),.PCURVE_S1.);
#6643 = LINE('',#6644,#6645);
#6644 = CARTESIAN_POINT('',(-29.6875,11.875,1.5));
#6645 = VECTOR('',#6646,1.);
#6646 = DIRECTION('',(-1.,0.,0.));
#6647 = PCURVE('',#100,#6648);
#6648 = DEFINITIONAL_REPRESENTATION('',(#6649),#6652);
#6649 = B_SPLINE_CURVE_WITH_KNOTS('',1,(#6650,#6651),.UNSPECIFIED.,.F.,
  .F.,(2,2),(-84.2625,-45.5125),.PIECEWISE_BEZIER_KNOTS.);
#6650 = CARTESIAN_POINT('',(129.775,26.875));
#6651 = CARTESIAN_POINT('',(91.025,26.875));
#6652 = ( GEOMETRIC_REPRESENTATION_CONTEXT(2) 
PARAMETRIC_REPRESENTATION_CONTEXT() REPRESENTATION_CONTEXT('2D SPACE',''
  ) );
#6653 = PCURVE('',#3341,#6654);
#6654 = DEFINITIONAL_REPRESENTATION('',(#6655),#6658);
#6655 = B_SPLINE_CURVE_WITH_KNOTS('',1,(#6656,#6657),.UNSPECIFIED.,.F.,
  .F.,(2,2),(-84.2625,-45.5125),.PIECEWISE_BEZIER_KNOTS.);
#6656 = CARTESIAN_POINT('',(38.75,-1.5));
#6657 = CARTESIAN_POINT('',(0.,-1.5));
#6658 = ( GEOMETRIC_REPRESENTATION_CONTEXT(2) 
PARAMETRIC_REPRESENTATION_CONTEXT() REPRESENTATION_CONTEXT('2D SPACE',''
  ) );
#6659 = ORIENTED_EDGE('',*,*,#6660,.T.);
#6660 = EDGE_CURVE('',#6638,#6661,#6663,.T.);
#6661 = VERTEX_POINT('',#6662);
#6662 = CARTESIAN_POINT('',(54.575,10.625,1.5));
#6663 = SURFACE_CURVE('',#6664,(#6669,#6680),.PCURVE_S1.);
#6664 = CIRCLE('',#6665,0.625);
#6665 = AXIS2_PLACEMENT_3D('',#6666,#6667,#6668);
#6666 = CARTESIAN_POINT('',(54.575,11.25,1.5));
#6667 = DIRECTION('',(0.,0.,-1.));
#6668 = DIRECTION('',(0.,1.,0.));
#6669 = PCURVE('',#100,#6670);
#6670 = DEFINITIONAL_REPRESENTATION('',(#6671),#6679);
#6671 = ( BOUNDED_CURVE() B_SPLINE_CURVE(2,(#6672,#6673,#6674,#6675,
#6676,#6677,#6678),.UNSPECIFIED.,.T.,.F.) B_SPLINE_CURVE_WITH_KNOTS((1,2
    ,2,2,2,1),(-2.094395102393,0.,2.094395102393,4.188790204786,
6.28318530718,8.377580409573),.UNSPECIFIED.) CURVE() 
GEOMETRIC_REPRESENTATION_ITEM() RATIONAL_B_SPLINE_CURVE((1.,0.5,1.,0.5,
1.,0.5,1.)) REPRESENTATION_ITEM('') );
#6672 = CARTESIAN_POINT('',(129.775,26.875));
#6673 = CARTESIAN_POINT('',(130.85753175473,26.875));
#6674 = CARTESIAN_POINT('',(130.31626587736,25.9375));
#6675 = CARTESIAN_POINT('',(129.775,25.));
#6676 = CARTESIAN_POINT('',(129.23373412263,25.9375));
#6677 = CARTESIAN_POINT('',(128.69246824526,26.875));
#6678 = CARTESIAN_POINT('',(129.775,26.875));
#6679 = ( GEOMETRIC_REPRESENTATION_CONTEXT(2) 
PARAMETRIC_REPRESENTATION_CONTEXT() REPRESENTATION_CONTEXT('2D SPACE',''
  ) );
#6680 = PCURVE('',#3373,#6681);
#6681 = DEFINITIONAL_REPRESENTATION('',(#6682),#6686);
#6682 = LINE('',#6683,#6684);
#6683 = CARTESIAN_POINT('',(0.,-1.5));
#6684 = VECTOR('',#6685,1.);
#6685 = DIRECTION('',(1.,0.));
#6686 = ( GEOMETRIC_REPRESENTATION_CONTEXT(2) 
PARAMETRIC_REPRESENTATION_CONTEXT() REPRESENTATION_CONTEXT('2D SPACE',''
  ) );
#6687 = ORIENTED_EDGE('',*,*,#6688,.F.);
#6688 = EDGE_CURVE('',#6689,#6661,#6691,.T.);
#6689 = VERTEX_POINT('',#6690);
#6690 = CARTESIAN_POINT('',(15.825,10.625,1.5));
#6691 = SURFACE_CURVE('',#6692,(#6696,#6702),.PCURVE_S1.);
#6692 = LINE('',#6693,#6694);
#6693 = CARTESIAN_POINT('',(-10.3125,10.625,1.5));
#6694 = VECTOR('',#6695,1.);
#6695 = DIRECTION('',(1.,0.,-0.));
#6696 = PCURVE('',#100,#6697);
#6697 = DEFINITIONAL_REPRESENTATION('',(#6698),#6701);
#6698 = B_SPLINE_CURVE_WITH_KNOTS('',1,(#6699,#6700),.UNSPECIFIED.,.F.,
  .F.,(2,2),(26.1375,64.8875),.PIECEWISE_BEZIER_KNOTS.);
#6699 = CARTESIAN_POINT('',(91.025,25.625));
#6700 = CARTESIAN_POINT('',(129.775,25.625));
#6701 = ( GEOMETRIC_REPRESENTATION_CONTEXT(2) 
PARAMETRIC_REPRESENTATION_CONTEXT() REPRESENTATION_CONTEXT('2D SPACE',''
  ) );
#6702 = PCURVE('',#3400,#6703);
#6703 = DEFINITIONAL_REPRESENTATION('',(#6704),#6707);
#6704 = B_SPLINE_CURVE_WITH_KNOTS('',1,(#6705,#6706),.UNSPECIFIED.,.F.,
  .F.,(2,2),(26.1375,64.8875),.PIECEWISE_BEZIER_KNOTS.);
#6705 = CARTESIAN_POINT('',(38.75,-1.5));
#6706 = CARTESIAN_POINT('',(0.,-1.5));
#6707 = ( GEOMETRIC_REPRESENTATION_CONTEXT(2) 
PARAMETRIC_REPRESENTATION_CONTEXT() REPRESENTATION_CONTEXT('2D SPACE',''
  ) );
#6708 = ORIENTED_EDGE('',*,*,#6709,.T.);
#6709 = EDGE_CURVE('',#6689,#6640,#6710,.T.);
#6710 = SURFACE_CURVE('',#6711,(#6716,#6727),.PCURVE_S1.);
#6711 = CIRCLE('',#6712,0.625);
#6712 = AXIS2_PLACEMENT_3D('',#6713,#6714,#6715);
#6713 = CARTESIAN_POINT('',(15.825,11.25,1.5));
#6714 = DIRECTION('',(0.,-0.,-1.));
#6715 = DIRECTION('',(0.,-1.,0.));
#6716 = PCURVE('',#100,#6717);
#6717 = DEFINITIONAL_REPRESENTATION('',(#6718),#6726);
#6718 = ( BOUNDED_CURVE() B_SPLINE_CURVE(2,(#6719,#6720,#6721,#6722,
#6723,#6724,#6725),.UNSPECIFIED.,.T.,.F.) B_SPLINE_CURVE_WITH_KNOTS((1,2
    ,2,2,2,1),(-2.094395102393,0.,2.094395102393,4.188790204786,
6.28318530718,8.377580409573),.UNSPECIFIED.) CURVE() 
GEOMETRIC_REPRESENTATION_ITEM() RATIONAL_B_SPLINE_CURVE((1.,0.5,1.,0.5,
1.,0.5,1.)) REPRESENTATION_ITEM('') );
#6719 = CARTESIAN_POINT('',(91.025,25.625));
#6720 = CARTESIAN_POINT('',(89.942468245269,25.625));
#6721 = CARTESIAN_POINT('',(90.483734122635,26.5625));
#6722 = CARTESIAN_POINT('',(91.025,27.5));
#6723 = CARTESIAN_POINT('',(91.566265877365,26.5625));
#6724 = CARTESIAN_POINT('',(92.107531754731,25.625));
#6725 = CARTESIAN_POINT('',(91.025,25.625));
#6726 = ( GEOMETRIC_REPRESENTATION_CONTEXT(2) 
PARAMETRIC_REPRESENTATION_CONTEXT() REPRESENTATION_CONTEXT('2D SPACE',''
  ) );
#6727 = PCURVE('',#3430,#6728);
#6728 = DEFINITIONAL_REPRESENTATION('',(#6729),#6733);
#6729 = LINE('',#6730,#6731);
#6730 = CARTESIAN_POINT('',(0.,-1.5));
#6731 = VECTOR('',#6732,1.);
#6732 = DIRECTION('',(1.,0.));
#6733 = ( GEOMETRIC_REPRESENTATION_CONTEXT(2) 
PARAMETRIC_REPRESENTATION_CONTEXT() REPRESENTATION_CONTEXT('2D SPACE',''
  ) );
#6734 = FACE_BOUND('',#6735,.T.);
#6735 = EDGE_LOOP('',(#6736,#6759,#6787,#6808));
#6736 = ORIENTED_EDGE('',*,*,#6737,.F.);
#6737 = EDGE_CURVE('',#6738,#6740,#6742,.T.);
#6738 = VERTEX_POINT('',#6739);
#6739 = CARTESIAN_POINT('',(-0.625,54.575,1.5));
#6740 = VERTEX_POINT('',#6741);
#6741 = CARTESIAN_POINT('',(-0.625,15.825,1.5));
#6742 = SURFACE_CURVE('',#6743,(#6747,#6753),.PCURVE_S1.);
#6743 = LINE('',#6744,#6745);
#6744 = CARTESIAN_POINT('',(-0.625,0.4125,1.5));
#6745 = VECTOR('',#6746,1.);
#6746 = DIRECTION('',(-1.110223024625E-16,-1.,0.));
#6747 = PCURVE('',#100,#6748);
#6748 = DEFINITIONAL_REPRESENTATION('',(#6749),#6752);
#6749 = B_SPLINE_CURVE_WITH_KNOTS('',1,(#6750,#6751),.UNSPECIFIED.,.F.,
  .F.,(2,2),(-54.1625,-15.4125),.PIECEWISE_BEZIER_KNOTS.);
#6750 = CARTESIAN_POINT('',(74.575,69.575));
#6751 = CARTESIAN_POINT('',(74.575,30.825));
#6752 = ( GEOMETRIC_REPRESENTATION_CONTEXT(2) 
PARAMETRIC_REPRESENTATION_CONTEXT() REPRESENTATION_CONTEXT('2D SPACE',''
  ) );
#6753 = PCURVE('',#3461,#6754);
#6754 = DEFINITIONAL_REPRESENTATION('',(#6755),#6758);
#6755 = B_SPLINE_CURVE_WITH_KNOTS('',1,(#6756,#6757),.UNSPECIFIED.,.F.,
  .F.,(2,2),(-54.1625,-15.4125),.PIECEWISE_BEZIER_KNOTS.);
#6756 = CARTESIAN_POINT('',(38.75,-1.5));
#6757 = CARTESIAN_POINT('',(0.,-1.5));
#6758 = ( GEOMETRIC_REPRESENTATION_CONTEXT(2) 
PARAMETRIC_REPRESENTATION_CONTEXT() REPRESENTATION_CONTEXT('2D SPACE',''
  ) );
#6759 = ORIENTED_EDGE('',*,*,#6760,.T.);
#6760 = EDGE_CURVE('',#6738,#6761,#6763,.T.);
#6761 = VERTEX_POINT('',#6762);
#6762 = CARTESIAN_POINT('',(0.625,54.575,1.5));
#6763 = SURFACE_CURVE('',#6764,(#6769,#6780),.PCURVE_S1.);
#6764 = CIRCLE('',#6765,0.625);
#6765 = AXIS2_PLACEMENT_3D('',#6766,#6767,#6768);
#6766 = CARTESIAN_POINT('',(2.206568261442E-15,54.575,1.5));
#6767 = DIRECTION('',(0.,0.,-1.));
#6768 = DIRECTION('',(-1.,1.110223024625E-16,0.));
#6769 = PCURVE('',#100,#6770);
#6770 = DEFINITIONAL_REPRESENTATION('',(#6771),#6779);
#6771 = ( BOUNDED_CURVE() B_SPLINE_CURVE(2,(#6772,#6773,#6774,#6775,
#6776,#6777,#6778),.UNSPECIFIED.,.T.,.F.) B_SPLINE_CURVE_WITH_KNOTS((1,2
    ,2,2,2,1),(-2.094395102393,0.,2.094395102393,4.188790204786,
6.28318530718,8.377580409573),.UNSPECIFIED.) CURVE() 
GEOMETRIC_REPRESENTATION_ITEM() RATIONAL_B_SPLINE_CURVE((1.,0.5,1.,0.5,
1.,0.5,1.)) REPRESENTATION_ITEM('') );
#6772 = CARTESIAN_POINT('',(74.575,69.575));
#6773 = CARTESIAN_POINT('',(74.575,70.657531754731));
#6774 = CARTESIAN_POINT('',(75.5125,70.116265877365));
#6775 = CARTESIAN_POINT('',(76.45,69.575));
#6776 = CARTESIAN_POINT('',(75.5125,69.033734122635));
#6777 = CARTESIAN_POINT('',(74.575,68.492468245269));
#6778 = CARTESIAN_POINT('',(74.575,69.575));
#6779 = ( GEOMETRIC_REPRESENTATION_CONTEXT(2) 
PARAMETRIC_REPRESENTATION_CONTEXT() REPRESENTATION_CONTEXT('2D SPACE',''
  ) );
#6780 = PCURVE('',#3493,#6781);
#6781 = DEFINITIONAL_REPRESENTATION('',(#6782),#6786);
#6782 = LINE('',#6783,#6784);
#6783 = CARTESIAN_POINT('',(0.,-1.5));
#6784 = VECTOR('',#6785,1.);
#6785 = DIRECTION('',(1.,0.));
#6786 = ( GEOMETRIC_REPRESENTATION_CONTEXT(2) 
PARAMETRIC_REPRESENTATION_CONTEXT() REPRESENTATION_CONTEXT('2D SPACE',''
  ) );
#6787 = ORIENTED_EDGE('',*,*,#6788,.F.);
#6788 = EDGE_CURVE('',#6789,#6761,#6791,.T.);
#6789 = VERTEX_POINT('',#6790);
#6790 = CARTESIAN_POINT('',(0.625,15.825,1.5));
#6791 = SURFACE_CURVE('',#6792,(#6796,#6802),.PCURVE_S1.);
#6792 = LINE('',#6793,#6794);
#6793 = CARTESIAN_POINT('',(0.625,19.7875,1.5));
#6794 = VECTOR('',#6795,1.);
#6795 = DIRECTION('',(1.110223024625E-16,1.,-0.));
#6796 = PCURVE('',#100,#6797);
#6797 = DEFINITIONAL_REPRESENTATION('',(#6798),#6801);
#6798 = B_SPLINE_CURVE_WITH_KNOTS('',1,(#6799,#6800),.UNSPECIFIED.,.F.,
  .F.,(2,2),(-3.9625,34.7875),.PIECEWISE_BEZIER_KNOTS.);
#6799 = CARTESIAN_POINT('',(75.825,30.825));
#6800 = CARTESIAN_POINT('',(75.825,69.575));
#6801 = ( GEOMETRIC_REPRESENTATION_CONTEXT(2) 
PARAMETRIC_REPRESENTATION_CONTEXT() REPRESENTATION_CONTEXT('2D SPACE',''
  ) );
#6802 = PCURVE('',#3520,#6803);
#6803 = DEFINITIONAL_REPRESENTATION('',(#6804),#6807);
#6804 = B_SPLINE_CURVE_WITH_KNOTS('',1,(#6805,#6806),.UNSPECIFIED.,.F.,
  .F.,(2,2),(-3.9625,34.7875),.PIECEWISE_BEZIER_KNOTS.);
#6805 = CARTESIAN_POINT('',(38.75,-1.5));
#6806 = CARTESIAN_POINT('',(0.,-1.5));
#6807 = ( GEOMETRIC_REPRESENTATION_CONTEXT(2) 
PARAMETRIC_REPRESENTATION_CONTEXT() REPRESENTATION_CONTEXT('2D SPACE',''
  ) );
#6808 = ORIENTED_EDGE('',*,*,#6809,.T.);
#6809 = EDGE_CURVE('',#6789,#6740,#6810,.T.);
#6810 = SURFACE_CURVE('',#6811,(#6816,#6827),.PCURVE_S1.);
#6811 = CIRCLE('',#6812,0.625);
#6812 = AXIS2_PLACEMENT_3D('',#6813,#6814,#6815);
#6813 = CARTESIAN_POINT('',(-2.206568261442E-15,15.825,1.5));
#6814 = DIRECTION('',(0.,-0.,-1.));
#6815 = DIRECTION('',(1.,-1.110223024625E-16,0.));
#6816 = PCURVE('',#100,#6817);
#6817 = DEFINITIONAL_REPRESENTATION('',(#6818),#6826);
#6818 = ( BOUNDED_CURVE() B_SPLINE_CURVE(2,(#6819,#6820,#6821,#6822,
#6823,#6824,#6825),.UNSPECIFIED.,.T.,.F.) B_SPLINE_CURVE_WITH_KNOTS((1,2
    ,2,2,2,1),(-2.094395102393,0.,2.094395102393,4.188790204786,
6.28318530718,8.377580409573),.UNSPECIFIED.) CURVE() 
GEOMETRIC_REPRESENTATION_ITEM() RATIONAL_B_SPLINE_CURVE((1.,0.5,1.,0.5,
1.,0.5,1.)) REPRESENTATION_ITEM('') );
#6819 = CARTESIAN_POINT('',(75.825,30.825));
#6820 = CARTESIAN_POINT('',(75.825,29.742468245269));
#6821 = CARTESIAN_POINT('',(74.8875,30.283734122635));
#6822 = CARTESIAN_POINT('',(73.95,30.825));
#6823 = CARTESIAN_POINT('',(74.8875,31.366265877365));
#6824 = CARTESIAN_POINT('',(75.825,31.907531754731));
#6825 = CARTESIAN_POINT('',(75.825,30.825));
#6826 = ( GEOMETRIC_REPRESENTATION_CONTEXT(2) 
PARAMETRIC_REPRESENTATION_CONTEXT() REPRESENTATION_CONTEXT('2D SPACE',''
  ) );
#6827 = PCURVE('',#3550,#6828);
#6828 = DEFINITIONAL_REPRESENTATION('',(#6829),#6833);
#6829 = LINE('',#6830,#6831);
#6830 = CARTESIAN_POINT('',(0.,-1.5));
#6831 = VECTOR('',#6832,1.);
#6832 = DIRECTION('',(1.,0.));
#6833 = ( GEOMETRIC_REPRESENTATION_CONTEXT(2) 
PARAMETRIC_REPRESENTATION_CONTEXT() REPRESENTATION_CONTEXT('2D SPACE',''
  ) );
#6834 = FACE_BOUND('',#6835,.T.);
#6835 = EDGE_LOOP('',(#6836,#6859,#6887,#6908));
#6836 = ORIENTED_EDGE('',*,*,#6837,.F.);
#6837 = EDGE_CURVE('',#6838,#6840,#6842,.T.);
#6838 = VERTEX_POINT('',#6839);
#6839 = CARTESIAN_POINT('',(3.125,54.575,1.5));
#6840 = VERTEX_POINT('',#6841);
#6841 = CARTESIAN_POINT('',(3.125,15.825,1.5));
#6842 = SURFACE_CURVE('',#6843,(#6847,#6853),.PCURVE_S1.);
#6843 = LINE('',#6844,#6845);
#6844 = CARTESIAN_POINT('',(3.125,0.4125,1.5));
#6845 = VECTOR('',#6846,1.);
#6846 = DIRECTION('',(-1.110223024625E-16,-1.,0.));
#6847 = PCURVE('',#100,#6848);
#6848 = DEFINITIONAL_REPRESENTATION('',(#6849),#6852);
#6849 = B_SPLINE_CURVE_WITH_KNOTS('',1,(#6850,#6851),.UNSPECIFIED.,.F.,
  .F.,(2,2),(-54.1625,-15.4125),.PIECEWISE_BEZIER_KNOTS.);
#6850 = CARTESIAN_POINT('',(78.325,69.575));
#6851 = CARTESIAN_POINT('',(78.325,30.825));
#6852 = ( GEOMETRIC_REPRESENTATION_CONTEXT(2) 
PARAMETRIC_REPRESENTATION_CONTEXT() REPRESENTATION_CONTEXT('2D SPACE',''
  ) );
#6853 = PCURVE('',#3581,#6854);
#6854 = DEFINITIONAL_REPRESENTATION('',(#6855),#6858);
#6855 = B_SPLINE_CURVE_WITH_KNOTS('',1,(#6856,#6857),.UNSPECIFIED.,.F.,
  .F.,(2,2),(-54.1625,-15.4125),.PIECEWISE_BEZIER_KNOTS.);
#6856 = CARTESIAN_POINT('',(38.75,-1.5));
#6857 = CARTESIAN_POINT('',(0.,-1.5));
#6858 = ( GEOMETRIC_REPRESENTATION_CONTEXT(2) 
PARAMETRIC_REPRESENTATION_CONTEXT() REPRESENTATION_CONTEXT('2D SPACE',''
  ) );
#6859 = ORIENTED_EDGE('',*,*,#6860,.T.);
#6860 = EDGE_CURVE('',#6838,#6861,#6863,.T.);
#6861 = VERTEX_POINT('',#6862);
#6862 = CARTESIAN_POINT('',(4.375,54.575,1.5));
#6863 = SURFACE_CURVE('',#6864,(#6869,#6880),.PCURVE_S1.);
#6864 = CIRCLE('',#6865,0.625);
#6865 = AXIS2_PLACEMENT_3D('',#6866,#6867,#6868);
#6866 = CARTESIAN_POINT('',(3.75,54.575,1.5));
#6867 = DIRECTION('',(0.,0.,-1.));
#6868 = DIRECTION('',(-1.,1.110223024625E-16,0.));
#6869 = PCURVE('',#100,#6870);
#6870 = DEFINITIONAL_REPRESENTATION('',(#6871),#6879);
#6871 = ( BOUNDED_CURVE() B_SPLINE_CURVE(2,(#6872,#6873,#6874,#6875,
#6876,#6877,#6878),.UNSPECIFIED.,.T.,.F.) B_SPLINE_CURVE_WITH_KNOTS((1,2
    ,2,2,2,1),(-2.094395102393,0.,2.094395102393,4.188790204786,
6.28318530718,8.377580409573),.UNSPECIFIED.) CURVE() 
GEOMETRIC_REPRESENTATION_ITEM() RATIONAL_B_SPLINE_CURVE((1.,0.5,1.,0.5,
1.,0.5,1.)) REPRESENTATION_ITEM('') );
#6872 = CARTESIAN_POINT('',(78.325,69.575));
#6873 = CARTESIAN_POINT('',(78.325,70.657531754731));
#6874 = CARTESIAN_POINT('',(79.2625,70.116265877365));
#6875 = CARTESIAN_POINT('',(80.2,69.575));
#6876 = CARTESIAN_POINT('',(79.2625,69.033734122635));
#6877 = CARTESIAN_POINT('',(78.325,68.492468245269));
#6878 = CARTESIAN_POINT('',(78.325,69.575));
#6879 = ( GEOMETRIC_REPRESENTATION_CONTEXT(2) 
PARAMETRIC_REPRESENTATION_CONTEXT() REPRESENTATION_CONTEXT('2D SPACE',''
  ) );
#6880 = PCURVE('',#3613,#6881);
#6881 = DEFINITIONAL_REPRESENTATION('',(#6882),#6886);
#6882 = LINE('',#6883,#6884);
#6883 = CARTESIAN_POINT('',(0.,-1.5));
#6884 = VECTOR('',#6885,1.);
#6885 = DIRECTION('',(1.,0.));
#6886 = ( GEOMETRIC_REPRESENTATION_CONTEXT(2) 
PARAMETRIC_REPRESENTATION_CONTEXT() REPRESENTATION_CONTEXT('2D SPACE',''
  ) );
#6887 = ORIENTED_EDGE('',*,*,#6888,.F.);
#6888 = EDGE_CURVE('',#6889,#6861,#6891,.T.);
#6889 = VERTEX_POINT('',#6890);
#6890 = CARTESIAN_POINT('',(4.375,15.825,1.5));
#6891 = SURFACE_CURVE('',#6892,(#6896,#6902),.PCURVE_S1.);
#6892 = LINE('',#6893,#6894);
#6893 = CARTESIAN_POINT('',(4.375,19.7875,1.5));
#6894 = VECTOR('',#6895,1.);
#6895 = DIRECTION('',(1.110223024625E-16,1.,-0.));
#6896 = PCURVE('',#100,#6897);
#6897 = DEFINITIONAL_REPRESENTATION('',(#6898),#6901);
#6898 = B_SPLINE_CURVE_WITH_KNOTS('',1,(#6899,#6900),.UNSPECIFIED.,.F.,
  .F.,(2,2),(-3.9625,34.7875),.PIECEWISE_BEZIER_KNOTS.);
#6899 = CARTESIAN_POINT('',(79.575,30.825));
#6900 = CARTESIAN_POINT('',(79.575,69.575));
#6901 = ( GEOMETRIC_REPRESENTATION_CONTEXT(2) 
PARAMETRIC_REPRESENTATION_CONTEXT() REPRESENTATION_CONTEXT('2D SPACE',''
  ) );
#6902 = PCURVE('',#3640,#6903);
#6903 = DEFINITIONAL_REPRESENTATION('',(#6904),#6907);
#6904 = B_SPLINE_CURVE_WITH_KNOTS('',1,(#6905,#6906),.UNSPECIFIED.,.F.,
  .F.,(2,2),(-3.9625,34.7875),.PIECEWISE_BEZIER_KNOTS.);
#6905 = CARTESIAN_POINT('',(38.75,-1.5));
#6906 = CARTESIAN_POINT('',(0.,-1.5));
#6907 = ( GEOMETRIC_REPRESENTATION_CONTEXT(2) 
PARAMETRIC_REPRESENTATION_CONTEXT() REPRESENTATION_CONTEXT('2D SPACE',''
  ) );
#6908 = ORIENTED_EDGE('',*,*,#6909,.T.);
#6909 = EDGE_CURVE('',#6889,#6840,#6910,.T.);
#6910 = SURFACE_CURVE('',#6911,(#6916,#6927),.PCURVE_S1.);
#6911 = CIRCLE('',#6912,0.625);
#6912 = AXIS2_PLACEMENT_3D('',#6913,#6914,#6915);
#6913 = CARTESIAN_POINT('',(3.75,15.825,1.5));
#6914 = DIRECTION('',(0.,-0.,-1.));
#6915 = DIRECTION('',(1.,-1.110223024625E-16,0.));
#6916 = PCURVE('',#100,#6917);
#6917 = DEFINITIONAL_REPRESENTATION('',(#6918),#6926);
#6918 = ( BOUNDED_CURVE() B_SPLINE_CURVE(2,(#6919,#6920,#6921,#6922,
#6923,#6924,#6925),.UNSPECIFIED.,.T.,.F.) B_SPLINE_CURVE_WITH_KNOTS((1,2
    ,2,2,2,1),(-2.094395102393,0.,2.094395102393,4.188790204786,
6.28318530718,8.377580409573),.UNSPECIFIED.) CURVE() 
GEOMETRIC_REPRESENTATION_ITEM() RATIONAL_B_SPLINE_CURVE((1.,0.5,1.,0.5,
1.,0.5,1.)) REPRESENTATION_ITEM('') );
#6919 = CARTESIAN_POINT('',(79.575,30.825));
#6920 = CARTESIAN_POINT('',(79.575,29.742468245269));
#6921 = CARTESIAN_POINT('',(78.6375,30.283734122635));
#6922 = CARTESIAN_POINT('',(77.7,30.825));
#6923 = CARTESIAN_POINT('',(78.6375,31.366265877365));
#6924 = CARTESIAN_POINT('',(79.575,31.907531754731));
#6925 = CARTESIAN_POINT('',(79.575,30.825));
#6926 = ( GEOMETRIC_REPRESENTATION_CONTEXT(2) 
PARAMETRIC_REPRESENTATION_CONTEXT() REPRESENTATION_CONTEXT('2D SPACE',''
  ) );
#6927 = PCURVE('',#3670,#6928);
#6928 = DEFINITIONAL_REPRESENTATION('',(#6929),#6933);
#6929 = LINE('',#6930,#6931);
#6930 = CARTESIAN_POINT('',(0.,-1.5));
#6931 = VECTOR('',#6932,1.);
#6932 = DIRECTION('',(1.,0.));
#6933 = ( GEOMETRIC_REPRESENTATION_CONTEXT(2) 
PARAMETRIC_REPRESENTATION_CONTEXT() REPRESENTATION_CONTEXT('2D SPACE',''
  ) );
#6934 = FACE_BOUND('',#6935,.T.);
#6935 = EDGE_LOOP('',(#6936,#6959,#6987,#7008));
#6936 = ORIENTED_EDGE('',*,*,#6937,.F.);
#6937 = EDGE_CURVE('',#6938,#6940,#6942,.T.);
#6938 = VERTEX_POINT('',#6939);
#6939 = CARTESIAN_POINT('',(6.875,54.575,1.5));
#6940 = VERTEX_POINT('',#6941);
#6941 = CARTESIAN_POINT('',(6.875,15.825,1.5));
#6942 = SURFACE_CURVE('',#6943,(#6947,#6953),.PCURVE_S1.);
#6943 = LINE('',#6944,#6945);
#6944 = CARTESIAN_POINT('',(6.875,0.4125,1.5));
#6945 = VECTOR('',#6946,1.);
#6946 = DIRECTION('',(-1.110223024625E-16,-1.,0.));
#6947 = PCURVE('',#100,#6948);
#6948 = DEFINITIONAL_REPRESENTATION('',(#6949),#6952);
#6949 = B_SPLINE_CURVE_WITH_KNOTS('',1,(#6950,#6951),.UNSPECIFIED.,.F.,
  .F.,(2,2),(-54.1625,-15.4125),.PIECEWISE_BEZIER_KNOTS.);
#6950 = CARTESIAN_POINT('',(82.075,69.575));
#6951 = CARTESIAN_POINT('',(82.075,30.825));
#6952 = ( GEOMETRIC_REPRESENTATION_CONTEXT(2) 
PARAMETRIC_REPRESENTATION_CONTEXT() REPRESENTATION_CONTEXT('2D SPACE',''
  ) );
#6953 = PCURVE('',#3701,#6954);
#6954 = DEFINITIONAL_REPRESENTATION('',(#6955),#6958);
#6955 = B_SPLINE_CURVE_WITH_KNOTS('',1,(#6956,#6957),.UNSPECIFIED.,.F.,
  .F.,(2,2),(-54.1625,-15.4125),.PIECEWISE_BEZIER_KNOTS.);
#6956 = CARTESIAN_POINT('',(38.75,-1.5));
#6957 = CARTESIAN_POINT('',(0.,-1.5));
#6958 = ( GEOMETRIC_REPRESENTATION_CONTEXT(2) 
PARAMETRIC_REPRESENTATION_CONTEXT() REPRESENTATION_CONTEXT('2D SPACE',''
  ) );
#6959 = ORIENTED_EDGE('',*,*,#6960,.T.);
#6960 = EDGE_CURVE('',#6938,#6961,#6963,.T.);
#6961 = VERTEX_POINT('',#6962);
#6962 = CARTESIAN_POINT('',(8.125,54.575,1.5));
#6963 = SURFACE_CURVE('',#6964,(#6969,#6980),.PCURVE_S1.);
#6964 = CIRCLE('',#6965,0.625);
#6965 = AXIS2_PLACEMENT_3D('',#6966,#6967,#6968);
#6966 = CARTESIAN_POINT('',(7.5,54.575,1.5));
#6967 = DIRECTION('',(0.,0.,-1.));
#6968 = DIRECTION('',(-1.,1.110223024625E-16,0.));
#6969 = PCURVE('',#100,#6970);
#6970 = DEFINITIONAL_REPRESENTATION('',(#6971),#6979);
#6971 = ( BOUNDED_CURVE() B_SPLINE_CURVE(2,(#6972,#6973,#6974,#6975,
#6976,#6977,#6978),.UNSPECIFIED.,.T.,.F.) B_SPLINE_CURVE_WITH_KNOTS((1,2
    ,2,2,2,1),(-2.094395102393,0.,2.094395102393,4.188790204786,
6.28318530718,8.377580409573),.UNSPECIFIED.) CURVE() 
GEOMETRIC_REPRESENTATION_ITEM() RATIONAL_B_SPLINE_CURVE((1.,0.5,1.,0.5,
1.,0.5,1.)) REPRESENTATION_ITEM('') );
#6972 = CARTESIAN_POINT('',(82.075,69.575));
#6973 = CARTESIAN_POINT('',(82.075,70.657531754731));
#6974 = CARTESIAN_POINT('',(83.0125,70.116265877365));
#6975 = CARTESIAN_POINT('',(83.95,69.575));
#6976 = CARTESIAN_POINT('',(83.0125,69.033734122635));
#6977 = CARTESIAN_POINT('',(82.075,68.492468245269));
#6978 = CARTESIAN_POINT('',(82.075,69.575));
#6979 = ( GEOMETRIC_REPRESENTATION_CONTEXT(2) 
PARAMETRIC_REPRESENTATION_CONTEXT() REPRESENTATION_CONTEXT('2D SPACE',''
  ) );
#6980 = PCURVE('',#3733,#6981);
#6981 = DEFINITIONAL_REPRESENTATION('',(#6982),#6986);
#6982 = LINE('',#6983,#6984);
#6983 = CARTESIAN_POINT('',(0.,-1.5));
#6984 = VECTOR('',#6985,1.);
#6985 = DIRECTION('',(1.,0.));
#6986 = ( GEOMETRIC_REPRESENTATION_CONTEXT(2) 
PARAMETRIC_REPRESENTATION_CONTEXT() REPRESENTATION_CONTEXT('2D SPACE',''
  ) );
#6987 = ORIENTED_EDGE('',*,*,#6988,.F.);
#6988 = EDGE_CURVE('',#6989,#6961,#6991,.T.);
#6989 = VERTEX_POINT('',#6990);
#6990 = CARTESIAN_POINT('',(8.125,15.825,1.5));
#6991 = SURFACE_CURVE('',#6992,(#6996,#7002),.PCURVE_S1.);
#6992 = LINE('',#6993,#6994);
#6993 = CARTESIAN_POINT('',(8.125,19.7875,1.5));
#6994 = VECTOR('',#6995,1.);
#6995 = DIRECTION('',(1.110223024625E-16,1.,-0.));
#6996 = PCURVE('',#100,#6997);
#6997 = DEFINITIONAL_REPRESENTATION('',(#6998),#7001);
#6998 = B_SPLINE_CURVE_WITH_KNOTS('',1,(#6999,#7000),.UNSPECIFIED.,.F.,
  .F.,(2,2),(-3.9625,34.7875),.PIECEWISE_BEZIER_KNOTS.);
#6999 = CARTESIAN_POINT('',(83.325,30.825));
#7000 = CARTESIAN_POINT('',(83.325,69.575));
#7001 = ( GEOMETRIC_REPRESENTATION_CONTEXT(2) 
PARAMETRIC_REPRESENTATION_CONTEXT() REPRESENTATION_CONTEXT('2D SPACE',''
  ) );
#7002 = PCURVE('',#3760,#7003);
#7003 = DEFINITIONAL_REPRESENTATION('',(#7004),#7007);
#7004 = B_SPLINE_CURVE_WITH_KNOTS('',1,(#7005,#7006),.UNSPECIFIED.,.F.,
  .F.,(2,2),(-3.9625,34.7875),.PIECEWISE_BEZIER_KNOTS.);
#7005 = CARTESIAN_POINT('',(38.75,-1.5));
#7006 = CARTESIAN_POINT('',(0.,-1.5));
#7007 = ( GEOMETRIC_REPRESENTATION_CONTEXT(2) 
PARAMETRIC_REPRESENTATION_CONTEXT() REPRESENTATION_CONTEXT('2D SPACE',''
  ) );
#7008 = ORIENTED_EDGE('',*,*,#7009,.T.);
#7009 = EDGE_CURVE('',#6989,#6940,#7010,.T.);
#7010 = SURFACE_CURVE('',#7011,(#7016,#7027),.PCURVE_S1.);
#7011 = CIRCLE('',#7012,0.625);
#7012 = AXIS2_PLACEMENT_3D('',#7013,#7014,#7015);
#7013 = CARTESIAN_POINT('',(7.5,15.825,1.5));
#7014 = DIRECTION('',(0.,-0.,-1.));
#7015 = DIRECTION('',(1.,-1.110223024625E-16,0.));
#7016 = PCURVE('',#100,#7017);
#7017 = DEFINITIONAL_REPRESENTATION('',(#7018),#7026);
#7018 = ( BOUNDED_CURVE() B_SPLINE_CURVE(2,(#7019,#7020,#7021,#7022,
#7023,#7024,#7025),.UNSPECIFIED.,.T.,.F.) B_SPLINE_CURVE_WITH_KNOTS((1,2
    ,2,2,2,1),(-2.094395102393,0.,2.094395102393,4.188790204786,
6.28318530718,8.377580409573),.UNSPECIFIED.) CURVE() 
GEOMETRIC_REPRESENTATION_ITEM() RATIONAL_B_SPLINE_CURVE((1.,0.5,1.,0.5,
1.,0.5,1.)) REPRESENTATION_ITEM('') );
#7019 = CARTESIAN_POINT('',(83.325,30.825));
#7020 = CARTESIAN_POINT('',(83.325,29.742468245269));
#7021 = CARTESIAN_POINT('',(82.3875,30.283734122635));
#7022 = CARTESIAN_POINT('',(81.45,30.825));
#7023 = CARTESIAN_POINT('',(82.3875,31.366265877365));
#7024 = CARTESIAN_POINT('',(83.325,31.907531754731));
#7025 = CARTESIAN_POINT('',(83.325,30.825));
#7026 = ( GEOMETRIC_REPRESENTATION_CONTEXT(2) 
PARAMETRIC_REPRESENTATION_CONTEXT() REPRESENTATION_CONTEXT('2D SPACE',''
  ) );
#7027 = PCURVE('',#3790,#7028);
#7028 = DEFINITIONAL_REPRESENTATION('',(#7029),#7033);
#7029 = LINE('',#7030,#7031);
#7030 = CARTESIAN_POINT('',(0.,-1.5));
#7031 = VECTOR('',#7032,1.);
#7032 = DIRECTION('',(1.,0.));
#7033 = ( GEOMETRIC_REPRESENTATION_CONTEXT(2) 
PARAMETRIC_REPRESENTATION_CONTEXT() REPRESENTATION_CONTEXT('2D SPACE',''
  ) );
#7034 = FACE_BOUND('',#7035,.T.);
#7035 = EDGE_LOOP('',(#7036,#7059,#7087,#7108));
#7036 = ORIENTED_EDGE('',*,*,#7037,.F.);
#7037 = EDGE_CURVE('',#7038,#7040,#7042,.T.);
#7038 = VERTEX_POINT('',#7039);
#7039 = CARTESIAN_POINT('',(10.625,54.575,1.5));
#7040 = VERTEX_POINT('',#7041);
#7041 = CARTESIAN_POINT('',(10.625,15.825,1.5));
#7042 = SURFACE_CURVE('',#7043,(#7047,#7053),.PCURVE_S1.);
#7043 = LINE('',#7044,#7045);
#7044 = CARTESIAN_POINT('',(10.625,0.4125,1.5));
#7045 = VECTOR('',#7046,1.);
#7046 = DIRECTION('',(-1.110223024625E-16,-1.,0.));
#7047 = PCURVE('',#100,#7048);
#7048 = DEFINITIONAL_REPRESENTATION('',(#7049),#7052);
#7049 = B_SPLINE_CURVE_WITH_KNOTS('',1,(#7050,#7051),.UNSPECIFIED.,.F.,
  .F.,(2,2),(-54.1625,-15.4125),.PIECEWISE_BEZIER_KNOTS.);
#7050 = CARTESIAN_POINT('',(85.825,69.575));
#7051 = CARTESIAN_POINT('',(85.825,30.825));
#7052 = ( GEOMETRIC_REPRESENTATION_CONTEXT(2) 
PARAMETRIC_REPRESENTATION_CONTEXT() REPRESENTATION_CONTEXT('2D SPACE',''
  ) );
#7053 = PCURVE('',#3821,#7054);
#7054 = DEFINITIONAL_REPRESENTATION('',(#7055),#7058);
#7055 = B_SPLINE_CURVE_WITH_KNOTS('',1,(#7056,#7057),.UNSPECIFIED.,.F.,
  .F.,(2,2),(-54.1625,-15.4125),.PIECEWISE_BEZIER_KNOTS.);
#7056 = CARTESIAN_POINT('',(38.75,-1.5));
#7057 = CARTESIAN_POINT('',(0.,-1.5));
#7058 = ( GEOMETRIC_REPRESENTATION_CONTEXT(2) 
PARAMETRIC_REPRESENTATION_CONTEXT() REPRESENTATION_CONTEXT('2D SPACE',''
  ) );
#7059 = ORIENTED_EDGE('',*,*,#7060,.T.);
#7060 = EDGE_CURVE('',#7038,#7061,#7063,.T.);
#7061 = VERTEX_POINT('',#7062);
#7062 = CARTESIAN_POINT('',(11.875,54.575,1.5));
#7063 = SURFACE_CURVE('',#7064,(#7069,#7080),.PCURVE_S1.);
#7064 = CIRCLE('',#7065,0.625);
#7065 = AXIS2_PLACEMENT_3D('',#7066,#7067,#7068);
#7066 = CARTESIAN_POINT('',(11.25,54.575,1.5));
#7067 = DIRECTION('',(0.,0.,-1.));
#7068 = DIRECTION('',(-1.,1.110223024625E-16,0.));
#7069 = PCURVE('',#100,#7070);
#7070 = DEFINITIONAL_REPRESENTATION('',(#7071),#7079);
#7071 = ( BOUNDED_CURVE() B_SPLINE_CURVE(2,(#7072,#7073,#7074,#7075,
#7076,#7077,#7078),.UNSPECIFIED.,.T.,.F.) B_SPLINE_CURVE_WITH_KNOTS((1,2
    ,2,2,2,1),(-2.094395102393,0.,2.094395102393,4.188790204786,
6.28318530718,8.377580409573),.UNSPECIFIED.) CURVE() 
GEOMETRIC_REPRESENTATION_ITEM() RATIONAL_B_SPLINE_CURVE((1.,0.5,1.,0.5,
1.,0.5,1.)) REPRESENTATION_ITEM('') );
#7072 = CARTESIAN_POINT('',(85.825,69.575));
#7073 = CARTESIAN_POINT('',(85.825,70.657531754731));
#7074 = CARTESIAN_POINT('',(86.7625,70.116265877365));
#7075 = CARTESIAN_POINT('',(87.7,69.575));
#7076 = CARTESIAN_POINT('',(86.7625,69.033734122635));
#7077 = CARTESIAN_POINT('',(85.825,68.492468245269));
#7078 = CARTESIAN_POINT('',(85.825,69.575));
#7079 = ( GEOMETRIC_REPRESENTATION_CONTEXT(2) 
PARAMETRIC_REPRESENTATION_CONTEXT() REPRESENTATION_CONTEXT('2D SPACE',''
  ) );
#7080 = PCURVE('',#3853,#7081);
#7081 = DEFINITIONAL_REPRESENTATION('',(#7082),#7086);
#7082 = LINE('',#7083,#7084);
#7083 = CARTESIAN_POINT('',(0.,-1.5));
#7084 = VECTOR('',#7085,1.);
#7085 = DIRECTION('',(1.,0.));
#7086 = ( GEOMETRIC_REPRESENTATION_CONTEXT(2) 
PARAMETRIC_REPRESENTATION_CONTEXT() REPRESENTATION_CONTEXT('2D SPACE',''
  ) );
#7087 = ORIENTED_EDGE('',*,*,#7088,.F.);
#7088 = EDGE_CURVE('',#7089,#7061,#7091,.T.);
#7089 = VERTEX_POINT('',#7090);
#7090 = CARTESIAN_POINT('',(11.875,15.825,1.5));
#7091 = SURFACE_CURVE('',#7092,(#7096,#7102),.PCURVE_S1.);
#7092 = LINE('',#7093,#7094);
#7093 = CARTESIAN_POINT('',(11.875,19.7875,1.5));
#7094 = VECTOR('',#7095,1.);
#7095 = DIRECTION('',(1.110223024625E-16,1.,-0.));
#7096 = PCURVE('',#100,#7097);
#7097 = DEFINITIONAL_REPRESENTATION('',(#7098),#7101);
#7098 = B_SPLINE_CURVE_WITH_KNOTS('',1,(#7099,#7100),.UNSPECIFIED.,.F.,
  .F.,(2,2),(-3.9625,34.7875),.PIECEWISE_BEZIER_KNOTS.);
#7099 = CARTESIAN_POINT('',(87.075,30.825));
#7100 = CARTESIAN_POINT('',(87.075,69.575));
#7101 = ( GEOMETRIC_REPRESENTATION_CONTEXT(2) 
PARAMETRIC_REPRESENTATION_CONTEXT() REPRESENTATION_CONTEXT('2D SPACE',''
  ) );
#7102 = PCURVE('',#3880,#7103);
#7103 = DEFINITIONAL_REPRESENTATION('',(#7104),#7107);
#7104 = B_SPLINE_CURVE_WITH_KNOTS('',1,(#7105,#7106),.UNSPECIFIED.,.F.,
  .F.,(2,2),(-3.9625,34.7875),.PIECEWISE_BEZIER_KNOTS.);
#7105 = CARTESIAN_POINT('',(38.75,-1.5));
#7106 = CARTESIAN_POINT('',(0.,-1.5));
#7107 = ( GEOMETRIC_REPRESENTATION_CONTEXT(2) 
PARAMETRIC_REPRESENTATION_CONTEXT() REPRESENTATION_CONTEXT('2D SPACE',''
  ) );
#7108 = ORIENTED_EDGE('',*,*,#7109,.T.);
#7109 = EDGE_CURVE('',#7089,#7040,#7110,.T.);
#7110 = SURFACE_CURVE('',#7111,(#7116,#7127),.PCURVE_S1.);
#7111 = CIRCLE('',#7112,0.625);
#7112 = AXIS2_PLACEMENT_3D('',#7113,#7114,#7115);
#7113 = CARTESIAN_POINT('',(11.25,15.825,1.5));
#7114 = DIRECTION('',(0.,-0.,-1.));
#7115 = DIRECTION('',(1.,-1.110223024625E-16,0.));
#7116 = PCURVE('',#100,#7117);
#7117 = DEFINITIONAL_REPRESENTATION('',(#7118),#7126);
#7118 = ( BOUNDED_CURVE() B_SPLINE_CURVE(2,(#7119,#7120,#7121,#7122,
#7123,#7124,#7125),.UNSPECIFIED.,.T.,.F.) B_SPLINE_CURVE_WITH_KNOTS((1,2
    ,2,2,2,1),(-2.094395102393,0.,2.094395102393,4.188790204786,
6.28318530718,8.377580409573),.UNSPECIFIED.) CURVE() 
GEOMETRIC_REPRESENTATION_ITEM() RATIONAL_B_SPLINE_CURVE((1.,0.5,1.,0.5,
1.,0.5,1.)) REPRESENTATION_ITEM('') );
#7119 = CARTESIAN_POINT('',(87.075,30.825));
#7120 = CARTESIAN_POINT('',(87.075,29.742468245269));
#7121 = CARTESIAN_POINT('',(86.1375,30.283734122635));
#7122 = CARTESIAN_POINT('',(85.2,30.825));
#7123 = CARTESIAN_POINT('',(86.1375,31.366265877365));
#7124 = CARTESIAN_POINT('',(87.075,31.907531754731));
#7125 = CARTESIAN_POINT('',(87.075,30.825));
#7126 = ( GEOMETRIC_REPRESENTATION_CONTEXT(2) 
PARAMETRIC_REPRESENTATION_CONTEXT() REPRESENTATION_CONTEXT('2D SPACE',''
  ) );
#7127 = PCURVE('',#3910,#7128);
#7128 = DEFINITIONAL_REPRESENTATION('',(#7129),#7133);
#7129 = LINE('',#7130,#7131);
#7130 = CARTESIAN_POINT('',(0.,-1.5));
#7131 = VECTOR('',#7132,1.);
#7132 = DIRECTION('',(1.,0.));
#7133 = ( GEOMETRIC_REPRESENTATION_CONTEXT(2) 
PARAMETRIC_REPRESENTATION_CONTEXT() REPRESENTATION_CONTEXT('2D SPACE',''
  ) );
#7134 = ADVANCED_FACE('',(#7135),#159,.T.);
#7135 = FACE_BOUND('',#7136,.T.);
#7136 = EDGE_LOOP('',(#7137,#7138,#7139,#7140));
#7137 = ORIENTED_EDGE('',*,*,#141,.F.);
#7138 = ORIENTED_EDGE('',*,*,#3981,.T.);
#7139 = ORIENTED_EDGE('',*,*,#4028,.T.);
#7140 = ORIENTED_EDGE('',*,*,#7141,.T.);
#7141 = EDGE_CURVE('',#4029,#144,#7142,.T.);
#7142 = SURFACE_CURVE('',#7143,(#7147,#7154),.PCURVE_S1.);
#7143 = LINE('',#7144,#7145);
#7144 = CARTESIAN_POINT('',(-18.,15.,1.5));
#7145 = VECTOR('',#7146,1.);
#7146 = DIRECTION('',(0.,0.,-1.));
#7147 = PCURVE('',#159,#7148);
#7148 = DEFINITIONAL_REPRESENTATION('',(#7149),#7153);
#7149 = LINE('',#7150,#7151);
#7150 = CARTESIAN_POINT('',(3.,57.2));
#7151 = VECTOR('',#7152,1.);
#7152 = DIRECTION('',(-1.,0.));
#7153 = ( GEOMETRIC_REPRESENTATION_CONTEXT(2) 
PARAMETRIC_REPRESENTATION_CONTEXT() REPRESENTATION_CONTEXT('2D SPACE',''
  ) );
#7154 = PCURVE('',#550,#7155);
#7155 = DEFINITIONAL_REPRESENTATION('',(#7156),#7160);
#7156 = LINE('',#7157,#7158);
#7157 = CARTESIAN_POINT('',(-0.,0.));
#7158 = VECTOR('',#7159,1.);
#7159 = DIRECTION('',(-0.,1.));
#7160 = ( GEOMETRIC_REPRESENTATION_CONTEXT(2) 
PARAMETRIC_REPRESENTATION_CONTEXT() REPRESENTATION_CONTEXT('2D SPACE',''
  ) );
#7161 = ADVANCED_FACE('',(#7162),#550,.F.);
#7162 = FACE_BOUND('',#7163,.T.);
#7163 = EDGE_LOOP('',(#7164,#7165,#7186,#7187));
#7164 = ORIENTED_EDGE('',*,*,#4313,.T.);
#7165 = ORIENTED_EDGE('',*,*,#7166,.T.);
#7166 = EDGE_CURVE('',#4291,#508,#7167,.T.);
#7167 = SURFACE_CURVE('',#7168,(#7172,#7179),.PCURVE_S1.);
#7168 = LINE('',#7169,#7170);
#7169 = CARTESIAN_POINT('',(-15.,18.,1.5));
#7170 = VECTOR('',#7171,1.);
#7171 = DIRECTION('',(0.,0.,-1.));
#7172 = PCURVE('',#550,#7173);
#7173 = DEFINITIONAL_REPRESENTATION('',(#7174),#7178);
#7174 = LINE('',#7175,#7176);
#7175 = CARTESIAN_POINT('',(-1.570796326795,0.));
#7176 = VECTOR('',#7177,1.);
#7177 = DIRECTION('',(-0.,1.));
#7178 = ( GEOMETRIC_REPRESENTATION_CONTEXT(2) 
PARAMETRIC_REPRESENTATION_CONTEXT() REPRESENTATION_CONTEXT('2D SPACE',''
  ) );
#7179 = PCURVE('',#523,#7180);
#7180 = DEFINITIONAL_REPRESENTATION('',(#7181),#7185);
#7181 = LINE('',#7182,#7183);
#7182 = CARTESIAN_POINT('',(3.,-93.2));
#7183 = VECTOR('',#7184,1.);
#7184 = DIRECTION('',(-1.,0.));
#7185 = ( GEOMETRIC_REPRESENTATION_CONTEXT(2) 
PARAMETRIC_REPRESENTATION_CONTEXT() REPRESENTATION_CONTEXT('2D SPACE',''
  ) );
#7186 = ORIENTED_EDGE('',*,*,#535,.F.);
#7187 = ORIENTED_EDGE('',*,*,#7141,.F.);
#7188 = ADVANCED_FACE('',(#7189),#523,.F.);
#7189 = FACE_BOUND('',#7190,.F.);
#7190 = EDGE_LOOP('',(#7191,#7192,#7193,#7194));
#7191 = ORIENTED_EDGE('',*,*,#4290,.F.);
#7192 = ORIENTED_EDGE('',*,*,#7166,.T.);
#7193 = ORIENTED_EDGE('',*,*,#507,.T.);
#7194 = ORIENTED_EDGE('',*,*,#7195,.T.);
#7195 = EDGE_CURVE('',#480,#4268,#7196,.T.);
#7196 = SURFACE_CURVE('',#7197,(#7201,#7208),.PCURVE_S1.);
#7197 = LINE('',#7198,#7199);
#7198 = CARTESIAN_POINT('',(-15.,75.2,-1.5));
#7199 = VECTOR('',#7200,1.);
#7200 = DIRECTION('',(0.,0.,1.));
#7201 = PCURVE('',#523,#7202);
#7202 = DEFINITIONAL_REPRESENTATION('',(#7203),#7207);
#7203 = LINE('',#7204,#7205);
#7204 = CARTESIAN_POINT('',(0.,-150.4));
#7205 = VECTOR('',#7206,1.);
#7206 = DIRECTION('',(1.,0.));
#7207 = ( GEOMETRIC_REPRESENTATION_CONTEXT(2) 
PARAMETRIC_REPRESENTATION_CONTEXT() REPRESENTATION_CONTEXT('2D SPACE',''
  ) );
#7208 = PCURVE('',#495,#7209);
#7209 = DEFINITIONAL_REPRESENTATION('',(#7210),#7214);
#7210 = LINE('',#7211,#7212);
#7211 = CARTESIAN_POINT('',(0.,0.));
#7212 = VECTOR('',#7213,1.);
#7213 = DIRECTION('',(1.,0.));
#7214 = ( GEOMETRIC_REPRESENTATION_CONTEXT(2) 
PARAMETRIC_REPRESENTATION_CONTEXT() REPRESENTATION_CONTEXT('2D SPACE',''
  ) );
#7215 = ADVANCED_FACE('',(#7216),#495,.T.);
#7216 = FACE_BOUND('',#7217,.T.);
#7217 = EDGE_LOOP('',(#7218,#7219,#7220,#7221));
#7218 = ORIENTED_EDGE('',*,*,#479,.F.);
#7219 = ORIENTED_EDGE('',*,*,#7195,.T.);
#7220 = ORIENTED_EDGE('',*,*,#4267,.T.);
#7221 = ORIENTED_EDGE('',*,*,#7222,.F.);
#7222 = EDGE_CURVE('',#452,#4245,#7223,.T.);
#7223 = SURFACE_CURVE('',#7224,(#7228,#7235),.PCURVE_S1.);
#7224 = LINE('',#7225,#7226);
#7225 = CARTESIAN_POINT('',(15.,75.2,-1.5));
#7226 = VECTOR('',#7227,1.);
#7227 = DIRECTION('',(0.,0.,1.));
#7228 = PCURVE('',#495,#7229);
#7229 = DEFINITIONAL_REPRESENTATION('',(#7230),#7234);
#7230 = LINE('',#7231,#7232);
#7231 = CARTESIAN_POINT('',(0.,30.));
#7232 = VECTOR('',#7233,1.);
#7233 = DIRECTION('',(1.,0.));
#7234 = ( GEOMETRIC_REPRESENTATION_CONTEXT(2) 
PARAMETRIC_REPRESENTATION_CONTEXT() REPRESENTATION_CONTEXT('2D SPACE',''
  ) );
#7235 = PCURVE('',#467,#7236);
#7236 = DEFINITIONAL_REPRESENTATION('',(#7237),#7241);
#7237 = LINE('',#7238,#7239);
#7238 = CARTESIAN_POINT('',(0.,-150.4));
#7239 = VECTOR('',#7240,1.);
#7240 = DIRECTION('',(1.,0.));
#7241 = ( GEOMETRIC_REPRESENTATION_CONTEXT(2) 
PARAMETRIC_REPRESENTATION_CONTEXT() REPRESENTATION_CONTEXT('2D SPACE',''
  ) );
#7242 = ADVANCED_FACE('',(#7243),#467,.T.);
#7243 = FACE_BOUND('',#7244,.T.);
#7244 = EDGE_LOOP('',(#7245,#7246,#7267,#7268));
#7245 = ORIENTED_EDGE('',*,*,#4244,.F.);
#7246 = ORIENTED_EDGE('',*,*,#7247,.T.);
#7247 = EDGE_CURVE('',#4221,#423,#7248,.T.);
#7248 = SURFACE_CURVE('',#7249,(#7253,#7260),.PCURVE_S1.);
#7249 = LINE('',#7250,#7251);
#7250 = CARTESIAN_POINT('',(15.,18.,1.5));
#7251 = VECTOR('',#7252,1.);
#7252 = DIRECTION('',(0.,0.,-1.));
#7253 = PCURVE('',#467,#7254);
#7254 = DEFINITIONAL_REPRESENTATION('',(#7255),#7259);
#7255 = LINE('',#7256,#7257);
#7256 = CARTESIAN_POINT('',(3.,-93.2));
#7257 = VECTOR('',#7258,1.);
#7258 = DIRECTION('',(-1.,0.));
#7259 = ( GEOMETRIC_REPRESENTATION_CONTEXT(2) 
PARAMETRIC_REPRESENTATION_CONTEXT() REPRESENTATION_CONTEXT('2D SPACE',''
  ) );
#7260 = PCURVE('',#439,#7261);
#7261 = DEFINITIONAL_REPRESENTATION('',(#7262),#7266);
#7262 = LINE('',#7263,#7264);
#7263 = CARTESIAN_POINT('',(-0.,0.));
#7264 = VECTOR('',#7265,1.);
#7265 = DIRECTION('',(-0.,1.));
#7266 = ( GEOMETRIC_REPRESENTATION_CONTEXT(2) 
PARAMETRIC_REPRESENTATION_CONTEXT() REPRESENTATION_CONTEXT('2D SPACE',''
  ) );
#7267 = ORIENTED_EDGE('',*,*,#451,.T.);
#7268 = ORIENTED_EDGE('',*,*,#7222,.T.);
#7269 = ADVANCED_FACE('',(#7270),#237,.F.);
#7270 = FACE_BOUND('',#7271,.F.);
#7271 = EDGE_LOOP('',(#7272,#7273,#7294,#7295));
#7272 = ORIENTED_EDGE('',*,*,#4054,.F.);
#7273 = ORIENTED_EDGE('',*,*,#7274,.F.);
#7274 = EDGE_CURVE('',#222,#4055,#7275,.T.);
#7275 = SURFACE_CURVE('',#7276,(#7280,#7287),.PCURVE_S1.);
#7276 = LINE('',#7277,#7278);
#7277 = CARTESIAN_POINT('',(-15.,-75.2,-1.5));
#7278 = VECTOR('',#7279,1.);
#7279 = DIRECTION('',(0.,0.,1.));
#7280 = PCURVE('',#237,#7281);
#7281 = DEFINITIONAL_REPRESENTATION('',(#7282),#7286);
#7282 = LINE('',#7283,#7284);
#7283 = CARTESIAN_POINT('',(0.,0.));
#7284 = VECTOR('',#7285,1.);
#7285 = DIRECTION('',(1.,0.));
#7286 = ( GEOMETRIC_REPRESENTATION_CONTEXT(2) 
PARAMETRIC_REPRESENTATION_CONTEXT() REPRESENTATION_CONTEXT('2D SPACE',''
  ) );
#7287 = PCURVE('',#265,#7288);
#7288 = DEFINITIONAL_REPRESENTATION('',(#7289),#7293);
#7289 = LINE('',#7290,#7291);
#7290 = CARTESIAN_POINT('',(0.,0.));
#7291 = VECTOR('',#7292,1.);
#7292 = DIRECTION('',(1.,0.));
#7293 = ( GEOMETRIC_REPRESENTATION_CONTEXT(2) 
PARAMETRIC_REPRESENTATION_CONTEXT() REPRESENTATION_CONTEXT('2D SPACE',''
  ) );
#7294 = ORIENTED_EDGE('',*,*,#221,.T.);
#7295 = ORIENTED_EDGE('',*,*,#3953,.F.);
#7296 = ADVANCED_FACE('',(#7297),#439,.F.);
#7297 = FACE_BOUND('',#7298,.T.);
#7298 = EDGE_LOOP('',(#7299,#7300,#7321,#7322));
#7299 = ORIENTED_EDGE('',*,*,#4220,.T.);
#7300 = ORIENTED_EDGE('',*,*,#7301,.T.);
#7301 = EDGE_CURVE('',#4198,#395,#7302,.T.);
#7302 = SURFACE_CURVE('',#7303,(#7307,#7314),.PCURVE_S1.);
#7303 = LINE('',#7304,#7305);
#7304 = CARTESIAN_POINT('',(18.,15.,1.5));
#7305 = VECTOR('',#7306,1.);
#7306 = DIRECTION('',(0.,0.,-1.));
#7307 = PCURVE('',#439,#7308);
#7308 = DEFINITIONAL_REPRESENTATION('',(#7309),#7313);
#7309 = LINE('',#7310,#7311);
#7310 = CARTESIAN_POINT('',(-1.570796326795,0.));
#7311 = VECTOR('',#7312,1.);
#7312 = DIRECTION('',(-0.,1.));
#7313 = ( GEOMETRIC_REPRESENTATION_CONTEXT(2) 
PARAMETRIC_REPRESENTATION_CONTEXT() REPRESENTATION_CONTEXT('2D SPACE',''
  ) );
#7314 = PCURVE('',#410,#7315);
#7315 = DEFINITIONAL_REPRESENTATION('',(#7316),#7320);
#7316 = LINE('',#7317,#7318);
#7317 = CARTESIAN_POINT('',(3.,93.2));
#7318 = VECTOR('',#7319,1.);
#7319 = DIRECTION('',(-1.,0.));
#7320 = ( GEOMETRIC_REPRESENTATION_CONTEXT(2) 
PARAMETRIC_REPRESENTATION_CONTEXT() REPRESENTATION_CONTEXT('2D SPACE',''
  ) );
#7321 = ORIENTED_EDGE('',*,*,#422,.F.);
#7322 = ORIENTED_EDGE('',*,*,#7247,.F.);
#7323 = ADVANCED_FACE('',(#7324),#265,.F.);
#7324 = FACE_BOUND('',#7325,.F.);
#7325 = EDGE_LOOP('',(#7326,#7327,#7328,#7329));
#7326 = ORIENTED_EDGE('',*,*,#249,.F.);
#7327 = ORIENTED_EDGE('',*,*,#7274,.T.);
#7328 = ORIENTED_EDGE('',*,*,#4077,.T.);
#7329 = ORIENTED_EDGE('',*,*,#7330,.F.);
#7330 = EDGE_CURVE('',#250,#4078,#7331,.T.);
#7331 = SURFACE_CURVE('',#7332,(#7336,#7343),.PCURVE_S1.);
#7332 = LINE('',#7333,#7334);
#7333 = CARTESIAN_POINT('',(15.,-75.2,-1.5));
#7334 = VECTOR('',#7335,1.);
#7335 = DIRECTION('',(0.,0.,1.));
#7336 = PCURVE('',#265,#7337);
#7337 = DEFINITIONAL_REPRESENTATION('',(#7338),#7342);
#7338 = LINE('',#7339,#7340);
#7339 = CARTESIAN_POINT('',(0.,30.));
#7340 = VECTOR('',#7341,1.);
#7341 = DIRECTION('',(1.,0.));
#7342 = ( GEOMETRIC_REPRESENTATION_CONTEXT(2) 
PARAMETRIC_REPRESENTATION_CONTEXT() REPRESENTATION_CONTEXT('2D SPACE',''
  ) );
#7343 = PCURVE('',#293,#7344);
#7344 = DEFINITIONAL_REPRESENTATION('',(#7345),#7349);
#7345 = LINE('',#7346,#7347);
#7346 = CARTESIAN_POINT('',(0.,0.));
#7347 = VECTOR('',#7348,1.);
#7348 = DIRECTION('',(1.,0.));
#7349 = ( GEOMETRIC_REPRESENTATION_CONTEXT(2) 
PARAMETRIC_REPRESENTATION_CONTEXT() REPRESENTATION_CONTEXT('2D SPACE',''
  ) );
#7350 = ADVANCED_FACE('',(#7351),#410,.T.);
#7351 = FACE_BOUND('',#7352,.T.);
#7352 = EDGE_LOOP('',(#7353,#7354,#7355,#7356));
#7353 = ORIENTED_EDGE('',*,*,#394,.F.);
#7354 = ORIENTED_EDGE('',*,*,#7301,.F.);
#7355 = ORIENTED_EDGE('',*,*,#4197,.T.);
#7356 = ORIENTED_EDGE('',*,*,#7357,.F.);
#7357 = EDGE_CURVE('',#367,#4175,#7358,.T.);
#7358 = SURFACE_CURVE('',#7359,(#7363,#7370),.PCURVE_S1.);
#7359 = LINE('',#7360,#7361);
#7360 = CARTESIAN_POINT('',(75.2,15.,-1.5));
#7361 = VECTOR('',#7362,1.);
#7362 = DIRECTION('',(0.,0.,1.));
#7363 = PCURVE('',#410,#7364);
#7364 = DEFINITIONAL_REPRESENTATION('',(#7365),#7369);
#7365 = LINE('',#7366,#7367);
#7366 = CARTESIAN_POINT('',(0.,150.4));
#7367 = VECTOR('',#7368,1.);
#7368 = DIRECTION('',(1.,0.));
#7369 = ( GEOMETRIC_REPRESENTATION_CONTEXT(2) 
PARAMETRIC_REPRESENTATION_CONTEXT() REPRESENTATION_CONTEXT('2D SPACE',''
  ) );
#7370 = PCURVE('',#382,#7371);
#7371 = DEFINITIONAL_REPRESENTATION('',(#7372),#7376);
#7372 = LINE('',#7373,#7374);
#7373 = CARTESIAN_POINT('',(0.,-30.));
#7374 = VECTOR('',#7375,1.);
#7375 = DIRECTION('',(1.,0.));
#7376 = ( GEOMETRIC_REPRESENTATION_CONTEXT(2) 
PARAMETRIC_REPRESENTATION_CONTEXT() REPRESENTATION_CONTEXT('2D SPACE',''
  ) );
#7377 = ADVANCED_FACE('',(#7378),#293,.T.);
#7378 = FACE_BOUND('',#7379,.T.);
#7379 = EDGE_LOOP('',(#7380,#7381,#7382,#7383));
#7380 = ORIENTED_EDGE('',*,*,#4100,.F.);
#7381 = ORIENTED_EDGE('',*,*,#7330,.F.);
#7382 = ORIENTED_EDGE('',*,*,#277,.T.);
#7383 = ORIENTED_EDGE('',*,*,#7384,.F.);
#7384 = EDGE_CURVE('',#4101,#278,#7385,.T.);
#7385 = SURFACE_CURVE('',#7386,(#7390,#7397),.PCURVE_S1.);
#7386 = LINE('',#7387,#7388);
#7387 = CARTESIAN_POINT('',(15.,-18.,1.5));
#7388 = VECTOR('',#7389,1.);
#7389 = DIRECTION('',(0.,0.,-1.));
#7390 = PCURVE('',#293,#7391);
#7391 = DEFINITIONAL_REPRESENTATION('',(#7392),#7396);
#7392 = LINE('',#7393,#7394);
#7393 = CARTESIAN_POINT('',(3.,-57.2));
#7394 = VECTOR('',#7395,1.);
#7395 = DIRECTION('',(-1.,0.));
#7396 = ( GEOMETRIC_REPRESENTATION_CONTEXT(2) 
PARAMETRIC_REPRESENTATION_CONTEXT() REPRESENTATION_CONTEXT('2D SPACE',''
  ) );
#7397 = PCURVE('',#326,#7398);
#7398 = DEFINITIONAL_REPRESENTATION('',(#7399),#7403);
#7399 = LINE('',#7400,#7401);
#7400 = CARTESIAN_POINT('',(0.,0.));
#7401 = VECTOR('',#7402,1.);
#7402 = DIRECTION('',(0.,1.));
#7403 = ( GEOMETRIC_REPRESENTATION_CONTEXT(2) 
PARAMETRIC_REPRESENTATION_CONTEXT() REPRESENTATION_CONTEXT('2D SPACE',''
  ) );
#7404 = ADVANCED_FACE('',(#7405),#382,.T.);
#7405 = FACE_BOUND('',#7406,.T.);
#7406 = EDGE_LOOP('',(#7407,#7428,#7429,#7430));
#7407 = ORIENTED_EDGE('',*,*,#7408,.F.);
#7408 = EDGE_CURVE('',#339,#4152,#7409,.T.);
#7409 = SURFACE_CURVE('',#7410,(#7414,#7421),.PCURVE_S1.);
#7410 = LINE('',#7411,#7412);
#7411 = CARTESIAN_POINT('',(75.2,-15.,-1.5));
#7412 = VECTOR('',#7413,1.);
#7413 = DIRECTION('',(0.,0.,1.));
#7414 = PCURVE('',#382,#7415);
#7415 = DEFINITIONAL_REPRESENTATION('',(#7416),#7420);
#7416 = LINE('',#7417,#7418);
#7417 = CARTESIAN_POINT('',(0.,0.));
#7418 = VECTOR('',#7419,1.);
#7419 = DIRECTION('',(1.,0.));
#7420 = ( GEOMETRIC_REPRESENTATION_CONTEXT(2) 
PARAMETRIC_REPRESENTATION_CONTEXT() REPRESENTATION_CONTEXT('2D SPACE',''
  ) );
#7421 = PCURVE('',#354,#7422);
#7422 = DEFINITIONAL_REPRESENTATION('',(#7423),#7427);
#7423 = LINE('',#7424,#7425);
#7424 = CARTESIAN_POINT('',(0.,150.4));
#7425 = VECTOR('',#7426,1.);
#7426 = DIRECTION('',(1.,0.));
#7427 = ( GEOMETRIC_REPRESENTATION_CONTEXT(2) 
PARAMETRIC_REPRESENTATION_CONTEXT() REPRESENTATION_CONTEXT('2D SPACE',''
  ) );
#7428 = ORIENTED_EDGE('',*,*,#366,.T.);
#7429 = ORIENTED_EDGE('',*,*,#7357,.T.);
#7430 = ORIENTED_EDGE('',*,*,#4174,.F.);
#7431 = ADVANCED_FACE('',(#7432),#326,.F.);
#7432 = FACE_BOUND('',#7433,.F.);
#7433 = EDGE_LOOP('',(#7434,#7435,#7456,#7457));
#7434 = ORIENTED_EDGE('',*,*,#4123,.T.);
#7435 = ORIENTED_EDGE('',*,*,#7436,.T.);
#7436 = EDGE_CURVE('',#4124,#306,#7437,.T.);
#7437 = SURFACE_CURVE('',#7438,(#7442,#7449),.PCURVE_S1.);
#7438 = LINE('',#7439,#7440);
#7439 = CARTESIAN_POINT('',(18.,-15.,1.5));
#7440 = VECTOR('',#7441,1.);
#7441 = DIRECTION('',(0.,0.,-1.));
#7442 = PCURVE('',#326,#7443);
#7443 = DEFINITIONAL_REPRESENTATION('',(#7444),#7448);
#7444 = LINE('',#7445,#7446);
#7445 = CARTESIAN_POINT('',(1.570796326795,0.));
#7446 = VECTOR('',#7447,1.);
#7447 = DIRECTION('',(0.,1.));
#7448 = ( GEOMETRIC_REPRESENTATION_CONTEXT(2) 
PARAMETRIC_REPRESENTATION_CONTEXT() REPRESENTATION_CONTEXT('2D SPACE',''
  ) );
#7449 = PCURVE('',#354,#7450);
#7450 = DEFINITIONAL_REPRESENTATION('',(#7451),#7455);
#7451 = LINE('',#7452,#7453);
#7452 = CARTESIAN_POINT('',(3.,93.2));
#7453 = VECTOR('',#7454,1.);
#7454 = DIRECTION('',(-1.,0.));
#7455 = ( GEOMETRIC_REPRESENTATION_CONTEXT(2) 
PARAMETRIC_REPRESENTATION_CONTEXT() REPRESENTATION_CONTEXT('2D SPACE',''
  ) );
#7456 = ORIENTED_EDGE('',*,*,#305,.F.);
#7457 = ORIENTED_EDGE('',*,*,#7384,.F.);
#7458 = ADVANCED_FACE('',(#7459),#354,.F.);
#7459 = FACE_BOUND('',#7460,.F.);
#7460 = EDGE_LOOP('',(#7461,#7462,#7463,#7464));
#7461 = ORIENTED_EDGE('',*,*,#338,.F.);
#7462 = ORIENTED_EDGE('',*,*,#7436,.F.);
#7463 = ORIENTED_EDGE('',*,*,#4151,.T.);
#7464 = ORIENTED_EDGE('',*,*,#7408,.F.);
#7465 = ADVANCED_FACE('',(#7466),#581,.F.);
#7466 = FACE_BOUND('',#7467,.F.);
#7467 = EDGE_LOOP('',(#7468,#7489,#7490,#7511));
#7468 = ORIENTED_EDGE('',*,*,#7469,.T.);
#7469 = EDGE_CURVE('',#567,#4340,#7470,.T.);
#7470 = SURFACE_CURVE('',#7471,(#7475,#7482),.PCURVE_S1.);
#7471 = LINE('',#7472,#7473);
#7472 = CARTESIAN_POINT('',(-11.875,-54.575,-5.));
#7473 = VECTOR('',#7474,1.);
#7474 = DIRECTION('',(0.,0.,1.));
#7475 = PCURVE('',#581,#7476);
#7476 = DEFINITIONAL_REPRESENTATION('',(#7477),#7481);
#7477 = LINE('',#7478,#7479);
#7478 = CARTESIAN_POINT('',(0.,5.));
#7479 = VECTOR('',#7480,1.);
#7480 = DIRECTION('',(0.,-1.));
#7481 = ( GEOMETRIC_REPRESENTATION_CONTEXT(2) 
PARAMETRIC_REPRESENTATION_CONTEXT() REPRESENTATION_CONTEXT('2D SPACE',''
  ) );
#7482 = PCURVE('',#670,#7483);
#7483 = DEFINITIONAL_REPRESENTATION('',(#7484),#7488);
#7484 = LINE('',#7485,#7486);
#7485 = CARTESIAN_POINT('',(3.14159265359,5.));
#7486 = VECTOR('',#7487,1.);
#7487 = DIRECTION('',(0.,-1.));
#7488 = ( GEOMETRIC_REPRESENTATION_CONTEXT(2) 
PARAMETRIC_REPRESENTATION_CONTEXT() REPRESENTATION_CONTEXT('2D SPACE',''
  ) );
#7489 = ORIENTED_EDGE('',*,*,#4337,.F.);
#7490 = ORIENTED_EDGE('',*,*,#7491,.T.);
#7491 = EDGE_CURVE('',#4338,#565,#7492,.T.);
#7492 = SURFACE_CURVE('',#7493,(#7497,#7504),.PCURVE_S1.);
#7493 = LINE('',#7494,#7495);
#7494 = CARTESIAN_POINT('',(-11.875,-15.825,5.));
#7495 = VECTOR('',#7496,1.);
#7496 = DIRECTION('',(0.,0.,-1.));
#7497 = PCURVE('',#581,#7498);
#7498 = DEFINITIONAL_REPRESENTATION('',(#7499),#7503);
#7499 = LINE('',#7500,#7501);
#7500 = CARTESIAN_POINT('',(38.75,-5.));
#7501 = VECTOR('',#7502,1.);
#7502 = DIRECTION('',(0.,1.));
#7503 = ( GEOMETRIC_REPRESENTATION_CONTEXT(2) 
PARAMETRIC_REPRESENTATION_CONTEXT() REPRESENTATION_CONTEXT('2D SPACE',''
  ) );
#7504 = PCURVE('',#613,#7505);
#7505 = DEFINITIONAL_REPRESENTATION('',(#7506),#7510);
#7506 = LINE('',#7507,#7508);
#7507 = CARTESIAN_POINT('',(0.,-5.));
#7508 = VECTOR('',#7509,1.);
#7509 = DIRECTION('',(-0.,1.));
#7510 = ( GEOMETRIC_REPRESENTATION_CONTEXT(2) 
PARAMETRIC_REPRESENTATION_CONTEXT() REPRESENTATION_CONTEXT('2D SPACE',''
  ) );
#7511 = ORIENTED_EDGE('',*,*,#564,.T.);
#7512 = ADVANCED_FACE('',(#7513),#613,.F.);
#7513 = FACE_BOUND('',#7514,.F.);
#7514 = EDGE_LOOP('',(#7515,#7516,#7517,#7538));
#7515 = ORIENTED_EDGE('',*,*,#7491,.F.);
#7516 = ORIENTED_EDGE('',*,*,#4360,.T.);
#7517 = ORIENTED_EDGE('',*,*,#7518,.T.);
#7518 = EDGE_CURVE('',#4361,#593,#7519,.T.);
#7519 = SURFACE_CURVE('',#7520,(#7524,#7531),.PCURVE_S1.);
#7520 = LINE('',#7521,#7522);
#7521 = CARTESIAN_POINT('',(-10.625,-15.825,5.));
#7522 = VECTOR('',#7523,1.);
#7523 = DIRECTION('',(0.,0.,-1.));
#7524 = PCURVE('',#613,#7525);
#7525 = DEFINITIONAL_REPRESENTATION('',(#7526),#7530);
#7526 = LINE('',#7527,#7528);
#7527 = CARTESIAN_POINT('',(3.14159265359,-5.));
#7528 = VECTOR('',#7529,1.);
#7529 = DIRECTION('',(-0.,1.));
#7530 = ( GEOMETRIC_REPRESENTATION_CONTEXT(2) 
PARAMETRIC_REPRESENTATION_CONTEXT() REPRESENTATION_CONTEXT('2D SPACE',''
  ) );
#7531 = PCURVE('',#640,#7532);
#7532 = DEFINITIONAL_REPRESENTATION('',(#7533),#7537);
#7533 = LINE('',#7534,#7535);
#7534 = CARTESIAN_POINT('',(0.,-5.));
#7535 = VECTOR('',#7536,1.);
#7536 = DIRECTION('',(-0.,1.));
#7537 = ( GEOMETRIC_REPRESENTATION_CONTEXT(2) 
PARAMETRIC_REPRESENTATION_CONTEXT() REPRESENTATION_CONTEXT('2D SPACE',''
  ) );
#7538 = ORIENTED_EDGE('',*,*,#592,.F.);
#7539 = ADVANCED_FACE('',(#7540),#670,.F.);
#7540 = FACE_BOUND('',#7541,.F.);
#7541 = EDGE_LOOP('',(#7542,#7563,#7564,#7565));
#7542 = ORIENTED_EDGE('',*,*,#7543,.T.);
#7543 = EDGE_CURVE('',#626,#4389,#7544,.T.);
#7544 = SURFACE_CURVE('',#7545,(#7549,#7556),.PCURVE_S1.);
#7545 = LINE('',#7546,#7547);
#7546 = CARTESIAN_POINT('',(-10.625,-54.575,-5.));
#7547 = VECTOR('',#7548,1.);
#7548 = DIRECTION('',(0.,0.,1.));
#7549 = PCURVE('',#670,#7550);
#7550 = DEFINITIONAL_REPRESENTATION('',(#7551),#7555);
#7551 = LINE('',#7552,#7553);
#7552 = CARTESIAN_POINT('',(0.,5.));
#7553 = VECTOR('',#7554,1.);
#7554 = DIRECTION('',(0.,-1.));
#7555 = ( GEOMETRIC_REPRESENTATION_CONTEXT(2) 
PARAMETRIC_REPRESENTATION_CONTEXT() REPRESENTATION_CONTEXT('2D SPACE',''
  ) );
#7556 = PCURVE('',#640,#7557);
#7557 = DEFINITIONAL_REPRESENTATION('',(#7558),#7562);
#7558 = LINE('',#7559,#7560);
#7559 = CARTESIAN_POINT('',(38.75,5.));
#7560 = VECTOR('',#7561,1.);
#7561 = DIRECTION('',(0.,-1.));
#7562 = ( GEOMETRIC_REPRESENTATION_CONTEXT(2) 
PARAMETRIC_REPRESENTATION_CONTEXT() REPRESENTATION_CONTEXT('2D SPACE',''
  ) );
#7563 = ORIENTED_EDGE('',*,*,#4409,.T.);
#7564 = ORIENTED_EDGE('',*,*,#7469,.F.);
#7565 = ORIENTED_EDGE('',*,*,#651,.F.);
#7566 = ADVANCED_FACE('',(#7567),#640,.F.);
#7567 = FACE_BOUND('',#7568,.F.);
#7568 = EDGE_LOOP('',(#7569,#7570,#7571,#7572));
#7569 = ORIENTED_EDGE('',*,*,#7518,.F.);
#7570 = ORIENTED_EDGE('',*,*,#4388,.F.);
#7571 = ORIENTED_EDGE('',*,*,#7543,.F.);
#7572 = ORIENTED_EDGE('',*,*,#625,.T.);
#7573 = ADVANCED_FACE('',(#7574),#701,.F.);
#7574 = FACE_BOUND('',#7575,.F.);
#7575 = EDGE_LOOP('',(#7576,#7597,#7598,#7619));
#7576 = ORIENTED_EDGE('',*,*,#7577,.T.);
#7577 = EDGE_CURVE('',#687,#4440,#7578,.T.);
#7578 = SURFACE_CURVE('',#7579,(#7583,#7590),.PCURVE_S1.);
#7579 = LINE('',#7580,#7581);
#7580 = CARTESIAN_POINT('',(-8.125,-54.575,-5.));
#7581 = VECTOR('',#7582,1.);
#7582 = DIRECTION('',(0.,0.,1.));
#7583 = PCURVE('',#701,#7584);
#7584 = DEFINITIONAL_REPRESENTATION('',(#7585),#7589);
#7585 = LINE('',#7586,#7587);
#7586 = CARTESIAN_POINT('',(0.,5.));
#7587 = VECTOR('',#7588,1.);
#7588 = DIRECTION('',(0.,-1.));
#7589 = ( GEOMETRIC_REPRESENTATION_CONTEXT(2) 
PARAMETRIC_REPRESENTATION_CONTEXT() REPRESENTATION_CONTEXT('2D SPACE',''
  ) );
#7590 = PCURVE('',#790,#7591);
#7591 = DEFINITIONAL_REPRESENTATION('',(#7592),#7596);
#7592 = LINE('',#7593,#7594);
#7593 = CARTESIAN_POINT('',(3.14159265359,5.));
#7594 = VECTOR('',#7595,1.);
#7595 = DIRECTION('',(0.,-1.));
#7596 = ( GEOMETRIC_REPRESENTATION_CONTEXT(2) 
PARAMETRIC_REPRESENTATION_CONTEXT() REPRESENTATION_CONTEXT('2D SPACE',''
  ) );
#7597 = ORIENTED_EDGE('',*,*,#4437,.F.);
#7598 = ORIENTED_EDGE('',*,*,#7599,.T.);
#7599 = EDGE_CURVE('',#4438,#685,#7600,.T.);
#7600 = SURFACE_CURVE('',#7601,(#7605,#7612),.PCURVE_S1.);
#7601 = LINE('',#7602,#7603);
#7602 = CARTESIAN_POINT('',(-8.125,-15.825,5.));
#7603 = VECTOR('',#7604,1.);
#7604 = DIRECTION('',(0.,0.,-1.));
#7605 = PCURVE('',#701,#7606);
#7606 = DEFINITIONAL_REPRESENTATION('',(#7607),#7611);
#7607 = LINE('',#7608,#7609);
#7608 = CARTESIAN_POINT('',(38.75,-5.));
#7609 = VECTOR('',#7610,1.);
#7610 = DIRECTION('',(0.,1.));
#7611 = ( GEOMETRIC_REPRESENTATION_CONTEXT(2) 
PARAMETRIC_REPRESENTATION_CONTEXT() REPRESENTATION_CONTEXT('2D SPACE',''
  ) );
#7612 = PCURVE('',#733,#7613);
#7613 = DEFINITIONAL_REPRESENTATION('',(#7614),#7618);
#7614 = LINE('',#7615,#7616);
#7615 = CARTESIAN_POINT('',(0.,-5.));
#7616 = VECTOR('',#7617,1.);
#7617 = DIRECTION('',(-0.,1.));
#7618 = ( GEOMETRIC_REPRESENTATION_CONTEXT(2) 
PARAMETRIC_REPRESENTATION_CONTEXT() REPRESENTATION_CONTEXT('2D SPACE',''
  ) );
#7619 = ORIENTED_EDGE('',*,*,#684,.T.);
#7620 = ADVANCED_FACE('',(#7621),#733,.F.);
#7621 = FACE_BOUND('',#7622,.F.);
#7622 = EDGE_LOOP('',(#7623,#7624,#7625,#7646));
#7623 = ORIENTED_EDGE('',*,*,#7599,.F.);
#7624 = ORIENTED_EDGE('',*,*,#4460,.T.);
#7625 = ORIENTED_EDGE('',*,*,#7626,.T.);
#7626 = EDGE_CURVE('',#4461,#713,#7627,.T.);
#7627 = SURFACE_CURVE('',#7628,(#7632,#7639),.PCURVE_S1.);
#7628 = LINE('',#7629,#7630);
#7629 = CARTESIAN_POINT('',(-6.875,-15.825,5.));
#7630 = VECTOR('',#7631,1.);
#7631 = DIRECTION('',(0.,0.,-1.));
#7632 = PCURVE('',#733,#7633);
#7633 = DEFINITIONAL_REPRESENTATION('',(#7634),#7638);
#7634 = LINE('',#7635,#7636);
#7635 = CARTESIAN_POINT('',(3.14159265359,-5.));
#7636 = VECTOR('',#7637,1.);
#7637 = DIRECTION('',(-0.,1.));
#7638 = ( GEOMETRIC_REPRESENTATION_CONTEXT(2) 
PARAMETRIC_REPRESENTATION_CONTEXT() REPRESENTATION_CONTEXT('2D SPACE',''
  ) );
#7639 = PCURVE('',#760,#7640);
#7640 = DEFINITIONAL_REPRESENTATION('',(#7641),#7645);
#7641 = LINE('',#7642,#7643);
#7642 = CARTESIAN_POINT('',(0.,-5.));
#7643 = VECTOR('',#7644,1.);
#7644 = DIRECTION('',(-0.,1.));
#7645 = ( GEOMETRIC_REPRESENTATION_CONTEXT(2) 
PARAMETRIC_REPRESENTATION_CONTEXT() REPRESENTATION_CONTEXT('2D SPACE',''
  ) );
#7646 = ORIENTED_EDGE('',*,*,#712,.F.);
#7647 = ADVANCED_FACE('',(#7648),#790,.F.);
#7648 = FACE_BOUND('',#7649,.F.);
#7649 = EDGE_LOOP('',(#7650,#7671,#7672,#7673));
#7650 = ORIENTED_EDGE('',*,*,#7651,.T.);
#7651 = EDGE_CURVE('',#746,#4489,#7652,.T.);
#7652 = SURFACE_CURVE('',#7653,(#7657,#7664),.PCURVE_S1.);
#7653 = LINE('',#7654,#7655);
#7654 = CARTESIAN_POINT('',(-6.875,-54.575,-5.));
#7655 = VECTOR('',#7656,1.);
#7656 = DIRECTION('',(0.,0.,1.));
#7657 = PCURVE('',#790,#7658);
#7658 = DEFINITIONAL_REPRESENTATION('',(#7659),#7663);
#7659 = LINE('',#7660,#7661);
#7660 = CARTESIAN_POINT('',(0.,5.));
#7661 = VECTOR('',#7662,1.);
#7662 = DIRECTION('',(0.,-1.));
#7663 = ( GEOMETRIC_REPRESENTATION_CONTEXT(2) 
PARAMETRIC_REPRESENTATION_CONTEXT() REPRESENTATION_CONTEXT('2D SPACE',''
  ) );
#7664 = PCURVE('',#760,#7665);
#7665 = DEFINITIONAL_REPRESENTATION('',(#7666),#7670);
#7666 = LINE('',#7667,#7668);
#7667 = CARTESIAN_POINT('',(38.75,5.));
#7668 = VECTOR('',#7669,1.);
#7669 = DIRECTION('',(0.,-1.));
#7670 = ( GEOMETRIC_REPRESENTATION_CONTEXT(2) 
PARAMETRIC_REPRESENTATION_CONTEXT() REPRESENTATION_CONTEXT('2D SPACE',''
  ) );
#7671 = ORIENTED_EDGE('',*,*,#4509,.T.);
#7672 = ORIENTED_EDGE('',*,*,#7577,.F.);
#7673 = ORIENTED_EDGE('',*,*,#771,.F.);
#7674 = ADVANCED_FACE('',(#7675),#760,.F.);
#7675 = FACE_BOUND('',#7676,.F.);
#7676 = EDGE_LOOP('',(#7677,#7678,#7679,#7680));
#7677 = ORIENTED_EDGE('',*,*,#7626,.F.);
#7678 = ORIENTED_EDGE('',*,*,#4488,.F.);
#7679 = ORIENTED_EDGE('',*,*,#7651,.F.);
#7680 = ORIENTED_EDGE('',*,*,#745,.T.);
#7681 = ADVANCED_FACE('',(#7682),#821,.F.);
#7682 = FACE_BOUND('',#7683,.F.);
#7683 = EDGE_LOOP('',(#7684,#7705,#7706,#7727));
#7684 = ORIENTED_EDGE('',*,*,#7685,.T.);
#7685 = EDGE_CURVE('',#807,#4540,#7686,.T.);
#7686 = SURFACE_CURVE('',#7687,(#7691,#7698),.PCURVE_S1.);
#7687 = LINE('',#7688,#7689);
#7688 = CARTESIAN_POINT('',(-4.375,-54.575,-5.));
#7689 = VECTOR('',#7690,1.);
#7690 = DIRECTION('',(0.,0.,1.));
#7691 = PCURVE('',#821,#7692);
#7692 = DEFINITIONAL_REPRESENTATION('',(#7693),#7697);
#7693 = LINE('',#7694,#7695);
#7694 = CARTESIAN_POINT('',(0.,5.));
#7695 = VECTOR('',#7696,1.);
#7696 = DIRECTION('',(0.,-1.));
#7697 = ( GEOMETRIC_REPRESENTATION_CONTEXT(2) 
PARAMETRIC_REPRESENTATION_CONTEXT() REPRESENTATION_CONTEXT('2D SPACE',''
  ) );
#7698 = PCURVE('',#910,#7699);
#7699 = DEFINITIONAL_REPRESENTATION('',(#7700),#7704);
#7700 = LINE('',#7701,#7702);
#7701 = CARTESIAN_POINT('',(3.14159265359,5.));
#7702 = VECTOR('',#7703,1.);
#7703 = DIRECTION('',(0.,-1.));
#7704 = ( GEOMETRIC_REPRESENTATION_CONTEXT(2) 
PARAMETRIC_REPRESENTATION_CONTEXT() REPRESENTATION_CONTEXT('2D SPACE',''
  ) );
#7705 = ORIENTED_EDGE('',*,*,#4537,.F.);
#7706 = ORIENTED_EDGE('',*,*,#7707,.T.);
#7707 = EDGE_CURVE('',#4538,#805,#7708,.T.);
#7708 = SURFACE_CURVE('',#7709,(#7713,#7720),.PCURVE_S1.);
#7709 = LINE('',#7710,#7711);
#7710 = CARTESIAN_POINT('',(-4.375,-15.825,5.));
#7711 = VECTOR('',#7712,1.);
#7712 = DIRECTION('',(0.,0.,-1.));
#7713 = PCURVE('',#821,#7714);
#7714 = DEFINITIONAL_REPRESENTATION('',(#7715),#7719);
#7715 = LINE('',#7716,#7717);
#7716 = CARTESIAN_POINT('',(38.75,-5.));
#7717 = VECTOR('',#7718,1.);
#7718 = DIRECTION('',(0.,1.));
#7719 = ( GEOMETRIC_REPRESENTATION_CONTEXT(2) 
PARAMETRIC_REPRESENTATION_CONTEXT() REPRESENTATION_CONTEXT('2D SPACE',''
  ) );
#7720 = PCURVE('',#853,#7721);
#7721 = DEFINITIONAL_REPRESENTATION('',(#7722),#7726);
#7722 = LINE('',#7723,#7724);
#7723 = CARTESIAN_POINT('',(0.,-5.));
#7724 = VECTOR('',#7725,1.);
#7725 = DIRECTION('',(-0.,1.));
#7726 = ( GEOMETRIC_REPRESENTATION_CONTEXT(2) 
PARAMETRIC_REPRESENTATION_CONTEXT() REPRESENTATION_CONTEXT('2D SPACE',''
  ) );
#7727 = ORIENTED_EDGE('',*,*,#804,.T.);
#7728 = ADVANCED_FACE('',(#7729),#853,.F.);
#7729 = FACE_BOUND('',#7730,.F.);
#7730 = EDGE_LOOP('',(#7731,#7732,#7733,#7754));
#7731 = ORIENTED_EDGE('',*,*,#7707,.F.);
#7732 = ORIENTED_EDGE('',*,*,#4560,.T.);
#7733 = ORIENTED_EDGE('',*,*,#7734,.T.);
#7734 = EDGE_CURVE('',#4561,#833,#7735,.T.);
#7735 = SURFACE_CURVE('',#7736,(#7740,#7747),.PCURVE_S1.);
#7736 = LINE('',#7737,#7738);
#7737 = CARTESIAN_POINT('',(-3.125,-15.825,5.));
#7738 = VECTOR('',#7739,1.);
#7739 = DIRECTION('',(0.,0.,-1.));
#7740 = PCURVE('',#853,#7741);
#7741 = DEFINITIONAL_REPRESENTATION('',(#7742),#7746);
#7742 = LINE('',#7743,#7744);
#7743 = CARTESIAN_POINT('',(3.14159265359,-5.));
#7744 = VECTOR('',#7745,1.);
#7745 = DIRECTION('',(-0.,1.));
#7746 = ( GEOMETRIC_REPRESENTATION_CONTEXT(2) 
PARAMETRIC_REPRESENTATION_CONTEXT() REPRESENTATION_CONTEXT('2D SPACE',''
  ) );
#7747 = PCURVE('',#880,#7748);
#7748 = DEFINITIONAL_REPRESENTATION('',(#7749),#7753);
#7749 = LINE('',#7750,#7751);
#7750 = CARTESIAN_POINT('',(0.,-5.));
#7751 = VECTOR('',#7752,1.);
#7752 = DIRECTION('',(-0.,1.));
#7753 = ( GEOMETRIC_REPRESENTATION_CONTEXT(2) 
PARAMETRIC_REPRESENTATION_CONTEXT() REPRESENTATION_CONTEXT('2D SPACE',''
  ) );
#7754 = ORIENTED_EDGE('',*,*,#832,.F.);
#7755 = ADVANCED_FACE('',(#7756),#910,.F.);
#7756 = FACE_BOUND('',#7757,.F.);
#7757 = EDGE_LOOP('',(#7758,#7779,#7780,#7781));
#7758 = ORIENTED_EDGE('',*,*,#7759,.T.);
#7759 = EDGE_CURVE('',#866,#4589,#7760,.T.);
#7760 = SURFACE_CURVE('',#7761,(#7765,#7772),.PCURVE_S1.);
#7761 = LINE('',#7762,#7763);
#7762 = CARTESIAN_POINT('',(-3.125,-54.575,-5.));
#7763 = VECTOR('',#7764,1.);
#7764 = DIRECTION('',(0.,0.,1.));
#7765 = PCURVE('',#910,#7766);
#7766 = DEFINITIONAL_REPRESENTATION('',(#7767),#7771);
#7767 = LINE('',#7768,#7769);
#7768 = CARTESIAN_POINT('',(0.,5.));
#7769 = VECTOR('',#7770,1.);
#7770 = DIRECTION('',(0.,-1.));
#7771 = ( GEOMETRIC_REPRESENTATION_CONTEXT(2) 
PARAMETRIC_REPRESENTATION_CONTEXT() REPRESENTATION_CONTEXT('2D SPACE',''
  ) );
#7772 = PCURVE('',#880,#7773);
#7773 = DEFINITIONAL_REPRESENTATION('',(#7774),#7778);
#7774 = LINE('',#7775,#7776);
#7775 = CARTESIAN_POINT('',(38.75,5.));
#7776 = VECTOR('',#7777,1.);
#7777 = DIRECTION('',(0.,-1.));
#7778 = ( GEOMETRIC_REPRESENTATION_CONTEXT(2) 
PARAMETRIC_REPRESENTATION_CONTEXT() REPRESENTATION_CONTEXT('2D SPACE',''
  ) );
#7779 = ORIENTED_EDGE('',*,*,#4609,.T.);
#7780 = ORIENTED_EDGE('',*,*,#7685,.F.);
#7781 = ORIENTED_EDGE('',*,*,#891,.F.);
#7782 = ADVANCED_FACE('',(#7783),#880,.F.);
#7783 = FACE_BOUND('',#7784,.F.);
#7784 = EDGE_LOOP('',(#7785,#7786,#7787,#7788));
#7785 = ORIENTED_EDGE('',*,*,#7734,.F.);
#7786 = ORIENTED_EDGE('',*,*,#4588,.F.);
#7787 = ORIENTED_EDGE('',*,*,#7759,.F.);
#7788 = ORIENTED_EDGE('',*,*,#865,.T.);
#7789 = ADVANCED_FACE('',(#7790),#941,.F.);
#7790 = FACE_BOUND('',#7791,.F.);
#7791 = EDGE_LOOP('',(#7792,#7813,#7814,#7835));
#7792 = ORIENTED_EDGE('',*,*,#7793,.T.);
#7793 = EDGE_CURVE('',#927,#4640,#7794,.T.);
#7794 = SURFACE_CURVE('',#7795,(#7799,#7806),.PCURVE_S1.);
#7795 = LINE('',#7796,#7797);
#7796 = CARTESIAN_POINT('',(-54.575,-10.625,-5.));
#7797 = VECTOR('',#7798,1.);
#7798 = DIRECTION('',(0.,0.,1.));
#7799 = PCURVE('',#941,#7800);
#7800 = DEFINITIONAL_REPRESENTATION('',(#7801),#7805);
#7801 = LINE('',#7802,#7803);
#7802 = CARTESIAN_POINT('',(0.,5.));
#7803 = VECTOR('',#7804,1.);
#7804 = DIRECTION('',(0.,-1.));
#7805 = ( GEOMETRIC_REPRESENTATION_CONTEXT(2) 
PARAMETRIC_REPRESENTATION_CONTEXT() REPRESENTATION_CONTEXT('2D SPACE',''
  ) );
#7806 = PCURVE('',#1030,#7807);
#7807 = DEFINITIONAL_REPRESENTATION('',(#7808),#7812);
#7808 = LINE('',#7809,#7810);
#7809 = CARTESIAN_POINT('',(3.14159265359,5.));
#7810 = VECTOR('',#7811,1.);
#7811 = DIRECTION('',(0.,-1.));
#7812 = ( GEOMETRIC_REPRESENTATION_CONTEXT(2) 
PARAMETRIC_REPRESENTATION_CONTEXT() REPRESENTATION_CONTEXT('2D SPACE',''
  ) );
#7813 = ORIENTED_EDGE('',*,*,#4637,.F.);
#7814 = ORIENTED_EDGE('',*,*,#7815,.T.);
#7815 = EDGE_CURVE('',#4638,#925,#7816,.T.);
#7816 = SURFACE_CURVE('',#7817,(#7821,#7828),.PCURVE_S1.);
#7817 = LINE('',#7818,#7819);
#7818 = CARTESIAN_POINT('',(-15.825,-10.625,5.));
#7819 = VECTOR('',#7820,1.);
#7820 = DIRECTION('',(0.,0.,-1.));
#7821 = PCURVE('',#941,#7822);
#7822 = DEFINITIONAL_REPRESENTATION('',(#7823),#7827);
#7823 = LINE('',#7824,#7825);
#7824 = CARTESIAN_POINT('',(38.75,-5.));
#7825 = VECTOR('',#7826,1.);
#7826 = DIRECTION('',(0.,1.));
#7827 = ( GEOMETRIC_REPRESENTATION_CONTEXT(2) 
PARAMETRIC_REPRESENTATION_CONTEXT() REPRESENTATION_CONTEXT('2D SPACE',''
  ) );
#7828 = PCURVE('',#973,#7829);
#7829 = DEFINITIONAL_REPRESENTATION('',(#7830),#7834);
#7830 = LINE('',#7831,#7832);
#7831 = CARTESIAN_POINT('',(0.,-5.));
#7832 = VECTOR('',#7833,1.);
#7833 = DIRECTION('',(-0.,1.));
#7834 = ( GEOMETRIC_REPRESENTATION_CONTEXT(2) 
PARAMETRIC_REPRESENTATION_CONTEXT() REPRESENTATION_CONTEXT('2D SPACE',''
  ) );
#7835 = ORIENTED_EDGE('',*,*,#924,.T.);
#7836 = ADVANCED_FACE('',(#7837),#973,.F.);
#7837 = FACE_BOUND('',#7838,.F.);
#7838 = EDGE_LOOP('',(#7839,#7840,#7841,#7862));
#7839 = ORIENTED_EDGE('',*,*,#7815,.F.);
#7840 = ORIENTED_EDGE('',*,*,#4660,.T.);
#7841 = ORIENTED_EDGE('',*,*,#7842,.T.);
#7842 = EDGE_CURVE('',#4661,#953,#7843,.T.);
#7843 = SURFACE_CURVE('',#7844,(#7848,#7855),.PCURVE_S1.);
#7844 = LINE('',#7845,#7846);
#7845 = CARTESIAN_POINT('',(-15.825,-11.875,5.));
#7846 = VECTOR('',#7847,1.);
#7847 = DIRECTION('',(0.,0.,-1.));
#7848 = PCURVE('',#973,#7849);
#7849 = DEFINITIONAL_REPRESENTATION('',(#7850),#7854);
#7850 = LINE('',#7851,#7852);
#7851 = CARTESIAN_POINT('',(3.14159265359,-5.));
#7852 = VECTOR('',#7853,1.);
#7853 = DIRECTION('',(-0.,1.));
#7854 = ( GEOMETRIC_REPRESENTATION_CONTEXT(2) 
PARAMETRIC_REPRESENTATION_CONTEXT() REPRESENTATION_CONTEXT('2D SPACE',''
  ) );
#7855 = PCURVE('',#1000,#7856);
#7856 = DEFINITIONAL_REPRESENTATION('',(#7857),#7861);
#7857 = LINE('',#7858,#7859);
#7858 = CARTESIAN_POINT('',(0.,-5.));
#7859 = VECTOR('',#7860,1.);
#7860 = DIRECTION('',(0.,1.));
#7861 = ( GEOMETRIC_REPRESENTATION_CONTEXT(2) 
PARAMETRIC_REPRESENTATION_CONTEXT() REPRESENTATION_CONTEXT('2D SPACE',''
  ) );
#7862 = ORIENTED_EDGE('',*,*,#952,.F.);
#7863 = ADVANCED_FACE('',(#7864),#1030,.F.);
#7864 = FACE_BOUND('',#7865,.F.);
#7865 = EDGE_LOOP('',(#7866,#7887,#7888,#7889));
#7866 = ORIENTED_EDGE('',*,*,#7867,.T.);
#7867 = EDGE_CURVE('',#986,#4689,#7868,.T.);
#7868 = SURFACE_CURVE('',#7869,(#7873,#7880),.PCURVE_S1.);
#7869 = LINE('',#7870,#7871);
#7870 = CARTESIAN_POINT('',(-54.575,-11.875,-5.));
#7871 = VECTOR('',#7872,1.);
#7872 = DIRECTION('',(0.,0.,1.));
#7873 = PCURVE('',#1030,#7874);
#7874 = DEFINITIONAL_REPRESENTATION('',(#7875),#7879);
#7875 = LINE('',#7876,#7877);
#7876 = CARTESIAN_POINT('',(0.,5.));
#7877 = VECTOR('',#7878,1.);
#7878 = DIRECTION('',(0.,-1.));
#7879 = ( GEOMETRIC_REPRESENTATION_CONTEXT(2) 
PARAMETRIC_REPRESENTATION_CONTEXT() REPRESENTATION_CONTEXT('2D SPACE',''
  ) );
#7880 = PCURVE('',#1000,#7881);
#7881 = DEFINITIONAL_REPRESENTATION('',(#7882),#7886);
#7882 = LINE('',#7883,#7884);
#7883 = CARTESIAN_POINT('',(38.75,5.));
#7884 = VECTOR('',#7885,1.);
#7885 = DIRECTION('',(0.,-1.));
#7886 = ( GEOMETRIC_REPRESENTATION_CONTEXT(2) 
PARAMETRIC_REPRESENTATION_CONTEXT() REPRESENTATION_CONTEXT('2D SPACE',''
  ) );
#7887 = ORIENTED_EDGE('',*,*,#4709,.T.);
#7888 = ORIENTED_EDGE('',*,*,#7793,.F.);
#7889 = ORIENTED_EDGE('',*,*,#1011,.F.);
#7890 = ADVANCED_FACE('',(#7891),#1000,.F.);
#7891 = FACE_BOUND('',#7892,.F.);
#7892 = EDGE_LOOP('',(#7893,#7894,#7895,#7896));
#7893 = ORIENTED_EDGE('',*,*,#7842,.F.);
#7894 = ORIENTED_EDGE('',*,*,#4688,.F.);
#7895 = ORIENTED_EDGE('',*,*,#7867,.F.);
#7896 = ORIENTED_EDGE('',*,*,#985,.T.);
#7897 = ADVANCED_FACE('',(#7898),#1061,.F.);
#7898 = FACE_BOUND('',#7899,.F.);
#7899 = EDGE_LOOP('',(#7900,#7921,#7922,#7943));
#7900 = ORIENTED_EDGE('',*,*,#7901,.T.);
#7901 = EDGE_CURVE('',#1047,#4740,#7902,.T.);
#7902 = SURFACE_CURVE('',#7903,(#7907,#7914),.PCURVE_S1.);
#7903 = LINE('',#7904,#7905);
#7904 = CARTESIAN_POINT('',(-54.575,-6.875,-5.));
#7905 = VECTOR('',#7906,1.);
#7906 = DIRECTION('',(0.,0.,1.));
#7907 = PCURVE('',#1061,#7908);
#7908 = DEFINITIONAL_REPRESENTATION('',(#7909),#7913);
#7909 = LINE('',#7910,#7911);
#7910 = CARTESIAN_POINT('',(0.,5.));
#7911 = VECTOR('',#7912,1.);
#7912 = DIRECTION('',(0.,-1.));
#7913 = ( GEOMETRIC_REPRESENTATION_CONTEXT(2) 
PARAMETRIC_REPRESENTATION_CONTEXT() REPRESENTATION_CONTEXT('2D SPACE',''
  ) );
#7914 = PCURVE('',#1150,#7915);
#7915 = DEFINITIONAL_REPRESENTATION('',(#7916),#7920);
#7916 = LINE('',#7917,#7918);
#7917 = CARTESIAN_POINT('',(3.14159265359,5.));
#7918 = VECTOR('',#7919,1.);
#7919 = DIRECTION('',(0.,-1.));
#7920 = ( GEOMETRIC_REPRESENTATION_CONTEXT(2) 
PARAMETRIC_REPRESENTATION_CONTEXT() REPRESENTATION_CONTEXT('2D SPACE',''
  ) );
#7921 = ORIENTED_EDGE('',*,*,#4737,.F.);
#7922 = ORIENTED_EDGE('',*,*,#7923,.T.);
#7923 = EDGE_CURVE('',#4738,#1045,#7924,.T.);
#7924 = SURFACE_CURVE('',#7925,(#7929,#7936),.PCURVE_S1.);
#7925 = LINE('',#7926,#7927);
#7926 = CARTESIAN_POINT('',(-15.825,-6.875,5.));
#7927 = VECTOR('',#7928,1.);
#7928 = DIRECTION('',(0.,0.,-1.));
#7929 = PCURVE('',#1061,#7930);
#7930 = DEFINITIONAL_REPRESENTATION('',(#7931),#7935);
#7931 = LINE('',#7932,#7933);
#7932 = CARTESIAN_POINT('',(38.75,-5.));
#7933 = VECTOR('',#7934,1.);
#7934 = DIRECTION('',(0.,1.));
#7935 = ( GEOMETRIC_REPRESENTATION_CONTEXT(2) 
PARAMETRIC_REPRESENTATION_CONTEXT() REPRESENTATION_CONTEXT('2D SPACE',''
  ) );
#7936 = PCURVE('',#1093,#7937);
#7937 = DEFINITIONAL_REPRESENTATION('',(#7938),#7942);
#7938 = LINE('',#7939,#7940);
#7939 = CARTESIAN_POINT('',(0.,-5.));
#7940 = VECTOR('',#7941,1.);
#7941 = DIRECTION('',(-0.,1.));
#7942 = ( GEOMETRIC_REPRESENTATION_CONTEXT(2) 
PARAMETRIC_REPRESENTATION_CONTEXT() REPRESENTATION_CONTEXT('2D SPACE',''
  ) );
#7943 = ORIENTED_EDGE('',*,*,#1044,.T.);
#7944 = ADVANCED_FACE('',(#7945),#1093,.F.);
#7945 = FACE_BOUND('',#7946,.F.);
#7946 = EDGE_LOOP('',(#7947,#7948,#7949,#7970));
#7947 = ORIENTED_EDGE('',*,*,#7923,.F.);
#7948 = ORIENTED_EDGE('',*,*,#4760,.T.);
#7949 = ORIENTED_EDGE('',*,*,#7950,.T.);
#7950 = EDGE_CURVE('',#4761,#1073,#7951,.T.);
#7951 = SURFACE_CURVE('',#7952,(#7956,#7963),.PCURVE_S1.);
#7952 = LINE('',#7953,#7954);
#7953 = CARTESIAN_POINT('',(-15.825,-8.125,5.));
#7954 = VECTOR('',#7955,1.);
#7955 = DIRECTION('',(0.,0.,-1.));
#7956 = PCURVE('',#1093,#7957);
#7957 = DEFINITIONAL_REPRESENTATION('',(#7958),#7962);
#7958 = LINE('',#7959,#7960);
#7959 = CARTESIAN_POINT('',(3.14159265359,-5.));
#7960 = VECTOR('',#7961,1.);
#7961 = DIRECTION('',(-0.,1.));
#7962 = ( GEOMETRIC_REPRESENTATION_CONTEXT(2) 
PARAMETRIC_REPRESENTATION_CONTEXT() REPRESENTATION_CONTEXT('2D SPACE',''
  ) );
#7963 = PCURVE('',#1120,#7964);
#7964 = DEFINITIONAL_REPRESENTATION('',(#7965),#7969);
#7965 = LINE('',#7966,#7967);
#7966 = CARTESIAN_POINT('',(0.,-5.));
#7967 = VECTOR('',#7968,1.);
#7968 = DIRECTION('',(0.,1.));
#7969 = ( GEOMETRIC_REPRESENTATION_CONTEXT(2) 
PARAMETRIC_REPRESENTATION_CONTEXT() REPRESENTATION_CONTEXT('2D SPACE',''
  ) );
#7970 = ORIENTED_EDGE('',*,*,#1072,.F.);
#7971 = ADVANCED_FACE('',(#7972),#1150,.F.);
#7972 = FACE_BOUND('',#7973,.F.);
#7973 = EDGE_LOOP('',(#7974,#7995,#7996,#7997));
#7974 = ORIENTED_EDGE('',*,*,#7975,.T.);
#7975 = EDGE_CURVE('',#1106,#4789,#7976,.T.);
#7976 = SURFACE_CURVE('',#7977,(#7981,#7988),.PCURVE_S1.);
#7977 = LINE('',#7978,#7979);
#7978 = CARTESIAN_POINT('',(-54.575,-8.125,-5.));
#7979 = VECTOR('',#7980,1.);
#7980 = DIRECTION('',(0.,0.,1.));
#7981 = PCURVE('',#1150,#7982);
#7982 = DEFINITIONAL_REPRESENTATION('',(#7983),#7987);
#7983 = LINE('',#7984,#7985);
#7984 = CARTESIAN_POINT('',(0.,5.));
#7985 = VECTOR('',#7986,1.);
#7986 = DIRECTION('',(0.,-1.));
#7987 = ( GEOMETRIC_REPRESENTATION_CONTEXT(2) 
PARAMETRIC_REPRESENTATION_CONTEXT() REPRESENTATION_CONTEXT('2D SPACE',''
  ) );
#7988 = PCURVE('',#1120,#7989);
#7989 = DEFINITIONAL_REPRESENTATION('',(#7990),#7994);
#7990 = LINE('',#7991,#7992);
#7991 = CARTESIAN_POINT('',(38.75,5.));
#7992 = VECTOR('',#7993,1.);
#7993 = DIRECTION('',(0.,-1.));
#7994 = ( GEOMETRIC_REPRESENTATION_CONTEXT(2) 
PARAMETRIC_REPRESENTATION_CONTEXT() REPRESENTATION_CONTEXT('2D SPACE',''
  ) );
#7995 = ORIENTED_EDGE('',*,*,#4809,.T.);
#7996 = ORIENTED_EDGE('',*,*,#7901,.F.);
#7997 = ORIENTED_EDGE('',*,*,#1131,.F.);
#7998 = ADVANCED_FACE('',(#7999),#1120,.F.);
#7999 = FACE_BOUND('',#8000,.F.);
#8000 = EDGE_LOOP('',(#8001,#8002,#8003,#8004));
#8001 = ORIENTED_EDGE('',*,*,#7950,.F.);
#8002 = ORIENTED_EDGE('',*,*,#4788,.F.);
#8003 = ORIENTED_EDGE('',*,*,#7975,.F.);
#8004 = ORIENTED_EDGE('',*,*,#1105,.T.);
#8005 = ADVANCED_FACE('',(#8006),#1181,.F.);
#8006 = FACE_BOUND('',#8007,.F.);
#8007 = EDGE_LOOP('',(#8008,#8029,#8030,#8051));
#8008 = ORIENTED_EDGE('',*,*,#8009,.T.);
#8009 = EDGE_CURVE('',#1167,#4840,#8010,.T.);
#8010 = SURFACE_CURVE('',#8011,(#8015,#8022),.PCURVE_S1.);
#8011 = LINE('',#8012,#8013);
#8012 = CARTESIAN_POINT('',(-54.575,-3.125,-5.));
#8013 = VECTOR('',#8014,1.);
#8014 = DIRECTION('',(0.,0.,1.));
#8015 = PCURVE('',#1181,#8016);
#8016 = DEFINITIONAL_REPRESENTATION('',(#8017),#8021);
#8017 = LINE('',#8018,#8019);
#8018 = CARTESIAN_POINT('',(0.,5.));
#8019 = VECTOR('',#8020,1.);
#8020 = DIRECTION('',(0.,-1.));
#8021 = ( GEOMETRIC_REPRESENTATION_CONTEXT(2) 
PARAMETRIC_REPRESENTATION_CONTEXT() REPRESENTATION_CONTEXT('2D SPACE',''
  ) );
#8022 = PCURVE('',#1270,#8023);
#8023 = DEFINITIONAL_REPRESENTATION('',(#8024),#8028);
#8024 = LINE('',#8025,#8026);
#8025 = CARTESIAN_POINT('',(3.14159265359,5.));
#8026 = VECTOR('',#8027,1.);
#8027 = DIRECTION('',(0.,-1.));
#8028 = ( GEOMETRIC_REPRESENTATION_CONTEXT(2) 
PARAMETRIC_REPRESENTATION_CONTEXT() REPRESENTATION_CONTEXT('2D SPACE',''
  ) );
#8029 = ORIENTED_EDGE('',*,*,#4837,.F.);
#8030 = ORIENTED_EDGE('',*,*,#8031,.T.);
#8031 = EDGE_CURVE('',#4838,#1165,#8032,.T.);
#8032 = SURFACE_CURVE('',#8033,(#8037,#8044),.PCURVE_S1.);
#8033 = LINE('',#8034,#8035);
#8034 = CARTESIAN_POINT('',(-15.825,-3.125,5.));
#8035 = VECTOR('',#8036,1.);
#8036 = DIRECTION('',(0.,0.,-1.));
#8037 = PCURVE('',#1181,#8038);
#8038 = DEFINITIONAL_REPRESENTATION('',(#8039),#8043);
#8039 = LINE('',#8040,#8041);
#8040 = CARTESIAN_POINT('',(38.75,-5.));
#8041 = VECTOR('',#8042,1.);
#8042 = DIRECTION('',(0.,1.));
#8043 = ( GEOMETRIC_REPRESENTATION_CONTEXT(2) 
PARAMETRIC_REPRESENTATION_CONTEXT() REPRESENTATION_CONTEXT('2D SPACE',''
  ) );
#8044 = PCURVE('',#1213,#8045);
#8045 = DEFINITIONAL_REPRESENTATION('',(#8046),#8050);
#8046 = LINE('',#8047,#8048);
#8047 = CARTESIAN_POINT('',(0.,-5.));
#8048 = VECTOR('',#8049,1.);
#8049 = DIRECTION('',(-0.,1.));
#8050 = ( GEOMETRIC_REPRESENTATION_CONTEXT(2) 
PARAMETRIC_REPRESENTATION_CONTEXT() REPRESENTATION_CONTEXT('2D SPACE',''
  ) );
#8051 = ORIENTED_EDGE('',*,*,#1164,.T.);
#8052 = ADVANCED_FACE('',(#8053),#1213,.F.);
#8053 = FACE_BOUND('',#8054,.F.);
#8054 = EDGE_LOOP('',(#8055,#8056,#8057,#8078));
#8055 = ORIENTED_EDGE('',*,*,#8031,.F.);
#8056 = ORIENTED_EDGE('',*,*,#4860,.T.);
#8057 = ORIENTED_EDGE('',*,*,#8058,.T.);
#8058 = EDGE_CURVE('',#4861,#1193,#8059,.T.);
#8059 = SURFACE_CURVE('',#8060,(#8064,#8071),.PCURVE_S1.);
#8060 = LINE('',#8061,#8062);
#8061 = CARTESIAN_POINT('',(-15.825,-4.375,5.));
#8062 = VECTOR('',#8063,1.);
#8063 = DIRECTION('',(0.,0.,-1.));
#8064 = PCURVE('',#1213,#8065);
#8065 = DEFINITIONAL_REPRESENTATION('',(#8066),#8070);
#8066 = LINE('',#8067,#8068);
#8067 = CARTESIAN_POINT('',(3.14159265359,-5.));
#8068 = VECTOR('',#8069,1.);
#8069 = DIRECTION('',(-0.,1.));
#8070 = ( GEOMETRIC_REPRESENTATION_CONTEXT(2) 
PARAMETRIC_REPRESENTATION_CONTEXT() REPRESENTATION_CONTEXT('2D SPACE',''
  ) );
#8071 = PCURVE('',#1240,#8072);
#8072 = DEFINITIONAL_REPRESENTATION('',(#8073),#8077);
#8073 = LINE('',#8074,#8075);
#8074 = CARTESIAN_POINT('',(0.,-5.));
#8075 = VECTOR('',#8076,1.);
#8076 = DIRECTION('',(0.,1.));
#8077 = ( GEOMETRIC_REPRESENTATION_CONTEXT(2) 
PARAMETRIC_REPRESENTATION_CONTEXT() REPRESENTATION_CONTEXT('2D SPACE',''
  ) );
#8078 = ORIENTED_EDGE('',*,*,#1192,.F.);
#8079 = ADVANCED_FACE('',(#8080),#1270,.F.);
#8080 = FACE_BOUND('',#8081,.F.);
#8081 = EDGE_LOOP('',(#8082,#8103,#8104,#8105));
#8082 = ORIENTED_EDGE('',*,*,#8083,.T.);
#8083 = EDGE_CURVE('',#1226,#4889,#8084,.T.);
#8084 = SURFACE_CURVE('',#8085,(#8089,#8096),.PCURVE_S1.);
#8085 = LINE('',#8086,#8087);
#8086 = CARTESIAN_POINT('',(-54.575,-4.375,-5.));
#8087 = VECTOR('',#8088,1.);
#8088 = DIRECTION('',(0.,0.,1.));
#8089 = PCURVE('',#1270,#8090);
#8090 = DEFINITIONAL_REPRESENTATION('',(#8091),#8095);
#8091 = LINE('',#8092,#8093);
#8092 = CARTESIAN_POINT('',(0.,5.));
#8093 = VECTOR('',#8094,1.);
#8094 = DIRECTION('',(0.,-1.));
#8095 = ( GEOMETRIC_REPRESENTATION_CONTEXT(2) 
PARAMETRIC_REPRESENTATION_CONTEXT() REPRESENTATION_CONTEXT('2D SPACE',''
  ) );
#8096 = PCURVE('',#1240,#8097);
#8097 = DEFINITIONAL_REPRESENTATION('',(#8098),#8102);
#8098 = LINE('',#8099,#8100);
#8099 = CARTESIAN_POINT('',(38.75,5.));
#8100 = VECTOR('',#8101,1.);
#8101 = DIRECTION('',(0.,-1.));
#8102 = ( GEOMETRIC_REPRESENTATION_CONTEXT(2) 
PARAMETRIC_REPRESENTATION_CONTEXT() REPRESENTATION_CONTEXT('2D SPACE',''
  ) );
#8103 = ORIENTED_EDGE('',*,*,#4909,.T.);
#8104 = ORIENTED_EDGE('',*,*,#8009,.F.);
#8105 = ORIENTED_EDGE('',*,*,#1251,.F.);
#8106 = ADVANCED_FACE('',(#8107),#1240,.F.);
#8107 = FACE_BOUND('',#8108,.F.);
#8108 = EDGE_LOOP('',(#8109,#8110,#8111,#8112));
#8109 = ORIENTED_EDGE('',*,*,#8058,.F.);
#8110 = ORIENTED_EDGE('',*,*,#4888,.F.);
#8111 = ORIENTED_EDGE('',*,*,#8083,.F.);
#8112 = ORIENTED_EDGE('',*,*,#1225,.T.);
#8113 = ADVANCED_FACE('',(#8114),#1301,.F.);
#8114 = FACE_BOUND('',#8115,.F.);
#8115 = EDGE_LOOP('',(#8116,#8137,#8138,#8159));
#8116 = ORIENTED_EDGE('',*,*,#8117,.T.);
#8117 = EDGE_CURVE('',#1287,#4940,#8118,.T.);
#8118 = SURFACE_CURVE('',#8119,(#8123,#8130),.PCURVE_S1.);
#8119 = LINE('',#8120,#8121);
#8120 = CARTESIAN_POINT('',(-0.625,-54.575,-5.));
#8121 = VECTOR('',#8122,1.);
#8122 = DIRECTION('',(0.,0.,1.));
#8123 = PCURVE('',#1301,#8124);
#8124 = DEFINITIONAL_REPRESENTATION('',(#8125),#8129);
#8125 = LINE('',#8126,#8127);
#8126 = CARTESIAN_POINT('',(0.,5.));
#8127 = VECTOR('',#8128,1.);
#8128 = DIRECTION('',(0.,-1.));
#8129 = ( GEOMETRIC_REPRESENTATION_CONTEXT(2) 
PARAMETRIC_REPRESENTATION_CONTEXT() REPRESENTATION_CONTEXT('2D SPACE',''
  ) );
#8130 = PCURVE('',#1390,#8131);
#8131 = DEFINITIONAL_REPRESENTATION('',(#8132),#8136);
#8132 = LINE('',#8133,#8134);
#8133 = CARTESIAN_POINT('',(3.14159265359,5.));
#8134 = VECTOR('',#8135,1.);
#8135 = DIRECTION('',(0.,-1.));
#8136 = ( GEOMETRIC_REPRESENTATION_CONTEXT(2) 
PARAMETRIC_REPRESENTATION_CONTEXT() REPRESENTATION_CONTEXT('2D SPACE',''
  ) );
#8137 = ORIENTED_EDGE('',*,*,#4937,.F.);
#8138 = ORIENTED_EDGE('',*,*,#8139,.T.);
#8139 = EDGE_CURVE('',#4938,#1285,#8140,.T.);
#8140 = SURFACE_CURVE('',#8141,(#8145,#8152),.PCURVE_S1.);
#8141 = LINE('',#8142,#8143);
#8142 = CARTESIAN_POINT('',(-0.625,-15.825,5.));
#8143 = VECTOR('',#8144,1.);
#8144 = DIRECTION('',(0.,0.,-1.));
#8145 = PCURVE('',#1301,#8146);
#8146 = DEFINITIONAL_REPRESENTATION('',(#8147),#8151);
#8147 = LINE('',#8148,#8149);
#8148 = CARTESIAN_POINT('',(38.75,-5.));
#8149 = VECTOR('',#8150,1.);
#8150 = DIRECTION('',(0.,1.));
#8151 = ( GEOMETRIC_REPRESENTATION_CONTEXT(2) 
PARAMETRIC_REPRESENTATION_CONTEXT() REPRESENTATION_CONTEXT('2D SPACE',''
  ) );
#8152 = PCURVE('',#1333,#8153);
#8153 = DEFINITIONAL_REPRESENTATION('',(#8154),#8158);
#8154 = LINE('',#8155,#8156);
#8155 = CARTESIAN_POINT('',(0.,-5.));
#8156 = VECTOR('',#8157,1.);
#8157 = DIRECTION('',(-0.,1.));
#8158 = ( GEOMETRIC_REPRESENTATION_CONTEXT(2) 
PARAMETRIC_REPRESENTATION_CONTEXT() REPRESENTATION_CONTEXT('2D SPACE',''
  ) );
#8159 = ORIENTED_EDGE('',*,*,#1284,.T.);
#8160 = ADVANCED_FACE('',(#8161),#1333,.F.);
#8161 = FACE_BOUND('',#8162,.F.);
#8162 = EDGE_LOOP('',(#8163,#8164,#8165,#8186));
#8163 = ORIENTED_EDGE('',*,*,#8139,.F.);
#8164 = ORIENTED_EDGE('',*,*,#4960,.T.);
#8165 = ORIENTED_EDGE('',*,*,#8166,.T.);
#8166 = EDGE_CURVE('',#4961,#1313,#8167,.T.);
#8167 = SURFACE_CURVE('',#8168,(#8172,#8179),.PCURVE_S1.);
#8168 = LINE('',#8169,#8170);
#8169 = CARTESIAN_POINT('',(0.625,-15.825,5.));
#8170 = VECTOR('',#8171,1.);
#8171 = DIRECTION('',(0.,0.,-1.));
#8172 = PCURVE('',#1333,#8173);
#8173 = DEFINITIONAL_REPRESENTATION('',(#8174),#8178);
#8174 = LINE('',#8175,#8176);
#8175 = CARTESIAN_POINT('',(3.14159265359,-5.));
#8176 = VECTOR('',#8177,1.);
#8177 = DIRECTION('',(-0.,1.));
#8178 = ( GEOMETRIC_REPRESENTATION_CONTEXT(2) 
PARAMETRIC_REPRESENTATION_CONTEXT() REPRESENTATION_CONTEXT('2D SPACE',''
  ) );
#8179 = PCURVE('',#1360,#8180);
#8180 = DEFINITIONAL_REPRESENTATION('',(#8181),#8185);
#8181 = LINE('',#8182,#8183);
#8182 = CARTESIAN_POINT('',(0.,-5.));
#8183 = VECTOR('',#8184,1.);
#8184 = DIRECTION('',(-0.,1.));
#8185 = ( GEOMETRIC_REPRESENTATION_CONTEXT(2) 
PARAMETRIC_REPRESENTATION_CONTEXT() REPRESENTATION_CONTEXT('2D SPACE',''
  ) );
#8186 = ORIENTED_EDGE('',*,*,#1312,.F.);
#8187 = ADVANCED_FACE('',(#8188),#1390,.F.);
#8188 = FACE_BOUND('',#8189,.F.);
#8189 = EDGE_LOOP('',(#8190,#8211,#8212,#8213));
#8190 = ORIENTED_EDGE('',*,*,#8191,.T.);
#8191 = EDGE_CURVE('',#1346,#4989,#8192,.T.);
#8192 = SURFACE_CURVE('',#8193,(#8197,#8204),.PCURVE_S1.);
#8193 = LINE('',#8194,#8195);
#8194 = CARTESIAN_POINT('',(0.625,-54.575,-5.));
#8195 = VECTOR('',#8196,1.);
#8196 = DIRECTION('',(0.,0.,1.));
#8197 = PCURVE('',#1390,#8198);
#8198 = DEFINITIONAL_REPRESENTATION('',(#8199),#8203);
#8199 = LINE('',#8200,#8201);
#8200 = CARTESIAN_POINT('',(0.,5.));
#8201 = VECTOR('',#8202,1.);
#8202 = DIRECTION('',(0.,-1.));
#8203 = ( GEOMETRIC_REPRESENTATION_CONTEXT(2) 
PARAMETRIC_REPRESENTATION_CONTEXT() REPRESENTATION_CONTEXT('2D SPACE',''
  ) );
#8204 = PCURVE('',#1360,#8205);
#8205 = DEFINITIONAL_REPRESENTATION('',(#8206),#8210);
#8206 = LINE('',#8207,#8208);
#8207 = CARTESIAN_POINT('',(38.75,5.));
#8208 = VECTOR('',#8209,1.);
#8209 = DIRECTION('',(0.,-1.));
#8210 = ( GEOMETRIC_REPRESENTATION_CONTEXT(2) 
PARAMETRIC_REPRESENTATION_CONTEXT() REPRESENTATION_CONTEXT('2D SPACE',''
  ) );
#8211 = ORIENTED_EDGE('',*,*,#5009,.T.);
#8212 = ORIENTED_EDGE('',*,*,#8117,.F.);
#8213 = ORIENTED_EDGE('',*,*,#1371,.F.);
#8214 = ADVANCED_FACE('',(#8215),#1360,.F.);
#8215 = FACE_BOUND('',#8216,.F.);
#8216 = EDGE_LOOP('',(#8217,#8218,#8219,#8220));
#8217 = ORIENTED_EDGE('',*,*,#8166,.F.);
#8218 = ORIENTED_EDGE('',*,*,#4988,.F.);
#8219 = ORIENTED_EDGE('',*,*,#8191,.F.);
#8220 = ORIENTED_EDGE('',*,*,#1345,.T.);
#8221 = ADVANCED_FACE('',(#8222),#1421,.F.);
#8222 = FACE_BOUND('',#8223,.F.);
#8223 = EDGE_LOOP('',(#8224,#8245,#8246,#8267));
#8224 = ORIENTED_EDGE('',*,*,#8225,.T.);
#8225 = EDGE_CURVE('',#1407,#5040,#8226,.T.);
#8226 = SURFACE_CURVE('',#8227,(#8231,#8238),.PCURVE_S1.);
#8227 = LINE('',#8228,#8229);
#8228 = CARTESIAN_POINT('',(3.125,-54.575,-5.));
#8229 = VECTOR('',#8230,1.);
#8230 = DIRECTION('',(0.,0.,1.));
#8231 = PCURVE('',#1421,#8232);
#8232 = DEFINITIONAL_REPRESENTATION('',(#8233),#8237);
#8233 = LINE('',#8234,#8235);
#8234 = CARTESIAN_POINT('',(0.,5.));
#8235 = VECTOR('',#8236,1.);
#8236 = DIRECTION('',(0.,-1.));
#8237 = ( GEOMETRIC_REPRESENTATION_CONTEXT(2) 
PARAMETRIC_REPRESENTATION_CONTEXT() REPRESENTATION_CONTEXT('2D SPACE',''
  ) );
#8238 = PCURVE('',#1510,#8239);
#8239 = DEFINITIONAL_REPRESENTATION('',(#8240),#8244);
#8240 = LINE('',#8241,#8242);
#8241 = CARTESIAN_POINT('',(3.14159265359,5.));
#8242 = VECTOR('',#8243,1.);
#8243 = DIRECTION('',(0.,-1.));
#8244 = ( GEOMETRIC_REPRESENTATION_CONTEXT(2) 
PARAMETRIC_REPRESENTATION_CONTEXT() REPRESENTATION_CONTEXT('2D SPACE',''
  ) );
#8245 = ORIENTED_EDGE('',*,*,#5037,.F.);
#8246 = ORIENTED_EDGE('',*,*,#8247,.T.);
#8247 = EDGE_CURVE('',#5038,#1405,#8248,.T.);
#8248 = SURFACE_CURVE('',#8249,(#8253,#8260),.PCURVE_S1.);
#8249 = LINE('',#8250,#8251);
#8250 = CARTESIAN_POINT('',(3.125,-15.825,5.));
#8251 = VECTOR('',#8252,1.);
#8252 = DIRECTION('',(0.,0.,-1.));
#8253 = PCURVE('',#1421,#8254);
#8254 = DEFINITIONAL_REPRESENTATION('',(#8255),#8259);
#8255 = LINE('',#8256,#8257);
#8256 = CARTESIAN_POINT('',(38.75,-5.));
#8257 = VECTOR('',#8258,1.);
#8258 = DIRECTION('',(0.,1.));
#8259 = ( GEOMETRIC_REPRESENTATION_CONTEXT(2) 
PARAMETRIC_REPRESENTATION_CONTEXT() REPRESENTATION_CONTEXT('2D SPACE',''
  ) );
#8260 = PCURVE('',#1453,#8261);
#8261 = DEFINITIONAL_REPRESENTATION('',(#8262),#8266);
#8262 = LINE('',#8263,#8264);
#8263 = CARTESIAN_POINT('',(0.,-5.));
#8264 = VECTOR('',#8265,1.);
#8265 = DIRECTION('',(-0.,1.));
#8266 = ( GEOMETRIC_REPRESENTATION_CONTEXT(2) 
PARAMETRIC_REPRESENTATION_CONTEXT() REPRESENTATION_CONTEXT('2D SPACE',''
  ) );
#8267 = ORIENTED_EDGE('',*,*,#1404,.T.);
#8268 = ADVANCED_FACE('',(#8269),#1453,.F.);
#8269 = FACE_BOUND('',#8270,.F.);
#8270 = EDGE_LOOP('',(#8271,#8272,#8273,#8294));
#8271 = ORIENTED_EDGE('',*,*,#8247,.F.);
#8272 = ORIENTED_EDGE('',*,*,#5060,.T.);
#8273 = ORIENTED_EDGE('',*,*,#8274,.T.);
#8274 = EDGE_CURVE('',#5061,#1433,#8275,.T.);
#8275 = SURFACE_CURVE('',#8276,(#8280,#8287),.PCURVE_S1.);
#8276 = LINE('',#8277,#8278);
#8277 = CARTESIAN_POINT('',(4.375,-15.825,5.));
#8278 = VECTOR('',#8279,1.);
#8279 = DIRECTION('',(0.,0.,-1.));
#8280 = PCURVE('',#1453,#8281);
#8281 = DEFINITIONAL_REPRESENTATION('',(#8282),#8286);
#8282 = LINE('',#8283,#8284);
#8283 = CARTESIAN_POINT('',(3.14159265359,-5.));
#8284 = VECTOR('',#8285,1.);
#8285 = DIRECTION('',(-0.,1.));
#8286 = ( GEOMETRIC_REPRESENTATION_CONTEXT(2) 
PARAMETRIC_REPRESENTATION_CONTEXT() REPRESENTATION_CONTEXT('2D SPACE',''
  ) );
#8287 = PCURVE('',#1480,#8288);
#8288 = DEFINITIONAL_REPRESENTATION('',(#8289),#8293);
#8289 = LINE('',#8290,#8291);
#8290 = CARTESIAN_POINT('',(0.,-5.));
#8291 = VECTOR('',#8292,1.);
#8292 = DIRECTION('',(-0.,1.));
#8293 = ( GEOMETRIC_REPRESENTATION_CONTEXT(2) 
PARAMETRIC_REPRESENTATION_CONTEXT() REPRESENTATION_CONTEXT('2D SPACE',''
  ) );
#8294 = ORIENTED_EDGE('',*,*,#1432,.F.);
#8295 = ADVANCED_FACE('',(#8296),#1510,.F.);
#8296 = FACE_BOUND('',#8297,.F.);
#8297 = EDGE_LOOP('',(#8298,#8319,#8320,#8321));
#8298 = ORIENTED_EDGE('',*,*,#8299,.T.);
#8299 = EDGE_CURVE('',#1466,#5089,#8300,.T.);
#8300 = SURFACE_CURVE('',#8301,(#8305,#8312),.PCURVE_S1.);
#8301 = LINE('',#8302,#8303);
#8302 = CARTESIAN_POINT('',(4.375,-54.575,-5.));
#8303 = VECTOR('',#8304,1.);
#8304 = DIRECTION('',(0.,0.,1.));
#8305 = PCURVE('',#1510,#8306);
#8306 = DEFINITIONAL_REPRESENTATION('',(#8307),#8311);
#8307 = LINE('',#8308,#8309);
#8308 = CARTESIAN_POINT('',(0.,5.));
#8309 = VECTOR('',#8310,1.);
#8310 = DIRECTION('',(0.,-1.));
#8311 = ( GEOMETRIC_REPRESENTATION_CONTEXT(2) 
PARAMETRIC_REPRESENTATION_CONTEXT() REPRESENTATION_CONTEXT('2D SPACE',''
  ) );
#8312 = PCURVE('',#1480,#8313);
#8313 = DEFINITIONAL_REPRESENTATION('',(#8314),#8318);
#8314 = LINE('',#8315,#8316);
#8315 = CARTESIAN_POINT('',(38.75,5.));
#8316 = VECTOR('',#8317,1.);
#8317 = DIRECTION('',(0.,-1.));
#8318 = ( GEOMETRIC_REPRESENTATION_CONTEXT(2) 
PARAMETRIC_REPRESENTATION_CONTEXT() REPRESENTATION_CONTEXT('2D SPACE',''
  ) );
#8319 = ORIENTED_EDGE('',*,*,#5109,.T.);
#8320 = ORIENTED_EDGE('',*,*,#8225,.F.);
#8321 = ORIENTED_EDGE('',*,*,#1491,.F.);
#8322 = ADVANCED_FACE('',(#8323),#1480,.F.);
#8323 = FACE_BOUND('',#8324,.F.);
#8324 = EDGE_LOOP('',(#8325,#8326,#8327,#8328));
#8325 = ORIENTED_EDGE('',*,*,#8274,.F.);
#8326 = ORIENTED_EDGE('',*,*,#5088,.F.);
#8327 = ORIENTED_EDGE('',*,*,#8299,.F.);
#8328 = ORIENTED_EDGE('',*,*,#1465,.T.);
#8329 = ADVANCED_FACE('',(#8330),#1541,.F.);
#8330 = FACE_BOUND('',#8331,.F.);
#8331 = EDGE_LOOP('',(#8332,#8353,#8354,#8375));
#8332 = ORIENTED_EDGE('',*,*,#8333,.T.);
#8333 = EDGE_CURVE('',#1527,#5140,#8334,.T.);
#8334 = SURFACE_CURVE('',#8335,(#8339,#8346),.PCURVE_S1.);
#8335 = LINE('',#8336,#8337);
#8336 = CARTESIAN_POINT('',(6.875,-54.575,-5.));
#8337 = VECTOR('',#8338,1.);
#8338 = DIRECTION('',(0.,0.,1.));
#8339 = PCURVE('',#1541,#8340);
#8340 = DEFINITIONAL_REPRESENTATION('',(#8341),#8345);
#8341 = LINE('',#8342,#8343);
#8342 = CARTESIAN_POINT('',(0.,5.));
#8343 = VECTOR('',#8344,1.);
#8344 = DIRECTION('',(0.,-1.));
#8345 = ( GEOMETRIC_REPRESENTATION_CONTEXT(2) 
PARAMETRIC_REPRESENTATION_CONTEXT() REPRESENTATION_CONTEXT('2D SPACE',''
  ) );
#8346 = PCURVE('',#1630,#8347);
#8347 = DEFINITIONAL_REPRESENTATION('',(#8348),#8352);
#8348 = LINE('',#8349,#8350);
#8349 = CARTESIAN_POINT('',(3.14159265359,5.));
#8350 = VECTOR('',#8351,1.);
#8351 = DIRECTION('',(0.,-1.));
#8352 = ( GEOMETRIC_REPRESENTATION_CONTEXT(2) 
PARAMETRIC_REPRESENTATION_CONTEXT() REPRESENTATION_CONTEXT('2D SPACE',''
  ) );
#8353 = ORIENTED_EDGE('',*,*,#5137,.F.);
#8354 = ORIENTED_EDGE('',*,*,#8355,.T.);
#8355 = EDGE_CURVE('',#5138,#1525,#8356,.T.);
#8356 = SURFACE_CURVE('',#8357,(#8361,#8368),.PCURVE_S1.);
#8357 = LINE('',#8358,#8359);
#8358 = CARTESIAN_POINT('',(6.875,-15.825,5.));
#8359 = VECTOR('',#8360,1.);
#8360 = DIRECTION('',(0.,0.,-1.));
#8361 = PCURVE('',#1541,#8362);
#8362 = DEFINITIONAL_REPRESENTATION('',(#8363),#8367);
#8363 = LINE('',#8364,#8365);
#8364 = CARTESIAN_POINT('',(38.75,-5.));
#8365 = VECTOR('',#8366,1.);
#8366 = DIRECTION('',(0.,1.));
#8367 = ( GEOMETRIC_REPRESENTATION_CONTEXT(2) 
PARAMETRIC_REPRESENTATION_CONTEXT() REPRESENTATION_CONTEXT('2D SPACE',''
  ) );
#8368 = PCURVE('',#1573,#8369);
#8369 = DEFINITIONAL_REPRESENTATION('',(#8370),#8374);
#8370 = LINE('',#8371,#8372);
#8371 = CARTESIAN_POINT('',(0.,-5.));
#8372 = VECTOR('',#8373,1.);
#8373 = DIRECTION('',(-0.,1.));
#8374 = ( GEOMETRIC_REPRESENTATION_CONTEXT(2) 
PARAMETRIC_REPRESENTATION_CONTEXT() REPRESENTATION_CONTEXT('2D SPACE',''
  ) );
#8375 = ORIENTED_EDGE('',*,*,#1524,.T.);
#8376 = ADVANCED_FACE('',(#8377),#1573,.F.);
#8377 = FACE_BOUND('',#8378,.F.);
#8378 = EDGE_LOOP('',(#8379,#8380,#8381,#8402));
#8379 = ORIENTED_EDGE('',*,*,#8355,.F.);
#8380 = ORIENTED_EDGE('',*,*,#5160,.T.);
#8381 = ORIENTED_EDGE('',*,*,#8382,.T.);
#8382 = EDGE_CURVE('',#5161,#1553,#8383,.T.);
#8383 = SURFACE_CURVE('',#8384,(#8388,#8395),.PCURVE_S1.);
#8384 = LINE('',#8385,#8386);
#8385 = CARTESIAN_POINT('',(8.125,-15.825,5.));
#8386 = VECTOR('',#8387,1.);
#8387 = DIRECTION('',(0.,0.,-1.));
#8388 = PCURVE('',#1573,#8389);
#8389 = DEFINITIONAL_REPRESENTATION('',(#8390),#8394);
#8390 = LINE('',#8391,#8392);
#8391 = CARTESIAN_POINT('',(3.14159265359,-5.));
#8392 = VECTOR('',#8393,1.);
#8393 = DIRECTION('',(-0.,1.));
#8394 = ( GEOMETRIC_REPRESENTATION_CONTEXT(2) 
PARAMETRIC_REPRESENTATION_CONTEXT() REPRESENTATION_CONTEXT('2D SPACE',''
  ) );
#8395 = PCURVE('',#1600,#8396);
#8396 = DEFINITIONAL_REPRESENTATION('',(#8397),#8401);
#8397 = LINE('',#8398,#8399);
#8398 = CARTESIAN_POINT('',(0.,-5.));
#8399 = VECTOR('',#8400,1.);
#8400 = DIRECTION('',(-0.,1.));
#8401 = ( GEOMETRIC_REPRESENTATION_CONTEXT(2) 
PARAMETRIC_REPRESENTATION_CONTEXT() REPRESENTATION_CONTEXT('2D SPACE',''
  ) );
#8402 = ORIENTED_EDGE('',*,*,#1552,.F.);
#8403 = ADVANCED_FACE('',(#8404),#1630,.F.);
#8404 = FACE_BOUND('',#8405,.F.);
#8405 = EDGE_LOOP('',(#8406,#8427,#8428,#8429));
#8406 = ORIENTED_EDGE('',*,*,#8407,.T.);
#8407 = EDGE_CURVE('',#1586,#5189,#8408,.T.);
#8408 = SURFACE_CURVE('',#8409,(#8413,#8420),.PCURVE_S1.);
#8409 = LINE('',#8410,#8411);
#8410 = CARTESIAN_POINT('',(8.125,-54.575,-5.));
#8411 = VECTOR('',#8412,1.);
#8412 = DIRECTION('',(0.,0.,1.));
#8413 = PCURVE('',#1630,#8414);
#8414 = DEFINITIONAL_REPRESENTATION('',(#8415),#8419);
#8415 = LINE('',#8416,#8417);
#8416 = CARTESIAN_POINT('',(0.,5.));
#8417 = VECTOR('',#8418,1.);
#8418 = DIRECTION('',(0.,-1.));
#8419 = ( GEOMETRIC_REPRESENTATION_CONTEXT(2) 
PARAMETRIC_REPRESENTATION_CONTEXT() REPRESENTATION_CONTEXT('2D SPACE',''
  ) );
#8420 = PCURVE('',#1600,#8421);
#8421 = DEFINITIONAL_REPRESENTATION('',(#8422),#8426);
#8422 = LINE('',#8423,#8424);
#8423 = CARTESIAN_POINT('',(38.75,5.));
#8424 = VECTOR('',#8425,1.);
#8425 = DIRECTION('',(0.,-1.));
#8426 = ( GEOMETRIC_REPRESENTATION_CONTEXT(2) 
PARAMETRIC_REPRESENTATION_CONTEXT() REPRESENTATION_CONTEXT('2D SPACE',''
  ) );
#8427 = ORIENTED_EDGE('',*,*,#5209,.T.);
#8428 = ORIENTED_EDGE('',*,*,#8333,.F.);
#8429 = ORIENTED_EDGE('',*,*,#1611,.F.);
#8430 = ADVANCED_FACE('',(#8431),#1600,.F.);
#8431 = FACE_BOUND('',#8432,.F.);
#8432 = EDGE_LOOP('',(#8433,#8434,#8435,#8436));
#8433 = ORIENTED_EDGE('',*,*,#8382,.F.);
#8434 = ORIENTED_EDGE('',*,*,#5188,.F.);
#8435 = ORIENTED_EDGE('',*,*,#8407,.F.);
#8436 = ORIENTED_EDGE('',*,*,#1585,.T.);
#8437 = ADVANCED_FACE('',(#8438),#1661,.F.);
#8438 = FACE_BOUND('',#8439,.F.);
#8439 = EDGE_LOOP('',(#8440,#8461,#8462,#8483));
#8440 = ORIENTED_EDGE('',*,*,#8441,.T.);
#8441 = EDGE_CURVE('',#1647,#5240,#8442,.T.);
#8442 = SURFACE_CURVE('',#8443,(#8447,#8454),.PCURVE_S1.);
#8443 = LINE('',#8444,#8445);
#8444 = CARTESIAN_POINT('',(10.625,-54.575,-5.));
#8445 = VECTOR('',#8446,1.);
#8446 = DIRECTION('',(0.,0.,1.));
#8447 = PCURVE('',#1661,#8448);
#8448 = DEFINITIONAL_REPRESENTATION('',(#8449),#8453);
#8449 = LINE('',#8450,#8451);
#8450 = CARTESIAN_POINT('',(0.,5.));
#8451 = VECTOR('',#8452,1.);
#8452 = DIRECTION('',(0.,-1.));
#8453 = ( GEOMETRIC_REPRESENTATION_CONTEXT(2) 
PARAMETRIC_REPRESENTATION_CONTEXT() REPRESENTATION_CONTEXT('2D SPACE',''
  ) );
#8454 = PCURVE('',#1750,#8455);
#8455 = DEFINITIONAL_REPRESENTATION('',(#8456),#8460);
#8456 = LINE('',#8457,#8458);
#8457 = CARTESIAN_POINT('',(3.14159265359,5.));
#8458 = VECTOR('',#8459,1.);
#8459 = DIRECTION('',(0.,-1.));
#8460 = ( GEOMETRIC_REPRESENTATION_CONTEXT(2) 
PARAMETRIC_REPRESENTATION_CONTEXT() REPRESENTATION_CONTEXT('2D SPACE',''
  ) );
#8461 = ORIENTED_EDGE('',*,*,#5237,.F.);
#8462 = ORIENTED_EDGE('',*,*,#8463,.T.);
#8463 = EDGE_CURVE('',#5238,#1645,#8464,.T.);
#8464 = SURFACE_CURVE('',#8465,(#8469,#8476),.PCURVE_S1.);
#8465 = LINE('',#8466,#8467);
#8466 = CARTESIAN_POINT('',(10.625,-15.825,5.));
#8467 = VECTOR('',#8468,1.);
#8468 = DIRECTION('',(0.,0.,-1.));
#8469 = PCURVE('',#1661,#8470);
#8470 = DEFINITIONAL_REPRESENTATION('',(#8471),#8475);
#8471 = LINE('',#8472,#8473);
#8472 = CARTESIAN_POINT('',(38.75,-5.));
#8473 = VECTOR('',#8474,1.);
#8474 = DIRECTION('',(0.,1.));
#8475 = ( GEOMETRIC_REPRESENTATION_CONTEXT(2) 
PARAMETRIC_REPRESENTATION_CONTEXT() REPRESENTATION_CONTEXT('2D SPACE',''
  ) );
#8476 = PCURVE('',#1693,#8477);
#8477 = DEFINITIONAL_REPRESENTATION('',(#8478),#8482);
#8478 = LINE('',#8479,#8480);
#8479 = CARTESIAN_POINT('',(0.,-5.));
#8480 = VECTOR('',#8481,1.);
#8481 = DIRECTION('',(-0.,1.));
#8482 = ( GEOMETRIC_REPRESENTATION_CONTEXT(2) 
PARAMETRIC_REPRESENTATION_CONTEXT() REPRESENTATION_CONTEXT('2D SPACE',''
  ) );
#8483 = ORIENTED_EDGE('',*,*,#1644,.T.);
#8484 = ADVANCED_FACE('',(#8485),#1693,.F.);
#8485 = FACE_BOUND('',#8486,.F.);
#8486 = EDGE_LOOP('',(#8487,#8488,#8489,#8510));
#8487 = ORIENTED_EDGE('',*,*,#8463,.F.);
#8488 = ORIENTED_EDGE('',*,*,#5260,.T.);
#8489 = ORIENTED_EDGE('',*,*,#8490,.T.);
#8490 = EDGE_CURVE('',#5261,#1673,#8491,.T.);
#8491 = SURFACE_CURVE('',#8492,(#8496,#8503),.PCURVE_S1.);
#8492 = LINE('',#8493,#8494);
#8493 = CARTESIAN_POINT('',(11.875,-15.825,5.));
#8494 = VECTOR('',#8495,1.);
#8495 = DIRECTION('',(0.,0.,-1.));
#8496 = PCURVE('',#1693,#8497);
#8497 = DEFINITIONAL_REPRESENTATION('',(#8498),#8502);
#8498 = LINE('',#8499,#8500);
#8499 = CARTESIAN_POINT('',(3.14159265359,-5.));
#8500 = VECTOR('',#8501,1.);
#8501 = DIRECTION('',(-0.,1.));
#8502 = ( GEOMETRIC_REPRESENTATION_CONTEXT(2) 
PARAMETRIC_REPRESENTATION_CONTEXT() REPRESENTATION_CONTEXT('2D SPACE',''
  ) );
#8503 = PCURVE('',#1720,#8504);
#8504 = DEFINITIONAL_REPRESENTATION('',(#8505),#8509);
#8505 = LINE('',#8506,#8507);
#8506 = CARTESIAN_POINT('',(0.,-5.));
#8507 = VECTOR('',#8508,1.);
#8508 = DIRECTION('',(-0.,1.));
#8509 = ( GEOMETRIC_REPRESENTATION_CONTEXT(2) 
PARAMETRIC_REPRESENTATION_CONTEXT() REPRESENTATION_CONTEXT('2D SPACE',''
  ) );
#8510 = ORIENTED_EDGE('',*,*,#1672,.F.);
#8511 = ADVANCED_FACE('',(#8512),#1750,.F.);
#8512 = FACE_BOUND('',#8513,.F.);
#8513 = EDGE_LOOP('',(#8514,#8535,#8536,#8537));
#8514 = ORIENTED_EDGE('',*,*,#8515,.T.);
#8515 = EDGE_CURVE('',#1706,#5289,#8516,.T.);
#8516 = SURFACE_CURVE('',#8517,(#8521,#8528),.PCURVE_S1.);
#8517 = LINE('',#8518,#8519);
#8518 = CARTESIAN_POINT('',(11.875,-54.575,-5.));
#8519 = VECTOR('',#8520,1.);
#8520 = DIRECTION('',(0.,0.,1.));
#8521 = PCURVE('',#1750,#8522);
#8522 = DEFINITIONAL_REPRESENTATION('',(#8523),#8527);
#8523 = LINE('',#8524,#8525);
#8524 = CARTESIAN_POINT('',(0.,5.));
#8525 = VECTOR('',#8526,1.);
#8526 = DIRECTION('',(0.,-1.));
#8527 = ( GEOMETRIC_REPRESENTATION_CONTEXT(2) 
PARAMETRIC_REPRESENTATION_CONTEXT() REPRESENTATION_CONTEXT('2D SPACE',''
  ) );
#8528 = PCURVE('',#1720,#8529);
#8529 = DEFINITIONAL_REPRESENTATION('',(#8530),#8534);
#8530 = LINE('',#8531,#8532);
#8531 = CARTESIAN_POINT('',(38.75,5.));
#8532 = VECTOR('',#8533,1.);
#8533 = DIRECTION('',(0.,-1.));
#8534 = ( GEOMETRIC_REPRESENTATION_CONTEXT(2) 
PARAMETRIC_REPRESENTATION_CONTEXT() REPRESENTATION_CONTEXT('2D SPACE',''
  ) );
#8535 = ORIENTED_EDGE('',*,*,#5309,.T.);
#8536 = ORIENTED_EDGE('',*,*,#8441,.F.);
#8537 = ORIENTED_EDGE('',*,*,#1731,.F.);
#8538 = ADVANCED_FACE('',(#8539),#1720,.F.);
#8539 = FACE_BOUND('',#8540,.F.);
#8540 = EDGE_LOOP('',(#8541,#8542,#8543,#8544));
#8541 = ORIENTED_EDGE('',*,*,#8490,.F.);
#8542 = ORIENTED_EDGE('',*,*,#5288,.F.);
#8543 = ORIENTED_EDGE('',*,*,#8515,.F.);
#8544 = ORIENTED_EDGE('',*,*,#1705,.T.);
#8545 = ADVANCED_FACE('',(#8546),#1781,.F.);
#8546 = FACE_BOUND('',#8547,.F.);
#8547 = EDGE_LOOP('',(#8548,#8569,#8570,#8591));
#8548 = ORIENTED_EDGE('',*,*,#8549,.T.);
#8549 = EDGE_CURVE('',#1767,#5340,#8550,.T.);
#8550 = SURFACE_CURVE('',#8551,(#8555,#8562),.PCURVE_S1.);
#8551 = LINE('',#8552,#8553);
#8552 = CARTESIAN_POINT('',(15.825,-10.625,-5.));
#8553 = VECTOR('',#8554,1.);
#8554 = DIRECTION('',(0.,0.,1.));
#8555 = PCURVE('',#1781,#8556);
#8556 = DEFINITIONAL_REPRESENTATION('',(#8557),#8561);
#8557 = LINE('',#8558,#8559);
#8558 = CARTESIAN_POINT('',(0.,5.));
#8559 = VECTOR('',#8560,1.);
#8560 = DIRECTION('',(0.,-1.));
#8561 = ( GEOMETRIC_REPRESENTATION_CONTEXT(2) 
PARAMETRIC_REPRESENTATION_CONTEXT() REPRESENTATION_CONTEXT('2D SPACE',''
  ) );
#8562 = PCURVE('',#1870,#8563);
#8563 = DEFINITIONAL_REPRESENTATION('',(#8564),#8568);
#8564 = LINE('',#8565,#8566);
#8565 = CARTESIAN_POINT('',(3.14159265359,5.));
#8566 = VECTOR('',#8567,1.);
#8567 = DIRECTION('',(0.,-1.));
#8568 = ( GEOMETRIC_REPRESENTATION_CONTEXT(2) 
PARAMETRIC_REPRESENTATION_CONTEXT() REPRESENTATION_CONTEXT('2D SPACE',''
  ) );
#8569 = ORIENTED_EDGE('',*,*,#5337,.F.);
#8570 = ORIENTED_EDGE('',*,*,#8571,.T.);
#8571 = EDGE_CURVE('',#5338,#1765,#8572,.T.);
#8572 = SURFACE_CURVE('',#8573,(#8577,#8584),.PCURVE_S1.);
#8573 = LINE('',#8574,#8575);
#8574 = CARTESIAN_POINT('',(54.575,-10.625,5.));
#8575 = VECTOR('',#8576,1.);
#8576 = DIRECTION('',(0.,0.,-1.));
#8577 = PCURVE('',#1781,#8578);
#8578 = DEFINITIONAL_REPRESENTATION('',(#8579),#8583);
#8579 = LINE('',#8580,#8581);
#8580 = CARTESIAN_POINT('',(38.75,-5.));
#8581 = VECTOR('',#8582,1.);
#8582 = DIRECTION('',(0.,1.));
#8583 = ( GEOMETRIC_REPRESENTATION_CONTEXT(2) 
PARAMETRIC_REPRESENTATION_CONTEXT() REPRESENTATION_CONTEXT('2D SPACE',''
  ) );
#8584 = PCURVE('',#1813,#8585);
#8585 = DEFINITIONAL_REPRESENTATION('',(#8586),#8590);
#8586 = LINE('',#8587,#8588);
#8587 = CARTESIAN_POINT('',(0.,-5.));
#8588 = VECTOR('',#8589,1.);
#8589 = DIRECTION('',(-0.,1.));
#8590 = ( GEOMETRIC_REPRESENTATION_CONTEXT(2) 
PARAMETRIC_REPRESENTATION_CONTEXT() REPRESENTATION_CONTEXT('2D SPACE',''
  ) );
#8591 = ORIENTED_EDGE('',*,*,#1764,.T.);
#8592 = ADVANCED_FACE('',(#8593),#1813,.F.);
#8593 = FACE_BOUND('',#8594,.F.);
#8594 = EDGE_LOOP('',(#8595,#8596,#8597,#8618));
#8595 = ORIENTED_EDGE('',*,*,#8571,.F.);
#8596 = ORIENTED_EDGE('',*,*,#5360,.T.);
#8597 = ORIENTED_EDGE('',*,*,#8598,.T.);
#8598 = EDGE_CURVE('',#5361,#1793,#8599,.T.);
#8599 = SURFACE_CURVE('',#8600,(#8604,#8611),.PCURVE_S1.);
#8600 = LINE('',#8601,#8602);
#8601 = CARTESIAN_POINT('',(54.575,-11.875,5.));
#8602 = VECTOR('',#8603,1.);
#8603 = DIRECTION('',(0.,0.,-1.));
#8604 = PCURVE('',#1813,#8605);
#8605 = DEFINITIONAL_REPRESENTATION('',(#8606),#8610);
#8606 = LINE('',#8607,#8608);
#8607 = CARTESIAN_POINT('',(3.14159265359,-5.));
#8608 = VECTOR('',#8609,1.);
#8609 = DIRECTION('',(-0.,1.));
#8610 = ( GEOMETRIC_REPRESENTATION_CONTEXT(2) 
PARAMETRIC_REPRESENTATION_CONTEXT() REPRESENTATION_CONTEXT('2D SPACE',''
  ) );
#8611 = PCURVE('',#1840,#8612);
#8612 = DEFINITIONAL_REPRESENTATION('',(#8613),#8617);
#8613 = LINE('',#8614,#8615);
#8614 = CARTESIAN_POINT('',(0.,-5.));
#8615 = VECTOR('',#8616,1.);
#8616 = DIRECTION('',(0.,1.));
#8617 = ( GEOMETRIC_REPRESENTATION_CONTEXT(2) 
PARAMETRIC_REPRESENTATION_CONTEXT() REPRESENTATION_CONTEXT('2D SPACE',''
  ) );
#8618 = ORIENTED_EDGE('',*,*,#1792,.F.);
#8619 = ADVANCED_FACE('',(#8620),#1870,.F.);
#8620 = FACE_BOUND('',#8621,.F.);
#8621 = EDGE_LOOP('',(#8622,#8643,#8644,#8645));
#8622 = ORIENTED_EDGE('',*,*,#8623,.T.);
#8623 = EDGE_CURVE('',#1826,#5389,#8624,.T.);
#8624 = SURFACE_CURVE('',#8625,(#8629,#8636),.PCURVE_S1.);
#8625 = LINE('',#8626,#8627);
#8626 = CARTESIAN_POINT('',(15.825,-11.875,-5.));
#8627 = VECTOR('',#8628,1.);
#8628 = DIRECTION('',(0.,0.,1.));
#8629 = PCURVE('',#1870,#8630);
#8630 = DEFINITIONAL_REPRESENTATION('',(#8631),#8635);
#8631 = LINE('',#8632,#8633);
#8632 = CARTESIAN_POINT('',(0.,5.));
#8633 = VECTOR('',#8634,1.);
#8634 = DIRECTION('',(0.,-1.));
#8635 = ( GEOMETRIC_REPRESENTATION_CONTEXT(2) 
PARAMETRIC_REPRESENTATION_CONTEXT() REPRESENTATION_CONTEXT('2D SPACE',''
  ) );
#8636 = PCURVE('',#1840,#8637);
#8637 = DEFINITIONAL_REPRESENTATION('',(#8638),#8642);
#8638 = LINE('',#8639,#8640);
#8639 = CARTESIAN_POINT('',(38.75,5.));
#8640 = VECTOR('',#8641,1.);
#8641 = DIRECTION('',(0.,-1.));
#8642 = ( GEOMETRIC_REPRESENTATION_CONTEXT(2) 
PARAMETRIC_REPRESENTATION_CONTEXT() REPRESENTATION_CONTEXT('2D SPACE',''
  ) );
#8643 = ORIENTED_EDGE('',*,*,#5409,.T.);
#8644 = ORIENTED_EDGE('',*,*,#8549,.F.);
#8645 = ORIENTED_EDGE('',*,*,#1851,.F.);
#8646 = ADVANCED_FACE('',(#8647),#1840,.F.);
#8647 = FACE_BOUND('',#8648,.F.);
#8648 = EDGE_LOOP('',(#8649,#8650,#8651,#8652));
#8649 = ORIENTED_EDGE('',*,*,#8598,.F.);
#8650 = ORIENTED_EDGE('',*,*,#5388,.F.);
#8651 = ORIENTED_EDGE('',*,*,#8623,.F.);
#8652 = ORIENTED_EDGE('',*,*,#1825,.T.);
#8653 = ADVANCED_FACE('',(#8654),#1901,.F.);
#8654 = FACE_BOUND('',#8655,.F.);
#8655 = EDGE_LOOP('',(#8656,#8677,#8678,#8699));
#8656 = ORIENTED_EDGE('',*,*,#8657,.T.);
#8657 = EDGE_CURVE('',#1887,#5440,#8658,.T.);
#8658 = SURFACE_CURVE('',#8659,(#8663,#8670),.PCURVE_S1.);
#8659 = LINE('',#8660,#8661);
#8660 = CARTESIAN_POINT('',(15.825,-6.875,-5.));
#8661 = VECTOR('',#8662,1.);
#8662 = DIRECTION('',(0.,0.,1.));
#8663 = PCURVE('',#1901,#8664);
#8664 = DEFINITIONAL_REPRESENTATION('',(#8665),#8669);
#8665 = LINE('',#8666,#8667);
#8666 = CARTESIAN_POINT('',(0.,5.));
#8667 = VECTOR('',#8668,1.);
#8668 = DIRECTION('',(0.,-1.));
#8669 = ( GEOMETRIC_REPRESENTATION_CONTEXT(2) 
PARAMETRIC_REPRESENTATION_CONTEXT() REPRESENTATION_CONTEXT('2D SPACE',''
  ) );
#8670 = PCURVE('',#1990,#8671);
#8671 = DEFINITIONAL_REPRESENTATION('',(#8672),#8676);
#8672 = LINE('',#8673,#8674);
#8673 = CARTESIAN_POINT('',(3.14159265359,5.));
#8674 = VECTOR('',#8675,1.);
#8675 = DIRECTION('',(0.,-1.));
#8676 = ( GEOMETRIC_REPRESENTATION_CONTEXT(2) 
PARAMETRIC_REPRESENTATION_CONTEXT() REPRESENTATION_CONTEXT('2D SPACE',''
  ) );
#8677 = ORIENTED_EDGE('',*,*,#5437,.F.);
#8678 = ORIENTED_EDGE('',*,*,#8679,.T.);
#8679 = EDGE_CURVE('',#5438,#1885,#8680,.T.);
#8680 = SURFACE_CURVE('',#8681,(#8685,#8692),.PCURVE_S1.);
#8681 = LINE('',#8682,#8683);
#8682 = CARTESIAN_POINT('',(54.575,-6.875,5.));
#8683 = VECTOR('',#8684,1.);
#8684 = DIRECTION('',(0.,0.,-1.));
#8685 = PCURVE('',#1901,#8686);
#8686 = DEFINITIONAL_REPRESENTATION('',(#8687),#8691);
#8687 = LINE('',#8688,#8689);
#8688 = CARTESIAN_POINT('',(38.75,-5.));
#8689 = VECTOR('',#8690,1.);
#8690 = DIRECTION('',(0.,1.));
#8691 = ( GEOMETRIC_REPRESENTATION_CONTEXT(2) 
PARAMETRIC_REPRESENTATION_CONTEXT() REPRESENTATION_CONTEXT('2D SPACE',''
  ) );
#8692 = PCURVE('',#1933,#8693);
#8693 = DEFINITIONAL_REPRESENTATION('',(#8694),#8698);
#8694 = LINE('',#8695,#8696);
#8695 = CARTESIAN_POINT('',(0.,-5.));
#8696 = VECTOR('',#8697,1.);
#8697 = DIRECTION('',(-0.,1.));
#8698 = ( GEOMETRIC_REPRESENTATION_CONTEXT(2) 
PARAMETRIC_REPRESENTATION_CONTEXT() REPRESENTATION_CONTEXT('2D SPACE',''
  ) );
#8699 = ORIENTED_EDGE('',*,*,#1884,.T.);
#8700 = ADVANCED_FACE('',(#8701),#1933,.F.);
#8701 = FACE_BOUND('',#8702,.F.);
#8702 = EDGE_LOOP('',(#8703,#8704,#8705,#8726));
#8703 = ORIENTED_EDGE('',*,*,#8679,.F.);
#8704 = ORIENTED_EDGE('',*,*,#5460,.T.);
#8705 = ORIENTED_EDGE('',*,*,#8706,.T.);
#8706 = EDGE_CURVE('',#5461,#1913,#8707,.T.);
#8707 = SURFACE_CURVE('',#8708,(#8712,#8719),.PCURVE_S1.);
#8708 = LINE('',#8709,#8710);
#8709 = CARTESIAN_POINT('',(54.575,-8.125,5.));
#8710 = VECTOR('',#8711,1.);
#8711 = DIRECTION('',(0.,0.,-1.));
#8712 = PCURVE('',#1933,#8713);
#8713 = DEFINITIONAL_REPRESENTATION('',(#8714),#8718);
#8714 = LINE('',#8715,#8716);
#8715 = CARTESIAN_POINT('',(3.14159265359,-5.));
#8716 = VECTOR('',#8717,1.);
#8717 = DIRECTION('',(-0.,1.));
#8718 = ( GEOMETRIC_REPRESENTATION_CONTEXT(2) 
PARAMETRIC_REPRESENTATION_CONTEXT() REPRESENTATION_CONTEXT('2D SPACE',''
  ) );
#8719 = PCURVE('',#1960,#8720);
#8720 = DEFINITIONAL_REPRESENTATION('',(#8721),#8725);
#8721 = LINE('',#8722,#8723);
#8722 = CARTESIAN_POINT('',(0.,-5.));
#8723 = VECTOR('',#8724,1.);
#8724 = DIRECTION('',(0.,1.));
#8725 = ( GEOMETRIC_REPRESENTATION_CONTEXT(2) 
PARAMETRIC_REPRESENTATION_CONTEXT() REPRESENTATION_CONTEXT('2D SPACE',''
  ) );
#8726 = ORIENTED_EDGE('',*,*,#1912,.F.);
#8727 = ADVANCED_FACE('',(#8728),#1990,.F.);
#8728 = FACE_BOUND('',#8729,.F.);
#8729 = EDGE_LOOP('',(#8730,#8751,#8752,#8753));
#8730 = ORIENTED_EDGE('',*,*,#8731,.T.);
#8731 = EDGE_CURVE('',#1946,#5489,#8732,.T.);
#8732 = SURFACE_CURVE('',#8733,(#8737,#8744),.PCURVE_S1.);
#8733 = LINE('',#8734,#8735);
#8734 = CARTESIAN_POINT('',(15.825,-8.125,-5.));
#8735 = VECTOR('',#8736,1.);
#8736 = DIRECTION('',(0.,0.,1.));
#8737 = PCURVE('',#1990,#8738);
#8738 = DEFINITIONAL_REPRESENTATION('',(#8739),#8743);
#8739 = LINE('',#8740,#8741);
#8740 = CARTESIAN_POINT('',(0.,5.));
#8741 = VECTOR('',#8742,1.);
#8742 = DIRECTION('',(0.,-1.));
#8743 = ( GEOMETRIC_REPRESENTATION_CONTEXT(2) 
PARAMETRIC_REPRESENTATION_CONTEXT() REPRESENTATION_CONTEXT('2D SPACE',''
  ) );
#8744 = PCURVE('',#1960,#8745);
#8745 = DEFINITIONAL_REPRESENTATION('',(#8746),#8750);
#8746 = LINE('',#8747,#8748);
#8747 = CARTESIAN_POINT('',(38.75,5.));
#8748 = VECTOR('',#8749,1.);
#8749 = DIRECTION('',(0.,-1.));
#8750 = ( GEOMETRIC_REPRESENTATION_CONTEXT(2) 
PARAMETRIC_REPRESENTATION_CONTEXT() REPRESENTATION_CONTEXT('2D SPACE',''
  ) );
#8751 = ORIENTED_EDGE('',*,*,#5509,.T.);
#8752 = ORIENTED_EDGE('',*,*,#8657,.F.);
#8753 = ORIENTED_EDGE('',*,*,#1971,.F.);
#8754 = ADVANCED_FACE('',(#8755),#1960,.F.);
#8755 = FACE_BOUND('',#8756,.F.);
#8756 = EDGE_LOOP('',(#8757,#8758,#8759,#8760));
#8757 = ORIENTED_EDGE('',*,*,#8706,.F.);
#8758 = ORIENTED_EDGE('',*,*,#5488,.F.);
#8759 = ORIENTED_EDGE('',*,*,#8731,.F.);
#8760 = ORIENTED_EDGE('',*,*,#1945,.T.);
#8761 = ADVANCED_FACE('',(#8762),#2021,.F.);
#8762 = FACE_BOUND('',#8763,.F.);
#8763 = EDGE_LOOP('',(#8764,#8785,#8786,#8807));
#8764 = ORIENTED_EDGE('',*,*,#8765,.T.);
#8765 = EDGE_CURVE('',#2007,#5540,#8766,.T.);
#8766 = SURFACE_CURVE('',#8767,(#8771,#8778),.PCURVE_S1.);
#8767 = LINE('',#8768,#8769);
#8768 = CARTESIAN_POINT('',(15.825,-3.125,-5.));
#8769 = VECTOR('',#8770,1.);
#8770 = DIRECTION('',(0.,0.,1.));
#8771 = PCURVE('',#2021,#8772);
#8772 = DEFINITIONAL_REPRESENTATION('',(#8773),#8777);
#8773 = LINE('',#8774,#8775);
#8774 = CARTESIAN_POINT('',(0.,5.));
#8775 = VECTOR('',#8776,1.);
#8776 = DIRECTION('',(0.,-1.));
#8777 = ( GEOMETRIC_REPRESENTATION_CONTEXT(2) 
PARAMETRIC_REPRESENTATION_CONTEXT() REPRESENTATION_CONTEXT('2D SPACE',''
  ) );
#8778 = PCURVE('',#2110,#8779);
#8779 = DEFINITIONAL_REPRESENTATION('',(#8780),#8784);
#8780 = LINE('',#8781,#8782);
#8781 = CARTESIAN_POINT('',(3.14159265359,5.));
#8782 = VECTOR('',#8783,1.);
#8783 = DIRECTION('',(0.,-1.));
#8784 = ( GEOMETRIC_REPRESENTATION_CONTEXT(2) 
PARAMETRIC_REPRESENTATION_CONTEXT() REPRESENTATION_CONTEXT('2D SPACE',''
  ) );
#8785 = ORIENTED_EDGE('',*,*,#5537,.F.);
#8786 = ORIENTED_EDGE('',*,*,#8787,.T.);
#8787 = EDGE_CURVE('',#5538,#2005,#8788,.T.);
#8788 = SURFACE_CURVE('',#8789,(#8793,#8800),.PCURVE_S1.);
#8789 = LINE('',#8790,#8791);
#8790 = CARTESIAN_POINT('',(54.575,-3.125,5.));
#8791 = VECTOR('',#8792,1.);
#8792 = DIRECTION('',(0.,0.,-1.));
#8793 = PCURVE('',#2021,#8794);
#8794 = DEFINITIONAL_REPRESENTATION('',(#8795),#8799);
#8795 = LINE('',#8796,#8797);
#8796 = CARTESIAN_POINT('',(38.75,-5.));
#8797 = VECTOR('',#8798,1.);
#8798 = DIRECTION('',(0.,1.));
#8799 = ( GEOMETRIC_REPRESENTATION_CONTEXT(2) 
PARAMETRIC_REPRESENTATION_CONTEXT() REPRESENTATION_CONTEXT('2D SPACE',''
  ) );
#8800 = PCURVE('',#2053,#8801);
#8801 = DEFINITIONAL_REPRESENTATION('',(#8802),#8806);
#8802 = LINE('',#8803,#8804);
#8803 = CARTESIAN_POINT('',(0.,-5.));
#8804 = VECTOR('',#8805,1.);
#8805 = DIRECTION('',(-0.,1.));
#8806 = ( GEOMETRIC_REPRESENTATION_CONTEXT(2) 
PARAMETRIC_REPRESENTATION_CONTEXT() REPRESENTATION_CONTEXT('2D SPACE',''
  ) );
#8807 = ORIENTED_EDGE('',*,*,#2004,.T.);
#8808 = ADVANCED_FACE('',(#8809),#2053,.F.);
#8809 = FACE_BOUND('',#8810,.F.);
#8810 = EDGE_LOOP('',(#8811,#8812,#8813,#8834));
#8811 = ORIENTED_EDGE('',*,*,#8787,.F.);
#8812 = ORIENTED_EDGE('',*,*,#5560,.T.);
#8813 = ORIENTED_EDGE('',*,*,#8814,.T.);
#8814 = EDGE_CURVE('',#5561,#2033,#8815,.T.);
#8815 = SURFACE_CURVE('',#8816,(#8820,#8827),.PCURVE_S1.);
#8816 = LINE('',#8817,#8818);
#8817 = CARTESIAN_POINT('',(54.575,-4.375,5.));
#8818 = VECTOR('',#8819,1.);
#8819 = DIRECTION('',(0.,0.,-1.));
#8820 = PCURVE('',#2053,#8821);
#8821 = DEFINITIONAL_REPRESENTATION('',(#8822),#8826);
#8822 = LINE('',#8823,#8824);
#8823 = CARTESIAN_POINT('',(3.14159265359,-5.));
#8824 = VECTOR('',#8825,1.);
#8825 = DIRECTION('',(-0.,1.));
#8826 = ( GEOMETRIC_REPRESENTATION_CONTEXT(2) 
PARAMETRIC_REPRESENTATION_CONTEXT() REPRESENTATION_CONTEXT('2D SPACE',''
  ) );
#8827 = PCURVE('',#2080,#8828);
#8828 = DEFINITIONAL_REPRESENTATION('',(#8829),#8833);
#8829 = LINE('',#8830,#8831);
#8830 = CARTESIAN_POINT('',(0.,-5.));
#8831 = VECTOR('',#8832,1.);
#8832 = DIRECTION('',(0.,1.));
#8833 = ( GEOMETRIC_REPRESENTATION_CONTEXT(2) 
PARAMETRIC_REPRESENTATION_CONTEXT() REPRESENTATION_CONTEXT('2D SPACE',''
  ) );
#8834 = ORIENTED_EDGE('',*,*,#2032,.F.);
#8835 = ADVANCED_FACE('',(#8836),#2110,.F.);
#8836 = FACE_BOUND('',#8837,.F.);
#8837 = EDGE_LOOP('',(#8838,#8859,#8860,#8861));
#8838 = ORIENTED_EDGE('',*,*,#8839,.T.);
#8839 = EDGE_CURVE('',#2066,#5589,#8840,.T.);
#8840 = SURFACE_CURVE('',#8841,(#8845,#8852),.PCURVE_S1.);
#8841 = LINE('',#8842,#8843);
#8842 = CARTESIAN_POINT('',(15.825,-4.375,-5.));
#8843 = VECTOR('',#8844,1.);
#8844 = DIRECTION('',(0.,0.,1.));
#8845 = PCURVE('',#2110,#8846);
#8846 = DEFINITIONAL_REPRESENTATION('',(#8847),#8851);
#8847 = LINE('',#8848,#8849);
#8848 = CARTESIAN_POINT('',(0.,5.));
#8849 = VECTOR('',#8850,1.);
#8850 = DIRECTION('',(0.,-1.));
#8851 = ( GEOMETRIC_REPRESENTATION_CONTEXT(2) 
PARAMETRIC_REPRESENTATION_CONTEXT() REPRESENTATION_CONTEXT('2D SPACE',''
  ) );
#8852 = PCURVE('',#2080,#8853);
#8853 = DEFINITIONAL_REPRESENTATION('',(#8854),#8858);
#8854 = LINE('',#8855,#8856);
#8855 = CARTESIAN_POINT('',(38.75,5.));
#8856 = VECTOR('',#8857,1.);
#8857 = DIRECTION('',(0.,-1.));
#8858 = ( GEOMETRIC_REPRESENTATION_CONTEXT(2) 
PARAMETRIC_REPRESENTATION_CONTEXT() REPRESENTATION_CONTEXT('2D SPACE',''
  ) );
#8859 = ORIENTED_EDGE('',*,*,#5609,.T.);
#8860 = ORIENTED_EDGE('',*,*,#8765,.F.);
#8861 = ORIENTED_EDGE('',*,*,#2091,.F.);
#8862 = ADVANCED_FACE('',(#8863),#2080,.F.);
#8863 = FACE_BOUND('',#8864,.F.);
#8864 = EDGE_LOOP('',(#8865,#8866,#8867,#8868));
#8865 = ORIENTED_EDGE('',*,*,#8814,.F.);
#8866 = ORIENTED_EDGE('',*,*,#5588,.F.);
#8867 = ORIENTED_EDGE('',*,*,#8839,.F.);
#8868 = ORIENTED_EDGE('',*,*,#2065,.T.);
#8869 = ADVANCED_FACE('',(#8870),#2141,.F.);
#8870 = FACE_BOUND('',#8871,.F.);
#8871 = EDGE_LOOP('',(#8872,#8893,#8894,#8915));
#8872 = ORIENTED_EDGE('',*,*,#8873,.T.);
#8873 = EDGE_CURVE('',#2127,#5640,#8874,.T.);
#8874 = SURFACE_CURVE('',#8875,(#8879,#8886),.PCURVE_S1.);
#8875 = LINE('',#8876,#8877);
#8876 = CARTESIAN_POINT('',(-54.575,0.625,-5.));
#8877 = VECTOR('',#8878,1.);
#8878 = DIRECTION('',(0.,0.,1.));
#8879 = PCURVE('',#2141,#8880);
#8880 = DEFINITIONAL_REPRESENTATION('',(#8881),#8885);
#8881 = LINE('',#8882,#8883);
#8882 = CARTESIAN_POINT('',(0.,5.));
#8883 = VECTOR('',#8884,1.);
#8884 = DIRECTION('',(0.,-1.));
#8885 = ( GEOMETRIC_REPRESENTATION_CONTEXT(2) 
PARAMETRIC_REPRESENTATION_CONTEXT() REPRESENTATION_CONTEXT('2D SPACE',''
  ) );
#8886 = PCURVE('',#2230,#8887);
#8887 = DEFINITIONAL_REPRESENTATION('',(#8888),#8892);
#8888 = LINE('',#8889,#8890);
#8889 = CARTESIAN_POINT('',(3.14159265359,5.));
#8890 = VECTOR('',#8891,1.);
#8891 = DIRECTION('',(0.,-1.));
#8892 = ( GEOMETRIC_REPRESENTATION_CONTEXT(2) 
PARAMETRIC_REPRESENTATION_CONTEXT() REPRESENTATION_CONTEXT('2D SPACE',''
  ) );
#8893 = ORIENTED_EDGE('',*,*,#5637,.F.);
#8894 = ORIENTED_EDGE('',*,*,#8895,.T.);
#8895 = EDGE_CURVE('',#5638,#2125,#8896,.T.);
#8896 = SURFACE_CURVE('',#8897,(#8901,#8908),.PCURVE_S1.);
#8897 = LINE('',#8898,#8899);
#8898 = CARTESIAN_POINT('',(-15.825,0.625,5.));
#8899 = VECTOR('',#8900,1.);
#8900 = DIRECTION('',(0.,0.,-1.));
#8901 = PCURVE('',#2141,#8902);
#8902 = DEFINITIONAL_REPRESENTATION('',(#8903),#8907);
#8903 = LINE('',#8904,#8905);
#8904 = CARTESIAN_POINT('',(38.75,-5.));
#8905 = VECTOR('',#8906,1.);
#8906 = DIRECTION('',(0.,1.));
#8907 = ( GEOMETRIC_REPRESENTATION_CONTEXT(2) 
PARAMETRIC_REPRESENTATION_CONTEXT() REPRESENTATION_CONTEXT('2D SPACE',''
  ) );
#8908 = PCURVE('',#2173,#8909);
#8909 = DEFINITIONAL_REPRESENTATION('',(#8910),#8914);
#8910 = LINE('',#8911,#8912);
#8911 = CARTESIAN_POINT('',(0.,-5.));
#8912 = VECTOR('',#8913,1.);
#8913 = DIRECTION('',(-0.,1.));
#8914 = ( GEOMETRIC_REPRESENTATION_CONTEXT(2) 
PARAMETRIC_REPRESENTATION_CONTEXT() REPRESENTATION_CONTEXT('2D SPACE',''
  ) );
#8915 = ORIENTED_EDGE('',*,*,#2124,.T.);
#8916 = ADVANCED_FACE('',(#8917),#2173,.F.);
#8917 = FACE_BOUND('',#8918,.F.);
#8918 = EDGE_LOOP('',(#8919,#8920,#8921,#8942));
#8919 = ORIENTED_EDGE('',*,*,#8895,.F.);
#8920 = ORIENTED_EDGE('',*,*,#5660,.T.);
#8921 = ORIENTED_EDGE('',*,*,#8922,.T.);
#8922 = EDGE_CURVE('',#5661,#2153,#8923,.T.);
#8923 = SURFACE_CURVE('',#8924,(#8928,#8935),.PCURVE_S1.);
#8924 = LINE('',#8925,#8926);
#8925 = CARTESIAN_POINT('',(-15.825,-0.625,5.));
#8926 = VECTOR('',#8927,1.);
#8927 = DIRECTION('',(0.,0.,-1.));
#8928 = PCURVE('',#2173,#8929);
#8929 = DEFINITIONAL_REPRESENTATION('',(#8930),#8934);
#8930 = LINE('',#8931,#8932);
#8931 = CARTESIAN_POINT('',(3.14159265359,-5.));
#8932 = VECTOR('',#8933,1.);
#8933 = DIRECTION('',(-0.,1.));
#8934 = ( GEOMETRIC_REPRESENTATION_CONTEXT(2) 
PARAMETRIC_REPRESENTATION_CONTEXT() REPRESENTATION_CONTEXT('2D SPACE',''
  ) );
#8935 = PCURVE('',#2200,#8936);
#8936 = DEFINITIONAL_REPRESENTATION('',(#8937),#8941);
#8937 = LINE('',#8938,#8939);
#8938 = CARTESIAN_POINT('',(0.,-5.));
#8939 = VECTOR('',#8940,1.);
#8940 = DIRECTION('',(0.,1.));
#8941 = ( GEOMETRIC_REPRESENTATION_CONTEXT(2) 
PARAMETRIC_REPRESENTATION_CONTEXT() REPRESENTATION_CONTEXT('2D SPACE',''
  ) );
#8942 = ORIENTED_EDGE('',*,*,#2152,.F.);
#8943 = ADVANCED_FACE('',(#8944),#2230,.F.);
#8944 = FACE_BOUND('',#8945,.F.);
#8945 = EDGE_LOOP('',(#8946,#8967,#8968,#8969));
#8946 = ORIENTED_EDGE('',*,*,#8947,.T.);
#8947 = EDGE_CURVE('',#2186,#5689,#8948,.T.);
#8948 = SURFACE_CURVE('',#8949,(#8953,#8960),.PCURVE_S1.);
#8949 = LINE('',#8950,#8951);
#8950 = CARTESIAN_POINT('',(-54.575,-0.625,-5.));
#8951 = VECTOR('',#8952,1.);
#8952 = DIRECTION('',(0.,0.,1.));
#8953 = PCURVE('',#2230,#8954);
#8954 = DEFINITIONAL_REPRESENTATION('',(#8955),#8959);
#8955 = LINE('',#8956,#8957);
#8956 = CARTESIAN_POINT('',(0.,5.));
#8957 = VECTOR('',#8958,1.);
#8958 = DIRECTION('',(0.,-1.));
#8959 = ( GEOMETRIC_REPRESENTATION_CONTEXT(2) 
PARAMETRIC_REPRESENTATION_CONTEXT() REPRESENTATION_CONTEXT('2D SPACE',''
  ) );
#8960 = PCURVE('',#2200,#8961);
#8961 = DEFINITIONAL_REPRESENTATION('',(#8962),#8966);
#8962 = LINE('',#8963,#8964);
#8963 = CARTESIAN_POINT('',(38.75,5.));
#8964 = VECTOR('',#8965,1.);
#8965 = DIRECTION('',(0.,-1.));
#8966 = ( GEOMETRIC_REPRESENTATION_CONTEXT(2) 
PARAMETRIC_REPRESENTATION_CONTEXT() REPRESENTATION_CONTEXT('2D SPACE',''
  ) );
#8967 = ORIENTED_EDGE('',*,*,#5709,.T.);
#8968 = ORIENTED_EDGE('',*,*,#8873,.F.);
#8969 = ORIENTED_EDGE('',*,*,#2211,.F.);
#8970 = ADVANCED_FACE('',(#8971),#2200,.F.);
#8971 = FACE_BOUND('',#8972,.F.);
#8972 = EDGE_LOOP('',(#8973,#8974,#8975,#8976));
#8973 = ORIENTED_EDGE('',*,*,#8922,.F.);
#8974 = ORIENTED_EDGE('',*,*,#5688,.F.);
#8975 = ORIENTED_EDGE('',*,*,#8947,.F.);
#8976 = ORIENTED_EDGE('',*,*,#2185,.T.);
#8977 = ADVANCED_FACE('',(#8978),#2261,.F.);
#8978 = FACE_BOUND('',#8979,.F.);
#8979 = EDGE_LOOP('',(#8980,#9001,#9002,#9023));
#8980 = ORIENTED_EDGE('',*,*,#8981,.T.);
#8981 = EDGE_CURVE('',#2247,#5740,#8982,.T.);
#8982 = SURFACE_CURVE('',#8983,(#8987,#8994),.PCURVE_S1.);
#8983 = LINE('',#8984,#8985);
#8984 = CARTESIAN_POINT('',(-54.575,4.375,-5.));
#8985 = VECTOR('',#8986,1.);
#8986 = DIRECTION('',(0.,0.,1.));
#8987 = PCURVE('',#2261,#8988);
#8988 = DEFINITIONAL_REPRESENTATION('',(#8989),#8993);
#8989 = LINE('',#8990,#8991);
#8990 = CARTESIAN_POINT('',(0.,5.));
#8991 = VECTOR('',#8992,1.);
#8992 = DIRECTION('',(0.,-1.));
#8993 = ( GEOMETRIC_REPRESENTATION_CONTEXT(2) 
PARAMETRIC_REPRESENTATION_CONTEXT() REPRESENTATION_CONTEXT('2D SPACE',''
  ) );
#8994 = PCURVE('',#2350,#8995);
#8995 = DEFINITIONAL_REPRESENTATION('',(#8996),#9000);
#8996 = LINE('',#8997,#8998);
#8997 = CARTESIAN_POINT('',(3.14159265359,5.));
#8998 = VECTOR('',#8999,1.);
#8999 = DIRECTION('',(0.,-1.));
#9000 = ( GEOMETRIC_REPRESENTATION_CONTEXT(2) 
PARAMETRIC_REPRESENTATION_CONTEXT() REPRESENTATION_CONTEXT('2D SPACE',''
  ) );
#9001 = ORIENTED_EDGE('',*,*,#5737,.F.);
#9002 = ORIENTED_EDGE('',*,*,#9003,.T.);
#9003 = EDGE_CURVE('',#5738,#2245,#9004,.T.);
#9004 = SURFACE_CURVE('',#9005,(#9009,#9016),.PCURVE_S1.);
#9005 = LINE('',#9006,#9007);
#9006 = CARTESIAN_POINT('',(-15.825,4.375,5.));
#9007 = VECTOR('',#9008,1.);
#9008 = DIRECTION('',(0.,0.,-1.));
#9009 = PCURVE('',#2261,#9010);
#9010 = DEFINITIONAL_REPRESENTATION('',(#9011),#9015);
#9011 = LINE('',#9012,#9013);
#9012 = CARTESIAN_POINT('',(38.75,-5.));
#9013 = VECTOR('',#9014,1.);
#9014 = DIRECTION('',(0.,1.));
#9015 = ( GEOMETRIC_REPRESENTATION_CONTEXT(2) 
PARAMETRIC_REPRESENTATION_CONTEXT() REPRESENTATION_CONTEXT('2D SPACE',''
  ) );
#9016 = PCURVE('',#2293,#9017);
#9017 = DEFINITIONAL_REPRESENTATION('',(#9018),#9022);
#9018 = LINE('',#9019,#9020);
#9019 = CARTESIAN_POINT('',(0.,-5.));
#9020 = VECTOR('',#9021,1.);
#9021 = DIRECTION('',(-0.,1.));
#9022 = ( GEOMETRIC_REPRESENTATION_CONTEXT(2) 
PARAMETRIC_REPRESENTATION_CONTEXT() REPRESENTATION_CONTEXT('2D SPACE',''
  ) );
#9023 = ORIENTED_EDGE('',*,*,#2244,.T.);
#9024 = ADVANCED_FACE('',(#9025),#2293,.F.);
#9025 = FACE_BOUND('',#9026,.F.);
#9026 = EDGE_LOOP('',(#9027,#9028,#9029,#9050));
#9027 = ORIENTED_EDGE('',*,*,#9003,.F.);
#9028 = ORIENTED_EDGE('',*,*,#5760,.T.);
#9029 = ORIENTED_EDGE('',*,*,#9030,.T.);
#9030 = EDGE_CURVE('',#5761,#2273,#9031,.T.);
#9031 = SURFACE_CURVE('',#9032,(#9036,#9043),.PCURVE_S1.);
#9032 = LINE('',#9033,#9034);
#9033 = CARTESIAN_POINT('',(-15.825,3.125,5.));
#9034 = VECTOR('',#9035,1.);
#9035 = DIRECTION('',(0.,0.,-1.));
#9036 = PCURVE('',#2293,#9037);
#9037 = DEFINITIONAL_REPRESENTATION('',(#9038),#9042);
#9038 = LINE('',#9039,#9040);
#9039 = CARTESIAN_POINT('',(3.14159265359,-5.));
#9040 = VECTOR('',#9041,1.);
#9041 = DIRECTION('',(-0.,1.));
#9042 = ( GEOMETRIC_REPRESENTATION_CONTEXT(2) 
PARAMETRIC_REPRESENTATION_CONTEXT() REPRESENTATION_CONTEXT('2D SPACE',''
  ) );
#9043 = PCURVE('',#2320,#9044);
#9044 = DEFINITIONAL_REPRESENTATION('',(#9045),#9049);
#9045 = LINE('',#9046,#9047);
#9046 = CARTESIAN_POINT('',(0.,-5.));
#9047 = VECTOR('',#9048,1.);
#9048 = DIRECTION('',(0.,1.));
#9049 = ( GEOMETRIC_REPRESENTATION_CONTEXT(2) 
PARAMETRIC_REPRESENTATION_CONTEXT() REPRESENTATION_CONTEXT('2D SPACE',''
  ) );
#9050 = ORIENTED_EDGE('',*,*,#2272,.F.);
#9051 = ADVANCED_FACE('',(#9052),#2350,.F.);
#9052 = FACE_BOUND('',#9053,.F.);
#9053 = EDGE_LOOP('',(#9054,#9075,#9076,#9077));
#9054 = ORIENTED_EDGE('',*,*,#9055,.T.);
#9055 = EDGE_CURVE('',#2306,#5789,#9056,.T.);
#9056 = SURFACE_CURVE('',#9057,(#9061,#9068),.PCURVE_S1.);
#9057 = LINE('',#9058,#9059);
#9058 = CARTESIAN_POINT('',(-54.575,3.125,-5.));
#9059 = VECTOR('',#9060,1.);
#9060 = DIRECTION('',(0.,0.,1.));
#9061 = PCURVE('',#2350,#9062);
#9062 = DEFINITIONAL_REPRESENTATION('',(#9063),#9067);
#9063 = LINE('',#9064,#9065);
#9064 = CARTESIAN_POINT('',(0.,5.));
#9065 = VECTOR('',#9066,1.);
#9066 = DIRECTION('',(0.,-1.));
#9067 = ( GEOMETRIC_REPRESENTATION_CONTEXT(2) 
PARAMETRIC_REPRESENTATION_CONTEXT() REPRESENTATION_CONTEXT('2D SPACE',''
  ) );
#9068 = PCURVE('',#2320,#9069);
#9069 = DEFINITIONAL_REPRESENTATION('',(#9070),#9074);
#9070 = LINE('',#9071,#9072);
#9071 = CARTESIAN_POINT('',(38.75,5.));
#9072 = VECTOR('',#9073,1.);
#9073 = DIRECTION('',(0.,-1.));
#9074 = ( GEOMETRIC_REPRESENTATION_CONTEXT(2) 
PARAMETRIC_REPRESENTATION_CONTEXT() REPRESENTATION_CONTEXT('2D SPACE',''
  ) );
#9075 = ORIENTED_EDGE('',*,*,#5809,.T.);
#9076 = ORIENTED_EDGE('',*,*,#8981,.F.);
#9077 = ORIENTED_EDGE('',*,*,#2331,.F.);
#9078 = ADVANCED_FACE('',(#9079),#2320,.F.);
#9079 = FACE_BOUND('',#9080,.F.);
#9080 = EDGE_LOOP('',(#9081,#9082,#9083,#9084));
#9081 = ORIENTED_EDGE('',*,*,#9030,.F.);
#9082 = ORIENTED_EDGE('',*,*,#5788,.F.);
#9083 = ORIENTED_EDGE('',*,*,#9055,.F.);
#9084 = ORIENTED_EDGE('',*,*,#2305,.T.);
#9085 = ADVANCED_FACE('',(#9086),#2381,.F.);
#9086 = FACE_BOUND('',#9087,.F.);
#9087 = EDGE_LOOP('',(#9088,#9109,#9110,#9131));
#9088 = ORIENTED_EDGE('',*,*,#9089,.T.);
#9089 = EDGE_CURVE('',#2367,#5840,#9090,.T.);
#9090 = SURFACE_CURVE('',#9091,(#9095,#9102),.PCURVE_S1.);
#9091 = LINE('',#9092,#9093);
#9092 = CARTESIAN_POINT('',(-54.575,8.125,-5.));
#9093 = VECTOR('',#9094,1.);
#9094 = DIRECTION('',(0.,0.,1.));
#9095 = PCURVE('',#2381,#9096);
#9096 = DEFINITIONAL_REPRESENTATION('',(#9097),#9101);
#9097 = LINE('',#9098,#9099);
#9098 = CARTESIAN_POINT('',(0.,5.));
#9099 = VECTOR('',#9100,1.);
#9100 = DIRECTION('',(0.,-1.));
#9101 = ( GEOMETRIC_REPRESENTATION_CONTEXT(2) 
PARAMETRIC_REPRESENTATION_CONTEXT() REPRESENTATION_CONTEXT('2D SPACE',''
  ) );
#9102 = PCURVE('',#2470,#9103);
#9103 = DEFINITIONAL_REPRESENTATION('',(#9104),#9108);
#9104 = LINE('',#9105,#9106);
#9105 = CARTESIAN_POINT('',(3.14159265359,5.));
#9106 = VECTOR('',#9107,1.);
#9107 = DIRECTION('',(0.,-1.));
#9108 = ( GEOMETRIC_REPRESENTATION_CONTEXT(2) 
PARAMETRIC_REPRESENTATION_CONTEXT() REPRESENTATION_CONTEXT('2D SPACE',''
  ) );
#9109 = ORIENTED_EDGE('',*,*,#5837,.F.);
#9110 = ORIENTED_EDGE('',*,*,#9111,.T.);
#9111 = EDGE_CURVE('',#5838,#2365,#9112,.T.);
#9112 = SURFACE_CURVE('',#9113,(#9117,#9124),.PCURVE_S1.);
#9113 = LINE('',#9114,#9115);
#9114 = CARTESIAN_POINT('',(-15.825,8.125,5.));
#9115 = VECTOR('',#9116,1.);
#9116 = DIRECTION('',(0.,0.,-1.));
#9117 = PCURVE('',#2381,#9118);
#9118 = DEFINITIONAL_REPRESENTATION('',(#9119),#9123);
#9119 = LINE('',#9120,#9121);
#9120 = CARTESIAN_POINT('',(38.75,-5.));
#9121 = VECTOR('',#9122,1.);
#9122 = DIRECTION('',(0.,1.));
#9123 = ( GEOMETRIC_REPRESENTATION_CONTEXT(2) 
PARAMETRIC_REPRESENTATION_CONTEXT() REPRESENTATION_CONTEXT('2D SPACE',''
  ) );
#9124 = PCURVE('',#2413,#9125);
#9125 = DEFINITIONAL_REPRESENTATION('',(#9126),#9130);
#9126 = LINE('',#9127,#9128);
#9127 = CARTESIAN_POINT('',(0.,-5.));
#9128 = VECTOR('',#9129,1.);
#9129 = DIRECTION('',(-0.,1.));
#9130 = ( GEOMETRIC_REPRESENTATION_CONTEXT(2) 
PARAMETRIC_REPRESENTATION_CONTEXT() REPRESENTATION_CONTEXT('2D SPACE',''
  ) );
#9131 = ORIENTED_EDGE('',*,*,#2364,.T.);
#9132 = ADVANCED_FACE('',(#9133),#2413,.F.);
#9133 = FACE_BOUND('',#9134,.F.);
#9134 = EDGE_LOOP('',(#9135,#9136,#9137,#9158));
#9135 = ORIENTED_EDGE('',*,*,#9111,.F.);
#9136 = ORIENTED_EDGE('',*,*,#5860,.T.);
#9137 = ORIENTED_EDGE('',*,*,#9138,.T.);
#9138 = EDGE_CURVE('',#5861,#2393,#9139,.T.);
#9139 = SURFACE_CURVE('',#9140,(#9144,#9151),.PCURVE_S1.);
#9140 = LINE('',#9141,#9142);
#9141 = CARTESIAN_POINT('',(-15.825,6.875,5.));
#9142 = VECTOR('',#9143,1.);
#9143 = DIRECTION('',(0.,0.,-1.));
#9144 = PCURVE('',#2413,#9145);
#9145 = DEFINITIONAL_REPRESENTATION('',(#9146),#9150);
#9146 = LINE('',#9147,#9148);
#9147 = CARTESIAN_POINT('',(3.14159265359,-5.));
#9148 = VECTOR('',#9149,1.);
#9149 = DIRECTION('',(-0.,1.));
#9150 = ( GEOMETRIC_REPRESENTATION_CONTEXT(2) 
PARAMETRIC_REPRESENTATION_CONTEXT() REPRESENTATION_CONTEXT('2D SPACE',''
  ) );
#9151 = PCURVE('',#2440,#9152);
#9152 = DEFINITIONAL_REPRESENTATION('',(#9153),#9157);
#9153 = LINE('',#9154,#9155);
#9154 = CARTESIAN_POINT('',(0.,-5.));
#9155 = VECTOR('',#9156,1.);
#9156 = DIRECTION('',(0.,1.));
#9157 = ( GEOMETRIC_REPRESENTATION_CONTEXT(2) 
PARAMETRIC_REPRESENTATION_CONTEXT() REPRESENTATION_CONTEXT('2D SPACE',''
  ) );
#9158 = ORIENTED_EDGE('',*,*,#2392,.F.);
#9159 = ADVANCED_FACE('',(#9160),#2470,.F.);
#9160 = FACE_BOUND('',#9161,.F.);
#9161 = EDGE_LOOP('',(#9162,#9183,#9184,#9185));
#9162 = ORIENTED_EDGE('',*,*,#9163,.T.);
#9163 = EDGE_CURVE('',#2426,#5889,#9164,.T.);
#9164 = SURFACE_CURVE('',#9165,(#9169,#9176),.PCURVE_S1.);
#9165 = LINE('',#9166,#9167);
#9166 = CARTESIAN_POINT('',(-54.575,6.875,-5.));
#9167 = VECTOR('',#9168,1.);
#9168 = DIRECTION('',(0.,0.,1.));
#9169 = PCURVE('',#2470,#9170);
#9170 = DEFINITIONAL_REPRESENTATION('',(#9171),#9175);
#9171 = LINE('',#9172,#9173);
#9172 = CARTESIAN_POINT('',(0.,5.));
#9173 = VECTOR('',#9174,1.);
#9174 = DIRECTION('',(0.,-1.));
#9175 = ( GEOMETRIC_REPRESENTATION_CONTEXT(2) 
PARAMETRIC_REPRESENTATION_CONTEXT() REPRESENTATION_CONTEXT('2D SPACE',''
  ) );
#9176 = PCURVE('',#2440,#9177);
#9177 = DEFINITIONAL_REPRESENTATION('',(#9178),#9182);
#9178 = LINE('',#9179,#9180);
#9179 = CARTESIAN_POINT('',(38.75,5.));
#9180 = VECTOR('',#9181,1.);
#9181 = DIRECTION('',(0.,-1.));
#9182 = ( GEOMETRIC_REPRESENTATION_CONTEXT(2) 
PARAMETRIC_REPRESENTATION_CONTEXT() REPRESENTATION_CONTEXT('2D SPACE',''
  ) );
#9183 = ORIENTED_EDGE('',*,*,#5909,.T.);
#9184 = ORIENTED_EDGE('',*,*,#9089,.F.);
#9185 = ORIENTED_EDGE('',*,*,#2451,.F.);
#9186 = ADVANCED_FACE('',(#9187),#2440,.F.);
#9187 = FACE_BOUND('',#9188,.F.);
#9188 = EDGE_LOOP('',(#9189,#9190,#9191,#9192));
#9189 = ORIENTED_EDGE('',*,*,#9138,.F.);
#9190 = ORIENTED_EDGE('',*,*,#5888,.F.);
#9191 = ORIENTED_EDGE('',*,*,#9163,.F.);
#9192 = ORIENTED_EDGE('',*,*,#2425,.T.);
#9193 = ADVANCED_FACE('',(#9194),#2501,.F.);
#9194 = FACE_BOUND('',#9195,.F.);
#9195 = EDGE_LOOP('',(#9196,#9217,#9218,#9239));
#9196 = ORIENTED_EDGE('',*,*,#9197,.T.);
#9197 = EDGE_CURVE('',#2487,#5940,#9198,.T.);
#9198 = SURFACE_CURVE('',#9199,(#9203,#9210),.PCURVE_S1.);
#9199 = LINE('',#9200,#9201);
#9200 = CARTESIAN_POINT('',(-54.575,11.875,-5.));
#9201 = VECTOR('',#9202,1.);
#9202 = DIRECTION('',(0.,0.,1.));
#9203 = PCURVE('',#2501,#9204);
#9204 = DEFINITIONAL_REPRESENTATION('',(#9205),#9209);
#9205 = LINE('',#9206,#9207);
#9206 = CARTESIAN_POINT('',(0.,5.));
#9207 = VECTOR('',#9208,1.);
#9208 = DIRECTION('',(0.,-1.));
#9209 = ( GEOMETRIC_REPRESENTATION_CONTEXT(2) 
PARAMETRIC_REPRESENTATION_CONTEXT() REPRESENTATION_CONTEXT('2D SPACE',''
  ) );
#9210 = PCURVE('',#2590,#9211);
#9211 = DEFINITIONAL_REPRESENTATION('',(#9212),#9216);
#9212 = LINE('',#9213,#9214);
#9213 = CARTESIAN_POINT('',(3.14159265359,5.));
#9214 = VECTOR('',#9215,1.);
#9215 = DIRECTION('',(0.,-1.));
#9216 = ( GEOMETRIC_REPRESENTATION_CONTEXT(2) 
PARAMETRIC_REPRESENTATION_CONTEXT() REPRESENTATION_CONTEXT('2D SPACE',''
  ) );
#9217 = ORIENTED_EDGE('',*,*,#5937,.F.);
#9218 = ORIENTED_EDGE('',*,*,#9219,.T.);
#9219 = EDGE_CURVE('',#5938,#2485,#9220,.T.);
#9220 = SURFACE_CURVE('',#9221,(#9225,#9232),.PCURVE_S1.);
#9221 = LINE('',#9222,#9223);
#9222 = CARTESIAN_POINT('',(-15.825,11.875,5.));
#9223 = VECTOR('',#9224,1.);
#9224 = DIRECTION('',(0.,0.,-1.));
#9225 = PCURVE('',#2501,#9226);
#9226 = DEFINITIONAL_REPRESENTATION('',(#9227),#9231);
#9227 = LINE('',#9228,#9229);
#9228 = CARTESIAN_POINT('',(38.75,-5.));
#9229 = VECTOR('',#9230,1.);
#9230 = DIRECTION('',(0.,1.));
#9231 = ( GEOMETRIC_REPRESENTATION_CONTEXT(2) 
PARAMETRIC_REPRESENTATION_CONTEXT() REPRESENTATION_CONTEXT('2D SPACE',''
  ) );
#9232 = PCURVE('',#2533,#9233);
#9233 = DEFINITIONAL_REPRESENTATION('',(#9234),#9238);
#9234 = LINE('',#9235,#9236);
#9235 = CARTESIAN_POINT('',(0.,-5.));
#9236 = VECTOR('',#9237,1.);
#9237 = DIRECTION('',(-0.,1.));
#9238 = ( GEOMETRIC_REPRESENTATION_CONTEXT(2) 
PARAMETRIC_REPRESENTATION_CONTEXT() REPRESENTATION_CONTEXT('2D SPACE',''
  ) );
#9239 = ORIENTED_EDGE('',*,*,#2484,.T.);
#9240 = ADVANCED_FACE('',(#9241),#2533,.F.);
#9241 = FACE_BOUND('',#9242,.F.);
#9242 = EDGE_LOOP('',(#9243,#9244,#9245,#9266));
#9243 = ORIENTED_EDGE('',*,*,#9219,.F.);
#9244 = ORIENTED_EDGE('',*,*,#5960,.T.);
#9245 = ORIENTED_EDGE('',*,*,#9246,.T.);
#9246 = EDGE_CURVE('',#5961,#2513,#9247,.T.);
#9247 = SURFACE_CURVE('',#9248,(#9252,#9259),.PCURVE_S1.);
#9248 = LINE('',#9249,#9250);
#9249 = CARTESIAN_POINT('',(-15.825,10.625,5.));
#9250 = VECTOR('',#9251,1.);
#9251 = DIRECTION('',(0.,0.,-1.));
#9252 = PCURVE('',#2533,#9253);
#9253 = DEFINITIONAL_REPRESENTATION('',(#9254),#9258);
#9254 = LINE('',#9255,#9256);
#9255 = CARTESIAN_POINT('',(3.14159265359,-5.));
#9256 = VECTOR('',#9257,1.);
#9257 = DIRECTION('',(-0.,1.));
#9258 = ( GEOMETRIC_REPRESENTATION_CONTEXT(2) 
PARAMETRIC_REPRESENTATION_CONTEXT() REPRESENTATION_CONTEXT('2D SPACE',''
  ) );
#9259 = PCURVE('',#2560,#9260);
#9260 = DEFINITIONAL_REPRESENTATION('',(#9261),#9265);
#9261 = LINE('',#9262,#9263);
#9262 = CARTESIAN_POINT('',(0.,-5.));
#9263 = VECTOR('',#9264,1.);
#9264 = DIRECTION('',(0.,1.));
#9265 = ( GEOMETRIC_REPRESENTATION_CONTEXT(2) 
PARAMETRIC_REPRESENTATION_CONTEXT() REPRESENTATION_CONTEXT('2D SPACE',''
  ) );
#9266 = ORIENTED_EDGE('',*,*,#2512,.F.);
#9267 = ADVANCED_FACE('',(#9268),#2590,.F.);
#9268 = FACE_BOUND('',#9269,.F.);
#9269 = EDGE_LOOP('',(#9270,#9291,#9292,#9293));
#9270 = ORIENTED_EDGE('',*,*,#9271,.T.);
#9271 = EDGE_CURVE('',#2546,#5989,#9272,.T.);
#9272 = SURFACE_CURVE('',#9273,(#9277,#9284),.PCURVE_S1.);
#9273 = LINE('',#9274,#9275);
#9274 = CARTESIAN_POINT('',(-54.575,10.625,-5.));
#9275 = VECTOR('',#9276,1.);
#9276 = DIRECTION('',(0.,0.,1.));
#9277 = PCURVE('',#2590,#9278);
#9278 = DEFINITIONAL_REPRESENTATION('',(#9279),#9283);
#9279 = LINE('',#9280,#9281);
#9280 = CARTESIAN_POINT('',(0.,5.));
#9281 = VECTOR('',#9282,1.);
#9282 = DIRECTION('',(0.,-1.));
#9283 = ( GEOMETRIC_REPRESENTATION_CONTEXT(2) 
PARAMETRIC_REPRESENTATION_CONTEXT() REPRESENTATION_CONTEXT('2D SPACE',''
  ) );
#9284 = PCURVE('',#2560,#9285);
#9285 = DEFINITIONAL_REPRESENTATION('',(#9286),#9290);
#9286 = LINE('',#9287,#9288);
#9287 = CARTESIAN_POINT('',(38.75,5.));
#9288 = VECTOR('',#9289,1.);
#9289 = DIRECTION('',(0.,-1.));
#9290 = ( GEOMETRIC_REPRESENTATION_CONTEXT(2) 
PARAMETRIC_REPRESENTATION_CONTEXT() REPRESENTATION_CONTEXT('2D SPACE',''
  ) );
#9291 = ORIENTED_EDGE('',*,*,#6009,.T.);
#9292 = ORIENTED_EDGE('',*,*,#9197,.F.);
#9293 = ORIENTED_EDGE('',*,*,#2571,.F.);
#9294 = ADVANCED_FACE('',(#9295),#2560,.F.);
#9295 = FACE_BOUND('',#9296,.F.);
#9296 = EDGE_LOOP('',(#9297,#9298,#9299,#9300));
#9297 = ORIENTED_EDGE('',*,*,#9246,.F.);
#9298 = ORIENTED_EDGE('',*,*,#5988,.F.);
#9299 = ORIENTED_EDGE('',*,*,#9271,.F.);
#9300 = ORIENTED_EDGE('',*,*,#2545,.T.);
#9301 = ADVANCED_FACE('',(#9302),#2621,.F.);
#9302 = FACE_BOUND('',#9303,.F.);
#9303 = EDGE_LOOP('',(#9304,#9325,#9326,#9347));
#9304 = ORIENTED_EDGE('',*,*,#9305,.T.);
#9305 = EDGE_CURVE('',#2607,#6040,#9306,.T.);
#9306 = SURFACE_CURVE('',#9307,(#9311,#9318),.PCURVE_S1.);
#9307 = LINE('',#9308,#9309);
#9308 = CARTESIAN_POINT('',(-11.875,15.825,-5.));
#9309 = VECTOR('',#9310,1.);
#9310 = DIRECTION('',(0.,0.,1.));
#9311 = PCURVE('',#2621,#9312);
#9312 = DEFINITIONAL_REPRESENTATION('',(#9313),#9317);
#9313 = LINE('',#9314,#9315);
#9314 = CARTESIAN_POINT('',(0.,5.));
#9315 = VECTOR('',#9316,1.);
#9316 = DIRECTION('',(0.,-1.));
#9317 = ( GEOMETRIC_REPRESENTATION_CONTEXT(2) 
PARAMETRIC_REPRESENTATION_CONTEXT() REPRESENTATION_CONTEXT('2D SPACE',''
  ) );
#9318 = PCURVE('',#2710,#9319);
#9319 = DEFINITIONAL_REPRESENTATION('',(#9320),#9324);
#9320 = LINE('',#9321,#9322);
#9321 = CARTESIAN_POINT('',(3.14159265359,5.));
#9322 = VECTOR('',#9323,1.);
#9323 = DIRECTION('',(0.,-1.));
#9324 = ( GEOMETRIC_REPRESENTATION_CONTEXT(2) 
PARAMETRIC_REPRESENTATION_CONTEXT() REPRESENTATION_CONTEXT('2D SPACE',''
  ) );
#9325 = ORIENTED_EDGE('',*,*,#6037,.F.);
#9326 = ORIENTED_EDGE('',*,*,#9327,.T.);
#9327 = EDGE_CURVE('',#6038,#2605,#9328,.T.);
#9328 = SURFACE_CURVE('',#9329,(#9333,#9340),.PCURVE_S1.);
#9329 = LINE('',#9330,#9331);
#9330 = CARTESIAN_POINT('',(-11.875,54.575,5.));
#9331 = VECTOR('',#9332,1.);
#9332 = DIRECTION('',(0.,0.,-1.));
#9333 = PCURVE('',#2621,#9334);
#9334 = DEFINITIONAL_REPRESENTATION('',(#9335),#9339);
#9335 = LINE('',#9336,#9337);
#9336 = CARTESIAN_POINT('',(38.75,-5.));
#9337 = VECTOR('',#9338,1.);
#9338 = DIRECTION('',(0.,1.));
#9339 = ( GEOMETRIC_REPRESENTATION_CONTEXT(2) 
PARAMETRIC_REPRESENTATION_CONTEXT() REPRESENTATION_CONTEXT('2D SPACE',''
  ) );
#9340 = PCURVE('',#2653,#9341);
#9341 = DEFINITIONAL_REPRESENTATION('',(#9342),#9346);
#9342 = LINE('',#9343,#9344);
#9343 = CARTESIAN_POINT('',(0.,-5.));
#9344 = VECTOR('',#9345,1.);
#9345 = DIRECTION('',(-0.,1.));
#9346 = ( GEOMETRIC_REPRESENTATION_CONTEXT(2) 
PARAMETRIC_REPRESENTATION_CONTEXT() REPRESENTATION_CONTEXT('2D SPACE',''
  ) );
#9347 = ORIENTED_EDGE('',*,*,#2604,.T.);
#9348 = ADVANCED_FACE('',(#9349),#2653,.F.);
#9349 = FACE_BOUND('',#9350,.F.);
#9350 = EDGE_LOOP('',(#9351,#9352,#9353,#9374));
#9351 = ORIENTED_EDGE('',*,*,#9327,.F.);
#9352 = ORIENTED_EDGE('',*,*,#6060,.T.);
#9353 = ORIENTED_EDGE('',*,*,#9354,.T.);
#9354 = EDGE_CURVE('',#6061,#2633,#9355,.T.);
#9355 = SURFACE_CURVE('',#9356,(#9360,#9367),.PCURVE_S1.);
#9356 = LINE('',#9357,#9358);
#9357 = CARTESIAN_POINT('',(-10.625,54.575,5.));
#9358 = VECTOR('',#9359,1.);
#9359 = DIRECTION('',(0.,0.,-1.));
#9360 = PCURVE('',#2653,#9361);
#9361 = DEFINITIONAL_REPRESENTATION('',(#9362),#9366);
#9362 = LINE('',#9363,#9364);
#9363 = CARTESIAN_POINT('',(3.14159265359,-5.));
#9364 = VECTOR('',#9365,1.);
#9365 = DIRECTION('',(-0.,1.));
#9366 = ( GEOMETRIC_REPRESENTATION_CONTEXT(2) 
PARAMETRIC_REPRESENTATION_CONTEXT() REPRESENTATION_CONTEXT('2D SPACE',''
  ) );
#9367 = PCURVE('',#2680,#9368);
#9368 = DEFINITIONAL_REPRESENTATION('',(#9369),#9373);
#9369 = LINE('',#9370,#9371);
#9370 = CARTESIAN_POINT('',(0.,-5.));
#9371 = VECTOR('',#9372,1.);
#9372 = DIRECTION('',(-0.,1.));
#9373 = ( GEOMETRIC_REPRESENTATION_CONTEXT(2) 
PARAMETRIC_REPRESENTATION_CONTEXT() REPRESENTATION_CONTEXT('2D SPACE',''
  ) );
#9374 = ORIENTED_EDGE('',*,*,#2632,.F.);
#9375 = ADVANCED_FACE('',(#9376),#2710,.F.);
#9376 = FACE_BOUND('',#9377,.F.);
#9377 = EDGE_LOOP('',(#9378,#9399,#9400,#9401));
#9378 = ORIENTED_EDGE('',*,*,#9379,.T.);
#9379 = EDGE_CURVE('',#2666,#6089,#9380,.T.);
#9380 = SURFACE_CURVE('',#9381,(#9385,#9392),.PCURVE_S1.);
#9381 = LINE('',#9382,#9383);
#9382 = CARTESIAN_POINT('',(-10.625,15.825,-5.));
#9383 = VECTOR('',#9384,1.);
#9384 = DIRECTION('',(0.,0.,1.));
#9385 = PCURVE('',#2710,#9386);
#9386 = DEFINITIONAL_REPRESENTATION('',(#9387),#9391);
#9387 = LINE('',#9388,#9389);
#9388 = CARTESIAN_POINT('',(0.,5.));
#9389 = VECTOR('',#9390,1.);
#9390 = DIRECTION('',(0.,-1.));
#9391 = ( GEOMETRIC_REPRESENTATION_CONTEXT(2) 
PARAMETRIC_REPRESENTATION_CONTEXT() REPRESENTATION_CONTEXT('2D SPACE',''
  ) );
#9392 = PCURVE('',#2680,#9393);
#9393 = DEFINITIONAL_REPRESENTATION('',(#9394),#9398);
#9394 = LINE('',#9395,#9396);
#9395 = CARTESIAN_POINT('',(38.75,5.));
#9396 = VECTOR('',#9397,1.);
#9397 = DIRECTION('',(0.,-1.));
#9398 = ( GEOMETRIC_REPRESENTATION_CONTEXT(2) 
PARAMETRIC_REPRESENTATION_CONTEXT() REPRESENTATION_CONTEXT('2D SPACE',''
  ) );
#9399 = ORIENTED_EDGE('',*,*,#6109,.T.);
#9400 = ORIENTED_EDGE('',*,*,#9305,.F.);
#9401 = ORIENTED_EDGE('',*,*,#2691,.F.);
#9402 = ADVANCED_FACE('',(#9403),#2680,.F.);
#9403 = FACE_BOUND('',#9404,.F.);
#9404 = EDGE_LOOP('',(#9405,#9406,#9407,#9408));
#9405 = ORIENTED_EDGE('',*,*,#9354,.F.);
#9406 = ORIENTED_EDGE('',*,*,#6088,.F.);
#9407 = ORIENTED_EDGE('',*,*,#9379,.F.);
#9408 = ORIENTED_EDGE('',*,*,#2665,.T.);
#9409 = ADVANCED_FACE('',(#9410),#2741,.F.);
#9410 = FACE_BOUND('',#9411,.F.);
#9411 = EDGE_LOOP('',(#9412,#9433,#9434,#9455));
#9412 = ORIENTED_EDGE('',*,*,#9413,.T.);
#9413 = EDGE_CURVE('',#2727,#6140,#9414,.T.);
#9414 = SURFACE_CURVE('',#9415,(#9419,#9426),.PCURVE_S1.);
#9415 = LINE('',#9416,#9417);
#9416 = CARTESIAN_POINT('',(-8.125,15.825,-5.));
#9417 = VECTOR('',#9418,1.);
#9418 = DIRECTION('',(0.,0.,1.));
#9419 = PCURVE('',#2741,#9420);
#9420 = DEFINITIONAL_REPRESENTATION('',(#9421),#9425);
#9421 = LINE('',#9422,#9423);
#9422 = CARTESIAN_POINT('',(0.,5.));
#9423 = VECTOR('',#9424,1.);
#9424 = DIRECTION('',(0.,-1.));
#9425 = ( GEOMETRIC_REPRESENTATION_CONTEXT(2) 
PARAMETRIC_REPRESENTATION_CONTEXT() REPRESENTATION_CONTEXT('2D SPACE',''
  ) );
#9426 = PCURVE('',#2830,#9427);
#9427 = DEFINITIONAL_REPRESENTATION('',(#9428),#9432);
#9428 = LINE('',#9429,#9430);
#9429 = CARTESIAN_POINT('',(3.14159265359,5.));
#9430 = VECTOR('',#9431,1.);
#9431 = DIRECTION('',(0.,-1.));
#9432 = ( GEOMETRIC_REPRESENTATION_CONTEXT(2) 
PARAMETRIC_REPRESENTATION_CONTEXT() REPRESENTATION_CONTEXT('2D SPACE',''
  ) );
#9433 = ORIENTED_EDGE('',*,*,#6137,.F.);
#9434 = ORIENTED_EDGE('',*,*,#9435,.T.);
#9435 = EDGE_CURVE('',#6138,#2725,#9436,.T.);
#9436 = SURFACE_CURVE('',#9437,(#9441,#9448),.PCURVE_S1.);
#9437 = LINE('',#9438,#9439);
#9438 = CARTESIAN_POINT('',(-8.125,54.575,5.));
#9439 = VECTOR('',#9440,1.);
#9440 = DIRECTION('',(0.,0.,-1.));
#9441 = PCURVE('',#2741,#9442);
#9442 = DEFINITIONAL_REPRESENTATION('',(#9443),#9447);
#9443 = LINE('',#9444,#9445);
#9444 = CARTESIAN_POINT('',(38.75,-5.));
#9445 = VECTOR('',#9446,1.);
#9446 = DIRECTION('',(0.,1.));
#9447 = ( GEOMETRIC_REPRESENTATION_CONTEXT(2) 
PARAMETRIC_REPRESENTATION_CONTEXT() REPRESENTATION_CONTEXT('2D SPACE',''
  ) );
#9448 = PCURVE('',#2773,#9449);
#9449 = DEFINITIONAL_REPRESENTATION('',(#9450),#9454);
#9450 = LINE('',#9451,#9452);
#9451 = CARTESIAN_POINT('',(0.,-5.));
#9452 = VECTOR('',#9453,1.);
#9453 = DIRECTION('',(-0.,1.));
#9454 = ( GEOMETRIC_REPRESENTATION_CONTEXT(2) 
PARAMETRIC_REPRESENTATION_CONTEXT() REPRESENTATION_CONTEXT('2D SPACE',''
  ) );
#9455 = ORIENTED_EDGE('',*,*,#2724,.T.);
#9456 = ADVANCED_FACE('',(#9457),#2773,.F.);
#9457 = FACE_BOUND('',#9458,.F.);
#9458 = EDGE_LOOP('',(#9459,#9460,#9461,#9482));
#9459 = ORIENTED_EDGE('',*,*,#9435,.F.);
#9460 = ORIENTED_EDGE('',*,*,#6160,.T.);
#9461 = ORIENTED_EDGE('',*,*,#9462,.T.);
#9462 = EDGE_CURVE('',#6161,#2753,#9463,.T.);
#9463 = SURFACE_CURVE('',#9464,(#9468,#9475),.PCURVE_S1.);
#9464 = LINE('',#9465,#9466);
#9465 = CARTESIAN_POINT('',(-6.875,54.575,5.));
#9466 = VECTOR('',#9467,1.);
#9467 = DIRECTION('',(0.,0.,-1.));
#9468 = PCURVE('',#2773,#9469);
#9469 = DEFINITIONAL_REPRESENTATION('',(#9470),#9474);
#9470 = LINE('',#9471,#9472);
#9471 = CARTESIAN_POINT('',(3.14159265359,-5.));
#9472 = VECTOR('',#9473,1.);
#9473 = DIRECTION('',(-0.,1.));
#9474 = ( GEOMETRIC_REPRESENTATION_CONTEXT(2) 
PARAMETRIC_REPRESENTATION_CONTEXT() REPRESENTATION_CONTEXT('2D SPACE',''
  ) );
#9475 = PCURVE('',#2800,#9476);
#9476 = DEFINITIONAL_REPRESENTATION('',(#9477),#9481);
#9477 = LINE('',#9478,#9479);
#9478 = CARTESIAN_POINT('',(0.,-5.));
#9479 = VECTOR('',#9480,1.);
#9480 = DIRECTION('',(-0.,1.));
#9481 = ( GEOMETRIC_REPRESENTATION_CONTEXT(2) 
PARAMETRIC_REPRESENTATION_CONTEXT() REPRESENTATION_CONTEXT('2D SPACE',''
  ) );
#9482 = ORIENTED_EDGE('',*,*,#2752,.F.);
#9483 = ADVANCED_FACE('',(#9484),#2830,.F.);
#9484 = FACE_BOUND('',#9485,.F.);
#9485 = EDGE_LOOP('',(#9486,#9507,#9508,#9509));
#9486 = ORIENTED_EDGE('',*,*,#9487,.T.);
#9487 = EDGE_CURVE('',#2786,#6189,#9488,.T.);
#9488 = SURFACE_CURVE('',#9489,(#9493,#9500),.PCURVE_S1.);
#9489 = LINE('',#9490,#9491);
#9490 = CARTESIAN_POINT('',(-6.875,15.825,-5.));
#9491 = VECTOR('',#9492,1.);
#9492 = DIRECTION('',(0.,0.,1.));
#9493 = PCURVE('',#2830,#9494);
#9494 = DEFINITIONAL_REPRESENTATION('',(#9495),#9499);
#9495 = LINE('',#9496,#9497);
#9496 = CARTESIAN_POINT('',(0.,5.));
#9497 = VECTOR('',#9498,1.);
#9498 = DIRECTION('',(0.,-1.));
#9499 = ( GEOMETRIC_REPRESENTATION_CONTEXT(2) 
PARAMETRIC_REPRESENTATION_CONTEXT() REPRESENTATION_CONTEXT('2D SPACE',''
  ) );
#9500 = PCURVE('',#2800,#9501);
#9501 = DEFINITIONAL_REPRESENTATION('',(#9502),#9506);
#9502 = LINE('',#9503,#9504);
#9503 = CARTESIAN_POINT('',(38.75,5.));
#9504 = VECTOR('',#9505,1.);
#9505 = DIRECTION('',(0.,-1.));
#9506 = ( GEOMETRIC_REPRESENTATION_CONTEXT(2) 
PARAMETRIC_REPRESENTATION_CONTEXT() REPRESENTATION_CONTEXT('2D SPACE',''
  ) );
#9507 = ORIENTED_EDGE('',*,*,#6209,.T.);
#9508 = ORIENTED_EDGE('',*,*,#9413,.F.);
#9509 = ORIENTED_EDGE('',*,*,#2811,.F.);
#9510 = ADVANCED_FACE('',(#9511),#2800,.F.);
#9511 = FACE_BOUND('',#9512,.F.);
#9512 = EDGE_LOOP('',(#9513,#9514,#9515,#9516));
#9513 = ORIENTED_EDGE('',*,*,#9462,.F.);
#9514 = ORIENTED_EDGE('',*,*,#6188,.F.);
#9515 = ORIENTED_EDGE('',*,*,#9487,.F.);
#9516 = ORIENTED_EDGE('',*,*,#2785,.T.);
#9517 = ADVANCED_FACE('',(#9518),#2861,.F.);
#9518 = FACE_BOUND('',#9519,.F.);
#9519 = EDGE_LOOP('',(#9520,#9541,#9542,#9563));
#9520 = ORIENTED_EDGE('',*,*,#9521,.T.);
#9521 = EDGE_CURVE('',#2847,#6240,#9522,.T.);
#9522 = SURFACE_CURVE('',#9523,(#9527,#9534),.PCURVE_S1.);
#9523 = LINE('',#9524,#9525);
#9524 = CARTESIAN_POINT('',(-4.375,15.825,-5.));
#9525 = VECTOR('',#9526,1.);
#9526 = DIRECTION('',(0.,0.,1.));
#9527 = PCURVE('',#2861,#9528);
#9528 = DEFINITIONAL_REPRESENTATION('',(#9529),#9533);
#9529 = LINE('',#9530,#9531);
#9530 = CARTESIAN_POINT('',(0.,5.));
#9531 = VECTOR('',#9532,1.);
#9532 = DIRECTION('',(0.,-1.));
#9533 = ( GEOMETRIC_REPRESENTATION_CONTEXT(2) 
PARAMETRIC_REPRESENTATION_CONTEXT() REPRESENTATION_CONTEXT('2D SPACE',''
  ) );
#9534 = PCURVE('',#2950,#9535);
#9535 = DEFINITIONAL_REPRESENTATION('',(#9536),#9540);
#9536 = LINE('',#9537,#9538);
#9537 = CARTESIAN_POINT('',(3.14159265359,5.));
#9538 = VECTOR('',#9539,1.);
#9539 = DIRECTION('',(0.,-1.));
#9540 = ( GEOMETRIC_REPRESENTATION_CONTEXT(2) 
PARAMETRIC_REPRESENTATION_CONTEXT() REPRESENTATION_CONTEXT('2D SPACE',''
  ) );
#9541 = ORIENTED_EDGE('',*,*,#6237,.F.);
#9542 = ORIENTED_EDGE('',*,*,#9543,.T.);
#9543 = EDGE_CURVE('',#6238,#2845,#9544,.T.);
#9544 = SURFACE_CURVE('',#9545,(#9549,#9556),.PCURVE_S1.);
#9545 = LINE('',#9546,#9547);
#9546 = CARTESIAN_POINT('',(-4.375,54.575,5.));
#9547 = VECTOR('',#9548,1.);
#9548 = DIRECTION('',(0.,0.,-1.));
#9549 = PCURVE('',#2861,#9550);
#9550 = DEFINITIONAL_REPRESENTATION('',(#9551),#9555);
#9551 = LINE('',#9552,#9553);
#9552 = CARTESIAN_POINT('',(38.75,-5.));
#9553 = VECTOR('',#9554,1.);
#9554 = DIRECTION('',(0.,1.));
#9555 = ( GEOMETRIC_REPRESENTATION_CONTEXT(2) 
PARAMETRIC_REPRESENTATION_CONTEXT() REPRESENTATION_CONTEXT('2D SPACE',''
  ) );
#9556 = PCURVE('',#2893,#9557);
#9557 = DEFINITIONAL_REPRESENTATION('',(#9558),#9562);
#9558 = LINE('',#9559,#9560);
#9559 = CARTESIAN_POINT('',(0.,-5.));
#9560 = VECTOR('',#9561,1.);
#9561 = DIRECTION('',(-0.,1.));
#9562 = ( GEOMETRIC_REPRESENTATION_CONTEXT(2) 
PARAMETRIC_REPRESENTATION_CONTEXT() REPRESENTATION_CONTEXT('2D SPACE',''
  ) );
#9563 = ORIENTED_EDGE('',*,*,#2844,.T.);
#9564 = ADVANCED_FACE('',(#9565),#2893,.F.);
#9565 = FACE_BOUND('',#9566,.F.);
#9566 = EDGE_LOOP('',(#9567,#9568,#9569,#9590));
#9567 = ORIENTED_EDGE('',*,*,#9543,.F.);
#9568 = ORIENTED_EDGE('',*,*,#6260,.T.);
#9569 = ORIENTED_EDGE('',*,*,#9570,.T.);
#9570 = EDGE_CURVE('',#6261,#2873,#9571,.T.);
#9571 = SURFACE_CURVE('',#9572,(#9576,#9583),.PCURVE_S1.);
#9572 = LINE('',#9573,#9574);
#9573 = CARTESIAN_POINT('',(-3.125,54.575,5.));
#9574 = VECTOR('',#9575,1.);
#9575 = DIRECTION('',(0.,0.,-1.));
#9576 = PCURVE('',#2893,#9577);
#9577 = DEFINITIONAL_REPRESENTATION('',(#9578),#9582);
#9578 = LINE('',#9579,#9580);
#9579 = CARTESIAN_POINT('',(3.14159265359,-5.));
#9580 = VECTOR('',#9581,1.);
#9581 = DIRECTION('',(-0.,1.));
#9582 = ( GEOMETRIC_REPRESENTATION_CONTEXT(2) 
PARAMETRIC_REPRESENTATION_CONTEXT() REPRESENTATION_CONTEXT('2D SPACE',''
  ) );
#9583 = PCURVE('',#2920,#9584);
#9584 = DEFINITIONAL_REPRESENTATION('',(#9585),#9589);
#9585 = LINE('',#9586,#9587);
#9586 = CARTESIAN_POINT('',(0.,-5.));
#9587 = VECTOR('',#9588,1.);
#9588 = DIRECTION('',(-0.,1.));
#9589 = ( GEOMETRIC_REPRESENTATION_CONTEXT(2) 
PARAMETRIC_REPRESENTATION_CONTEXT() REPRESENTATION_CONTEXT('2D SPACE',''
  ) );
#9590 = ORIENTED_EDGE('',*,*,#2872,.F.);
#9591 = ADVANCED_FACE('',(#9592),#2950,.F.);
#9592 = FACE_BOUND('',#9593,.F.);
#9593 = EDGE_LOOP('',(#9594,#9615,#9616,#9617));
#9594 = ORIENTED_EDGE('',*,*,#9595,.T.);
#9595 = EDGE_CURVE('',#2906,#6289,#9596,.T.);
#9596 = SURFACE_CURVE('',#9597,(#9601,#9608),.PCURVE_S1.);
#9597 = LINE('',#9598,#9599);
#9598 = CARTESIAN_POINT('',(-3.125,15.825,-5.));
#9599 = VECTOR('',#9600,1.);
#9600 = DIRECTION('',(0.,0.,1.));
#9601 = PCURVE('',#2950,#9602);
#9602 = DEFINITIONAL_REPRESENTATION('',(#9603),#9607);
#9603 = LINE('',#9604,#9605);
#9604 = CARTESIAN_POINT('',(0.,5.));
#9605 = VECTOR('',#9606,1.);
#9606 = DIRECTION('',(0.,-1.));
#9607 = ( GEOMETRIC_REPRESENTATION_CONTEXT(2) 
PARAMETRIC_REPRESENTATION_CONTEXT() REPRESENTATION_CONTEXT('2D SPACE',''
  ) );
#9608 = PCURVE('',#2920,#9609);
#9609 = DEFINITIONAL_REPRESENTATION('',(#9610),#9614);
#9610 = LINE('',#9611,#9612);
#9611 = CARTESIAN_POINT('',(38.75,5.));
#9612 = VECTOR('',#9613,1.);
#9613 = DIRECTION('',(0.,-1.));
#9614 = ( GEOMETRIC_REPRESENTATION_CONTEXT(2) 
PARAMETRIC_REPRESENTATION_CONTEXT() REPRESENTATION_CONTEXT('2D SPACE',''
  ) );
#9615 = ORIENTED_EDGE('',*,*,#6309,.T.);
#9616 = ORIENTED_EDGE('',*,*,#9521,.F.);
#9617 = ORIENTED_EDGE('',*,*,#2931,.F.);
#9618 = ADVANCED_FACE('',(#9619),#2920,.F.);
#9619 = FACE_BOUND('',#9620,.F.);
#9620 = EDGE_LOOP('',(#9621,#9622,#9623,#9624));
#9621 = ORIENTED_EDGE('',*,*,#9570,.F.);
#9622 = ORIENTED_EDGE('',*,*,#6288,.F.);
#9623 = ORIENTED_EDGE('',*,*,#9595,.F.);
#9624 = ORIENTED_EDGE('',*,*,#2905,.T.);
#9625 = ADVANCED_FACE('',(#9626),#2981,.F.);
#9626 = FACE_BOUND('',#9627,.F.);
#9627 = EDGE_LOOP('',(#9628,#9649,#9650,#9671));
#9628 = ORIENTED_EDGE('',*,*,#9629,.T.);
#9629 = EDGE_CURVE('',#2967,#6340,#9630,.T.);
#9630 = SURFACE_CURVE('',#9631,(#9635,#9642),.PCURVE_S1.);
#9631 = LINE('',#9632,#9633);
#9632 = CARTESIAN_POINT('',(15.825,0.625,-5.));
#9633 = VECTOR('',#9634,1.);
#9634 = DIRECTION('',(0.,0.,1.));
#9635 = PCURVE('',#2981,#9636);
#9636 = DEFINITIONAL_REPRESENTATION('',(#9637),#9641);
#9637 = LINE('',#9638,#9639);
#9638 = CARTESIAN_POINT('',(0.,5.));
#9639 = VECTOR('',#9640,1.);
#9640 = DIRECTION('',(0.,-1.));
#9641 = ( GEOMETRIC_REPRESENTATION_CONTEXT(2) 
PARAMETRIC_REPRESENTATION_CONTEXT() REPRESENTATION_CONTEXT('2D SPACE',''
  ) );
#9642 = PCURVE('',#3070,#9643);
#9643 = DEFINITIONAL_REPRESENTATION('',(#9644),#9648);
#9644 = LINE('',#9645,#9646);
#9645 = CARTESIAN_POINT('',(3.14159265359,5.));
#9646 = VECTOR('',#9647,1.);
#9647 = DIRECTION('',(0.,-1.));
#9648 = ( GEOMETRIC_REPRESENTATION_CONTEXT(2) 
PARAMETRIC_REPRESENTATION_CONTEXT() REPRESENTATION_CONTEXT('2D SPACE',''
  ) );
#9649 = ORIENTED_EDGE('',*,*,#6337,.F.);
#9650 = ORIENTED_EDGE('',*,*,#9651,.T.);
#9651 = EDGE_CURVE('',#6338,#2965,#9652,.T.);
#9652 = SURFACE_CURVE('',#9653,(#9657,#9664),.PCURVE_S1.);
#9653 = LINE('',#9654,#9655);
#9654 = CARTESIAN_POINT('',(54.575,0.625,5.));
#9655 = VECTOR('',#9656,1.);
#9656 = DIRECTION('',(0.,0.,-1.));
#9657 = PCURVE('',#2981,#9658);
#9658 = DEFINITIONAL_REPRESENTATION('',(#9659),#9663);
#9659 = LINE('',#9660,#9661);
#9660 = CARTESIAN_POINT('',(38.75,-5.));
#9661 = VECTOR('',#9662,1.);
#9662 = DIRECTION('',(0.,1.));
#9663 = ( GEOMETRIC_REPRESENTATION_CONTEXT(2) 
PARAMETRIC_REPRESENTATION_CONTEXT() REPRESENTATION_CONTEXT('2D SPACE',''
  ) );
#9664 = PCURVE('',#3013,#9665);
#9665 = DEFINITIONAL_REPRESENTATION('',(#9666),#9670);
#9666 = LINE('',#9667,#9668);
#9667 = CARTESIAN_POINT('',(0.,-5.));
#9668 = VECTOR('',#9669,1.);
#9669 = DIRECTION('',(-0.,1.));
#9670 = ( GEOMETRIC_REPRESENTATION_CONTEXT(2) 
PARAMETRIC_REPRESENTATION_CONTEXT() REPRESENTATION_CONTEXT('2D SPACE',''
  ) );
#9671 = ORIENTED_EDGE('',*,*,#2964,.T.);
#9672 = ADVANCED_FACE('',(#9673),#3013,.F.);
#9673 = FACE_BOUND('',#9674,.F.);
#9674 = EDGE_LOOP('',(#9675,#9676,#9677,#9698));
#9675 = ORIENTED_EDGE('',*,*,#9651,.F.);
#9676 = ORIENTED_EDGE('',*,*,#6360,.T.);
#9677 = ORIENTED_EDGE('',*,*,#9678,.T.);
#9678 = EDGE_CURVE('',#6361,#2993,#9679,.T.);
#9679 = SURFACE_CURVE('',#9680,(#9684,#9691),.PCURVE_S1.);
#9680 = LINE('',#9681,#9682);
#9681 = CARTESIAN_POINT('',(54.575,-0.625,5.));
#9682 = VECTOR('',#9683,1.);
#9683 = DIRECTION('',(0.,0.,-1.));
#9684 = PCURVE('',#3013,#9685);
#9685 = DEFINITIONAL_REPRESENTATION('',(#9686),#9690);
#9686 = LINE('',#9687,#9688);
#9687 = CARTESIAN_POINT('',(3.14159265359,-5.));
#9688 = VECTOR('',#9689,1.);
#9689 = DIRECTION('',(-0.,1.));
#9690 = ( GEOMETRIC_REPRESENTATION_CONTEXT(2) 
PARAMETRIC_REPRESENTATION_CONTEXT() REPRESENTATION_CONTEXT('2D SPACE',''
  ) );
#9691 = PCURVE('',#3040,#9692);
#9692 = DEFINITIONAL_REPRESENTATION('',(#9693),#9697);
#9693 = LINE('',#9694,#9695);
#9694 = CARTESIAN_POINT('',(0.,-5.));
#9695 = VECTOR('',#9696,1.);
#9696 = DIRECTION('',(0.,1.));
#9697 = ( GEOMETRIC_REPRESENTATION_CONTEXT(2) 
PARAMETRIC_REPRESENTATION_CONTEXT() REPRESENTATION_CONTEXT('2D SPACE',''
  ) );
#9698 = ORIENTED_EDGE('',*,*,#2992,.F.);
#9699 = ADVANCED_FACE('',(#9700),#3070,.F.);
#9700 = FACE_BOUND('',#9701,.F.);
#9701 = EDGE_LOOP('',(#9702,#9723,#9724,#9725));
#9702 = ORIENTED_EDGE('',*,*,#9703,.T.);
#9703 = EDGE_CURVE('',#3026,#6389,#9704,.T.);
#9704 = SURFACE_CURVE('',#9705,(#9709,#9716),.PCURVE_S1.);
#9705 = LINE('',#9706,#9707);
#9706 = CARTESIAN_POINT('',(15.825,-0.625,-5.));
#9707 = VECTOR('',#9708,1.);
#9708 = DIRECTION('',(0.,0.,1.));
#9709 = PCURVE('',#3070,#9710);
#9710 = DEFINITIONAL_REPRESENTATION('',(#9711),#9715);
#9711 = LINE('',#9712,#9713);
#9712 = CARTESIAN_POINT('',(0.,5.));
#9713 = VECTOR('',#9714,1.);
#9714 = DIRECTION('',(0.,-1.));
#9715 = ( GEOMETRIC_REPRESENTATION_CONTEXT(2) 
PARAMETRIC_REPRESENTATION_CONTEXT() REPRESENTATION_CONTEXT('2D SPACE',''
  ) );
#9716 = PCURVE('',#3040,#9717);
#9717 = DEFINITIONAL_REPRESENTATION('',(#9718),#9722);
#9718 = LINE('',#9719,#9720);
#9719 = CARTESIAN_POINT('',(38.75,5.));
#9720 = VECTOR('',#9721,1.);
#9721 = DIRECTION('',(0.,-1.));
#9722 = ( GEOMETRIC_REPRESENTATION_CONTEXT(2) 
PARAMETRIC_REPRESENTATION_CONTEXT() REPRESENTATION_CONTEXT('2D SPACE',''
  ) );
#9723 = ORIENTED_EDGE('',*,*,#6409,.T.);
#9724 = ORIENTED_EDGE('',*,*,#9629,.F.);
#9725 = ORIENTED_EDGE('',*,*,#3051,.F.);
#9726 = ADVANCED_FACE('',(#9727),#3040,.F.);
#9727 = FACE_BOUND('',#9728,.F.);
#9728 = EDGE_LOOP('',(#9729,#9730,#9731,#9732));
#9729 = ORIENTED_EDGE('',*,*,#9678,.F.);
#9730 = ORIENTED_EDGE('',*,*,#6388,.F.);
#9731 = ORIENTED_EDGE('',*,*,#9703,.F.);
#9732 = ORIENTED_EDGE('',*,*,#3025,.T.);
#9733 = ADVANCED_FACE('',(#9734),#3101,.F.);
#9734 = FACE_BOUND('',#9735,.F.);
#9735 = EDGE_LOOP('',(#9736,#9757,#9758,#9779));
#9736 = ORIENTED_EDGE('',*,*,#9737,.T.);
#9737 = EDGE_CURVE('',#3087,#6440,#9738,.T.);
#9738 = SURFACE_CURVE('',#9739,(#9743,#9750),.PCURVE_S1.);
#9739 = LINE('',#9740,#9741);
#9740 = CARTESIAN_POINT('',(15.825,4.375,-5.));
#9741 = VECTOR('',#9742,1.);
#9742 = DIRECTION('',(0.,0.,1.));
#9743 = PCURVE('',#3101,#9744);
#9744 = DEFINITIONAL_REPRESENTATION('',(#9745),#9749);
#9745 = LINE('',#9746,#9747);
#9746 = CARTESIAN_POINT('',(0.,5.));
#9747 = VECTOR('',#9748,1.);
#9748 = DIRECTION('',(0.,-1.));
#9749 = ( GEOMETRIC_REPRESENTATION_CONTEXT(2) 
PARAMETRIC_REPRESENTATION_CONTEXT() REPRESENTATION_CONTEXT('2D SPACE',''
  ) );
#9750 = PCURVE('',#3190,#9751);
#9751 = DEFINITIONAL_REPRESENTATION('',(#9752),#9756);
#9752 = LINE('',#9753,#9754);
#9753 = CARTESIAN_POINT('',(3.14159265359,5.));
#9754 = VECTOR('',#9755,1.);
#9755 = DIRECTION('',(0.,-1.));
#9756 = ( GEOMETRIC_REPRESENTATION_CONTEXT(2) 
PARAMETRIC_REPRESENTATION_CONTEXT() REPRESENTATION_CONTEXT('2D SPACE',''
  ) );
#9757 = ORIENTED_EDGE('',*,*,#6437,.F.);
#9758 = ORIENTED_EDGE('',*,*,#9759,.T.);
#9759 = EDGE_CURVE('',#6438,#3085,#9760,.T.);
#9760 = SURFACE_CURVE('',#9761,(#9765,#9772),.PCURVE_S1.);
#9761 = LINE('',#9762,#9763);
#9762 = CARTESIAN_POINT('',(54.575,4.375,5.));
#9763 = VECTOR('',#9764,1.);
#9764 = DIRECTION('',(0.,0.,-1.));
#9765 = PCURVE('',#3101,#9766);
#9766 = DEFINITIONAL_REPRESENTATION('',(#9767),#9771);
#9767 = LINE('',#9768,#9769);
#9768 = CARTESIAN_POINT('',(38.75,-5.));
#9769 = VECTOR('',#9770,1.);
#9770 = DIRECTION('',(0.,1.));
#9771 = ( GEOMETRIC_REPRESENTATION_CONTEXT(2) 
PARAMETRIC_REPRESENTATION_CONTEXT() REPRESENTATION_CONTEXT('2D SPACE',''
  ) );
#9772 = PCURVE('',#3133,#9773);
#9773 = DEFINITIONAL_REPRESENTATION('',(#9774),#9778);
#9774 = LINE('',#9775,#9776);
#9775 = CARTESIAN_POINT('',(0.,-5.));
#9776 = VECTOR('',#9777,1.);
#9777 = DIRECTION('',(-0.,1.));
#9778 = ( GEOMETRIC_REPRESENTATION_CONTEXT(2) 
PARAMETRIC_REPRESENTATION_CONTEXT() REPRESENTATION_CONTEXT('2D SPACE',''
  ) );
#9779 = ORIENTED_EDGE('',*,*,#3084,.T.);
#9780 = ADVANCED_FACE('',(#9781),#3133,.F.);
#9781 = FACE_BOUND('',#9782,.F.);
#9782 = EDGE_LOOP('',(#9783,#9784,#9785,#9806));
#9783 = ORIENTED_EDGE('',*,*,#9759,.F.);
#9784 = ORIENTED_EDGE('',*,*,#6460,.T.);
#9785 = ORIENTED_EDGE('',*,*,#9786,.T.);
#9786 = EDGE_CURVE('',#6461,#3113,#9787,.T.);
#9787 = SURFACE_CURVE('',#9788,(#9792,#9799),.PCURVE_S1.);
#9788 = LINE('',#9789,#9790);
#9789 = CARTESIAN_POINT('',(54.575,3.125,5.));
#9790 = VECTOR('',#9791,1.);
#9791 = DIRECTION('',(0.,0.,-1.));
#9792 = PCURVE('',#3133,#9793);
#9793 = DEFINITIONAL_REPRESENTATION('',(#9794),#9798);
#9794 = LINE('',#9795,#9796);
#9795 = CARTESIAN_POINT('',(3.14159265359,-5.));
#9796 = VECTOR('',#9797,1.);
#9797 = DIRECTION('',(-0.,1.));
#9798 = ( GEOMETRIC_REPRESENTATION_CONTEXT(2) 
PARAMETRIC_REPRESENTATION_CONTEXT() REPRESENTATION_CONTEXT('2D SPACE',''
  ) );
#9799 = PCURVE('',#3160,#9800);
#9800 = DEFINITIONAL_REPRESENTATION('',(#9801),#9805);
#9801 = LINE('',#9802,#9803);
#9802 = CARTESIAN_POINT('',(0.,-5.));
#9803 = VECTOR('',#9804,1.);
#9804 = DIRECTION('',(0.,1.));
#9805 = ( GEOMETRIC_REPRESENTATION_CONTEXT(2) 
PARAMETRIC_REPRESENTATION_CONTEXT() REPRESENTATION_CONTEXT('2D SPACE',''
  ) );
#9806 = ORIENTED_EDGE('',*,*,#3112,.F.);
#9807 = ADVANCED_FACE('',(#9808),#3190,.F.);
#9808 = FACE_BOUND('',#9809,.F.);
#9809 = EDGE_LOOP('',(#9810,#9831,#9832,#9833));
#9810 = ORIENTED_EDGE('',*,*,#9811,.T.);
#9811 = EDGE_CURVE('',#3146,#6489,#9812,.T.);
#9812 = SURFACE_CURVE('',#9813,(#9817,#9824),.PCURVE_S1.);
#9813 = LINE('',#9814,#9815);
#9814 = CARTESIAN_POINT('',(15.825,3.125,-5.));
#9815 = VECTOR('',#9816,1.);
#9816 = DIRECTION('',(0.,0.,1.));
#9817 = PCURVE('',#3190,#9818);
#9818 = DEFINITIONAL_REPRESENTATION('',(#9819),#9823);
#9819 = LINE('',#9820,#9821);
#9820 = CARTESIAN_POINT('',(0.,5.));
#9821 = VECTOR('',#9822,1.);
#9822 = DIRECTION('',(0.,-1.));
#9823 = ( GEOMETRIC_REPRESENTATION_CONTEXT(2) 
PARAMETRIC_REPRESENTATION_CONTEXT() REPRESENTATION_CONTEXT('2D SPACE',''
  ) );
#9824 = PCURVE('',#3160,#9825);
#9825 = DEFINITIONAL_REPRESENTATION('',(#9826),#9830);
#9826 = LINE('',#9827,#9828);
#9827 = CARTESIAN_POINT('',(38.75,5.));
#9828 = VECTOR('',#9829,1.);
#9829 = DIRECTION('',(0.,-1.));
#9830 = ( GEOMETRIC_REPRESENTATION_CONTEXT(2) 
PARAMETRIC_REPRESENTATION_CONTEXT() REPRESENTATION_CONTEXT('2D SPACE',''
  ) );
#9831 = ORIENTED_EDGE('',*,*,#6509,.T.);
#9832 = ORIENTED_EDGE('',*,*,#9737,.F.);
#9833 = ORIENTED_EDGE('',*,*,#3171,.F.);
#9834 = ADVANCED_FACE('',(#9835),#3160,.F.);
#9835 = FACE_BOUND('',#9836,.F.);
#9836 = EDGE_LOOP('',(#9837,#9838,#9839,#9840));
#9837 = ORIENTED_EDGE('',*,*,#9786,.F.);
#9838 = ORIENTED_EDGE('',*,*,#6488,.F.);
#9839 = ORIENTED_EDGE('',*,*,#9811,.F.);
#9840 = ORIENTED_EDGE('',*,*,#3145,.T.);
#9841 = ADVANCED_FACE('',(#9842),#3221,.F.);
#9842 = FACE_BOUND('',#9843,.F.);
#9843 = EDGE_LOOP('',(#9844,#9865,#9866,#9887));
#9844 = ORIENTED_EDGE('',*,*,#9845,.T.);
#9845 = EDGE_CURVE('',#3207,#6540,#9846,.T.);
#9846 = SURFACE_CURVE('',#9847,(#9851,#9858),.PCURVE_S1.);
#9847 = LINE('',#9848,#9849);
#9848 = CARTESIAN_POINT('',(15.825,8.125,-5.));
#9849 = VECTOR('',#9850,1.);
#9850 = DIRECTION('',(0.,0.,1.));
#9851 = PCURVE('',#3221,#9852);
#9852 = DEFINITIONAL_REPRESENTATION('',(#9853),#9857);
#9853 = LINE('',#9854,#9855);
#9854 = CARTESIAN_POINT('',(0.,5.));
#9855 = VECTOR('',#9856,1.);
#9856 = DIRECTION('',(0.,-1.));
#9857 = ( GEOMETRIC_REPRESENTATION_CONTEXT(2) 
PARAMETRIC_REPRESENTATION_CONTEXT() REPRESENTATION_CONTEXT('2D SPACE',''
  ) );
#9858 = PCURVE('',#3310,#9859);
#9859 = DEFINITIONAL_REPRESENTATION('',(#9860),#9864);
#9860 = LINE('',#9861,#9862);
#9861 = CARTESIAN_POINT('',(3.14159265359,5.));
#9862 = VECTOR('',#9863,1.);
#9863 = DIRECTION('',(0.,-1.));
#9864 = ( GEOMETRIC_REPRESENTATION_CONTEXT(2) 
PARAMETRIC_REPRESENTATION_CONTEXT() REPRESENTATION_CONTEXT('2D SPACE',''
  ) );
#9865 = ORIENTED_EDGE('',*,*,#6537,.F.);
#9866 = ORIENTED_EDGE('',*,*,#9867,.T.);
#9867 = EDGE_CURVE('',#6538,#3205,#9868,.T.);
#9868 = SURFACE_CURVE('',#9869,(#9873,#9880),.PCURVE_S1.);
#9869 = LINE('',#9870,#9871);
#9870 = CARTESIAN_POINT('',(54.575,8.125,5.));
#9871 = VECTOR('',#9872,1.);
#9872 = DIRECTION('',(0.,0.,-1.));
#9873 = PCURVE('',#3221,#9874);
#9874 = DEFINITIONAL_REPRESENTATION('',(#9875),#9879);
#9875 = LINE('',#9876,#9877);
#9876 = CARTESIAN_POINT('',(38.75,-5.));
#9877 = VECTOR('',#9878,1.);
#9878 = DIRECTION('',(0.,1.));
#9879 = ( GEOMETRIC_REPRESENTATION_CONTEXT(2) 
PARAMETRIC_REPRESENTATION_CONTEXT() REPRESENTATION_CONTEXT('2D SPACE',''
  ) );
#9880 = PCURVE('',#3253,#9881);
#9881 = DEFINITIONAL_REPRESENTATION('',(#9882),#9886);
#9882 = LINE('',#9883,#9884);
#9883 = CARTESIAN_POINT('',(0.,-5.));
#9884 = VECTOR('',#9885,1.);
#9885 = DIRECTION('',(-0.,1.));
#9886 = ( GEOMETRIC_REPRESENTATION_CONTEXT(2) 
PARAMETRIC_REPRESENTATION_CONTEXT() REPRESENTATION_CONTEXT('2D SPACE',''
  ) );
#9887 = ORIENTED_EDGE('',*,*,#3204,.T.);
#9888 = ADVANCED_FACE('',(#9889),#3253,.F.);
#9889 = FACE_BOUND('',#9890,.F.);
#9890 = EDGE_LOOP('',(#9891,#9892,#9893,#9914));
#9891 = ORIENTED_EDGE('',*,*,#9867,.F.);
#9892 = ORIENTED_EDGE('',*,*,#6560,.T.);
#9893 = ORIENTED_EDGE('',*,*,#9894,.T.);
#9894 = EDGE_CURVE('',#6561,#3233,#9895,.T.);
#9895 = SURFACE_CURVE('',#9896,(#9900,#9907),.PCURVE_S1.);
#9896 = LINE('',#9897,#9898);
#9897 = CARTESIAN_POINT('',(54.575,6.875,5.));
#9898 = VECTOR('',#9899,1.);
#9899 = DIRECTION('',(0.,0.,-1.));
#9900 = PCURVE('',#3253,#9901);
#9901 = DEFINITIONAL_REPRESENTATION('',(#9902),#9906);
#9902 = LINE('',#9903,#9904);
#9903 = CARTESIAN_POINT('',(3.14159265359,-5.));
#9904 = VECTOR('',#9905,1.);
#9905 = DIRECTION('',(-0.,1.));
#9906 = ( GEOMETRIC_REPRESENTATION_CONTEXT(2) 
PARAMETRIC_REPRESENTATION_CONTEXT() REPRESENTATION_CONTEXT('2D SPACE',''
  ) );
#9907 = PCURVE('',#3280,#9908);
#9908 = DEFINITIONAL_REPRESENTATION('',(#9909),#9913);
#9909 = LINE('',#9910,#9911);
#9910 = CARTESIAN_POINT('',(0.,-5.));
#9911 = VECTOR('',#9912,1.);
#9912 = DIRECTION('',(0.,1.));
#9913 = ( GEOMETRIC_REPRESENTATION_CONTEXT(2) 
PARAMETRIC_REPRESENTATION_CONTEXT() REPRESENTATION_CONTEXT('2D SPACE',''
  ) );
#9914 = ORIENTED_EDGE('',*,*,#3232,.F.);
#9915 = ADVANCED_FACE('',(#9916),#3310,.F.);
#9916 = FACE_BOUND('',#9917,.F.);
#9917 = EDGE_LOOP('',(#9918,#9939,#9940,#9941));
#9918 = ORIENTED_EDGE('',*,*,#9919,.T.);
#9919 = EDGE_CURVE('',#3266,#6589,#9920,.T.);
#9920 = SURFACE_CURVE('',#9921,(#9925,#9932),.PCURVE_S1.);
#9921 = LINE('',#9922,#9923);
#9922 = CARTESIAN_POINT('',(15.825,6.875,-5.));
#9923 = VECTOR('',#9924,1.);
#9924 = DIRECTION('',(0.,0.,1.));
#9925 = PCURVE('',#3310,#9926);
#9926 = DEFINITIONAL_REPRESENTATION('',(#9927),#9931);
#9927 = LINE('',#9928,#9929);
#9928 = CARTESIAN_POINT('',(0.,5.));
#9929 = VECTOR('',#9930,1.);
#9930 = DIRECTION('',(0.,-1.));
#9931 = ( GEOMETRIC_REPRESENTATION_CONTEXT(2) 
PARAMETRIC_REPRESENTATION_CONTEXT() REPRESENTATION_CONTEXT('2D SPACE',''
  ) );
#9932 = PCURVE('',#3280,#9933);
#9933 = DEFINITIONAL_REPRESENTATION('',(#9934),#9938);
#9934 = LINE('',#9935,#9936);
#9935 = CARTESIAN_POINT('',(38.75,5.));
#9936 = VECTOR('',#9937,1.);
#9937 = DIRECTION('',(0.,-1.));
#9938 = ( GEOMETRIC_REPRESENTATION_CONTEXT(2) 
PARAMETRIC_REPRESENTATION_CONTEXT() REPRESENTATION_CONTEXT('2D SPACE',''
  ) );
#9939 = ORIENTED_EDGE('',*,*,#6609,.T.);
#9940 = ORIENTED_EDGE('',*,*,#9845,.F.);
#9941 = ORIENTED_EDGE('',*,*,#3291,.F.);
#9942 = ADVANCED_FACE('',(#9943),#3280,.F.);
#9943 = FACE_BOUND('',#9944,.F.);
#9944 = EDGE_LOOP('',(#9945,#9946,#9947,#9948));
#9945 = ORIENTED_EDGE('',*,*,#9894,.F.);
#9946 = ORIENTED_EDGE('',*,*,#6588,.F.);
#9947 = ORIENTED_EDGE('',*,*,#9919,.F.);
#9948 = ORIENTED_EDGE('',*,*,#3265,.T.);
#9949 = ADVANCED_FACE('',(#9950),#3341,.F.);
#9950 = FACE_BOUND('',#9951,.F.);
#9951 = EDGE_LOOP('',(#9952,#9973,#9974,#9995));
#9952 = ORIENTED_EDGE('',*,*,#9953,.T.);
#9953 = EDGE_CURVE('',#3327,#6640,#9954,.T.);
#9954 = SURFACE_CURVE('',#9955,(#9959,#9966),.PCURVE_S1.);
#9955 = LINE('',#9956,#9957);
#9956 = CARTESIAN_POINT('',(15.825,11.875,-5.));
#9957 = VECTOR('',#9958,1.);
#9958 = DIRECTION('',(0.,0.,1.));
#9959 = PCURVE('',#3341,#9960);
#9960 = DEFINITIONAL_REPRESENTATION('',(#9961),#9965);
#9961 = LINE('',#9962,#9963);
#9962 = CARTESIAN_POINT('',(0.,5.));
#9963 = VECTOR('',#9964,1.);
#9964 = DIRECTION('',(0.,-1.));
#9965 = ( GEOMETRIC_REPRESENTATION_CONTEXT(2) 
PARAMETRIC_REPRESENTATION_CONTEXT() REPRESENTATION_CONTEXT('2D SPACE',''
  ) );
#9966 = PCURVE('',#3430,#9967);
#9967 = DEFINITIONAL_REPRESENTATION('',(#9968),#9972);
#9968 = LINE('',#9969,#9970);
#9969 = CARTESIAN_POINT('',(3.14159265359,5.));
#9970 = VECTOR('',#9971,1.);
#9971 = DIRECTION('',(0.,-1.));
#9972 = ( GEOMETRIC_REPRESENTATION_CONTEXT(2) 
PARAMETRIC_REPRESENTATION_CONTEXT() REPRESENTATION_CONTEXT('2D SPACE',''
  ) );
#9973 = ORIENTED_EDGE('',*,*,#6637,.F.);
#9974 = ORIENTED_EDGE('',*,*,#9975,.T.);
#9975 = EDGE_CURVE('',#6638,#3325,#9976,.T.);
#9976 = SURFACE_CURVE('',#9977,(#9981,#9988),.PCURVE_S1.);
#9977 = LINE('',#9978,#9979);
#9978 = CARTESIAN_POINT('',(54.575,11.875,5.));
#9979 = VECTOR('',#9980,1.);
#9980 = DIRECTION('',(0.,0.,-1.));
#9981 = PCURVE('',#3341,#9982);
#9982 = DEFINITIONAL_REPRESENTATION('',(#9983),#9987);
#9983 = LINE('',#9984,#9985);
#9984 = CARTESIAN_POINT('',(38.75,-5.));
#9985 = VECTOR('',#9986,1.);
#9986 = DIRECTION('',(0.,1.));
#9987 = ( GEOMETRIC_REPRESENTATION_CONTEXT(2) 
PARAMETRIC_REPRESENTATION_CONTEXT() REPRESENTATION_CONTEXT('2D SPACE',''
  ) );
#9988 = PCURVE('',#3373,#9989);
#9989 = DEFINITIONAL_REPRESENTATION('',(#9990),#9994);
#9990 = LINE('',#9991,#9992);
#9991 = CARTESIAN_POINT('',(0.,-5.));
#9992 = VECTOR('',#9993,1.);
#9993 = DIRECTION('',(-0.,1.));
#9994 = ( GEOMETRIC_REPRESENTATION_CONTEXT(2) 
PARAMETRIC_REPRESENTATION_CONTEXT() REPRESENTATION_CONTEXT('2D SPACE',''
  ) );
#9995 = ORIENTED_EDGE('',*,*,#3324,.T.);
#9996 = ADVANCED_FACE('',(#9997),#3373,.F.);
#9997 = FACE_BOUND('',#9998,.F.);
#9998 = EDGE_LOOP('',(#9999,#10000,#10001,#10022));
#9999 = ORIENTED_EDGE('',*,*,#9975,.F.);
#10000 = ORIENTED_EDGE('',*,*,#6660,.T.);
#10001 = ORIENTED_EDGE('',*,*,#10002,.T.);
#10002 = EDGE_CURVE('',#6661,#3353,#10003,.T.);
#10003 = SURFACE_CURVE('',#10004,(#10008,#10015),.PCURVE_S1.);
#10004 = LINE('',#10005,#10006);
#10005 = CARTESIAN_POINT('',(54.575,10.625,5.));
#10006 = VECTOR('',#10007,1.);
#10007 = DIRECTION('',(0.,0.,-1.));
#10008 = PCURVE('',#3373,#10009);
#10009 = DEFINITIONAL_REPRESENTATION('',(#10010),#10014);
#10010 = LINE('',#10011,#10012);
#10011 = CARTESIAN_POINT('',(3.14159265359,-5.));
#10012 = VECTOR('',#10013,1.);
#10013 = DIRECTION('',(-0.,1.));
#10014 = ( GEOMETRIC_REPRESENTATION_CONTEXT(2) 
PARAMETRIC_REPRESENTATION_CONTEXT() REPRESENTATION_CONTEXT('2D SPACE',''
  ) );
#10015 = PCURVE('',#3400,#10016);
#10016 = DEFINITIONAL_REPRESENTATION('',(#10017),#10021);
#10017 = LINE('',#10018,#10019);
#10018 = CARTESIAN_POINT('',(0.,-5.));
#10019 = VECTOR('',#10020,1.);
#10020 = DIRECTION('',(0.,1.));
#10021 = ( GEOMETRIC_REPRESENTATION_CONTEXT(2) 
PARAMETRIC_REPRESENTATION_CONTEXT() REPRESENTATION_CONTEXT('2D SPACE',''
  ) );
#10022 = ORIENTED_EDGE('',*,*,#3352,.F.);
#10023 = ADVANCED_FACE('',(#10024),#3430,.F.);
#10024 = FACE_BOUND('',#10025,.F.);
#10025 = EDGE_LOOP('',(#10026,#10047,#10048,#10049));
#10026 = ORIENTED_EDGE('',*,*,#10027,.T.);
#10027 = EDGE_CURVE('',#3386,#6689,#10028,.T.);
#10028 = SURFACE_CURVE('',#10029,(#10033,#10040),.PCURVE_S1.);
#10029 = LINE('',#10030,#10031);
#10030 = CARTESIAN_POINT('',(15.825,10.625,-5.));
#10031 = VECTOR('',#10032,1.);
#10032 = DIRECTION('',(0.,0.,1.));
#10033 = PCURVE('',#3430,#10034);
#10034 = DEFINITIONAL_REPRESENTATION('',(#10035),#10039);
#10035 = LINE('',#10036,#10037);
#10036 = CARTESIAN_POINT('',(0.,5.));
#10037 = VECTOR('',#10038,1.);
#10038 = DIRECTION('',(0.,-1.));
#10039 = ( GEOMETRIC_REPRESENTATION_CONTEXT(2) 
PARAMETRIC_REPRESENTATION_CONTEXT() REPRESENTATION_CONTEXT('2D SPACE',''
  ) );
#10040 = PCURVE('',#3400,#10041);
#10041 = DEFINITIONAL_REPRESENTATION('',(#10042),#10046);
#10042 = LINE('',#10043,#10044);
#10043 = CARTESIAN_POINT('',(38.75,5.));
#10044 = VECTOR('',#10045,1.);
#10045 = DIRECTION('',(0.,-1.));
#10046 = ( GEOMETRIC_REPRESENTATION_CONTEXT(2) 
PARAMETRIC_REPRESENTATION_CONTEXT() REPRESENTATION_CONTEXT('2D SPACE',''
  ) );
#10047 = ORIENTED_EDGE('',*,*,#6709,.T.);
#10048 = ORIENTED_EDGE('',*,*,#9953,.F.);
#10049 = ORIENTED_EDGE('',*,*,#3411,.F.);
#10050 = ADVANCED_FACE('',(#10051),#3400,.F.);
#10051 = FACE_BOUND('',#10052,.F.);
#10052 = EDGE_LOOP('',(#10053,#10054,#10055,#10056));
#10053 = ORIENTED_EDGE('',*,*,#10002,.F.);
#10054 = ORIENTED_EDGE('',*,*,#6688,.F.);
#10055 = ORIENTED_EDGE('',*,*,#10027,.F.);
#10056 = ORIENTED_EDGE('',*,*,#3385,.T.);
#10057 = ADVANCED_FACE('',(#10058),#3461,.F.);
#10058 = FACE_BOUND('',#10059,.F.);
#10059 = EDGE_LOOP('',(#10060,#10081,#10082,#10103));
#10060 = ORIENTED_EDGE('',*,*,#10061,.T.);
#10061 = EDGE_CURVE('',#3447,#6740,#10062,.T.);
#10062 = SURFACE_CURVE('',#10063,(#10067,#10074),.PCURVE_S1.);
#10063 = LINE('',#10064,#10065);
#10064 = CARTESIAN_POINT('',(-0.625,15.825,-5.));
#10065 = VECTOR('',#10066,1.);
#10066 = DIRECTION('',(0.,0.,1.));
#10067 = PCURVE('',#3461,#10068);
#10068 = DEFINITIONAL_REPRESENTATION('',(#10069),#10073);
#10069 = LINE('',#10070,#10071);
#10070 = CARTESIAN_POINT('',(0.,5.));
#10071 = VECTOR('',#10072,1.);
#10072 = DIRECTION('',(0.,-1.));
#10073 = ( GEOMETRIC_REPRESENTATION_CONTEXT(2) 
PARAMETRIC_REPRESENTATION_CONTEXT() REPRESENTATION_CONTEXT('2D SPACE',''
  ) );
#10074 = PCURVE('',#3550,#10075);
#10075 = DEFINITIONAL_REPRESENTATION('',(#10076),#10080);
#10076 = LINE('',#10077,#10078);
#10077 = CARTESIAN_POINT('',(3.14159265359,5.));
#10078 = VECTOR('',#10079,1.);
#10079 = DIRECTION('',(0.,-1.));
#10080 = ( GEOMETRIC_REPRESENTATION_CONTEXT(2) 
PARAMETRIC_REPRESENTATION_CONTEXT() REPRESENTATION_CONTEXT('2D SPACE',''
  ) );
#10081 = ORIENTED_EDGE('',*,*,#6737,.F.);
#10082 = ORIENTED_EDGE('',*,*,#10083,.T.);
#10083 = EDGE_CURVE('',#6738,#3445,#10084,.T.);
#10084 = SURFACE_CURVE('',#10085,(#10089,#10096),.PCURVE_S1.);
#10085 = LINE('',#10086,#10087);
#10086 = CARTESIAN_POINT('',(-0.625,54.575,5.));
#10087 = VECTOR('',#10088,1.);
#10088 = DIRECTION('',(0.,0.,-1.));
#10089 = PCURVE('',#3461,#10090);
#10090 = DEFINITIONAL_REPRESENTATION('',(#10091),#10095);
#10091 = LINE('',#10092,#10093);
#10092 = CARTESIAN_POINT('',(38.75,-5.));
#10093 = VECTOR('',#10094,1.);
#10094 = DIRECTION('',(0.,1.));
#10095 = ( GEOMETRIC_REPRESENTATION_CONTEXT(2) 
PARAMETRIC_REPRESENTATION_CONTEXT() REPRESENTATION_CONTEXT('2D SPACE',''
  ) );
#10096 = PCURVE('',#3493,#10097);
#10097 = DEFINITIONAL_REPRESENTATION('',(#10098),#10102);
#10098 = LINE('',#10099,#10100);
#10099 = CARTESIAN_POINT('',(0.,-5.));
#10100 = VECTOR('',#10101,1.);
#10101 = DIRECTION('',(-0.,1.));
#10102 = ( GEOMETRIC_REPRESENTATION_CONTEXT(2) 
PARAMETRIC_REPRESENTATION_CONTEXT() REPRESENTATION_CONTEXT('2D SPACE',''
  ) );
#10103 = ORIENTED_EDGE('',*,*,#3444,.T.);
#10104 = ADVANCED_FACE('',(#10105),#3493,.F.);
#10105 = FACE_BOUND('',#10106,.F.);
#10106 = EDGE_LOOP('',(#10107,#10108,#10109,#10130));
#10107 = ORIENTED_EDGE('',*,*,#10083,.F.);
#10108 = ORIENTED_EDGE('',*,*,#6760,.T.);
#10109 = ORIENTED_EDGE('',*,*,#10110,.T.);
#10110 = EDGE_CURVE('',#6761,#3473,#10111,.T.);
#10111 = SURFACE_CURVE('',#10112,(#10116,#10123),.PCURVE_S1.);
#10112 = LINE('',#10113,#10114);
#10113 = CARTESIAN_POINT('',(0.625,54.575,5.));
#10114 = VECTOR('',#10115,1.);
#10115 = DIRECTION('',(0.,0.,-1.));
#10116 = PCURVE('',#3493,#10117);
#10117 = DEFINITIONAL_REPRESENTATION('',(#10118),#10122);
#10118 = LINE('',#10119,#10120);
#10119 = CARTESIAN_POINT('',(3.14159265359,-5.));
#10120 = VECTOR('',#10121,1.);
#10121 = DIRECTION('',(-0.,1.));
#10122 = ( GEOMETRIC_REPRESENTATION_CONTEXT(2) 
PARAMETRIC_REPRESENTATION_CONTEXT() REPRESENTATION_CONTEXT('2D SPACE',''
  ) );
#10123 = PCURVE('',#3520,#10124);
#10124 = DEFINITIONAL_REPRESENTATION('',(#10125),#10129);
#10125 = LINE('',#10126,#10127);
#10126 = CARTESIAN_POINT('',(0.,-5.));
#10127 = VECTOR('',#10128,1.);
#10128 = DIRECTION('',(-0.,1.));
#10129 = ( GEOMETRIC_REPRESENTATION_CONTEXT(2) 
PARAMETRIC_REPRESENTATION_CONTEXT() REPRESENTATION_CONTEXT('2D SPACE',''
  ) );
#10130 = ORIENTED_EDGE('',*,*,#3472,.F.);
#10131 = ADVANCED_FACE('',(#10132),#3550,.F.);
#10132 = FACE_BOUND('',#10133,.F.);
#10133 = EDGE_LOOP('',(#10134,#10155,#10156,#10157));
#10134 = ORIENTED_EDGE('',*,*,#10135,.T.);
#10135 = EDGE_CURVE('',#3506,#6789,#10136,.T.);
#10136 = SURFACE_CURVE('',#10137,(#10141,#10148),.PCURVE_S1.);
#10137 = LINE('',#10138,#10139);
#10138 = CARTESIAN_POINT('',(0.625,15.825,-5.));
#10139 = VECTOR('',#10140,1.);
#10140 = DIRECTION('',(0.,0.,1.));
#10141 = PCURVE('',#3550,#10142);
#10142 = DEFINITIONAL_REPRESENTATION('',(#10143),#10147);
#10143 = LINE('',#10144,#10145);
#10144 = CARTESIAN_POINT('',(0.,5.));
#10145 = VECTOR('',#10146,1.);
#10146 = DIRECTION('',(0.,-1.));
#10147 = ( GEOMETRIC_REPRESENTATION_CONTEXT(2) 
PARAMETRIC_REPRESENTATION_CONTEXT() REPRESENTATION_CONTEXT('2D SPACE',''
  ) );
#10148 = PCURVE('',#3520,#10149);
#10149 = DEFINITIONAL_REPRESENTATION('',(#10150),#10154);
#10150 = LINE('',#10151,#10152);
#10151 = CARTESIAN_POINT('',(38.75,5.));
#10152 = VECTOR('',#10153,1.);
#10153 = DIRECTION('',(0.,-1.));
#10154 = ( GEOMETRIC_REPRESENTATION_CONTEXT(2) 
PARAMETRIC_REPRESENTATION_CONTEXT() REPRESENTATION_CONTEXT('2D SPACE',''
  ) );
#10155 = ORIENTED_EDGE('',*,*,#6809,.T.);
#10156 = ORIENTED_EDGE('',*,*,#10061,.F.);
#10157 = ORIENTED_EDGE('',*,*,#3531,.F.);
#10158 = ADVANCED_FACE('',(#10159),#3520,.F.);
#10159 = FACE_BOUND('',#10160,.F.);
#10160 = EDGE_LOOP('',(#10161,#10162,#10163,#10164));
#10161 = ORIENTED_EDGE('',*,*,#10110,.F.);
#10162 = ORIENTED_EDGE('',*,*,#6788,.F.);
#10163 = ORIENTED_EDGE('',*,*,#10135,.F.);
#10164 = ORIENTED_EDGE('',*,*,#3505,.T.);
#10165 = ADVANCED_FACE('',(#10166),#3581,.F.);
#10166 = FACE_BOUND('',#10167,.F.);
#10167 = EDGE_LOOP('',(#10168,#10189,#10190,#10211));
#10168 = ORIENTED_EDGE('',*,*,#10169,.T.);
#10169 = EDGE_CURVE('',#3567,#6840,#10170,.T.);
#10170 = SURFACE_CURVE('',#10171,(#10175,#10182),.PCURVE_S1.);
#10171 = LINE('',#10172,#10173);
#10172 = CARTESIAN_POINT('',(3.125,15.825,-5.));
#10173 = VECTOR('',#10174,1.);
#10174 = DIRECTION('',(0.,0.,1.));
#10175 = PCURVE('',#3581,#10176);
#10176 = DEFINITIONAL_REPRESENTATION('',(#10177),#10181);
#10177 = LINE('',#10178,#10179);
#10178 = CARTESIAN_POINT('',(0.,5.));
#10179 = VECTOR('',#10180,1.);
#10180 = DIRECTION('',(0.,-1.));
#10181 = ( GEOMETRIC_REPRESENTATION_CONTEXT(2) 
PARAMETRIC_REPRESENTATION_CONTEXT() REPRESENTATION_CONTEXT('2D SPACE',''
  ) );
#10182 = PCURVE('',#3670,#10183);
#10183 = DEFINITIONAL_REPRESENTATION('',(#10184),#10188);
#10184 = LINE('',#10185,#10186);
#10185 = CARTESIAN_POINT('',(3.14159265359,5.));
#10186 = VECTOR('',#10187,1.);
#10187 = DIRECTION('',(0.,-1.));
#10188 = ( GEOMETRIC_REPRESENTATION_CONTEXT(2) 
PARAMETRIC_REPRESENTATION_CONTEXT() REPRESENTATION_CONTEXT('2D SPACE',''
  ) );
#10189 = ORIENTED_EDGE('',*,*,#6837,.F.);
#10190 = ORIENTED_EDGE('',*,*,#10191,.T.);
#10191 = EDGE_CURVE('',#6838,#3565,#10192,.T.);
#10192 = SURFACE_CURVE('',#10193,(#10197,#10204),.PCURVE_S1.);
#10193 = LINE('',#10194,#10195);
#10194 = CARTESIAN_POINT('',(3.125,54.575,5.));
#10195 = VECTOR('',#10196,1.);
#10196 = DIRECTION('',(0.,0.,-1.));
#10197 = PCURVE('',#3581,#10198);
#10198 = DEFINITIONAL_REPRESENTATION('',(#10199),#10203);
#10199 = LINE('',#10200,#10201);
#10200 = CARTESIAN_POINT('',(38.75,-5.));
#10201 = VECTOR('',#10202,1.);
#10202 = DIRECTION('',(0.,1.));
#10203 = ( GEOMETRIC_REPRESENTATION_CONTEXT(2) 
PARAMETRIC_REPRESENTATION_CONTEXT() REPRESENTATION_CONTEXT('2D SPACE',''
  ) );
#10204 = PCURVE('',#3613,#10205);
#10205 = DEFINITIONAL_REPRESENTATION('',(#10206),#10210);
#10206 = LINE('',#10207,#10208);
#10207 = CARTESIAN_POINT('',(0.,-5.));
#10208 = VECTOR('',#10209,1.);
#10209 = DIRECTION('',(-0.,1.));
#10210 = ( GEOMETRIC_REPRESENTATION_CONTEXT(2) 
PARAMETRIC_REPRESENTATION_CONTEXT() REPRESENTATION_CONTEXT('2D SPACE',''
  ) );
#10211 = ORIENTED_EDGE('',*,*,#3564,.T.);
#10212 = ADVANCED_FACE('',(#10213),#3613,.F.);
#10213 = FACE_BOUND('',#10214,.F.);
#10214 = EDGE_LOOP('',(#10215,#10216,#10217,#10238));
#10215 = ORIENTED_EDGE('',*,*,#10191,.F.);
#10216 = ORIENTED_EDGE('',*,*,#6860,.T.);
#10217 = ORIENTED_EDGE('',*,*,#10218,.T.);
#10218 = EDGE_CURVE('',#6861,#3593,#10219,.T.);
#10219 = SURFACE_CURVE('',#10220,(#10224,#10231),.PCURVE_S1.);
#10220 = LINE('',#10221,#10222);
#10221 = CARTESIAN_POINT('',(4.375,54.575,5.));
#10222 = VECTOR('',#10223,1.);
#10223 = DIRECTION('',(0.,0.,-1.));
#10224 = PCURVE('',#3613,#10225);
#10225 = DEFINITIONAL_REPRESENTATION('',(#10226),#10230);
#10226 = LINE('',#10227,#10228);
#10227 = CARTESIAN_POINT('',(3.14159265359,-5.));
#10228 = VECTOR('',#10229,1.);
#10229 = DIRECTION('',(-0.,1.));
#10230 = ( GEOMETRIC_REPRESENTATION_CONTEXT(2) 
PARAMETRIC_REPRESENTATION_CONTEXT() REPRESENTATION_CONTEXT('2D SPACE',''
  ) );
#10231 = PCURVE('',#3640,#10232);
#10232 = DEFINITIONAL_REPRESENTATION('',(#10233),#10237);
#10233 = LINE('',#10234,#10235);
#10234 = CARTESIAN_POINT('',(0.,-5.));
#10235 = VECTOR('',#10236,1.);
#10236 = DIRECTION('',(-0.,1.));
#10237 = ( GEOMETRIC_REPRESENTATION_CONTEXT(2) 
PARAMETRIC_REPRESENTATION_CONTEXT() REPRESENTATION_CONTEXT('2D SPACE',''
  ) );
#10238 = ORIENTED_EDGE('',*,*,#3592,.F.);
#10239 = ADVANCED_FACE('',(#10240),#3670,.F.);
#10240 = FACE_BOUND('',#10241,.F.);
#10241 = EDGE_LOOP('',(#10242,#10263,#10264,#10265));
#10242 = ORIENTED_EDGE('',*,*,#10243,.T.);
#10243 = EDGE_CURVE('',#3626,#6889,#10244,.T.);
#10244 = SURFACE_CURVE('',#10245,(#10249,#10256),.PCURVE_S1.);
#10245 = LINE('',#10246,#10247);
#10246 = CARTESIAN_POINT('',(4.375,15.825,-5.));
#10247 = VECTOR('',#10248,1.);
#10248 = DIRECTION('',(0.,0.,1.));
#10249 = PCURVE('',#3670,#10250);
#10250 = DEFINITIONAL_REPRESENTATION('',(#10251),#10255);
#10251 = LINE('',#10252,#10253);
#10252 = CARTESIAN_POINT('',(0.,5.));
#10253 = VECTOR('',#10254,1.);
#10254 = DIRECTION('',(0.,-1.));
#10255 = ( GEOMETRIC_REPRESENTATION_CONTEXT(2) 
PARAMETRIC_REPRESENTATION_CONTEXT() REPRESENTATION_CONTEXT('2D SPACE',''
  ) );
#10256 = PCURVE('',#3640,#10257);
#10257 = DEFINITIONAL_REPRESENTATION('',(#10258),#10262);
#10258 = LINE('',#10259,#10260);
#10259 = CARTESIAN_POINT('',(38.75,5.));
#10260 = VECTOR('',#10261,1.);
#10261 = DIRECTION('',(0.,-1.));
#10262 = ( GEOMETRIC_REPRESENTATION_CONTEXT(2) 
PARAMETRIC_REPRESENTATION_CONTEXT() REPRESENTATION_CONTEXT('2D SPACE',''
  ) );
#10263 = ORIENTED_EDGE('',*,*,#6909,.T.);
#10264 = ORIENTED_EDGE('',*,*,#10169,.F.);
#10265 = ORIENTED_EDGE('',*,*,#3651,.F.);
#10266 = ADVANCED_FACE('',(#10267),#3640,.F.);
#10267 = FACE_BOUND('',#10268,.F.);
#10268 = EDGE_LOOP('',(#10269,#10270,#10271,#10272));
#10269 = ORIENTED_EDGE('',*,*,#10218,.F.);
#10270 = ORIENTED_EDGE('',*,*,#6888,.F.);
#10271 = ORIENTED_EDGE('',*,*,#10243,.F.);
#10272 = ORIENTED_EDGE('',*,*,#3625,.T.);
#10273 = ADVANCED_FACE('',(#10274),#3701,.F.);
#10274 = FACE_BOUND('',#10275,.F.);
#10275 = EDGE_LOOP('',(#10276,#10297,#10298,#10319));
#10276 = ORIENTED_EDGE('',*,*,#10277,.T.);
#10277 = EDGE_CURVE('',#3687,#6940,#10278,.T.);
#10278 = SURFACE_CURVE('',#10279,(#10283,#10290),.PCURVE_S1.);
#10279 = LINE('',#10280,#10281);
#10280 = CARTESIAN_POINT('',(6.875,15.825,-5.));
#10281 = VECTOR('',#10282,1.);
#10282 = DIRECTION('',(0.,0.,1.));
#10283 = PCURVE('',#3701,#10284);
#10284 = DEFINITIONAL_REPRESENTATION('',(#10285),#10289);
#10285 = LINE('',#10286,#10287);
#10286 = CARTESIAN_POINT('',(0.,5.));
#10287 = VECTOR('',#10288,1.);
#10288 = DIRECTION('',(0.,-1.));
#10289 = ( GEOMETRIC_REPRESENTATION_CONTEXT(2) 
PARAMETRIC_REPRESENTATION_CONTEXT() REPRESENTATION_CONTEXT('2D SPACE',''
  ) );
#10290 = PCURVE('',#3790,#10291);
#10291 = DEFINITIONAL_REPRESENTATION('',(#10292),#10296);
#10292 = LINE('',#10293,#10294);
#10293 = CARTESIAN_POINT('',(3.14159265359,5.));
#10294 = VECTOR('',#10295,1.);
#10295 = DIRECTION('',(0.,-1.));
#10296 = ( GEOMETRIC_REPRESENTATION_CONTEXT(2) 
PARAMETRIC_REPRESENTATION_CONTEXT() REPRESENTATION_CONTEXT('2D SPACE',''
  ) );
#10297 = ORIENTED_EDGE('',*,*,#6937,.F.);
#10298 = ORIENTED_EDGE('',*,*,#10299,.T.);
#10299 = EDGE_CURVE('',#6938,#3685,#10300,.T.);
#10300 = SURFACE_CURVE('',#10301,(#10305,#10312),.PCURVE_S1.);
#10301 = LINE('',#10302,#10303);
#10302 = CARTESIAN_POINT('',(6.875,54.575,5.));
#10303 = VECTOR('',#10304,1.);
#10304 = DIRECTION('',(0.,0.,-1.));
#10305 = PCURVE('',#3701,#10306);
#10306 = DEFINITIONAL_REPRESENTATION('',(#10307),#10311);
#10307 = LINE('',#10308,#10309);
#10308 = CARTESIAN_POINT('',(38.75,-5.));
#10309 = VECTOR('',#10310,1.);
#10310 = DIRECTION('',(0.,1.));
#10311 = ( GEOMETRIC_REPRESENTATION_CONTEXT(2) 
PARAMETRIC_REPRESENTATION_CONTEXT() REPRESENTATION_CONTEXT('2D SPACE',''
  ) );
#10312 = PCURVE('',#3733,#10313);
#10313 = DEFINITIONAL_REPRESENTATION('',(#10314),#10318);
#10314 = LINE('',#10315,#10316);
#10315 = CARTESIAN_POINT('',(0.,-5.));
#10316 = VECTOR('',#10317,1.);
#10317 = DIRECTION('',(-0.,1.));
#10318 = ( GEOMETRIC_REPRESENTATION_CONTEXT(2) 
PARAMETRIC_REPRESENTATION_CONTEXT() REPRESENTATION_CONTEXT('2D SPACE',''
  ) );
#10319 = ORIENTED_EDGE('',*,*,#3684,.T.);
#10320 = ADVANCED_FACE('',(#10321),#3733,.F.);
#10321 = FACE_BOUND('',#10322,.F.);
#10322 = EDGE_LOOP('',(#10323,#10324,#10325,#10346));
#10323 = ORIENTED_EDGE('',*,*,#10299,.F.);
#10324 = ORIENTED_EDGE('',*,*,#6960,.T.);
#10325 = ORIENTED_EDGE('',*,*,#10326,.T.);
#10326 = EDGE_CURVE('',#6961,#3713,#10327,.T.);
#10327 = SURFACE_CURVE('',#10328,(#10332,#10339),.PCURVE_S1.);
#10328 = LINE('',#10329,#10330);
#10329 = CARTESIAN_POINT('',(8.125,54.575,5.));
#10330 = VECTOR('',#10331,1.);
#10331 = DIRECTION('',(0.,0.,-1.));
#10332 = PCURVE('',#3733,#10333);
#10333 = DEFINITIONAL_REPRESENTATION('',(#10334),#10338);
#10334 = LINE('',#10335,#10336);
#10335 = CARTESIAN_POINT('',(3.14159265359,-5.));
#10336 = VECTOR('',#10337,1.);
#10337 = DIRECTION('',(-0.,1.));
#10338 = ( GEOMETRIC_REPRESENTATION_CONTEXT(2) 
PARAMETRIC_REPRESENTATION_CONTEXT() REPRESENTATION_CONTEXT('2D SPACE',''
  ) );
#10339 = PCURVE('',#3760,#10340);
#10340 = DEFINITIONAL_REPRESENTATION('',(#10341),#10345);
#10341 = LINE('',#10342,#10343);
#10342 = CARTESIAN_POINT('',(0.,-5.));
#10343 = VECTOR('',#10344,1.);
#10344 = DIRECTION('',(-0.,1.));
#10345 = ( GEOMETRIC_REPRESENTATION_CONTEXT(2) 
PARAMETRIC_REPRESENTATION_CONTEXT() REPRESENTATION_CONTEXT('2D SPACE',''
  ) );
#10346 = ORIENTED_EDGE('',*,*,#3712,.F.);
#10347 = ADVANCED_FACE('',(#10348),#3790,.F.);
#10348 = FACE_BOUND('',#10349,.F.);
#10349 = EDGE_LOOP('',(#10350,#10371,#10372,#10373));
#10350 = ORIENTED_EDGE('',*,*,#10351,.T.);
#10351 = EDGE_CURVE('',#3746,#6989,#10352,.T.);
#10352 = SURFACE_CURVE('',#10353,(#10357,#10364),.PCURVE_S1.);
#10353 = LINE('',#10354,#10355);
#10354 = CARTESIAN_POINT('',(8.125,15.825,-5.));
#10355 = VECTOR('',#10356,1.);
#10356 = DIRECTION('',(0.,0.,1.));
#10357 = PCURVE('',#3790,#10358);
#10358 = DEFINITIONAL_REPRESENTATION('',(#10359),#10363);
#10359 = LINE('',#10360,#10361);
#10360 = CARTESIAN_POINT('',(0.,5.));
#10361 = VECTOR('',#10362,1.);
#10362 = DIRECTION('',(0.,-1.));
#10363 = ( GEOMETRIC_REPRESENTATION_CONTEXT(2) 
PARAMETRIC_REPRESENTATION_CONTEXT() REPRESENTATION_CONTEXT('2D SPACE',''
  ) );
#10364 = PCURVE('',#3760,#10365);
#10365 = DEFINITIONAL_REPRESENTATION('',(#10366),#10370);
#10366 = LINE('',#10367,#10368);
#10367 = CARTESIAN_POINT('',(38.75,5.));
#10368 = VECTOR('',#10369,1.);
#10369 = DIRECTION('',(0.,-1.));
#10370 = ( GEOMETRIC_REPRESENTATION_CONTEXT(2) 
PARAMETRIC_REPRESENTATION_CONTEXT() REPRESENTATION_CONTEXT('2D SPACE',''
  ) );
#10371 = ORIENTED_EDGE('',*,*,#7009,.T.);
#10372 = ORIENTED_EDGE('',*,*,#10277,.F.);
#10373 = ORIENTED_EDGE('',*,*,#3771,.F.);
#10374 = ADVANCED_FACE('',(#10375),#3760,.F.);
#10375 = FACE_BOUND('',#10376,.F.);
#10376 = EDGE_LOOP('',(#10377,#10378,#10379,#10380));
#10377 = ORIENTED_EDGE('',*,*,#10326,.F.);
#10378 = ORIENTED_EDGE('',*,*,#6988,.F.);
#10379 = ORIENTED_EDGE('',*,*,#10351,.F.);
#10380 = ORIENTED_EDGE('',*,*,#3745,.T.);
#10381 = ADVANCED_FACE('',(#10382),#3821,.F.);
#10382 = FACE_BOUND('',#10383,.F.);
#10383 = EDGE_LOOP('',(#10384,#10405,#10406,#10427));
#10384 = ORIENTED_EDGE('',*,*,#10385,.T.);
#10385 = EDGE_CURVE('',#3807,#7040,#10386,.T.);
#10386 = SURFACE_CURVE('',#10387,(#10391,#10398),.PCURVE_S1.);
#10387 = LINE('',#10388,#10389);
#10388 = CARTESIAN_POINT('',(10.625,15.825,-5.));
#10389 = VECTOR('',#10390,1.);
#10390 = DIRECTION('',(0.,0.,1.));
#10391 = PCURVE('',#3821,#10392);
#10392 = DEFINITIONAL_REPRESENTATION('',(#10393),#10397);
#10393 = LINE('',#10394,#10395);
#10394 = CARTESIAN_POINT('',(0.,5.));
#10395 = VECTOR('',#10396,1.);
#10396 = DIRECTION('',(0.,-1.));
#10397 = ( GEOMETRIC_REPRESENTATION_CONTEXT(2) 
PARAMETRIC_REPRESENTATION_CONTEXT() REPRESENTATION_CONTEXT('2D SPACE',''
  ) );
#10398 = PCURVE('',#3910,#10399);
#10399 = DEFINITIONAL_REPRESENTATION('',(#10400),#10404);
#10400 = LINE('',#10401,#10402);
#10401 = CARTESIAN_POINT('',(3.14159265359,5.));
#10402 = VECTOR('',#10403,1.);
#10403 = DIRECTION('',(0.,-1.));
#10404 = ( GEOMETRIC_REPRESENTATION_CONTEXT(2) 
PARAMETRIC_REPRESENTATION_CONTEXT() REPRESENTATION_CONTEXT('2D SPACE',''
  ) );
#10405 = ORIENTED_EDGE('',*,*,#7037,.F.);
#10406 = ORIENTED_EDGE('',*,*,#10407,.T.);
#10407 = EDGE_CURVE('',#7038,#3805,#10408,.T.);
#10408 = SURFACE_CURVE('',#10409,(#10413,#10420),.PCURVE_S1.);
#10409 = LINE('',#10410,#10411);
#10410 = CARTESIAN_POINT('',(10.625,54.575,5.));
#10411 = VECTOR('',#10412,1.);
#10412 = DIRECTION('',(0.,0.,-1.));
#10413 = PCURVE('',#3821,#10414);
#10414 = DEFINITIONAL_REPRESENTATION('',(#10415),#10419);
#10415 = LINE('',#10416,#10417);
#10416 = CARTESIAN_POINT('',(38.75,-5.));
#10417 = VECTOR('',#10418,1.);
#10418 = DIRECTION('',(0.,1.));
#10419 = ( GEOMETRIC_REPRESENTATION_CONTEXT(2) 
PARAMETRIC_REPRESENTATION_CONTEXT() REPRESENTATION_CONTEXT('2D SPACE',''
  ) );
#10420 = PCURVE('',#3853,#10421);
#10421 = DEFINITIONAL_REPRESENTATION('',(#10422),#10426);
#10422 = LINE('',#10423,#10424);
#10423 = CARTESIAN_POINT('',(0.,-5.));
#10424 = VECTOR('',#10425,1.);
#10425 = DIRECTION('',(-0.,1.));
#10426 = ( GEOMETRIC_REPRESENTATION_CONTEXT(2) 
PARAMETRIC_REPRESENTATION_CONTEXT() REPRESENTATION_CONTEXT('2D SPACE',''
  ) );
#10427 = ORIENTED_EDGE('',*,*,#3804,.T.);
#10428 = ADVANCED_FACE('',(#10429),#3910,.F.);
#10429 = FACE_BOUND('',#10430,.F.);
#10430 = EDGE_LOOP('',(#10431,#10452,#10453,#10454));
#10431 = ORIENTED_EDGE('',*,*,#10432,.T.);
#10432 = EDGE_CURVE('',#3866,#7089,#10433,.T.);
#10433 = SURFACE_CURVE('',#10434,(#10438,#10445),.PCURVE_S1.);
#10434 = LINE('',#10435,#10436);
#10435 = CARTESIAN_POINT('',(11.875,15.825,-5.));
#10436 = VECTOR('',#10437,1.);
#10437 = DIRECTION('',(0.,0.,1.));
#10438 = PCURVE('',#3910,#10439);
#10439 = DEFINITIONAL_REPRESENTATION('',(#10440),#10444);
#10440 = LINE('',#10441,#10442);
#10441 = CARTESIAN_POINT('',(0.,5.));
#10442 = VECTOR('',#10443,1.);
#10443 = DIRECTION('',(0.,-1.));
#10444 = ( GEOMETRIC_REPRESENTATION_CONTEXT(2) 
PARAMETRIC_REPRESENTATION_CONTEXT() REPRESENTATION_CONTEXT('2D SPACE',''
  ) );
#10445 = PCURVE('',#3880,#10446);
#10446 = DEFINITIONAL_REPRESENTATION('',(#10447),#10451);
#10447 = LINE('',#10448,#10449);
#10448 = CARTESIAN_POINT('',(38.75,5.));
#10449 = VECTOR('',#10450,1.);
#10450 = DIRECTION('',(0.,-1.));
#10451 = ( GEOMETRIC_REPRESENTATION_CONTEXT(2) 
PARAMETRIC_REPRESENTATION_CONTEXT() REPRESENTATION_CONTEXT('2D SPACE',''
  ) );
#10452 = ORIENTED_EDGE('',*,*,#7109,.T.);
#10453 = ORIENTED_EDGE('',*,*,#10385,.F.);
#10454 = ORIENTED_EDGE('',*,*,#3891,.F.);
#10455 = ADVANCED_FACE('',(#10456),#3880,.F.);
#10456 = FACE_BOUND('',#10457,.F.);
#10457 = EDGE_LOOP('',(#10458,#10479,#10480,#10481));
#10458 = ORIENTED_EDGE('',*,*,#10459,.F.);
#10459 = EDGE_CURVE('',#7061,#3833,#10460,.T.);
#10460 = SURFACE_CURVE('',#10461,(#10465,#10472),.PCURVE_S1.);
#10461 = LINE('',#10462,#10463);
#10462 = CARTESIAN_POINT('',(11.875,54.575,5.));
#10463 = VECTOR('',#10464,1.);
#10464 = DIRECTION('',(0.,0.,-1.));
#10465 = PCURVE('',#3880,#10466);
#10466 = DEFINITIONAL_REPRESENTATION('',(#10467),#10471);
#10467 = LINE('',#10468,#10469);
#10468 = CARTESIAN_POINT('',(0.,-5.));
#10469 = VECTOR('',#10470,1.);
#10470 = DIRECTION('',(-0.,1.));
#10471 = ( GEOMETRIC_REPRESENTATION_CONTEXT(2) 
PARAMETRIC_REPRESENTATION_CONTEXT() REPRESENTATION_CONTEXT('2D SPACE',''
  ) );
#10472 = PCURVE('',#3853,#10473);
#10473 = DEFINITIONAL_REPRESENTATION('',(#10474),#10478);
#10474 = LINE('',#10475,#10476);
#10475 = CARTESIAN_POINT('',(3.14159265359,-5.));
#10476 = VECTOR('',#10477,1.);
#10477 = DIRECTION('',(-0.,1.));
#10478 = ( GEOMETRIC_REPRESENTATION_CONTEXT(2) 
PARAMETRIC_REPRESENTATION_CONTEXT() REPRESENTATION_CONTEXT('2D SPACE',''
  ) );
#10479 = ORIENTED_EDGE('',*,*,#7088,.F.);
#10480 = ORIENTED_EDGE('',*,*,#10432,.F.);
#10481 = ORIENTED_EDGE('',*,*,#3865,.T.);
#10482 = ADVANCED_FACE('',(#10483),#3853,.F.);
#10483 = FACE_BOUND('',#10484,.F.);
#10484 = EDGE_LOOP('',(#10485,#10486,#10487,#10488));
#10485 = ORIENTED_EDGE('',*,*,#10407,.F.);
#10486 = ORIENTED_EDGE('',*,*,#7060,.T.);
#10487 = ORIENTED_EDGE('',*,*,#10459,.T.);
#10488 = ORIENTED_EDGE('',*,*,#3832,.F.);
#10489 = ( GEOMETRIC_REPRESENTATION_CONTEXT(3) 
GLOBAL_UNCERTAINTY_ASSIGNED_CONTEXT((#10493)) 
GLOBAL_UNIT_ASSIGNED_CONTEXT((#10490,#10491,#10492)) 
REPRESENTATION_CONTEXT('Context #1',
  '3D Context with UNIT and UNCERTAINTY') );
#10490 = ( LENGTH_UNIT() NAMED_UNIT(*) SI_UNIT(.MILLI.,.METRE.) );
#10491 = ( NAMED_UNIT(*) PLANE_ANGLE_UNIT() SI_UNIT($,.RADIAN.) );
#10492 = ( NAMED_UNIT(*) SI_UNIT($,.STERADIAN.) SOLID_ANGLE_UNIT() );
#10493 = UNCERTAINTY_MEASURE_WITH_UNIT(LENGTH_MEASURE(1.E-07),#10490,
  'distance_accuracy_value','confusion accuracy');
#10494 = PRODUCT_RELATED_PRODUCT_CATEGORY('part',$,(#7));
ENDSEC;
END-ISO-10303-21;
