ISO-10303-21;
HEADER;
FILE_DESCRIPTION(('Open CASCADE Model'),'2;1');
FILE_NAME('Open CASCADE Shape Model','2026-09-22T02:44:00',('Author'),(
    'Open CASCADE'),'Open CASCADE STEP processor 7.9','Open CASCADE 7.9'
  ,'Unknown');
FILE_SCHEMA(('AUTOMOTIVE_DESIGN { 1 0 10303 214 1 1 1 1 }'));
ENDSEC;
DATA;
#1 = APPLICATION_PROTOCOL_DEFINITION('international standard',
  'automotive_design',2000,#2);
#2 = APPLICATION_CONTEXT(
  'core data for automotive mechanical design processes');
#3 = SHAPE_DEFINITION_REPRESENTATION(#4,#10);
#4 = PRODUCT_DEFINITION_SHAPE('','',#5);
#5 = PRODUCT_DEFINITION('design','',#6,#9);
#6 = PRODUCT_DEFINITION_FORMATION('','',#7);
#7 = PRODUCT('Open CASCADE STEP translator 7.9 4',
  'Open CASCADE STEP translator 7.9 4','',(#8));
#8 = PRODUCT_CONTEXT('',#2,'mechanical');
#9 = PRODUCT_DEFINITION_CONTEXT('part definition',#2,'design');
#10 = ADVANCED_BREP_SHAPE_REPRESENTATION('',(#11,#15),#11653);
#11 = AXIS2_PLACEMENT_3D('',#12,#13,#14);
#12 = CARTESIAN_POINT('',(0.,0.,0.));
#13 = DIRECTION('',(0.,0.,1.));
#14 = DIRECTION('',(1.,0.,-0.));
#15 = MANIFOLD_SOLID_BREP('',#16);
#16 = CLOSED_SHELL('',(#17,#137,#218,#321,#4192,#4241,#4273,#4333,#4382,
    #4420,#4496,#4546,#4595,#4644,#4693,#4742,#4796,#4845,#4894,#4944,
    #4993,#5042,#5091,#5140,#5194,#5221,#5290,#5344,#5398,#5423,#5492,
    #5546,#5600,#5625,#5694,#5748,#5802,#5827,#5896,#5950,#6004,#6029,
    #6098,#6152,#6206,#6231,#6300,#6354,#6408,#6433,#6502,#6556,#6610,
    #6635,#6704,#6758,#6812,#6837,#6906,#6960,#7014,#7039,#7108,#7162,
    #7216,#7241,#7310,#7364,#7418,#7443,#7512,#7566,#7620,#7645,#7714,
    #7768,#7822,#7847,#7916,#7970,#8024,#8049,#8118,#8172,#8226,#8251,
    #8320,#8374,#8428,#8453,#8522,#8576,#8630,#8655,#8724,#8778,#8832,
    #8857,#8926,#8980,#9034,#9059,#9128,#9182,#9236,#9261,#9330,#9384,
    #9438,#9463,#9532,#9586,#9640,#9665,#9734,#9788,#9842,#9867,#9936,
    #9990,#10044,#10069,#10138,#10192,#10246,#10271,#10340,#10394,#10448
    ,#10473,#10542,#10596,#10650,#10675,#10744,#10798,#10845,#10877,
    #10884,#11185,#11261,#11315,#11369,#11401,#11499,#11559,#11619,
    #11646));
#17 = ADVANCED_FACE('',(#18),#32,.T.);
#18 = FACE_BOUND('',#19,.T.);
#19 = EDGE_LOOP('',(#20,#55,#83,#111));
#20 = ORIENTED_EDGE('',*,*,#21,.F.);
#21 = EDGE_CURVE('',#22,#24,#26,.T.);
#22 = VERTEX_POINT('',#23);
#23 = CARTESIAN_POINT('',(-15.,-15.,-1.5));
#24 = VERTEX_POINT('',#25);
#25 = CARTESIAN_POINT('',(-15.,-15.,-1.49625));
#26 = SURFACE_CURVE('',#27,(#31,#43),.PCURVE_S1.);
#27 = LINE('',#28,#29);
#28 = CARTESIAN_POINT('',(-15.,-15.,-1.5));
#29 = VECTOR('',#30,1.);
#30 = DIRECTION('',(0.,0.,1.));
#31 = PCURVE('',#32,#37);
#32 = PLANE('',#33);
#33 = AXIS2_PLACEMENT_3D('',#34,#35,#36);
#34 = CARTESIAN_POINT('',(-15.,-15.,-1.5));
#35 = DIRECTION('',(1.,0.,0.));
#36 = DIRECTION('',(0.,0.,1.));
#37 = DEFINITIONAL_REPRESENTATION('',(#38),#42);
#38 = LINE('',#39,#40);
#39 = CARTESIAN_POINT('',(0.,0.));
#40 = VECTOR('',#41,1.);
#41 = DIRECTION('',(1.,0.));
#42 = ( GEOMETRIC_REPRESENTATION_CONTEXT(2) 
PARAMETRIC_REPRESENTATION_CONTEXT() REPRESENTATION_CONTEXT('2D SPACE',''
  ) );
#43 = PCURVE('',#44,#49);
#44 = PLANE('',#45);
#45 = AXIS2_PLACEMENT_3D('',#46,#47,#48);
#46 = CARTESIAN_POINT('',(-15.,-15.,-1.5));
#47 = DIRECTION('',(0.,1.,0.));
#48 = DIRECTION('',(0.,0.,1.));
#49 = DEFINITIONAL_REPRESENTATION('',(#50),#54);
#50 = LINE('',#51,#52);
#51 = CARTESIAN_POINT('',(0.,0.));
#52 = VECTOR('',#53,1.);
#53 = DIRECTION('',(1.,0.));
#54 = ( GEOMETRIC_REPRESENTATION_CONTEXT(2) 
PARAMETRIC_REPRESENTATION_CONTEXT() REPRESENTATION_CONTEXT('2D SPACE',''
  ) );
#55 = ORIENTED_EDGE('',*,*,#56,.T.);
#56 = EDGE_CURVE('',#22,#57,#59,.T.);
#57 = VERTEX_POINT('',#58);
#58 = CARTESIAN_POINT('',(-15.,15.,-1.5));
#59 = SURFACE_CURVE('',#60,(#64,#71),.PCURVE_S1.);
#60 = LINE('',#61,#62);
#61 = CARTESIAN_POINT('',(-15.,-15.,-1.5));
#62 = VECTOR('',#63,1.);
#63 = DIRECTION('',(0.,1.,0.));
#64 = PCURVE('',#32,#65);
#65 = DEFINITIONAL_REPRESENTATION('',(#66),#70);
#66 = LINE('',#67,#68);
#67 = CARTESIAN_POINT('',(0.,0.));
#68 = VECTOR('',#69,1.);
#69 = DIRECTION('',(0.,-1.));
#70 = ( GEOMETRIC_REPRESENTATION_CONTEXT(2) 
PARAMETRIC_REPRESENTATION_CONTEXT() REPRESENTATION_CONTEXT('2D SPACE',''
  ) );
#71 = PCURVE('',#72,#77);
#72 = PLANE('',#73);
#73 = AXIS2_PLACEMENT_3D('',#74,#75,#76);
#74 = CARTESIAN_POINT('',(-75.2,-15.,-1.5));
#75 = DIRECTION('',(0.,0.,1.));
#76 = DIRECTION('',(1.,0.,0.));
#77 = DEFINITIONAL_REPRESENTATION('',(#78),#82);
#78 = LINE('',#79,#80);
#79 = CARTESIAN_POINT('',(60.2,0.));
#80 = VECTOR('',#81,1.);
#81 = DIRECTION('',(0.,1.));
#82 = ( GEOMETRIC_REPRESENTATION_CONTEXT(2) 
PARAMETRIC_REPRESENTATION_CONTEXT() REPRESENTATION_CONTEXT('2D SPACE',''
  ) );
#83 = ORIENTED_EDGE('',*,*,#84,.T.);
#84 = EDGE_CURVE('',#57,#85,#87,.T.);
#85 = VERTEX_POINT('',#86);
#86 = CARTESIAN_POINT('',(-15.,15.,-1.49625));
#87 = SURFACE_CURVE('',#88,(#92,#99),.PCURVE_S1.);
#88 = LINE('',#89,#90);
#89 = CARTESIAN_POINT('',(-15.,15.,-1.5));
#90 = VECTOR('',#91,1.);
#91 = DIRECTION('',(0.,0.,1.));
#92 = PCURVE('',#32,#93);
#93 = DEFINITIONAL_REPRESENTATION('',(#94),#98);
#94 = LINE('',#95,#96);
#95 = CARTESIAN_POINT('',(0.,-30.));
#96 = VECTOR('',#97,1.);
#97 = DIRECTION('',(1.,0.));
#98 = ( GEOMETRIC_REPRESENTATION_CONTEXT(2) 
PARAMETRIC_REPRESENTATION_CONTEXT() REPRESENTATION_CONTEXT('2D SPACE',''
  ) );
#99 = PCURVE('',#100,#105);
#100 = PLANE('',#101);
#101 = AXIS2_PLACEMENT_3D('',#102,#103,#104);
#102 = CARTESIAN_POINT('',(-15.,15.,-1.5));
#103 = DIRECTION('',(0.,1.,0.));
#104 = DIRECTION('',(0.,0.,1.));
#105 = DEFINITIONAL_REPRESENTATION('',(#106),#110);
#106 = LINE('',#107,#108);
#107 = CARTESIAN_POINT('',(0.,0.));
#108 = VECTOR('',#109,1.);
#109 = DIRECTION('',(1.,0.));
#110 = ( GEOMETRIC_REPRESENTATION_CONTEXT(2) 
PARAMETRIC_REPRESENTATION_CONTEXT() REPRESENTATION_CONTEXT('2D SPACE',''
  ) );
#111 = ORIENTED_EDGE('',*,*,#112,.F.);
#112 = EDGE_CURVE('',#24,#85,#113,.T.);
#113 = SURFACE_CURVE('',#114,(#118,#125),.PCURVE_S1.);
#114 = LINE('',#115,#116);
#115 = CARTESIAN_POINT('',(-15.,-15.,-1.49625));
#116 = VECTOR('',#117,1.);
#117 = DIRECTION('',(0.,1.,0.));
#118 = PCURVE('',#32,#119);
#119 = DEFINITIONAL_REPRESENTATION('',(#120),#124);
#120 = LINE('',#121,#122);
#121 = CARTESIAN_POINT('',(3.75E-03,0.));
#122 = VECTOR('',#123,1.);
#123 = DIRECTION('',(0.,-1.));
#124 = ( GEOMETRIC_REPRESENTATION_CONTEXT(2) 
PARAMETRIC_REPRESENTATION_CONTEXT() REPRESENTATION_CONTEXT('2D SPACE',''
  ) );
#125 = PCURVE('',#126,#131);
#126 = CYLINDRICAL_SURFACE('',#127,0.74625);
#127 = AXIS2_PLACEMENT_3D('',#128,#129,#130);
#128 = CARTESIAN_POINT('',(-14.25375,-15.,-1.49625));
#129 = DIRECTION('',(0.,1.,0.));
#130 = DIRECTION('',(-1.,0.,0.));
#131 = DEFINITIONAL_REPRESENTATION('',(#132),#136);
#132 = LINE('',#133,#134);
#133 = CARTESIAN_POINT('',(0.,0.));
#134 = VECTOR('',#135,1.);
#135 = DIRECTION('',(0.,1.));
#136 = ( GEOMETRIC_REPRESENTATION_CONTEXT(2) 
PARAMETRIC_REPRESENTATION_CONTEXT() REPRESENTATION_CONTEXT('2D SPACE',''
  ) );
#137 = ADVANCED_FACE('',(#138),#44,.T.);
#138 = FACE_BOUND('',#139,.T.);
#139 = EDGE_LOOP('',(#140,#170,#191,#192));
#140 = ORIENTED_EDGE('',*,*,#141,.F.);
#141 = EDGE_CURVE('',#142,#144,#146,.T.);
#142 = VERTEX_POINT('',#143);
#143 = CARTESIAN_POINT('',(15.,-15.,-1.5));
#144 = VERTEX_POINT('',#145);
#145 = CARTESIAN_POINT('',(15.,-15.,-1.49625));
#146 = SURFACE_CURVE('',#147,(#151,#158),.PCURVE_S1.);
#147 = LINE('',#148,#149);
#148 = CARTESIAN_POINT('',(15.,-15.,-1.5));
#149 = VECTOR('',#150,1.);
#150 = DIRECTION('',(0.,0.,1.));
#151 = PCURVE('',#44,#152);
#152 = DEFINITIONAL_REPRESENTATION('',(#153),#157);
#153 = LINE('',#154,#155);
#154 = CARTESIAN_POINT('',(0.,30.));
#155 = VECTOR('',#156,1.);
#156 = DIRECTION('',(1.,0.));
#157 = ( GEOMETRIC_REPRESENTATION_CONTEXT(2) 
PARAMETRIC_REPRESENTATION_CONTEXT() REPRESENTATION_CONTEXT('2D SPACE',''
  ) );
#158 = PCURVE('',#159,#164);
#159 = PLANE('',#160);
#160 = AXIS2_PLACEMENT_3D('',#161,#162,#163);
#161 = CARTESIAN_POINT('',(15.,-15.,-1.5));
#162 = DIRECTION('',(1.,0.,0.));
#163 = DIRECTION('',(0.,0.,1.));
#164 = DEFINITIONAL_REPRESENTATION('',(#165),#169);
#165 = LINE('',#166,#167);
#166 = CARTESIAN_POINT('',(0.,0.));
#167 = VECTOR('',#168,1.);
#168 = DIRECTION('',(1.,0.));
#169 = ( GEOMETRIC_REPRESENTATION_CONTEXT(2) 
PARAMETRIC_REPRESENTATION_CONTEXT() REPRESENTATION_CONTEXT('2D SPACE',''
  ) );
#170 = ORIENTED_EDGE('',*,*,#171,.F.);
#171 = EDGE_CURVE('',#22,#142,#172,.T.);
#172 = SURFACE_CURVE('',#173,(#177,#184),.PCURVE_S1.);
#173 = LINE('',#174,#175);
#174 = CARTESIAN_POINT('',(-15.,-15.,-1.5));
#175 = VECTOR('',#176,1.);
#176 = DIRECTION('',(1.,0.,0.));
#177 = PCURVE('',#44,#178);
#178 = DEFINITIONAL_REPRESENTATION('',(#179),#183);
#179 = LINE('',#180,#181);
#180 = CARTESIAN_POINT('',(0.,0.));
#181 = VECTOR('',#182,1.);
#182 = DIRECTION('',(0.,1.));
#183 = ( GEOMETRIC_REPRESENTATION_CONTEXT(2) 
PARAMETRIC_REPRESENTATION_CONTEXT() REPRESENTATION_CONTEXT('2D SPACE',''
  ) );
#184 = PCURVE('',#72,#185);
#185 = DEFINITIONAL_REPRESENTATION('',(#186),#190);
#186 = LINE('',#187,#188);
#187 = CARTESIAN_POINT('',(60.2,0.));
#188 = VECTOR('',#189,1.);
#189 = DIRECTION('',(1.,0.));
#190 = ( GEOMETRIC_REPRESENTATION_CONTEXT(2) 
PARAMETRIC_REPRESENTATION_CONTEXT() REPRESENTATION_CONTEXT('2D SPACE',''
  ) );
#191 = ORIENTED_EDGE('',*,*,#21,.T.);
#192 = ORIENTED_EDGE('',*,*,#193,.T.);
#193 = EDGE_CURVE('',#24,#144,#194,.T.);
#194 = SURFACE_CURVE('',#195,(#199,#206),.PCURVE_S1.);
#195 = LINE('',#196,#197);
#196 = CARTESIAN_POINT('',(-15.,-15.,-1.49625));
#197 = VECTOR('',#198,1.);
#198 = DIRECTION('',(1.,0.,0.));
#199 = PCURVE('',#44,#200);
#200 = DEFINITIONAL_REPRESENTATION('',(#201),#205);
#201 = LINE('',#202,#203);
#202 = CARTESIAN_POINT('',(3.75E-03,0.));
#203 = VECTOR('',#204,1.);
#204 = DIRECTION('',(0.,1.));
#205 = ( GEOMETRIC_REPRESENTATION_CONTEXT(2) 
PARAMETRIC_REPRESENTATION_CONTEXT() REPRESENTATION_CONTEXT('2D SPACE',''
  ) );
#206 = PCURVE('',#207,#212);
#207 = CYLINDRICAL_SURFACE('',#208,0.74625);
#208 = AXIS2_PLACEMENT_3D('',#209,#210,#211);
#209 = CARTESIAN_POINT('',(-15.,-14.25375,-1.49625));
#210 = DIRECTION('',(1.,0.,0.));
#211 = DIRECTION('',(0.,-1.,0.));
#212 = DEFINITIONAL_REPRESENTATION('',(#213),#217);
#213 = LINE('',#214,#215);
#214 = CARTESIAN_POINT('',(-0.,0.));
#215 = VECTOR('',#216,1.);
#216 = DIRECTION('',(-0.,1.));
#217 = ( GEOMETRIC_REPRESENTATION_CONTEXT(2) 
PARAMETRIC_REPRESENTATION_CONTEXT() REPRESENTATION_CONTEXT('2D SPACE',''
  ) );
#218 = ADVANCED_FACE('',(#219),#126,.F.);
#219 = FACE_BOUND('',#220,.F.);
#220 = EDGE_LOOP('',(#221,#255,#283,#320));
#221 = ORIENTED_EDGE('',*,*,#222,.T.);
#222 = EDGE_CURVE('',#24,#223,#225,.T.);
#223 = VERTEX_POINT('',#224);
#224 = CARTESIAN_POINT('',(-14.25375,-14.25375,-0.75));
#225 = SURFACE_CURVE('',#226,(#231,#243),.PCURVE_S1.);
#226 = ELLIPSE('',#227,1.055356870921,0.74625);
#227 = AXIS2_PLACEMENT_3D('',#228,#229,#230);
#228 = CARTESIAN_POINT('',(-14.25375,-14.25375,-1.49625));
#229 = DIRECTION('',(-0.707106781187,0.707106781187,0.));
#230 = DIRECTION('',(0.707106781187,0.707106781187,0.));
#231 = PCURVE('',#126,#232);
#232 = DEFINITIONAL_REPRESENTATION('',(#233),#242);
#233 = B_SPLINE_CURVE_WITH_KNOTS('',7,(#234,#235,#236,#237,#238,#239,
    #240,#241),.UNSPECIFIED.,.F.,.F.,(8,8),(3.14159265359,4.712388980385
    ),.PIECEWISE_BEZIER_KNOTS.);
#234 = CARTESIAN_POINT('',(0.,0.));
#235 = CARTESIAN_POINT('',(0.224399475256,-2.050770364557E-17));
#236 = CARTESIAN_POINT('',(0.448798950513,4.384119693519E-02));
#237 = CARTESIAN_POINT('',(0.673198425769,0.131517230924));
#238 = CARTESIAN_POINT('',(0.897597901026,0.257645181266));
#239 = CARTESIAN_POINT('',(1.121997376282,0.411334463158));
#240 = CARTESIAN_POINT('',(1.346396851538,0.57879189159));
#241 = CARTESIAN_POINT('',(1.570796326795,0.74625));
#242 = ( GEOMETRIC_REPRESENTATION_CONTEXT(2) 
PARAMETRIC_REPRESENTATION_CONTEXT() REPRESENTATION_CONTEXT('2D SPACE',''
  ) );
#243 = PCURVE('',#207,#244);
#244 = DEFINITIONAL_REPRESENTATION('',(#245),#254);
#245 = B_SPLINE_CURVE_WITH_KNOTS('',7,(#246,#247,#248,#249,#250,#251,
    #252,#253),.UNSPECIFIED.,.F.,.F.,(8,8),(3.14159265359,4.712388980385
    ),.PIECEWISE_BEZIER_KNOTS.);
#246 = CARTESIAN_POINT('',(0.,0.));
#247 = CARTESIAN_POINT('',(-0.224399475256,-2.050770364557E-17));
#248 = CARTESIAN_POINT('',(-0.448798950513,4.384119693519E-02));
#249 = CARTESIAN_POINT('',(-0.673198425769,0.131517230924));
#250 = CARTESIAN_POINT('',(-0.897597901026,0.257645181266));
#251 = CARTESIAN_POINT('',(-1.121997376282,0.411334463158));
#252 = CARTESIAN_POINT('',(-1.346396851538,0.57879189159));
#253 = CARTESIAN_POINT('',(-1.570796326795,0.74625));
#254 = ( GEOMETRIC_REPRESENTATION_CONTEXT(2) 
PARAMETRIC_REPRESENTATION_CONTEXT() REPRESENTATION_CONTEXT('2D SPACE',''
  ) );
#255 = ORIENTED_EDGE('',*,*,#256,.T.);
#256 = EDGE_CURVE('',#223,#257,#259,.T.);
#257 = VERTEX_POINT('',#258);
#258 = CARTESIAN_POINT('',(-14.25375,14.25375,-0.75));
#259 = SURFACE_CURVE('',#260,(#264,#271),.PCURVE_S1.);
#260 = LINE('',#261,#262);
#261 = CARTESIAN_POINT('',(-14.25375,-15.,-0.75));
#262 = VECTOR('',#263,1.);
#263 = DIRECTION('',(0.,1.,0.));
#264 = PCURVE('',#126,#265);
#265 = DEFINITIONAL_REPRESENTATION('',(#266),#270);
#266 = LINE('',#267,#268);
#267 = CARTESIAN_POINT('',(1.570796326795,0.));
#268 = VECTOR('',#269,1.);
#269 = DIRECTION('',(0.,1.));
#270 = ( GEOMETRIC_REPRESENTATION_CONTEXT(2) 
PARAMETRIC_REPRESENTATION_CONTEXT() REPRESENTATION_CONTEXT('2D SPACE',''
  ) );
#271 = PCURVE('',#272,#277);
#272 = PLANE('',#273);
#273 = AXIS2_PLACEMENT_3D('',#274,#275,#276);
#274 = CARTESIAN_POINT('',(-15.,-15.,-0.75));
#275 = DIRECTION('',(0.,0.,1.));
#276 = DIRECTION('',(1.,0.,0.));
#277 = DEFINITIONAL_REPRESENTATION('',(#278),#282);
#278 = LINE('',#279,#280);
#279 = CARTESIAN_POINT('',(0.74625,0.));
#280 = VECTOR('',#281,1.);
#281 = DIRECTION('',(0.,1.));
#282 = ( GEOMETRIC_REPRESENTATION_CONTEXT(2) 
PARAMETRIC_REPRESENTATION_CONTEXT() REPRESENTATION_CONTEXT('2D SPACE',''
  ) );
#283 = ORIENTED_EDGE('',*,*,#284,.F.);
#284 = EDGE_CURVE('',#85,#257,#285,.T.);
#285 = SURFACE_CURVE('',#286,(#291,#303),.PCURVE_S1.);
#286 = ELLIPSE('',#287,1.055356870921,0.74625);
#287 = AXIS2_PLACEMENT_3D('',#288,#289,#290);
#288 = CARTESIAN_POINT('',(-14.25375,14.25375,-1.49625));
#289 = DIRECTION('',(0.707106781187,0.707106781187,0.));
#290 = DIRECTION('',(-0.707106781187,0.707106781187,0.));
#291 = PCURVE('',#126,#292);
#292 = DEFINITIONAL_REPRESENTATION('',(#293),#302);
#293 = B_SPLINE_CURVE_WITH_KNOTS('',7,(#294,#295,#296,#297,#298,#299,
    #300,#301),.UNSPECIFIED.,.F.,.F.,(8,8),(0.,1.570796326795),
  .PIECEWISE_BEZIER_KNOTS.);
#294 = CARTESIAN_POINT('',(0.,30.));
#295 = CARTESIAN_POINT('',(0.224399475256,30.));
#296 = CARTESIAN_POINT('',(0.448798950513,29.956158803067));
#297 = CARTESIAN_POINT('',(0.673198425769,29.86848276907));
#298 = CARTESIAN_POINT('',(0.897597901025,29.742354818736));
#299 = CARTESIAN_POINT('',(1.121997376282,29.588665536838));
#300 = CARTESIAN_POINT('',(1.346396851538,29.42120810841));
#301 = CARTESIAN_POINT('',(1.570796326795,29.25375));
#302 = ( GEOMETRIC_REPRESENTATION_CONTEXT(2) 
PARAMETRIC_REPRESENTATION_CONTEXT() REPRESENTATION_CONTEXT('2D SPACE',''
  ) );
#303 = PCURVE('',#304,#309);
#304 = CYLINDRICAL_SURFACE('',#305,0.74625);
#305 = AXIS2_PLACEMENT_3D('',#306,#307,#308);
#306 = CARTESIAN_POINT('',(-15.,14.25375,-1.49625));
#307 = DIRECTION('',(1.,0.,0.));
#308 = DIRECTION('',(-0.,1.,0.));
#309 = DEFINITIONAL_REPRESENTATION('',(#310),#319);
#310 = B_SPLINE_CURVE_WITH_KNOTS('',7,(#311,#312,#313,#314,#315,#316,
    #317,#318),.UNSPECIFIED.,.F.,.F.,(8,8),(0.,1.570796326795),
  .PIECEWISE_BEZIER_KNOTS.);
#311 = CARTESIAN_POINT('',(0.,0.));
#312 = CARTESIAN_POINT('',(0.224399475256,0.));
#313 = CARTESIAN_POINT('',(0.448798950513,4.384119693519E-02));
#314 = CARTESIAN_POINT('',(0.673198425769,0.131517230924));
#315 = CARTESIAN_POINT('',(0.897597901025,0.257645181266));
#316 = CARTESIAN_POINT('',(1.121997376282,0.411334463158));
#317 = CARTESIAN_POINT('',(1.346396851538,0.57879189159));
#318 = CARTESIAN_POINT('',(1.570796326795,0.74625));
#319 = ( GEOMETRIC_REPRESENTATION_CONTEXT(2) 
PARAMETRIC_REPRESENTATION_CONTEXT() REPRESENTATION_CONTEXT('2D SPACE',''
  ) );
#320 = ORIENTED_EDGE('',*,*,#112,.F.);
#321 = ADVANCED_FACE('',(#322,#784,#904,#1024,#1144,#1264,#1384,#1504,
    #1624,#1744,#1864,#1984,#2104,#2224,#2344,#2464,#2584,#2704,#2824,
    #2944,#3064,#3184,#3232,#3352,#3472,#3592,#3712,#3832,#3952,#4072),
  #72,.F.);
#322 = FACE_BOUND('',#323,.F.);
#323 = EDGE_LOOP('',(#324,#354,#382,#410,#443,#471,#499,#527,#560,#588,
    #616,#644,#673,#701,#729,#757));
#324 = ORIENTED_EDGE('',*,*,#325,.F.);
#325 = EDGE_CURVE('',#326,#328,#330,.T.);
#326 = VERTEX_POINT('',#327);
#327 = CARTESIAN_POINT('',(-75.2,15.,-1.5));
#328 = VERTEX_POINT('',#329);
#329 = CARTESIAN_POINT('',(-18.,15.,-1.5));
#330 = SURFACE_CURVE('',#331,(#335,#342),.PCURVE_S1.);
#331 = LINE('',#332,#333);
#332 = CARTESIAN_POINT('',(-75.2,15.,-1.5));
#333 = VECTOR('',#334,1.);
#334 = DIRECTION('',(1.,0.,0.));
#335 = PCURVE('',#72,#336);
#336 = DEFINITIONAL_REPRESENTATION('',(#337),#341);
#337 = LINE('',#338,#339);
#338 = CARTESIAN_POINT('',(0.,30.));
#339 = VECTOR('',#340,1.);
#340 = DIRECTION('',(1.,0.));
#341 = ( GEOMETRIC_REPRESENTATION_CONTEXT(2) 
PARAMETRIC_REPRESENTATION_CONTEXT() REPRESENTATION_CONTEXT('2D SPACE',''
  ) );
#342 = PCURVE('',#343,#348);
#343 = PLANE('',#344);
#344 = AXIS2_PLACEMENT_3D('',#345,#346,#347);
#345 = CARTESIAN_POINT('',(-75.2,15.,-1.5));
#346 = DIRECTION('',(0.,1.,0.));
#347 = DIRECTION('',(0.,0.,1.));
#348 = DEFINITIONAL_REPRESENTATION('',(#349),#353);
#349 = LINE('',#350,#351);
#350 = CARTESIAN_POINT('',(0.,0.));
#351 = VECTOR('',#352,1.);
#352 = DIRECTION('',(0.,1.));
#353 = ( GEOMETRIC_REPRESENTATION_CONTEXT(2) 
PARAMETRIC_REPRESENTATION_CONTEXT() REPRESENTATION_CONTEXT('2D SPACE',''
  ) );
#354 = ORIENTED_EDGE('',*,*,#355,.F.);
#355 = EDGE_CURVE('',#356,#326,#358,.T.);
#356 = VERTEX_POINT('',#357);
#357 = CARTESIAN_POINT('',(-75.2,-15.,-1.5));
#358 = SURFACE_CURVE('',#359,(#363,#370),.PCURVE_S1.);
#359 = LINE('',#360,#361);
#360 = CARTESIAN_POINT('',(-75.2,-15.,-1.5));
#361 = VECTOR('',#362,1.);
#362 = DIRECTION('',(0.,1.,0.));
#363 = PCURVE('',#72,#364);
#364 = DEFINITIONAL_REPRESENTATION('',(#365),#369);
#365 = LINE('',#366,#367);
#366 = CARTESIAN_POINT('',(0.,0.));
#367 = VECTOR('',#368,1.);
#368 = DIRECTION('',(0.,1.));
#369 = ( GEOMETRIC_REPRESENTATION_CONTEXT(2) 
PARAMETRIC_REPRESENTATION_CONTEXT() REPRESENTATION_CONTEXT('2D SPACE',''
  ) );
#370 = PCURVE('',#371,#376);
#371 = PLANE('',#372);
#372 = AXIS2_PLACEMENT_3D('',#373,#374,#375);
#373 = CARTESIAN_POINT('',(-75.2,-15.,-1.5));
#374 = DIRECTION('',(1.,0.,0.));
#375 = DIRECTION('',(0.,0.,1.));
#376 = DEFINITIONAL_REPRESENTATION('',(#377),#381);
#377 = LINE('',#378,#379);
#378 = CARTESIAN_POINT('',(0.,0.));
#379 = VECTOR('',#380,1.);
#380 = DIRECTION('',(0.,-1.));
#381 = ( GEOMETRIC_REPRESENTATION_CONTEXT(2) 
PARAMETRIC_REPRESENTATION_CONTEXT() REPRESENTATION_CONTEXT('2D SPACE',''
  ) );
#382 = ORIENTED_EDGE('',*,*,#383,.T.);
#383 = EDGE_CURVE('',#356,#384,#386,.T.);
#384 = VERTEX_POINT('',#385);
#385 = CARTESIAN_POINT('',(-18.,-15.,-1.5));
#386 = SURFACE_CURVE('',#387,(#391,#398),.PCURVE_S1.);
#387 = LINE('',#388,#389);
#388 = CARTESIAN_POINT('',(-75.2,-15.,-1.5));
#389 = VECTOR('',#390,1.);
#390 = DIRECTION('',(1.,0.,0.));
#391 = PCURVE('',#72,#392);
#392 = DEFINITIONAL_REPRESENTATION('',(#393),#397);
#393 = LINE('',#394,#395);
#394 = CARTESIAN_POINT('',(0.,0.));
#395 = VECTOR('',#396,1.);
#396 = DIRECTION('',(1.,0.));
#397 = ( GEOMETRIC_REPRESENTATION_CONTEXT(2) 
PARAMETRIC_REPRESENTATION_CONTEXT() REPRESENTATION_CONTEXT('2D SPACE',''
  ) );
#398 = PCURVE('',#399,#404);
#399 = PLANE('',#400);
#400 = AXIS2_PLACEMENT_3D('',#401,#402,#403);
#401 = CARTESIAN_POINT('',(-75.2,-15.,-1.5));
#402 = DIRECTION('',(0.,1.,0.));
#403 = DIRECTION('',(0.,0.,1.));
#404 = DEFINITIONAL_REPRESENTATION('',(#405),#409);
#405 = LINE('',#406,#407);
#406 = CARTESIAN_POINT('',(0.,0.));
#407 = VECTOR('',#408,1.);
#408 = DIRECTION('',(0.,1.));
#409 = ( GEOMETRIC_REPRESENTATION_CONTEXT(2) 
PARAMETRIC_REPRESENTATION_CONTEXT() REPRESENTATION_CONTEXT('2D SPACE',''
  ) );
#410 = ORIENTED_EDGE('',*,*,#411,.T.);
#411 = EDGE_CURVE('',#384,#412,#414,.T.);
#412 = VERTEX_POINT('',#413);
#413 = CARTESIAN_POINT('',(-15.,-18.,-1.5));
#414 = SURFACE_CURVE('',#415,(#420,#431),.PCURVE_S1.);
#415 = CIRCLE('',#416,3.);
#416 = AXIS2_PLACEMENT_3D('',#417,#418,#419);
#417 = CARTESIAN_POINT('',(-18.,-18.,-1.5));
#418 = DIRECTION('',(0.,0.,-1.));
#419 = DIRECTION('',(0.,1.,0.));
#420 = PCURVE('',#72,#421);
#421 = DEFINITIONAL_REPRESENTATION('',(#422),#430);
#422 = ( BOUNDED_CURVE() B_SPLINE_CURVE(2,(#423,#424,#425,#426,#427,#428
,#429),.UNSPECIFIED.,.T.,.F.) B_SPLINE_CURVE_WITH_KNOTS((1,2,2,2,2,1),(
    -2.094395102393,0.,2.094395102393,4.188790204786,6.28318530718,
8.377580409573),.UNSPECIFIED.) CURVE() GEOMETRIC_REPRESENTATION_ITEM() 
RATIONAL_B_SPLINE_CURVE((1.,0.5,1.,0.5,1.,0.5,1.)) REPRESENTATION_ITEM(
  '') );
#423 = CARTESIAN_POINT('',(57.2,0.));
#424 = CARTESIAN_POINT('',(62.396152422707,0.));
#425 = CARTESIAN_POINT('',(59.798076211353,-4.5));
#426 = CARTESIAN_POINT('',(57.2,-9.));
#427 = CARTESIAN_POINT('',(54.601923788647,-4.5));
#428 = CARTESIAN_POINT('',(52.003847577293,-4.440892098501E-15));
#429 = CARTESIAN_POINT('',(57.2,0.));
#430 = ( GEOMETRIC_REPRESENTATION_CONTEXT(2) 
PARAMETRIC_REPRESENTATION_CONTEXT() REPRESENTATION_CONTEXT('2D SPACE',''
  ) );
#431 = PCURVE('',#432,#437);
#432 = CYLINDRICAL_SURFACE('',#433,3.);
#433 = AXIS2_PLACEMENT_3D('',#434,#435,#436);
#434 = CARTESIAN_POINT('',(-18.,-18.,1.5));
#435 = DIRECTION('',(0.,0.,-1.));
#436 = DIRECTION('',(0.,1.,0.));
#437 = DEFINITIONAL_REPRESENTATION('',(#438),#442);
#438 = LINE('',#439,#440);
#439 = CARTESIAN_POINT('',(0.,3.));
#440 = VECTOR('',#441,1.);
#441 = DIRECTION('',(1.,0.));
#442 = ( GEOMETRIC_REPRESENTATION_CONTEXT(2) 
PARAMETRIC_REPRESENTATION_CONTEXT() REPRESENTATION_CONTEXT('2D SPACE',''
  ) );
#443 = ORIENTED_EDGE('',*,*,#444,.F.);
#444 = EDGE_CURVE('',#445,#412,#447,.T.);
#445 = VERTEX_POINT('',#446);
#446 = CARTESIAN_POINT('',(-15.,-75.2,-1.5));
#447 = SURFACE_CURVE('',#448,(#452,#459),.PCURVE_S1.);
#448 = LINE('',#449,#450);
#449 = CARTESIAN_POINT('',(-15.,-75.2,-1.5));
#450 = VECTOR('',#451,1.);
#451 = DIRECTION('',(0.,1.,0.));
#452 = PCURVE('',#72,#453);
#453 = DEFINITIONAL_REPRESENTATION('',(#454),#458);
#454 = LINE('',#455,#456);
#455 = CARTESIAN_POINT('',(60.2,-60.2));
#456 = VECTOR('',#457,1.);
#457 = DIRECTION('',(0.,1.));
#458 = ( GEOMETRIC_REPRESENTATION_CONTEXT(2) 
PARAMETRIC_REPRESENTATION_CONTEXT() REPRESENTATION_CONTEXT('2D SPACE',''
  ) );
#459 = PCURVE('',#460,#465);
#460 = PLANE('',#461);
#461 = AXIS2_PLACEMENT_3D('',#462,#463,#464);
#462 = CARTESIAN_POINT('',(-15.,-75.2,-1.5));
#463 = DIRECTION('',(1.,0.,0.));
#464 = DIRECTION('',(0.,0.,1.));
#465 = DEFINITIONAL_REPRESENTATION('',(#466),#470);
#466 = LINE('',#467,#468);
#467 = CARTESIAN_POINT('',(0.,0.));
#468 = VECTOR('',#469,1.);
#469 = DIRECTION('',(0.,-1.));
#470 = ( GEOMETRIC_REPRESENTATION_CONTEXT(2) 
PARAMETRIC_REPRESENTATION_CONTEXT() REPRESENTATION_CONTEXT('2D SPACE',''
  ) );
#471 = ORIENTED_EDGE('',*,*,#472,.T.);
#472 = EDGE_CURVE('',#445,#473,#475,.T.);
#473 = VERTEX_POINT('',#474);
#474 = CARTESIAN_POINT('',(15.,-75.2,-1.5));
#475 = SURFACE_CURVE('',#476,(#480,#487),.PCURVE_S1.);
#476 = LINE('',#477,#478);
#477 = CARTESIAN_POINT('',(-15.,-75.2,-1.5));
#478 = VECTOR('',#479,1.);
#479 = DIRECTION('',(1.,0.,0.));
#480 = PCURVE('',#72,#481);
#481 = DEFINITIONAL_REPRESENTATION('',(#482),#486);
#482 = LINE('',#483,#484);
#483 = CARTESIAN_POINT('',(60.2,-60.2));
#484 = VECTOR('',#485,1.);
#485 = DIRECTION('',(1.,0.));
#486 = ( GEOMETRIC_REPRESENTATION_CONTEXT(2) 
PARAMETRIC_REPRESENTATION_CONTEXT() REPRESENTATION_CONTEXT('2D SPACE',''
  ) );
#487 = PCURVE('',#488,#493);
#488 = PLANE('',#489);
#489 = AXIS2_PLACEMENT_3D('',#490,#491,#492);
#490 = CARTESIAN_POINT('',(-15.,-75.2,-1.5));
#491 = DIRECTION('',(0.,1.,0.));
#492 = DIRECTION('',(0.,0.,1.));
#493 = DEFINITIONAL_REPRESENTATION('',(#494),#498);
#494 = LINE('',#495,#496);
#495 = CARTESIAN_POINT('',(0.,0.));
#496 = VECTOR('',#497,1.);
#497 = DIRECTION('',(0.,1.));
#498 = ( GEOMETRIC_REPRESENTATION_CONTEXT(2) 
PARAMETRIC_REPRESENTATION_CONTEXT() REPRESENTATION_CONTEXT('2D SPACE',''
  ) );
#499 = ORIENTED_EDGE('',*,*,#500,.T.);
#500 = EDGE_CURVE('',#473,#501,#503,.T.);
#501 = VERTEX_POINT('',#502);
#502 = CARTESIAN_POINT('',(15.,-18.,-1.5));
#503 = SURFACE_CURVE('',#504,(#508,#515),.PCURVE_S1.);
#504 = LINE('',#505,#506);
#505 = CARTESIAN_POINT('',(15.,-75.2,-1.5));
#506 = VECTOR('',#507,1.);
#507 = DIRECTION('',(0.,1.,0.));
#508 = PCURVE('',#72,#509);
#509 = DEFINITIONAL_REPRESENTATION('',(#510),#514);
#510 = LINE('',#511,#512);
#511 = CARTESIAN_POINT('',(90.2,-60.2));
#512 = VECTOR('',#513,1.);
#513 = DIRECTION('',(0.,1.));
#514 = ( GEOMETRIC_REPRESENTATION_CONTEXT(2) 
PARAMETRIC_REPRESENTATION_CONTEXT() REPRESENTATION_CONTEXT('2D SPACE',''
  ) );
#515 = PCURVE('',#516,#521);
#516 = PLANE('',#517);
#517 = AXIS2_PLACEMENT_3D('',#518,#519,#520);
#518 = CARTESIAN_POINT('',(15.,-75.2,-1.5));
#519 = DIRECTION('',(1.,0.,0.));
#520 = DIRECTION('',(0.,0.,1.));
#521 = DEFINITIONAL_REPRESENTATION('',(#522),#526);
#522 = LINE('',#523,#524);
#523 = CARTESIAN_POINT('',(0.,0.));
#524 = VECTOR('',#525,1.);
#525 = DIRECTION('',(0.,-1.));
#526 = ( GEOMETRIC_REPRESENTATION_CONTEXT(2) 
PARAMETRIC_REPRESENTATION_CONTEXT() REPRESENTATION_CONTEXT('2D SPACE',''
  ) );
#527 = ORIENTED_EDGE('',*,*,#528,.T.);
#528 = EDGE_CURVE('',#501,#529,#531,.T.);
#529 = VERTEX_POINT('',#530);
#530 = CARTESIAN_POINT('',(18.,-15.,-1.5));
#531 = SURFACE_CURVE('',#532,(#537,#548),.PCURVE_S1.);
#532 = CIRCLE('',#533,3.);
#533 = AXIS2_PLACEMENT_3D('',#534,#535,#536);
#534 = CARTESIAN_POINT('',(18.,-18.,-1.5));
#535 = DIRECTION('',(0.,0.,-1.));
#536 = DIRECTION('',(0.,1.,0.));
#537 = PCURVE('',#72,#538);
#538 = DEFINITIONAL_REPRESENTATION('',(#539),#547);
#539 = ( BOUNDED_CURVE() B_SPLINE_CURVE(2,(#540,#541,#542,#543,#544,#545
,#546),.UNSPECIFIED.,.T.,.F.) B_SPLINE_CURVE_WITH_KNOTS((1,2,2,2,2,1),(
    -2.094395102393,0.,2.094395102393,4.188790204786,6.28318530718,
8.377580409573),.UNSPECIFIED.) CURVE() GEOMETRIC_REPRESENTATION_ITEM() 
RATIONAL_B_SPLINE_CURVE((1.,0.5,1.,0.5,1.,0.5,1.)) REPRESENTATION_ITEM(
  '') );
#540 = CARTESIAN_POINT('',(93.2,0.));
#541 = CARTESIAN_POINT('',(98.396152422707,0.));
#542 = CARTESIAN_POINT('',(95.798076211353,-4.5));
#543 = CARTESIAN_POINT('',(93.2,-9.));
#544 = CARTESIAN_POINT('',(90.601923788647,-4.5));
#545 = CARTESIAN_POINT('',(88.003847577293,-4.440892098501E-15));
#546 = CARTESIAN_POINT('',(93.2,0.));
#547 = ( GEOMETRIC_REPRESENTATION_CONTEXT(2) 
PARAMETRIC_REPRESENTATION_CONTEXT() REPRESENTATION_CONTEXT('2D SPACE',''
  ) );
#548 = PCURVE('',#549,#554);
#549 = CYLINDRICAL_SURFACE('',#550,3.);
#550 = AXIS2_PLACEMENT_3D('',#551,#552,#553);
#551 = CARTESIAN_POINT('',(18.,-18.,1.5));
#552 = DIRECTION('',(0.,0.,-1.));
#553 = DIRECTION('',(-1.,-0.,-0.));
#554 = DEFINITIONAL_REPRESENTATION('',(#555),#559);
#555 = LINE('',#556,#557);
#556 = CARTESIAN_POINT('',(-4.712388980385,3.));
#557 = VECTOR('',#558,1.);
#558 = DIRECTION('',(1.,0.));
#559 = ( GEOMETRIC_REPRESENTATION_CONTEXT(2) 
PARAMETRIC_REPRESENTATION_CONTEXT() REPRESENTATION_CONTEXT('2D SPACE',''
  ) );
#560 = ORIENTED_EDGE('',*,*,#561,.T.);
#561 = EDGE_CURVE('',#529,#562,#564,.T.);
#562 = VERTEX_POINT('',#563);
#563 = CARTESIAN_POINT('',(75.2,-15.,-1.5));
#564 = SURFACE_CURVE('',#565,(#569,#576),.PCURVE_S1.);
#565 = LINE('',#566,#567);
#566 = CARTESIAN_POINT('',(-75.2,-15.,-1.5));
#567 = VECTOR('',#568,1.);
#568 = DIRECTION('',(1.,0.,0.));
#569 = PCURVE('',#72,#570);
#570 = DEFINITIONAL_REPRESENTATION('',(#571),#575);
#571 = LINE('',#572,#573);
#572 = CARTESIAN_POINT('',(0.,0.));
#573 = VECTOR('',#574,1.);
#574 = DIRECTION('',(1.,0.));
#575 = ( GEOMETRIC_REPRESENTATION_CONTEXT(2) 
PARAMETRIC_REPRESENTATION_CONTEXT() REPRESENTATION_CONTEXT('2D SPACE',''
  ) );
#576 = PCURVE('',#577,#582);
#577 = PLANE('',#578);
#578 = AXIS2_PLACEMENT_3D('',#579,#580,#581);
#579 = CARTESIAN_POINT('',(-75.2,-15.,-1.5));
#580 = DIRECTION('',(0.,1.,0.));
#581 = DIRECTION('',(0.,0.,1.));
#582 = DEFINITIONAL_REPRESENTATION('',(#583),#587);
#583 = LINE('',#584,#585);
#584 = CARTESIAN_POINT('',(0.,0.));
#585 = VECTOR('',#586,1.);
#586 = DIRECTION('',(0.,1.));
#587 = ( GEOMETRIC_REPRESENTATION_CONTEXT(2) 
PARAMETRIC_REPRESENTATION_CONTEXT() REPRESENTATION_CONTEXT('2D SPACE',''
  ) );
#588 = ORIENTED_EDGE('',*,*,#589,.T.);
#589 = EDGE_CURVE('',#562,#590,#592,.T.);
#590 = VERTEX_POINT('',#591);
#591 = CARTESIAN_POINT('',(75.2,15.,-1.5));
#592 = SURFACE_CURVE('',#593,(#597,#604),.PCURVE_S1.);
#593 = LINE('',#594,#595);
#594 = CARTESIAN_POINT('',(75.2,-15.,-1.5));
#595 = VECTOR('',#596,1.);
#596 = DIRECTION('',(0.,1.,0.));
#597 = PCURVE('',#72,#598);
#598 = DEFINITIONAL_REPRESENTATION('',(#599),#603);
#599 = LINE('',#600,#601);
#600 = CARTESIAN_POINT('',(150.4,0.));
#601 = VECTOR('',#602,1.);
#602 = DIRECTION('',(0.,1.));
#603 = ( GEOMETRIC_REPRESENTATION_CONTEXT(2) 
PARAMETRIC_REPRESENTATION_CONTEXT() REPRESENTATION_CONTEXT('2D SPACE',''
  ) );
#604 = PCURVE('',#605,#610);
#605 = PLANE('',#606);
#606 = AXIS2_PLACEMENT_3D('',#607,#608,#609);
#607 = CARTESIAN_POINT('',(75.2,-15.,-1.5));
#608 = DIRECTION('',(1.,0.,0.));
#609 = DIRECTION('',(0.,0.,1.));
#610 = DEFINITIONAL_REPRESENTATION('',(#611),#615);
#611 = LINE('',#612,#613);
#612 = CARTESIAN_POINT('',(0.,0.));
#613 = VECTOR('',#614,1.);
#614 = DIRECTION('',(0.,-1.));
#615 = ( GEOMETRIC_REPRESENTATION_CONTEXT(2) 
PARAMETRIC_REPRESENTATION_CONTEXT() REPRESENTATION_CONTEXT('2D SPACE',''
  ) );
#616 = ORIENTED_EDGE('',*,*,#617,.F.);
#617 = EDGE_CURVE('',#618,#590,#620,.T.);
#618 = VERTEX_POINT('',#619);
#619 = CARTESIAN_POINT('',(18.,15.,-1.5));
#620 = SURFACE_CURVE('',#621,(#625,#632),.PCURVE_S1.);
#621 = LINE('',#622,#623);
#622 = CARTESIAN_POINT('',(-75.2,15.,-1.5));
#623 = VECTOR('',#624,1.);
#624 = DIRECTION('',(1.,0.,0.));
#625 = PCURVE('',#72,#626);
#626 = DEFINITIONAL_REPRESENTATION('',(#627),#631);
#627 = LINE('',#628,#629);
#628 = CARTESIAN_POINT('',(0.,30.));
#629 = VECTOR('',#630,1.);
#630 = DIRECTION('',(1.,0.));
#631 = ( GEOMETRIC_REPRESENTATION_CONTEXT(2) 
PARAMETRIC_REPRESENTATION_CONTEXT() REPRESENTATION_CONTEXT('2D SPACE',''
  ) );
#632 = PCURVE('',#633,#638);
#633 = PLANE('',#634);
#634 = AXIS2_PLACEMENT_3D('',#635,#636,#637);
#635 = CARTESIAN_POINT('',(-75.2,15.,-1.5));
#636 = DIRECTION('',(0.,1.,0.));
#637 = DIRECTION('',(0.,0.,1.));
#638 = DEFINITIONAL_REPRESENTATION('',(#639),#643);
#639 = LINE('',#640,#641);
#640 = CARTESIAN_POINT('',(0.,0.));
#641 = VECTOR('',#642,1.);
#642 = DIRECTION('',(0.,1.));
#643 = ( GEOMETRIC_REPRESENTATION_CONTEXT(2) 
PARAMETRIC_REPRESENTATION_CONTEXT() REPRESENTATION_CONTEXT('2D SPACE',''
  ) );
#644 = ORIENTED_EDGE('',*,*,#645,.F.);
#645 = EDGE_CURVE('',#646,#618,#648,.T.);
#646 = VERTEX_POINT('',#647);
#647 = CARTESIAN_POINT('',(15.,18.,-1.5));
#648 = SURFACE_CURVE('',#649,(#654,#661),.PCURVE_S1.);
#649 = CIRCLE('',#650,3.);
#650 = AXIS2_PLACEMENT_3D('',#651,#652,#653);
#651 = CARTESIAN_POINT('',(18.,18.,-1.5));
#652 = DIRECTION('',(0.,-0.,1.));
#653 = DIRECTION('',(0.,1.,0.));
#654 = PCURVE('',#72,#655);
#655 = DEFINITIONAL_REPRESENTATION('',(#656),#660);
#656 = CIRCLE('',#657,3.);
#657 = AXIS2_PLACEMENT_2D('',#658,#659);
#658 = CARTESIAN_POINT('',(93.2,33.));
#659 = DIRECTION('',(0.,1.));
#660 = ( GEOMETRIC_REPRESENTATION_CONTEXT(2) 
PARAMETRIC_REPRESENTATION_CONTEXT() REPRESENTATION_CONTEXT('2D SPACE',''
  ) );
#661 = PCURVE('',#662,#667);
#662 = CYLINDRICAL_SURFACE('',#663,3.);
#663 = AXIS2_PLACEMENT_3D('',#664,#665,#666);
#664 = CARTESIAN_POINT('',(18.,18.,1.5));
#665 = DIRECTION('',(0.,0.,-1.));
#666 = DIRECTION('',(-1.,-0.,-0.));
#667 = DEFINITIONAL_REPRESENTATION('',(#668),#672);
#668 = LINE('',#669,#670);
#669 = CARTESIAN_POINT('',(1.570796326795,3.));
#670 = VECTOR('',#671,1.);
#671 = DIRECTION('',(-1.,0.));
#672 = ( GEOMETRIC_REPRESENTATION_CONTEXT(2) 
PARAMETRIC_REPRESENTATION_CONTEXT() REPRESENTATION_CONTEXT('2D SPACE',''
  ) );
#673 = ORIENTED_EDGE('',*,*,#674,.T.);
#674 = EDGE_CURVE('',#646,#675,#677,.T.);
#675 = VERTEX_POINT('',#676);
#676 = CARTESIAN_POINT('',(15.,75.2,-1.5));
#677 = SURFACE_CURVE('',#678,(#682,#689),.PCURVE_S1.);
#678 = LINE('',#679,#680);
#679 = CARTESIAN_POINT('',(15.,-75.2,-1.5));
#680 = VECTOR('',#681,1.);
#681 = DIRECTION('',(0.,1.,0.));
#682 = PCURVE('',#72,#683);
#683 = DEFINITIONAL_REPRESENTATION('',(#684),#688);
#684 = LINE('',#685,#686);
#685 = CARTESIAN_POINT('',(90.2,-60.2));
#686 = VECTOR('',#687,1.);
#687 = DIRECTION('',(0.,1.));
#688 = ( GEOMETRIC_REPRESENTATION_CONTEXT(2) 
PARAMETRIC_REPRESENTATION_CONTEXT() REPRESENTATION_CONTEXT('2D SPACE',''
  ) );
#689 = PCURVE('',#690,#695);
#690 = PLANE('',#691);
#691 = AXIS2_PLACEMENT_3D('',#692,#693,#694);
#692 = CARTESIAN_POINT('',(15.,-75.2,-1.5));
#693 = DIRECTION('',(1.,0.,0.));
#694 = DIRECTION('',(0.,0.,1.));
#695 = DEFINITIONAL_REPRESENTATION('',(#696),#700);
#696 = LINE('',#697,#698);
#697 = CARTESIAN_POINT('',(0.,0.));
#698 = VECTOR('',#699,1.);
#699 = DIRECTION('',(0.,-1.));
#700 = ( GEOMETRIC_REPRESENTATION_CONTEXT(2) 
PARAMETRIC_REPRESENTATION_CONTEXT() REPRESENTATION_CONTEXT('2D SPACE',''
  ) );
#701 = ORIENTED_EDGE('',*,*,#702,.F.);
#702 = EDGE_CURVE('',#703,#675,#705,.T.);
#703 = VERTEX_POINT('',#704);
#704 = CARTESIAN_POINT('',(-15.,75.2,-1.5));
#705 = SURFACE_CURVE('',#706,(#710,#717),.PCURVE_S1.);
#706 = LINE('',#707,#708);
#707 = CARTESIAN_POINT('',(-15.,75.2,-1.5));
#708 = VECTOR('',#709,1.);
#709 = DIRECTION('',(1.,0.,0.));
#710 = PCURVE('',#72,#711);
#711 = DEFINITIONAL_REPRESENTATION('',(#712),#716);
#712 = LINE('',#713,#714);
#713 = CARTESIAN_POINT('',(60.2,90.2));
#714 = VECTOR('',#715,1.);
#715 = DIRECTION('',(1.,0.));
#716 = ( GEOMETRIC_REPRESENTATION_CONTEXT(2) 
PARAMETRIC_REPRESENTATION_CONTEXT() REPRESENTATION_CONTEXT('2D SPACE',''
  ) );
#717 = PCURVE('',#718,#723);
#718 = PLANE('',#719);
#719 = AXIS2_PLACEMENT_3D('',#720,#721,#722);
#720 = CARTESIAN_POINT('',(-15.,75.2,-1.5));
#721 = DIRECTION('',(0.,1.,0.));
#722 = DIRECTION('',(0.,0.,1.));
#723 = DEFINITIONAL_REPRESENTATION('',(#724),#728);
#724 = LINE('',#725,#726);
#725 = CARTESIAN_POINT('',(0.,0.));
#726 = VECTOR('',#727,1.);
#727 = DIRECTION('',(0.,1.));
#728 = ( GEOMETRIC_REPRESENTATION_CONTEXT(2) 
PARAMETRIC_REPRESENTATION_CONTEXT() REPRESENTATION_CONTEXT('2D SPACE',''
  ) );
#729 = ORIENTED_EDGE('',*,*,#730,.F.);
#730 = EDGE_CURVE('',#731,#703,#733,.T.);
#731 = VERTEX_POINT('',#732);
#732 = CARTESIAN_POINT('',(-15.,18.,-1.5));
#733 = SURFACE_CURVE('',#734,(#738,#745),.PCURVE_S1.);
#734 = LINE('',#735,#736);
#735 = CARTESIAN_POINT('',(-15.,-75.2,-1.5));
#736 = VECTOR('',#737,1.);
#737 = DIRECTION('',(0.,1.,0.));
#738 = PCURVE('',#72,#739);
#739 = DEFINITIONAL_REPRESENTATION('',(#740),#744);
#740 = LINE('',#741,#742);
#741 = CARTESIAN_POINT('',(60.2,-60.2));
#742 = VECTOR('',#743,1.);
#743 = DIRECTION('',(0.,1.));
#744 = ( GEOMETRIC_REPRESENTATION_CONTEXT(2) 
PARAMETRIC_REPRESENTATION_CONTEXT() REPRESENTATION_CONTEXT('2D SPACE',''
  ) );
#745 = PCURVE('',#746,#751);
#746 = PLANE('',#747);
#747 = AXIS2_PLACEMENT_3D('',#748,#749,#750);
#748 = CARTESIAN_POINT('',(-15.,-75.2,-1.5));
#749 = DIRECTION('',(1.,0.,0.));
#750 = DIRECTION('',(0.,0.,1.));
#751 = DEFINITIONAL_REPRESENTATION('',(#752),#756);
#752 = LINE('',#753,#754);
#753 = CARTESIAN_POINT('',(0.,0.));
#754 = VECTOR('',#755,1.);
#755 = DIRECTION('',(0.,-1.));
#756 = ( GEOMETRIC_REPRESENTATION_CONTEXT(2) 
PARAMETRIC_REPRESENTATION_CONTEXT() REPRESENTATION_CONTEXT('2D SPACE',''
  ) );
#757 = ORIENTED_EDGE('',*,*,#758,.F.);
#758 = EDGE_CURVE('',#328,#731,#759,.T.);
#759 = SURFACE_CURVE('',#760,(#765,#772),.PCURVE_S1.);
#760 = CIRCLE('',#761,3.);
#761 = AXIS2_PLACEMENT_3D('',#762,#763,#764);
#762 = CARTESIAN_POINT('',(-18.,18.,-1.5));
#763 = DIRECTION('',(0.,-0.,1.));
#764 = DIRECTION('',(0.,1.,0.));
#765 = PCURVE('',#72,#766);
#766 = DEFINITIONAL_REPRESENTATION('',(#767),#771);
#767 = CIRCLE('',#768,3.);
#768 = AXIS2_PLACEMENT_2D('',#769,#770);
#769 = CARTESIAN_POINT('',(57.2,33.));
#770 = DIRECTION('',(0.,1.));
#771 = ( GEOMETRIC_REPRESENTATION_CONTEXT(2) 
PARAMETRIC_REPRESENTATION_CONTEXT() REPRESENTATION_CONTEXT('2D SPACE',''
  ) );
#772 = PCURVE('',#773,#778);
#773 = CYLINDRICAL_SURFACE('',#774,3.);
#774 = AXIS2_PLACEMENT_3D('',#775,#776,#777);
#775 = CARTESIAN_POINT('',(-18.,18.,1.5));
#776 = DIRECTION('',(0.,0.,-1.));
#777 = DIRECTION('',(0.,-1.,-0.));
#778 = DEFINITIONAL_REPRESENTATION('',(#779),#783);
#779 = LINE('',#780,#781);
#780 = CARTESIAN_POINT('',(3.14159265359,3.));
#781 = VECTOR('',#782,1.);
#782 = DIRECTION('',(-1.,0.));
#783 = ( GEOMETRIC_REPRESENTATION_CONTEXT(2) 
PARAMETRIC_REPRESENTATION_CONTEXT() REPRESENTATION_CONTEXT('2D SPACE',''
  ) );
#784 = FACE_BOUND('',#785,.F.);
#785 = EDGE_LOOP('',(#786,#814,#847,#873));
#786 = ORIENTED_EDGE('',*,*,#787,.F.);
#787 = EDGE_CURVE('',#788,#790,#792,.T.);
#788 = VERTEX_POINT('',#789);
#789 = CARTESIAN_POINT('',(-11.875,-15.825,-1.5));
#790 = VERTEX_POINT('',#791);
#791 = CARTESIAN_POINT('',(-11.875,-54.575,-1.5));
#792 = SURFACE_CURVE('',#793,(#797,#803),.PCURVE_S1.);
#793 = LINE('',#794,#795);
#794 = CARTESIAN_POINT('',(-11.875,-34.7875,-1.5));
#795 = VECTOR('',#796,1.);
#796 = DIRECTION('',(-1.110223024625E-16,-1.,0.));
#797 = PCURVE('',#72,#798);
#798 = DEFINITIONAL_REPRESENTATION('',(#799),#802);
#799 = B_SPLINE_CURVE_WITH_KNOTS('',1,(#800,#801),.UNSPECIFIED.,.F.,.F.,
  (2,2),(-18.9625,19.7875),.PIECEWISE_BEZIER_KNOTS.);
#800 = CARTESIAN_POINT('',(63.325,-0.825));
#801 = CARTESIAN_POINT('',(63.325,-39.575));
#802 = ( GEOMETRIC_REPRESENTATION_CONTEXT(2) 
PARAMETRIC_REPRESENTATION_CONTEXT() REPRESENTATION_CONTEXT('2D SPACE',''
  ) );
#803 = PCURVE('',#804,#809);
#804 = PLANE('',#805);
#805 = AXIS2_PLACEMENT_3D('',#806,#807,#808);
#806 = CARTESIAN_POINT('',(-11.875,-54.575,0.));
#807 = DIRECTION('',(-1.,1.110223024625E-16,0.));
#808 = DIRECTION('',(1.110223024625E-16,1.,0.));
#809 = DEFINITIONAL_REPRESENTATION('',(#810),#813);
#810 = B_SPLINE_CURVE_WITH_KNOTS('',1,(#811,#812),.UNSPECIFIED.,.F.,.F.,
  (2,2),(-18.9625,19.7875),.PIECEWISE_BEZIER_KNOTS.);
#811 = CARTESIAN_POINT('',(38.75,1.5));
#812 = CARTESIAN_POINT('',(0.,1.5));
#813 = ( GEOMETRIC_REPRESENTATION_CONTEXT(2) 
PARAMETRIC_REPRESENTATION_CONTEXT() REPRESENTATION_CONTEXT('2D SPACE',''
  ) );
#814 = ORIENTED_EDGE('',*,*,#815,.T.);
#815 = EDGE_CURVE('',#788,#816,#818,.T.);
#816 = VERTEX_POINT('',#817);
#817 = CARTESIAN_POINT('',(-10.625,-15.825,-1.5));
#818 = SURFACE_CURVE('',#819,(#824,#835),.PCURVE_S1.);
#819 = CIRCLE('',#820,0.625);
#820 = AXIS2_PLACEMENT_3D('',#821,#822,#823);
#821 = CARTESIAN_POINT('',(-11.25,-15.825,-1.5));
#822 = DIRECTION('',(0.,0.,-1.));
#823 = DIRECTION('',(-1.,1.110223024625E-16,0.));
#824 = PCURVE('',#72,#825);
#825 = DEFINITIONAL_REPRESENTATION('',(#826),#834);
#826 = ( BOUNDED_CURVE() B_SPLINE_CURVE(2,(#827,#828,#829,#830,#831,#832
,#833),.UNSPECIFIED.,.T.,.F.) B_SPLINE_CURVE_WITH_KNOTS((1,2,2,2,2,1),(
    -2.094395102393,0.,2.094395102393,4.188790204786,6.28318530718,
8.377580409573),.UNSPECIFIED.) CURVE() GEOMETRIC_REPRESENTATION_ITEM() 
RATIONAL_B_SPLINE_CURVE((1.,0.5,1.,0.5,1.,0.5,1.)) REPRESENTATION_ITEM(
  '') );
#827 = CARTESIAN_POINT('',(63.325,-0.825));
#828 = CARTESIAN_POINT('',(63.325,0.257531754731));
#829 = CARTESIAN_POINT('',(64.2625,-0.283734122635));
#830 = CARTESIAN_POINT('',(65.2,-0.825));
#831 = CARTESIAN_POINT('',(64.2625,-1.366265877365));
#832 = CARTESIAN_POINT('',(63.325,-1.907531754731));
#833 = CARTESIAN_POINT('',(63.325,-0.825));
#834 = ( GEOMETRIC_REPRESENTATION_CONTEXT(2) 
PARAMETRIC_REPRESENTATION_CONTEXT() REPRESENTATION_CONTEXT('2D SPACE',''
  ) );
#835 = PCURVE('',#836,#841);
#836 = CYLINDRICAL_SURFACE('',#837,0.625);
#837 = AXIS2_PLACEMENT_3D('',#838,#839,#840);
#838 = CARTESIAN_POINT('',(-11.25,-15.825,0.));
#839 = DIRECTION('',(0.,0.,-1.));
#840 = DIRECTION('',(-1.,1.110223024625E-16,0.));
#841 = DEFINITIONAL_REPRESENTATION('',(#842),#846);
#842 = LINE('',#843,#844);
#843 = CARTESIAN_POINT('',(0.,1.5));
#844 = VECTOR('',#845,1.);
#845 = DIRECTION('',(1.,0.));
#846 = ( GEOMETRIC_REPRESENTATION_CONTEXT(2) 
PARAMETRIC_REPRESENTATION_CONTEXT() REPRESENTATION_CONTEXT('2D SPACE',''
  ) );
#847 = ORIENTED_EDGE('',*,*,#848,.F.);
#848 = EDGE_CURVE('',#849,#816,#851,.T.);
#849 = VERTEX_POINT('',#850);
#850 = CARTESIAN_POINT('',(-10.625,-54.575,-1.5));
#851 = SURFACE_CURVE('',#852,(#856,#862),.PCURVE_S1.);
#852 = LINE('',#853,#854);
#853 = CARTESIAN_POINT('',(-10.625,-15.4125,-1.5));
#854 = VECTOR('',#855,1.);
#855 = DIRECTION('',(1.110223024625E-16,1.,-0.));
#856 = PCURVE('',#72,#857);
#857 = DEFINITIONAL_REPRESENTATION('',(#858),#861);
#858 = B_SPLINE_CURVE_WITH_KNOTS('',1,(#859,#860),.UNSPECIFIED.,.F.,.F.,
  (2,2),(-39.1625,-0.4125),.PIECEWISE_BEZIER_KNOTS.);
#859 = CARTESIAN_POINT('',(64.575,-39.575));
#860 = CARTESIAN_POINT('',(64.575,-0.825));
#861 = ( GEOMETRIC_REPRESENTATION_CONTEXT(2) 
PARAMETRIC_REPRESENTATION_CONTEXT() REPRESENTATION_CONTEXT('2D SPACE',''
  ) );
#862 = PCURVE('',#863,#868);
#863 = PLANE('',#864);
#864 = AXIS2_PLACEMENT_3D('',#865,#866,#867);
#865 = CARTESIAN_POINT('',(-10.625,-15.825,0.));
#866 = DIRECTION('',(1.,-1.110223024625E-16,0.));
#867 = DIRECTION('',(-1.110223024625E-16,-1.,0.));
#868 = DEFINITIONAL_REPRESENTATION('',(#869),#872);
#869 = B_SPLINE_CURVE_WITH_KNOTS('',1,(#870,#871),.UNSPECIFIED.,.F.,.F.,
  (2,2),(-39.1625,-0.4125),.PIECEWISE_BEZIER_KNOTS.);
#870 = CARTESIAN_POINT('',(38.75,1.5));
#871 = CARTESIAN_POINT('',(0.,1.5));
#872 = ( GEOMETRIC_REPRESENTATION_CONTEXT(2) 
PARAMETRIC_REPRESENTATION_CONTEXT() REPRESENTATION_CONTEXT('2D SPACE',''
  ) );
#873 = ORIENTED_EDGE('',*,*,#874,.T.);
#874 = EDGE_CURVE('',#849,#790,#875,.T.);
#875 = SURFACE_CURVE('',#876,(#881,#892),.PCURVE_S1.);
#876 = CIRCLE('',#877,0.625);
#877 = AXIS2_PLACEMENT_3D('',#878,#879,#880);
#878 = CARTESIAN_POINT('',(-11.25,-54.575,-1.5));
#879 = DIRECTION('',(0.,-0.,-1.));
#880 = DIRECTION('',(1.,-1.110223024625E-16,0.));
#881 = PCURVE('',#72,#882);
#882 = DEFINITIONAL_REPRESENTATION('',(#883),#891);
#883 = ( BOUNDED_CURVE() B_SPLINE_CURVE(2,(#884,#885,#886,#887,#888,#889
,#890),.UNSPECIFIED.,.T.,.F.) B_SPLINE_CURVE_WITH_KNOTS((1,2,2,2,2,1),(
    -2.094395102393,0.,2.094395102393,4.188790204786,6.28318530718,
8.377580409573),.UNSPECIFIED.) CURVE() GEOMETRIC_REPRESENTATION_ITEM() 
RATIONAL_B_SPLINE_CURVE((1.,0.5,1.,0.5,1.,0.5,1.)) REPRESENTATION_ITEM(
  '') );
#884 = CARTESIAN_POINT('',(64.575,-39.575));
#885 = CARTESIAN_POINT('',(64.575,-40.65753175473));
#886 = CARTESIAN_POINT('',(63.6375,-40.11626587736));
#887 = CARTESIAN_POINT('',(62.7,-39.575));
#888 = CARTESIAN_POINT('',(63.6375,-39.03373412263));
#889 = CARTESIAN_POINT('',(64.575,-38.49246824526));
#890 = CARTESIAN_POINT('',(64.575,-39.575));
#891 = ( GEOMETRIC_REPRESENTATION_CONTEXT(2) 
PARAMETRIC_REPRESENTATION_CONTEXT() REPRESENTATION_CONTEXT('2D SPACE',''
  ) );
#892 = PCURVE('',#893,#898);
#893 = CYLINDRICAL_SURFACE('',#894,0.625);
#894 = AXIS2_PLACEMENT_3D('',#895,#896,#897);
#895 = CARTESIAN_POINT('',(-11.25,-54.575,0.));
#896 = DIRECTION('',(0.,-0.,-1.));
#897 = DIRECTION('',(1.,-1.110223024625E-16,0.));
#898 = DEFINITIONAL_REPRESENTATION('',(#899),#903);
#899 = LINE('',#900,#901);
#900 = CARTESIAN_POINT('',(0.,1.5));
#901 = VECTOR('',#902,1.);
#902 = DIRECTION('',(1.,0.));
#903 = ( GEOMETRIC_REPRESENTATION_CONTEXT(2) 
PARAMETRIC_REPRESENTATION_CONTEXT() REPRESENTATION_CONTEXT('2D SPACE',''
  ) );
#904 = FACE_BOUND('',#905,.F.);
#905 = EDGE_LOOP('',(#906,#934,#967,#993));
#906 = ORIENTED_EDGE('',*,*,#907,.F.);
#907 = EDGE_CURVE('',#908,#910,#912,.T.);
#908 = VERTEX_POINT('',#909);
#909 = CARTESIAN_POINT('',(-8.125,-15.825,-1.5));
#910 = VERTEX_POINT('',#911);
#911 = CARTESIAN_POINT('',(-8.125,-54.575,-1.5));
#912 = SURFACE_CURVE('',#913,(#917,#923),.PCURVE_S1.);
#913 = LINE('',#914,#915);
#914 = CARTESIAN_POINT('',(-8.125,-34.7875,-1.5));
#915 = VECTOR('',#916,1.);
#916 = DIRECTION('',(-1.110223024625E-16,-1.,0.));
#917 = PCURVE('',#72,#918);
#918 = DEFINITIONAL_REPRESENTATION('',(#919),#922);
#919 = B_SPLINE_CURVE_WITH_KNOTS('',1,(#920,#921),.UNSPECIFIED.,.F.,.F.,
  (2,2),(-18.9625,19.7875),.PIECEWISE_BEZIER_KNOTS.);
#920 = CARTESIAN_POINT('',(67.075,-0.825));
#921 = CARTESIAN_POINT('',(67.075,-39.575));
#922 = ( GEOMETRIC_REPRESENTATION_CONTEXT(2) 
PARAMETRIC_REPRESENTATION_CONTEXT() REPRESENTATION_CONTEXT('2D SPACE',''
  ) );
#923 = PCURVE('',#924,#929);
#924 = PLANE('',#925);
#925 = AXIS2_PLACEMENT_3D('',#926,#927,#928);
#926 = CARTESIAN_POINT('',(-8.125,-54.575,0.));
#927 = DIRECTION('',(-1.,1.110223024625E-16,0.));
#928 = DIRECTION('',(1.110223024625E-16,1.,0.));
#929 = DEFINITIONAL_REPRESENTATION('',(#930),#933);
#930 = B_SPLINE_CURVE_WITH_KNOTS('',1,(#931,#932),.UNSPECIFIED.,.F.,.F.,
  (2,2),(-18.9625,19.7875),.PIECEWISE_BEZIER_KNOTS.);
#931 = CARTESIAN_POINT('',(38.75,1.5));
#932 = CARTESIAN_POINT('',(0.,1.5));
#933 = ( GEOMETRIC_REPRESENTATION_CONTEXT(2) 
PARAMETRIC_REPRESENTATION_CONTEXT() REPRESENTATION_CONTEXT('2D SPACE',''
  ) );
#934 = ORIENTED_EDGE('',*,*,#935,.T.);
#935 = EDGE_CURVE('',#908,#936,#938,.T.);
#936 = VERTEX_POINT('',#937);
#937 = CARTESIAN_POINT('',(-6.875,-15.825,-1.5));
#938 = SURFACE_CURVE('',#939,(#944,#955),.PCURVE_S1.);
#939 = CIRCLE('',#940,0.625);
#940 = AXIS2_PLACEMENT_3D('',#941,#942,#943);
#941 = CARTESIAN_POINT('',(-7.5,-15.825,-1.5));
#942 = DIRECTION('',(0.,0.,-1.));
#943 = DIRECTION('',(-1.,1.110223024625E-16,0.));
#944 = PCURVE('',#72,#945);
#945 = DEFINITIONAL_REPRESENTATION('',(#946),#954);
#946 = ( BOUNDED_CURVE() B_SPLINE_CURVE(2,(#947,#948,#949,#950,#951,#952
,#953),.UNSPECIFIED.,.T.,.F.) B_SPLINE_CURVE_WITH_KNOTS((1,2,2,2,2,1),(
    -2.094395102393,0.,2.094395102393,4.188790204786,6.28318530718,
8.377580409573),.UNSPECIFIED.) CURVE() GEOMETRIC_REPRESENTATION_ITEM() 
RATIONAL_B_SPLINE_CURVE((1.,0.5,1.,0.5,1.,0.5,1.)) REPRESENTATION_ITEM(
  '') );
#947 = CARTESIAN_POINT('',(67.075,-0.825));
#948 = CARTESIAN_POINT('',(67.075,0.257531754731));
#949 = CARTESIAN_POINT('',(68.0125,-0.283734122635));
#950 = CARTESIAN_POINT('',(68.95,-0.825));
#951 = CARTESIAN_POINT('',(68.0125,-1.366265877365));
#952 = CARTESIAN_POINT('',(67.075,-1.907531754731));
#953 = CARTESIAN_POINT('',(67.075,-0.825));
#954 = ( GEOMETRIC_REPRESENTATION_CONTEXT(2) 
PARAMETRIC_REPRESENTATION_CONTEXT() REPRESENTATION_CONTEXT('2D SPACE',''
  ) );
#955 = PCURVE('',#956,#961);
#956 = CYLINDRICAL_SURFACE('',#957,0.625);
#957 = AXIS2_PLACEMENT_3D('',#958,#959,#960);
#958 = CARTESIAN_POINT('',(-7.5,-15.825,0.));
#959 = DIRECTION('',(0.,0.,-1.));
#960 = DIRECTION('',(-1.,1.110223024625E-16,0.));
#961 = DEFINITIONAL_REPRESENTATION('',(#962),#966);
#962 = LINE('',#963,#964);
#963 = CARTESIAN_POINT('',(0.,1.5));
#964 = VECTOR('',#965,1.);
#965 = DIRECTION('',(1.,0.));
#966 = ( GEOMETRIC_REPRESENTATION_CONTEXT(2) 
PARAMETRIC_REPRESENTATION_CONTEXT() REPRESENTATION_CONTEXT('2D SPACE',''
  ) );
#967 = ORIENTED_EDGE('',*,*,#968,.F.);
#968 = EDGE_CURVE('',#969,#936,#971,.T.);
#969 = VERTEX_POINT('',#970);
#970 = CARTESIAN_POINT('',(-6.875,-54.575,-1.5));
#971 = SURFACE_CURVE('',#972,(#976,#982),.PCURVE_S1.);
#972 = LINE('',#973,#974);
#973 = CARTESIAN_POINT('',(-6.875,-15.4125,-1.5));
#974 = VECTOR('',#975,1.);
#975 = DIRECTION('',(1.110223024625E-16,1.,-0.));
#976 = PCURVE('',#72,#977);
#977 = DEFINITIONAL_REPRESENTATION('',(#978),#981);
#978 = B_SPLINE_CURVE_WITH_KNOTS('',1,(#979,#980),.UNSPECIFIED.,.F.,.F.,
  (2,2),(-39.1625,-0.4125),.PIECEWISE_BEZIER_KNOTS.);
#979 = CARTESIAN_POINT('',(68.325,-39.575));
#980 = CARTESIAN_POINT('',(68.325,-0.825));
#981 = ( GEOMETRIC_REPRESENTATION_CONTEXT(2) 
PARAMETRIC_REPRESENTATION_CONTEXT() REPRESENTATION_CONTEXT('2D SPACE',''
  ) );
#982 = PCURVE('',#983,#988);
#983 = PLANE('',#984);
#984 = AXIS2_PLACEMENT_3D('',#985,#986,#987);
#985 = CARTESIAN_POINT('',(-6.875,-15.825,0.));
#986 = DIRECTION('',(1.,-1.110223024625E-16,0.));
#987 = DIRECTION('',(-1.110223024625E-16,-1.,0.));
#988 = DEFINITIONAL_REPRESENTATION('',(#989),#992);
#989 = B_SPLINE_CURVE_WITH_KNOTS('',1,(#990,#991),.UNSPECIFIED.,.F.,.F.,
  (2,2),(-39.1625,-0.4125),.PIECEWISE_BEZIER_KNOTS.);
#990 = CARTESIAN_POINT('',(38.75,1.5));
#991 = CARTESIAN_POINT('',(0.,1.5));
#992 = ( GEOMETRIC_REPRESENTATION_CONTEXT(2) 
PARAMETRIC_REPRESENTATION_CONTEXT() REPRESENTATION_CONTEXT('2D SPACE',''
  ) );
#993 = ORIENTED_EDGE('',*,*,#994,.T.);
#994 = EDGE_CURVE('',#969,#910,#995,.T.);
#995 = SURFACE_CURVE('',#996,(#1001,#1012),.PCURVE_S1.);
#996 = CIRCLE('',#997,0.625);
#997 = AXIS2_PLACEMENT_3D('',#998,#999,#1000);
#998 = CARTESIAN_POINT('',(-7.5,-54.575,-1.5));
#999 = DIRECTION('',(0.,-0.,-1.));
#1000 = DIRECTION('',(1.,-1.110223024625E-16,0.));
#1001 = PCURVE('',#72,#1002);
#1002 = DEFINITIONAL_REPRESENTATION('',(#1003),#1011);
#1003 = ( BOUNDED_CURVE() B_SPLINE_CURVE(2,(#1004,#1005,#1006,#1007,
#1008,#1009,#1010),.UNSPECIFIED.,.T.,.F.) B_SPLINE_CURVE_WITH_KNOTS((1,2
    ,2,2,2,1),(-2.094395102393,0.,2.094395102393,4.188790204786,
6.28318530718,8.377580409573),.UNSPECIFIED.) CURVE() 
GEOMETRIC_REPRESENTATION_ITEM() RATIONAL_B_SPLINE_CURVE((1.,0.5,1.,0.5,
1.,0.5,1.)) REPRESENTATION_ITEM('') );
#1004 = CARTESIAN_POINT('',(68.325,-39.575));
#1005 = CARTESIAN_POINT('',(68.325,-40.65753175473));
#1006 = CARTESIAN_POINT('',(67.3875,-40.11626587736));
#1007 = CARTESIAN_POINT('',(66.45,-39.575));
#1008 = CARTESIAN_POINT('',(67.3875,-39.03373412263));
#1009 = CARTESIAN_POINT('',(68.325,-38.49246824526));
#1010 = CARTESIAN_POINT('',(68.325,-39.575));
#1011 = ( GEOMETRIC_REPRESENTATION_CONTEXT(2) 
PARAMETRIC_REPRESENTATION_CONTEXT() REPRESENTATION_CONTEXT('2D SPACE',''
  ) );
#1012 = PCURVE('',#1013,#1018);
#1013 = CYLINDRICAL_SURFACE('',#1014,0.625);
#1014 = AXIS2_PLACEMENT_3D('',#1015,#1016,#1017);
#1015 = CARTESIAN_POINT('',(-7.5,-54.575,0.));
#1016 = DIRECTION('',(0.,-0.,-1.));
#1017 = DIRECTION('',(1.,-1.110223024625E-16,0.));
#1018 = DEFINITIONAL_REPRESENTATION('',(#1019),#1023);
#1019 = LINE('',#1020,#1021);
#1020 = CARTESIAN_POINT('',(0.,1.5));
#1021 = VECTOR('',#1022,1.);
#1022 = DIRECTION('',(1.,0.));
#1023 = ( GEOMETRIC_REPRESENTATION_CONTEXT(2) 
PARAMETRIC_REPRESENTATION_CONTEXT() REPRESENTATION_CONTEXT('2D SPACE',''
  ) );
#1024 = FACE_BOUND('',#1025,.F.);
#1025 = EDGE_LOOP('',(#1026,#1054,#1087,#1113));
#1026 = ORIENTED_EDGE('',*,*,#1027,.F.);
#1027 = EDGE_CURVE('',#1028,#1030,#1032,.T.);
#1028 = VERTEX_POINT('',#1029);
#1029 = CARTESIAN_POINT('',(-4.375,-15.825,-1.5));
#1030 = VERTEX_POINT('',#1031);
#1031 = CARTESIAN_POINT('',(-4.375,-54.575,-1.5));
#1032 = SURFACE_CURVE('',#1033,(#1037,#1043),.PCURVE_S1.);
#1033 = LINE('',#1034,#1035);
#1034 = CARTESIAN_POINT('',(-4.375,-34.7875,-1.5));
#1035 = VECTOR('',#1036,1.);
#1036 = DIRECTION('',(-1.110223024625E-16,-1.,0.));
#1037 = PCURVE('',#72,#1038);
#1038 = DEFINITIONAL_REPRESENTATION('',(#1039),#1042);
#1039 = B_SPLINE_CURVE_WITH_KNOTS('',1,(#1040,#1041),.UNSPECIFIED.,.F.,
  .F.,(2,2),(-18.9625,19.7875),.PIECEWISE_BEZIER_KNOTS.);
#1040 = CARTESIAN_POINT('',(70.825,-0.825));
#1041 = CARTESIAN_POINT('',(70.825,-39.575));
#1042 = ( GEOMETRIC_REPRESENTATION_CONTEXT(2) 
PARAMETRIC_REPRESENTATION_CONTEXT() REPRESENTATION_CONTEXT('2D SPACE',''
  ) );
#1043 = PCURVE('',#1044,#1049);
#1044 = PLANE('',#1045);
#1045 = AXIS2_PLACEMENT_3D('',#1046,#1047,#1048);
#1046 = CARTESIAN_POINT('',(-4.375,-54.575,0.));
#1047 = DIRECTION('',(-1.,1.110223024625E-16,0.));
#1048 = DIRECTION('',(1.110223024625E-16,1.,0.));
#1049 = DEFINITIONAL_REPRESENTATION('',(#1050),#1053);
#1050 = B_SPLINE_CURVE_WITH_KNOTS('',1,(#1051,#1052),.UNSPECIFIED.,.F.,
  .F.,(2,2),(-18.9625,19.7875),.PIECEWISE_BEZIER_KNOTS.);
#1051 = CARTESIAN_POINT('',(38.75,1.5));
#1052 = CARTESIAN_POINT('',(0.,1.5));
#1053 = ( GEOMETRIC_REPRESENTATION_CONTEXT(2) 
PARAMETRIC_REPRESENTATION_CONTEXT() REPRESENTATION_CONTEXT('2D SPACE',''
  ) );
#1054 = ORIENTED_EDGE('',*,*,#1055,.T.);
#1055 = EDGE_CURVE('',#1028,#1056,#1058,.T.);
#1056 = VERTEX_POINT('',#1057);
#1057 = CARTESIAN_POINT('',(-3.125,-15.825,-1.5));
#1058 = SURFACE_CURVE('',#1059,(#1064,#1075),.PCURVE_S1.);
#1059 = CIRCLE('',#1060,0.625);
#1060 = AXIS2_PLACEMENT_3D('',#1061,#1062,#1063);
#1061 = CARTESIAN_POINT('',(-3.75,-15.825,-1.5));
#1062 = DIRECTION('',(0.,0.,-1.));
#1063 = DIRECTION('',(-1.,1.110223024625E-16,0.));
#1064 = PCURVE('',#72,#1065);
#1065 = DEFINITIONAL_REPRESENTATION('',(#1066),#1074);
#1066 = ( BOUNDED_CURVE() B_SPLINE_CURVE(2,(#1067,#1068,#1069,#1070,
#1071,#1072,#1073),.UNSPECIFIED.,.T.,.F.) B_SPLINE_CURVE_WITH_KNOTS((1,2
    ,2,2,2,1),(-2.094395102393,0.,2.094395102393,4.188790204786,
6.28318530718,8.377580409573),.UNSPECIFIED.) CURVE() 
GEOMETRIC_REPRESENTATION_ITEM() RATIONAL_B_SPLINE_CURVE((1.,0.5,1.,0.5,
1.,0.5,1.)) REPRESENTATION_ITEM('') );
#1067 = CARTESIAN_POINT('',(70.825,-0.825));
#1068 = CARTESIAN_POINT('',(70.825,0.257531754731));
#1069 = CARTESIAN_POINT('',(71.7625,-0.283734122635));
#1070 = CARTESIAN_POINT('',(72.7,-0.825));
#1071 = CARTESIAN_POINT('',(71.7625,-1.366265877365));
#1072 = CARTESIAN_POINT('',(70.825,-1.907531754731));
#1073 = CARTESIAN_POINT('',(70.825,-0.825));
#1074 = ( GEOMETRIC_REPRESENTATION_CONTEXT(2) 
PARAMETRIC_REPRESENTATION_CONTEXT() REPRESENTATION_CONTEXT('2D SPACE',''
  ) );
#1075 = PCURVE('',#1076,#1081);
#1076 = CYLINDRICAL_SURFACE('',#1077,0.625);
#1077 = AXIS2_PLACEMENT_3D('',#1078,#1079,#1080);
#1078 = CARTESIAN_POINT('',(-3.75,-15.825,0.));
#1079 = DIRECTION('',(0.,0.,-1.));
#1080 = DIRECTION('',(-1.,1.110223024625E-16,0.));
#1081 = DEFINITIONAL_REPRESENTATION('',(#1082),#1086);
#1082 = LINE('',#1083,#1084);
#1083 = CARTESIAN_POINT('',(0.,1.5));
#1084 = VECTOR('',#1085,1.);
#1085 = DIRECTION('',(1.,0.));
#1086 = ( GEOMETRIC_REPRESENTATION_CONTEXT(2) 
PARAMETRIC_REPRESENTATION_CONTEXT() REPRESENTATION_CONTEXT('2D SPACE',''
  ) );
#1087 = ORIENTED_EDGE('',*,*,#1088,.F.);
#1088 = EDGE_CURVE('',#1089,#1056,#1091,.T.);
#1089 = VERTEX_POINT('',#1090);
#1090 = CARTESIAN_POINT('',(-3.125,-54.575,-1.5));
#1091 = SURFACE_CURVE('',#1092,(#1096,#1102),.PCURVE_S1.);
#1092 = LINE('',#1093,#1094);
#1093 = CARTESIAN_POINT('',(-3.125,-15.4125,-1.5));
#1094 = VECTOR('',#1095,1.);
#1095 = DIRECTION('',(1.110223024625E-16,1.,-0.));
#1096 = PCURVE('',#72,#1097);
#1097 = DEFINITIONAL_REPRESENTATION('',(#1098),#1101);
#1098 = B_SPLINE_CURVE_WITH_KNOTS('',1,(#1099,#1100),.UNSPECIFIED.,.F.,
  .F.,(2,2),(-39.1625,-0.4125),.PIECEWISE_BEZIER_KNOTS.);
#1099 = CARTESIAN_POINT('',(72.075,-39.575));
#1100 = CARTESIAN_POINT('',(72.075,-0.825));
#1101 = ( GEOMETRIC_REPRESENTATION_CONTEXT(2) 
PARAMETRIC_REPRESENTATION_CONTEXT() REPRESENTATION_CONTEXT('2D SPACE',''
  ) );
#1102 = PCURVE('',#1103,#1108);
#1103 = PLANE('',#1104);
#1104 = AXIS2_PLACEMENT_3D('',#1105,#1106,#1107);
#1105 = CARTESIAN_POINT('',(-3.125,-15.825,0.));
#1106 = DIRECTION('',(1.,-1.110223024625E-16,0.));
#1107 = DIRECTION('',(-1.110223024625E-16,-1.,0.));
#1108 = DEFINITIONAL_REPRESENTATION('',(#1109),#1112);
#1109 = B_SPLINE_CURVE_WITH_KNOTS('',1,(#1110,#1111),.UNSPECIFIED.,.F.,
  .F.,(2,2),(-39.1625,-0.4125),.PIECEWISE_BEZIER_KNOTS.);
#1110 = CARTESIAN_POINT('',(38.75,1.5));
#1111 = CARTESIAN_POINT('',(0.,1.5));
#1112 = ( GEOMETRIC_REPRESENTATION_CONTEXT(2) 
PARAMETRIC_REPRESENTATION_CONTEXT() REPRESENTATION_CONTEXT('2D SPACE',''
  ) );
#1113 = ORIENTED_EDGE('',*,*,#1114,.T.);
#1114 = EDGE_CURVE('',#1089,#1030,#1115,.T.);
#1115 = SURFACE_CURVE('',#1116,(#1121,#1132),.PCURVE_S1.);
#1116 = CIRCLE('',#1117,0.625);
#1117 = AXIS2_PLACEMENT_3D('',#1118,#1119,#1120);
#1118 = CARTESIAN_POINT('',(-3.75,-54.575,-1.5));
#1119 = DIRECTION('',(0.,-0.,-1.));
#1120 = DIRECTION('',(1.,-1.110223024625E-16,0.));
#1121 = PCURVE('',#72,#1122);
#1122 = DEFINITIONAL_REPRESENTATION('',(#1123),#1131);
#1123 = ( BOUNDED_CURVE() B_SPLINE_CURVE(2,(#1124,#1125,#1126,#1127,
#1128,#1129,#1130),.UNSPECIFIED.,.T.,.F.) B_SPLINE_CURVE_WITH_KNOTS((1,2
    ,2,2,2,1),(-2.094395102393,0.,2.094395102393,4.188790204786,
6.28318530718,8.377580409573),.UNSPECIFIED.) CURVE() 
GEOMETRIC_REPRESENTATION_ITEM() RATIONAL_B_SPLINE_CURVE((1.,0.5,1.,0.5,
1.,0.5,1.)) REPRESENTATION_ITEM('') );
#1124 = CARTESIAN_POINT('',(72.075,-39.575));
#1125 = CARTESIAN_POINT('',(72.075,-40.65753175473));
#1126 = CARTESIAN_POINT('',(71.1375,-40.11626587736));
#1127 = CARTESIAN_POINT('',(70.2,-39.575));
#1128 = CARTESIAN_POINT('',(71.1375,-39.03373412263));
#1129 = CARTESIAN_POINT('',(72.075,-38.49246824526));
#1130 = CARTESIAN_POINT('',(72.075,-39.575));
#1131 = ( GEOMETRIC_REPRESENTATION_CONTEXT(2) 
PARAMETRIC_REPRESENTATION_CONTEXT() REPRESENTATION_CONTEXT('2D SPACE',''
  ) );
#1132 = PCURVE('',#1133,#1138);
#1133 = CYLINDRICAL_SURFACE('',#1134,0.625);
#1134 = AXIS2_PLACEMENT_3D('',#1135,#1136,#1137);
#1135 = CARTESIAN_POINT('',(-3.75,-54.575,0.));
#1136 = DIRECTION('',(0.,-0.,-1.));
#1137 = DIRECTION('',(1.,-1.110223024625E-16,0.));
#1138 = DEFINITIONAL_REPRESENTATION('',(#1139),#1143);
#1139 = LINE('',#1140,#1141);
#1140 = CARTESIAN_POINT('',(0.,1.5));
#1141 = VECTOR('',#1142,1.);
#1142 = DIRECTION('',(1.,0.));
#1143 = ( GEOMETRIC_REPRESENTATION_CONTEXT(2) 
PARAMETRIC_REPRESENTATION_CONTEXT() REPRESENTATION_CONTEXT('2D SPACE',''
  ) );
#1144 = FACE_BOUND('',#1145,.F.);
#1145 = EDGE_LOOP('',(#1146,#1174,#1207,#1233));
#1146 = ORIENTED_EDGE('',*,*,#1147,.F.);
#1147 = EDGE_CURVE('',#1148,#1150,#1152,.T.);
#1148 = VERTEX_POINT('',#1149);
#1149 = CARTESIAN_POINT('',(-15.825,-10.625,-1.5));
#1150 = VERTEX_POINT('',#1151);
#1151 = CARTESIAN_POINT('',(-54.575,-10.625,-1.5));
#1152 = SURFACE_CURVE('',#1153,(#1157,#1163),.PCURVE_S1.);
#1153 = LINE('',#1154,#1155);
#1154 = CARTESIAN_POINT('',(-64.8875,-10.625,-1.5));
#1155 = VECTOR('',#1156,1.);
#1156 = DIRECTION('',(-1.,0.,0.));
#1157 = PCURVE('',#72,#1158);
#1158 = DEFINITIONAL_REPRESENTATION('',(#1159),#1162);
#1159 = B_SPLINE_CURVE_WITH_KNOTS('',1,(#1160,#1161),.UNSPECIFIED.,.F.,
  .F.,(2,2),(-49.0625,-10.3125),.PIECEWISE_BEZIER_KNOTS.);
#1160 = CARTESIAN_POINT('',(59.375,4.375));
#1161 = CARTESIAN_POINT('',(20.625,4.375));
#1162 = ( GEOMETRIC_REPRESENTATION_CONTEXT(2) 
PARAMETRIC_REPRESENTATION_CONTEXT() REPRESENTATION_CONTEXT('2D SPACE',''
  ) );
#1163 = PCURVE('',#1164,#1169);
#1164 = PLANE('',#1165);
#1165 = AXIS2_PLACEMENT_3D('',#1166,#1167,#1168);
#1166 = CARTESIAN_POINT('',(-54.575,-10.625,0.));
#1167 = DIRECTION('',(0.,1.,0.));
#1168 = DIRECTION('',(1.,0.,0.));
#1169 = DEFINITIONAL_REPRESENTATION('',(#1170),#1173);
#1170 = B_SPLINE_CURVE_WITH_KNOTS('',1,(#1171,#1172),.UNSPECIFIED.,.F.,
  .F.,(2,2),(-49.0625,-10.3125),.PIECEWISE_BEZIER_KNOTS.);
#1171 = CARTESIAN_POINT('',(38.75,1.5));
#1172 = CARTESIAN_POINT('',(0.,1.5));
#1173 = ( GEOMETRIC_REPRESENTATION_CONTEXT(2) 
PARAMETRIC_REPRESENTATION_CONTEXT() REPRESENTATION_CONTEXT('2D SPACE',''
  ) );
#1174 = ORIENTED_EDGE('',*,*,#1175,.T.);
#1175 = EDGE_CURVE('',#1148,#1176,#1178,.T.);
#1176 = VERTEX_POINT('',#1177);
#1177 = CARTESIAN_POINT('',(-15.825,-11.875,-1.5));
#1178 = SURFACE_CURVE('',#1179,(#1184,#1195),.PCURVE_S1.);
#1179 = CIRCLE('',#1180,0.625);
#1180 = AXIS2_PLACEMENT_3D('',#1181,#1182,#1183);
#1181 = CARTESIAN_POINT('',(-15.825,-11.25,-1.5));
#1182 = DIRECTION('',(0.,0.,-1.));
#1183 = DIRECTION('',(0.,1.,0.));
#1184 = PCURVE('',#72,#1185);
#1185 = DEFINITIONAL_REPRESENTATION('',(#1186),#1194);
#1186 = ( BOUNDED_CURVE() B_SPLINE_CURVE(2,(#1187,#1188,#1189,#1190,
#1191,#1192,#1193),.UNSPECIFIED.,.T.,.F.) B_SPLINE_CURVE_WITH_KNOTS((1,2
    ,2,2,2,1),(-2.094395102393,0.,2.094395102393,4.188790204786,
6.28318530718,8.377580409573),.UNSPECIFIED.) CURVE() 
GEOMETRIC_REPRESENTATION_ITEM() RATIONAL_B_SPLINE_CURVE((1.,0.5,1.,0.5,
1.,0.5,1.)) REPRESENTATION_ITEM('') );
#1187 = CARTESIAN_POINT('',(59.375,4.375));
#1188 = CARTESIAN_POINT('',(60.457531754731,4.375));
#1189 = CARTESIAN_POINT('',(59.916265877365,3.4375));
#1190 = CARTESIAN_POINT('',(59.375,2.5));
#1191 = CARTESIAN_POINT('',(58.833734122635,3.4375));
#1192 = CARTESIAN_POINT('',(58.292468245269,4.375));
#1193 = CARTESIAN_POINT('',(59.375,4.375));
#1194 = ( GEOMETRIC_REPRESENTATION_CONTEXT(2) 
PARAMETRIC_REPRESENTATION_CONTEXT() REPRESENTATION_CONTEXT('2D SPACE',''
  ) );
#1195 = PCURVE('',#1196,#1201);
#1196 = CYLINDRICAL_SURFACE('',#1197,0.625);
#1197 = AXIS2_PLACEMENT_3D('',#1198,#1199,#1200);
#1198 = CARTESIAN_POINT('',(-15.825,-11.25,0.));
#1199 = DIRECTION('',(0.,0.,-1.));
#1200 = DIRECTION('',(0.,1.,0.));
#1201 = DEFINITIONAL_REPRESENTATION('',(#1202),#1206);
#1202 = LINE('',#1203,#1204);
#1203 = CARTESIAN_POINT('',(0.,1.5));
#1204 = VECTOR('',#1205,1.);
#1205 = DIRECTION('',(1.,0.));
#1206 = ( GEOMETRIC_REPRESENTATION_CONTEXT(2) 
PARAMETRIC_REPRESENTATION_CONTEXT() REPRESENTATION_CONTEXT('2D SPACE',''
  ) );
#1207 = ORIENTED_EDGE('',*,*,#1208,.F.);
#1208 = EDGE_CURVE('',#1209,#1176,#1211,.T.);
#1209 = VERTEX_POINT('',#1210);
#1210 = CARTESIAN_POINT('',(-54.575,-11.875,-1.5));
#1211 = SURFACE_CURVE('',#1212,(#1216,#1222),.PCURVE_S1.);
#1212 = LINE('',#1213,#1214);
#1213 = CARTESIAN_POINT('',(-45.5125,-11.875,-1.5));
#1214 = VECTOR('',#1215,1.);
#1215 = DIRECTION('',(1.,0.,-0.));
#1216 = PCURVE('',#72,#1217);
#1217 = DEFINITIONAL_REPRESENTATION('',(#1218),#1221);
#1218 = B_SPLINE_CURVE_WITH_KNOTS('',1,(#1219,#1220),.UNSPECIFIED.,.F.,
  .F.,(2,2),(-9.0625,29.6875),.PIECEWISE_BEZIER_KNOTS.);
#1219 = CARTESIAN_POINT('',(20.625,3.125));
#1220 = CARTESIAN_POINT('',(59.375,3.125));
#1221 = ( GEOMETRIC_REPRESENTATION_CONTEXT(2) 
PARAMETRIC_REPRESENTATION_CONTEXT() REPRESENTATION_CONTEXT('2D SPACE',''
  ) );
#1222 = PCURVE('',#1223,#1228);
#1223 = PLANE('',#1224);
#1224 = AXIS2_PLACEMENT_3D('',#1225,#1226,#1227);
#1225 = CARTESIAN_POINT('',(-15.825,-11.875,0.));
#1226 = DIRECTION('',(0.,-1.,0.));
#1227 = DIRECTION('',(-1.,0.,0.));
#1228 = DEFINITIONAL_REPRESENTATION('',(#1229),#1232);
#1229 = B_SPLINE_CURVE_WITH_KNOTS('',1,(#1230,#1231),.UNSPECIFIED.,.F.,
  .F.,(2,2),(-9.0625,29.6875),.PIECEWISE_BEZIER_KNOTS.);
#1230 = CARTESIAN_POINT('',(38.75,1.5));
#1231 = CARTESIAN_POINT('',(0.,1.5));
#1232 = ( GEOMETRIC_REPRESENTATION_CONTEXT(2) 
PARAMETRIC_REPRESENTATION_CONTEXT() REPRESENTATION_CONTEXT('2D SPACE',''
  ) );
#1233 = ORIENTED_EDGE('',*,*,#1234,.T.);
#1234 = EDGE_CURVE('',#1209,#1150,#1235,.T.);
#1235 = SURFACE_CURVE('',#1236,(#1241,#1252),.PCURVE_S1.);
#1236 = CIRCLE('',#1237,0.625);
#1237 = AXIS2_PLACEMENT_3D('',#1238,#1239,#1240);
#1238 = CARTESIAN_POINT('',(-54.575,-11.25,-1.5));
#1239 = DIRECTION('',(0.,-0.,-1.));
#1240 = DIRECTION('',(0.,-1.,0.));
#1241 = PCURVE('',#72,#1242);
#1242 = DEFINITIONAL_REPRESENTATION('',(#1243),#1251);
#1243 = ( BOUNDED_CURVE() B_SPLINE_CURVE(2,(#1244,#1245,#1246,#1247,
#1248,#1249,#1250),.UNSPECIFIED.,.T.,.F.) B_SPLINE_CURVE_WITH_KNOTS((1,2
    ,2,2,2,1),(-2.094395102393,0.,2.094395102393,4.188790204786,
6.28318530718,8.377580409573),.UNSPECIFIED.) CURVE() 
GEOMETRIC_REPRESENTATION_ITEM() RATIONAL_B_SPLINE_CURVE((1.,0.5,1.,0.5,
1.,0.5,1.)) REPRESENTATION_ITEM('') );
#1244 = CARTESIAN_POINT('',(20.625,3.125));
#1245 = CARTESIAN_POINT('',(19.542468245269,3.125));
#1246 = CARTESIAN_POINT('',(20.083734122635,4.0625));
#1247 = CARTESIAN_POINT('',(20.625,5.));
#1248 = CARTESIAN_POINT('',(21.166265877365,4.0625));
#1249 = CARTESIAN_POINT('',(21.707531754731,3.125));
#1250 = CARTESIAN_POINT('',(20.625,3.125));
#1251 = ( GEOMETRIC_REPRESENTATION_CONTEXT(2) 
PARAMETRIC_REPRESENTATION_CONTEXT() REPRESENTATION_CONTEXT('2D SPACE',''
  ) );
#1252 = PCURVE('',#1253,#1258);
#1253 = CYLINDRICAL_SURFACE('',#1254,0.625);
#1254 = AXIS2_PLACEMENT_3D('',#1255,#1256,#1257);
#1255 = CARTESIAN_POINT('',(-54.575,-11.25,0.));
#1256 = DIRECTION('',(0.,-0.,-1.));
#1257 = DIRECTION('',(0.,-1.,0.));
#1258 = DEFINITIONAL_REPRESENTATION('',(#1259),#1263);
#1259 = LINE('',#1260,#1261);
#1260 = CARTESIAN_POINT('',(0.,1.5));
#1261 = VECTOR('',#1262,1.);
#1262 = DIRECTION('',(1.,0.));
#1263 = ( GEOMETRIC_REPRESENTATION_CONTEXT(2) 
PARAMETRIC_REPRESENTATION_CONTEXT() REPRESENTATION_CONTEXT('2D SPACE',''
  ) );
#1264 = FACE_BOUND('',#1265,.F.);
#1265 = EDGE_LOOP('',(#1266,#1294,#1327,#1353));
#1266 = ORIENTED_EDGE('',*,*,#1267,.F.);
#1267 = EDGE_CURVE('',#1268,#1270,#1272,.T.);
#1268 = VERTEX_POINT('',#1269);
#1269 = CARTESIAN_POINT('',(-15.825,-6.875,-1.5));
#1270 = VERTEX_POINT('',#1271);
#1271 = CARTESIAN_POINT('',(-54.575,-6.875,-1.5));
#1272 = SURFACE_CURVE('',#1273,(#1277,#1283),.PCURVE_S1.);
#1273 = LINE('',#1274,#1275);
#1274 = CARTESIAN_POINT('',(-64.8875,-6.875,-1.5));
#1275 = VECTOR('',#1276,1.);
#1276 = DIRECTION('',(-1.,0.,0.));
#1277 = PCURVE('',#72,#1278);
#1278 = DEFINITIONAL_REPRESENTATION('',(#1279),#1282);
#1279 = B_SPLINE_CURVE_WITH_KNOTS('',1,(#1280,#1281),.UNSPECIFIED.,.F.,
  .F.,(2,2),(-49.0625,-10.3125),.PIECEWISE_BEZIER_KNOTS.);
#1280 = CARTESIAN_POINT('',(59.375,8.125));
#1281 = CARTESIAN_POINT('',(20.625,8.125));
#1282 = ( GEOMETRIC_REPRESENTATION_CONTEXT(2) 
PARAMETRIC_REPRESENTATION_CONTEXT() REPRESENTATION_CONTEXT('2D SPACE',''
  ) );
#1283 = PCURVE('',#1284,#1289);
#1284 = PLANE('',#1285);
#1285 = AXIS2_PLACEMENT_3D('',#1286,#1287,#1288);
#1286 = CARTESIAN_POINT('',(-54.575,-6.875,0.));
#1287 = DIRECTION('',(0.,1.,0.));
#1288 = DIRECTION('',(1.,0.,0.));
#1289 = DEFINITIONAL_REPRESENTATION('',(#1290),#1293);
#1290 = B_SPLINE_CURVE_WITH_KNOTS('',1,(#1291,#1292),.UNSPECIFIED.,.F.,
  .F.,(2,2),(-49.0625,-10.3125),.PIECEWISE_BEZIER_KNOTS.);
#1291 = CARTESIAN_POINT('',(38.75,1.5));
#1292 = CARTESIAN_POINT('',(0.,1.5));
#1293 = ( GEOMETRIC_REPRESENTATION_CONTEXT(2) 
PARAMETRIC_REPRESENTATION_CONTEXT() REPRESENTATION_CONTEXT('2D SPACE',''
  ) );
#1294 = ORIENTED_EDGE('',*,*,#1295,.T.);
#1295 = EDGE_CURVE('',#1268,#1296,#1298,.T.);
#1296 = VERTEX_POINT('',#1297);
#1297 = CARTESIAN_POINT('',(-15.825,-8.125,-1.5));
#1298 = SURFACE_CURVE('',#1299,(#1304,#1315),.PCURVE_S1.);
#1299 = CIRCLE('',#1300,0.625);
#1300 = AXIS2_PLACEMENT_3D('',#1301,#1302,#1303);
#1301 = CARTESIAN_POINT('',(-15.825,-7.5,-1.5));
#1302 = DIRECTION('',(0.,0.,-1.));
#1303 = DIRECTION('',(0.,1.,0.));
#1304 = PCURVE('',#72,#1305);
#1305 = DEFINITIONAL_REPRESENTATION('',(#1306),#1314);
#1306 = ( BOUNDED_CURVE() B_SPLINE_CURVE(2,(#1307,#1308,#1309,#1310,
#1311,#1312,#1313),.UNSPECIFIED.,.T.,.F.) B_SPLINE_CURVE_WITH_KNOTS((1,2
    ,2,2,2,1),(-2.094395102393,0.,2.094395102393,4.188790204786,
6.28318530718,8.377580409573),.UNSPECIFIED.) CURVE() 
GEOMETRIC_REPRESENTATION_ITEM() RATIONAL_B_SPLINE_CURVE((1.,0.5,1.,0.5,
1.,0.5,1.)) REPRESENTATION_ITEM('') );
#1307 = CARTESIAN_POINT('',(59.375,8.125));
#1308 = CARTESIAN_POINT('',(60.457531754731,8.125));
#1309 = CARTESIAN_POINT('',(59.916265877365,7.1875));
#1310 = CARTESIAN_POINT('',(59.375,6.25));
#1311 = CARTESIAN_POINT('',(58.833734122635,7.1875));
#1312 = CARTESIAN_POINT('',(58.292468245269,8.125));
#1313 = CARTESIAN_POINT('',(59.375,8.125));
#1314 = ( GEOMETRIC_REPRESENTATION_CONTEXT(2) 
PARAMETRIC_REPRESENTATION_CONTEXT() REPRESENTATION_CONTEXT('2D SPACE',''
  ) );
#1315 = PCURVE('',#1316,#1321);
#1316 = CYLINDRICAL_SURFACE('',#1317,0.625);
#1317 = AXIS2_PLACEMENT_3D('',#1318,#1319,#1320);
#1318 = CARTESIAN_POINT('',(-15.825,-7.5,0.));
#1319 = DIRECTION('',(0.,0.,-1.));
#1320 = DIRECTION('',(0.,1.,0.));
#1321 = DEFINITIONAL_REPRESENTATION('',(#1322),#1326);
#1322 = LINE('',#1323,#1324);
#1323 = CARTESIAN_POINT('',(0.,1.5));
#1324 = VECTOR('',#1325,1.);
#1325 = DIRECTION('',(1.,0.));
#1326 = ( GEOMETRIC_REPRESENTATION_CONTEXT(2) 
PARAMETRIC_REPRESENTATION_CONTEXT() REPRESENTATION_CONTEXT('2D SPACE',''
  ) );
#1327 = ORIENTED_EDGE('',*,*,#1328,.F.);
#1328 = EDGE_CURVE('',#1329,#1296,#1331,.T.);
#1329 = VERTEX_POINT('',#1330);
#1330 = CARTESIAN_POINT('',(-54.575,-8.125,-1.5));
#1331 = SURFACE_CURVE('',#1332,(#1336,#1342),.PCURVE_S1.);
#1332 = LINE('',#1333,#1334);
#1333 = CARTESIAN_POINT('',(-45.5125,-8.125,-1.5));
#1334 = VECTOR('',#1335,1.);
#1335 = DIRECTION('',(1.,0.,-0.));
#1336 = PCURVE('',#72,#1337);
#1337 = DEFINITIONAL_REPRESENTATION('',(#1338),#1341);
#1338 = B_SPLINE_CURVE_WITH_KNOTS('',1,(#1339,#1340),.UNSPECIFIED.,.F.,
  .F.,(2,2),(-9.0625,29.6875),.PIECEWISE_BEZIER_KNOTS.);
#1339 = CARTESIAN_POINT('',(20.625,6.875));
#1340 = CARTESIAN_POINT('',(59.375,6.875));
#1341 = ( GEOMETRIC_REPRESENTATION_CONTEXT(2) 
PARAMETRIC_REPRESENTATION_CONTEXT() REPRESENTATION_CONTEXT('2D SPACE',''
  ) );
#1342 = PCURVE('',#1343,#1348);
#1343 = PLANE('',#1344);
#1344 = AXIS2_PLACEMENT_3D('',#1345,#1346,#1347);
#1345 = CARTESIAN_POINT('',(-15.825,-8.125,0.));
#1346 = DIRECTION('',(0.,-1.,0.));
#1347 = DIRECTION('',(-1.,0.,0.));
#1348 = DEFINITIONAL_REPRESENTATION('',(#1349),#1352);
#1349 = B_SPLINE_CURVE_WITH_KNOTS('',1,(#1350,#1351),.UNSPECIFIED.,.F.,
  .F.,(2,2),(-9.0625,29.6875),.PIECEWISE_BEZIER_KNOTS.);
#1350 = CARTESIAN_POINT('',(38.75,1.5));
#1351 = CARTESIAN_POINT('',(0.,1.5));
#1352 = ( GEOMETRIC_REPRESENTATION_CONTEXT(2) 
PARAMETRIC_REPRESENTATION_CONTEXT() REPRESENTATION_CONTEXT('2D SPACE',''
  ) );
#1353 = ORIENTED_EDGE('',*,*,#1354,.T.);
#1354 = EDGE_CURVE('',#1329,#1270,#1355,.T.);
#1355 = SURFACE_CURVE('',#1356,(#1361,#1372),.PCURVE_S1.);
#1356 = CIRCLE('',#1357,0.625);
#1357 = AXIS2_PLACEMENT_3D('',#1358,#1359,#1360);
#1358 = CARTESIAN_POINT('',(-54.575,-7.5,-1.5));
#1359 = DIRECTION('',(0.,-0.,-1.));
#1360 = DIRECTION('',(0.,-1.,0.));
#1361 = PCURVE('',#72,#1362);
#1362 = DEFINITIONAL_REPRESENTATION('',(#1363),#1371);
#1363 = ( BOUNDED_CURVE() B_SPLINE_CURVE(2,(#1364,#1365,#1366,#1367,
#1368,#1369,#1370),.UNSPECIFIED.,.T.,.F.) B_SPLINE_CURVE_WITH_KNOTS((1,2
    ,2,2,2,1),(-2.094395102393,0.,2.094395102393,4.188790204786,
6.28318530718,8.377580409573),.UNSPECIFIED.) CURVE() 
GEOMETRIC_REPRESENTATION_ITEM() RATIONAL_B_SPLINE_CURVE((1.,0.5,1.,0.5,
1.,0.5,1.)) REPRESENTATION_ITEM('') );
#1364 = CARTESIAN_POINT('',(20.625,6.875));
#1365 = CARTESIAN_POINT('',(19.542468245269,6.875));
#1366 = CARTESIAN_POINT('',(20.083734122635,7.8125));
#1367 = CARTESIAN_POINT('',(20.625,8.75));
#1368 = CARTESIAN_POINT('',(21.166265877365,7.8125));
#1369 = CARTESIAN_POINT('',(21.707531754731,6.875));
#1370 = CARTESIAN_POINT('',(20.625,6.875));
#1371 = ( GEOMETRIC_REPRESENTATION_CONTEXT(2) 
PARAMETRIC_REPRESENTATION_CONTEXT() REPRESENTATION_CONTEXT('2D SPACE',''
  ) );
#1372 = PCURVE('',#1373,#1378);
#1373 = CYLINDRICAL_SURFACE('',#1374,0.625);
#1374 = AXIS2_PLACEMENT_3D('',#1375,#1376,#1377);
#1375 = CARTESIAN_POINT('',(-54.575,-7.5,0.));
#1376 = DIRECTION('',(0.,-0.,-1.));
#1377 = DIRECTION('',(0.,-1.,0.));
#1378 = DEFINITIONAL_REPRESENTATION('',(#1379),#1383);
#1379 = LINE('',#1380,#1381);
#1380 = CARTESIAN_POINT('',(0.,1.5));
#1381 = VECTOR('',#1382,1.);
#1382 = DIRECTION('',(1.,0.));
#1383 = ( GEOMETRIC_REPRESENTATION_CONTEXT(2) 
PARAMETRIC_REPRESENTATION_CONTEXT() REPRESENTATION_CONTEXT('2D SPACE',''
  ) );
#1384 = FACE_BOUND('',#1385,.F.);
#1385 = EDGE_LOOP('',(#1386,#1414,#1447,#1473));
#1386 = ORIENTED_EDGE('',*,*,#1387,.F.);
#1387 = EDGE_CURVE('',#1388,#1390,#1392,.T.);
#1388 = VERTEX_POINT('',#1389);
#1389 = CARTESIAN_POINT('',(-15.825,-3.125,-1.5));
#1390 = VERTEX_POINT('',#1391);
#1391 = CARTESIAN_POINT('',(-54.575,-3.125,-1.5));
#1392 = SURFACE_CURVE('',#1393,(#1397,#1403),.PCURVE_S1.);
#1393 = LINE('',#1394,#1395);
#1394 = CARTESIAN_POINT('',(-64.8875,-3.125,-1.5));
#1395 = VECTOR('',#1396,1.);
#1396 = DIRECTION('',(-1.,0.,0.));
#1397 = PCURVE('',#72,#1398);
#1398 = DEFINITIONAL_REPRESENTATION('',(#1399),#1402);
#1399 = B_SPLINE_CURVE_WITH_KNOTS('',1,(#1400,#1401),.UNSPECIFIED.,.F.,
  .F.,(2,2),(-49.0625,-10.3125),.PIECEWISE_BEZIER_KNOTS.);
#1400 = CARTESIAN_POINT('',(59.375,11.875));
#1401 = CARTESIAN_POINT('',(20.625,11.875));
#1402 = ( GEOMETRIC_REPRESENTATION_CONTEXT(2) 
PARAMETRIC_REPRESENTATION_CONTEXT() REPRESENTATION_CONTEXT('2D SPACE',''
  ) );
#1403 = PCURVE('',#1404,#1409);
#1404 = PLANE('',#1405);
#1405 = AXIS2_PLACEMENT_3D('',#1406,#1407,#1408);
#1406 = CARTESIAN_POINT('',(-54.575,-3.125,0.));
#1407 = DIRECTION('',(0.,1.,0.));
#1408 = DIRECTION('',(1.,0.,0.));
#1409 = DEFINITIONAL_REPRESENTATION('',(#1410),#1413);
#1410 = B_SPLINE_CURVE_WITH_KNOTS('',1,(#1411,#1412),.UNSPECIFIED.,.F.,
  .F.,(2,2),(-49.0625,-10.3125),.PIECEWISE_BEZIER_KNOTS.);
#1411 = CARTESIAN_POINT('',(38.75,1.5));
#1412 = CARTESIAN_POINT('',(0.,1.5));
#1413 = ( GEOMETRIC_REPRESENTATION_CONTEXT(2) 
PARAMETRIC_REPRESENTATION_CONTEXT() REPRESENTATION_CONTEXT('2D SPACE',''
  ) );
#1414 = ORIENTED_EDGE('',*,*,#1415,.T.);
#1415 = EDGE_CURVE('',#1388,#1416,#1418,.T.);
#1416 = VERTEX_POINT('',#1417);
#1417 = CARTESIAN_POINT('',(-15.825,-4.375,-1.5));
#1418 = SURFACE_CURVE('',#1419,(#1424,#1435),.PCURVE_S1.);
#1419 = CIRCLE('',#1420,0.625);
#1420 = AXIS2_PLACEMENT_3D('',#1421,#1422,#1423);
#1421 = CARTESIAN_POINT('',(-15.825,-3.75,-1.5));
#1422 = DIRECTION('',(0.,0.,-1.));
#1423 = DIRECTION('',(0.,1.,0.));
#1424 = PCURVE('',#72,#1425);
#1425 = DEFINITIONAL_REPRESENTATION('',(#1426),#1434);
#1426 = ( BOUNDED_CURVE() B_SPLINE_CURVE(2,(#1427,#1428,#1429,#1430,
#1431,#1432,#1433),.UNSPECIFIED.,.T.,.F.) B_SPLINE_CURVE_WITH_KNOTS((1,2
    ,2,2,2,1),(-2.094395102393,0.,2.094395102393,4.188790204786,
6.28318530718,8.377580409573),.UNSPECIFIED.) CURVE() 
GEOMETRIC_REPRESENTATION_ITEM() RATIONAL_B_SPLINE_CURVE((1.,0.5,1.,0.5,
1.,0.5,1.)) REPRESENTATION_ITEM('') );
#1427 = CARTESIAN_POINT('',(59.375,11.875));
#1428 = CARTESIAN_POINT('',(60.457531754731,11.875));
#1429 = CARTESIAN_POINT('',(59.916265877365,10.9375));
#1430 = CARTESIAN_POINT('',(59.375,10.));
#1431 = CARTESIAN_POINT('',(58.833734122635,10.9375));
#1432 = CARTESIAN_POINT('',(58.292468245269,11.875));
#1433 = CARTESIAN_POINT('',(59.375,11.875));
#1434 = ( GEOMETRIC_REPRESENTATION_CONTEXT(2) 
PARAMETRIC_REPRESENTATION_CONTEXT() REPRESENTATION_CONTEXT('2D SPACE',''
  ) );
#1435 = PCURVE('',#1436,#1441);
#1436 = CYLINDRICAL_SURFACE('',#1437,0.625);
#1437 = AXIS2_PLACEMENT_3D('',#1438,#1439,#1440);
#1438 = CARTESIAN_POINT('',(-15.825,-3.75,0.));
#1439 = DIRECTION('',(0.,0.,-1.));
#1440 = DIRECTION('',(0.,1.,0.));
#1441 = DEFINITIONAL_REPRESENTATION('',(#1442),#1446);
#1442 = LINE('',#1443,#1444);
#1443 = CARTESIAN_POINT('',(0.,1.5));
#1444 = VECTOR('',#1445,1.);
#1445 = DIRECTION('',(1.,0.));
#1446 = ( GEOMETRIC_REPRESENTATION_CONTEXT(2) 
PARAMETRIC_REPRESENTATION_CONTEXT() REPRESENTATION_CONTEXT('2D SPACE',''
  ) );
#1447 = ORIENTED_EDGE('',*,*,#1448,.F.);
#1448 = EDGE_CURVE('',#1449,#1416,#1451,.T.);
#1449 = VERTEX_POINT('',#1450);
#1450 = CARTESIAN_POINT('',(-54.575,-4.375,-1.5));
#1451 = SURFACE_CURVE('',#1452,(#1456,#1462),.PCURVE_S1.);
#1452 = LINE('',#1453,#1454);
#1453 = CARTESIAN_POINT('',(-45.5125,-4.375,-1.5));
#1454 = VECTOR('',#1455,1.);
#1455 = DIRECTION('',(1.,0.,-0.));
#1456 = PCURVE('',#72,#1457);
#1457 = DEFINITIONAL_REPRESENTATION('',(#1458),#1461);
#1458 = B_SPLINE_CURVE_WITH_KNOTS('',1,(#1459,#1460),.UNSPECIFIED.,.F.,
  .F.,(2,2),(-9.0625,29.6875),.PIECEWISE_BEZIER_KNOTS.);
#1459 = CARTESIAN_POINT('',(20.625,10.625));
#1460 = CARTESIAN_POINT('',(59.375,10.625));
#1461 = ( GEOMETRIC_REPRESENTATION_CONTEXT(2) 
PARAMETRIC_REPRESENTATION_CONTEXT() REPRESENTATION_CONTEXT('2D SPACE',''
  ) );
#1462 = PCURVE('',#1463,#1468);
#1463 = PLANE('',#1464);
#1464 = AXIS2_PLACEMENT_3D('',#1465,#1466,#1467);
#1465 = CARTESIAN_POINT('',(-15.825,-4.375,0.));
#1466 = DIRECTION('',(0.,-1.,0.));
#1467 = DIRECTION('',(-1.,0.,0.));
#1468 = DEFINITIONAL_REPRESENTATION('',(#1469),#1472);
#1469 = B_SPLINE_CURVE_WITH_KNOTS('',1,(#1470,#1471),.UNSPECIFIED.,.F.,
  .F.,(2,2),(-9.0625,29.6875),.PIECEWISE_BEZIER_KNOTS.);
#1470 = CARTESIAN_POINT('',(38.75,1.5));
#1471 = CARTESIAN_POINT('',(0.,1.5));
#1472 = ( GEOMETRIC_REPRESENTATION_CONTEXT(2) 
PARAMETRIC_REPRESENTATION_CONTEXT() REPRESENTATION_CONTEXT('2D SPACE',''
  ) );
#1473 = ORIENTED_EDGE('',*,*,#1474,.T.);
#1474 = EDGE_CURVE('',#1449,#1390,#1475,.T.);
#1475 = SURFACE_CURVE('',#1476,(#1481,#1492),.PCURVE_S1.);
#1476 = CIRCLE('',#1477,0.625);
#1477 = AXIS2_PLACEMENT_3D('',#1478,#1479,#1480);
#1478 = CARTESIAN_POINT('',(-54.575,-3.75,-1.5));
#1479 = DIRECTION('',(0.,-0.,-1.));
#1480 = DIRECTION('',(0.,-1.,0.));
#1481 = PCURVE('',#72,#1482);
#1482 = DEFINITIONAL_REPRESENTATION('',(#1483),#1491);
#1483 = ( BOUNDED_CURVE() B_SPLINE_CURVE(2,(#1484,#1485,#1486,#1487,
#1488,#1489,#1490),.UNSPECIFIED.,.T.,.F.) B_SPLINE_CURVE_WITH_KNOTS((1,2
    ,2,2,2,1),(-2.094395102393,0.,2.094395102393,4.188790204786,
6.28318530718,8.377580409573),.UNSPECIFIED.) CURVE() 
GEOMETRIC_REPRESENTATION_ITEM() RATIONAL_B_SPLINE_CURVE((1.,0.5,1.,0.5,
1.,0.5,1.)) REPRESENTATION_ITEM('') );
#1484 = CARTESIAN_POINT('',(20.625,10.625));
#1485 = CARTESIAN_POINT('',(19.542468245269,10.625));
#1486 = CARTESIAN_POINT('',(20.083734122635,11.5625));
#1487 = CARTESIAN_POINT('',(20.625,12.5));
#1488 = CARTESIAN_POINT('',(21.166265877365,11.5625));
#1489 = CARTESIAN_POINT('',(21.707531754731,10.625));
#1490 = CARTESIAN_POINT('',(20.625,10.625));
#1491 = ( GEOMETRIC_REPRESENTATION_CONTEXT(2) 
PARAMETRIC_REPRESENTATION_CONTEXT() REPRESENTATION_CONTEXT('2D SPACE',''
  ) );
#1492 = PCURVE('',#1493,#1498);
#1493 = CYLINDRICAL_SURFACE('',#1494,0.625);
#1494 = AXIS2_PLACEMENT_3D('',#1495,#1496,#1497);
#1495 = CARTESIAN_POINT('',(-54.575,-3.75,0.));
#1496 = DIRECTION('',(0.,-0.,-1.));
#1497 = DIRECTION('',(0.,-1.,0.));
#1498 = DEFINITIONAL_REPRESENTATION('',(#1499),#1503);
#1499 = LINE('',#1500,#1501);
#1500 = CARTESIAN_POINT('',(0.,1.5));
#1501 = VECTOR('',#1502,1.);
#1502 = DIRECTION('',(1.,0.));
#1503 = ( GEOMETRIC_REPRESENTATION_CONTEXT(2) 
PARAMETRIC_REPRESENTATION_CONTEXT() REPRESENTATION_CONTEXT('2D SPACE',''
  ) );
#1504 = FACE_BOUND('',#1505,.F.);
#1505 = EDGE_LOOP('',(#1506,#1534,#1567,#1593));
#1506 = ORIENTED_EDGE('',*,*,#1507,.F.);
#1507 = EDGE_CURVE('',#1508,#1510,#1512,.T.);
#1508 = VERTEX_POINT('',#1509);
#1509 = CARTESIAN_POINT('',(-0.625,-15.825,-1.5));
#1510 = VERTEX_POINT('',#1511);
#1511 = CARTESIAN_POINT('',(-0.625,-54.575,-1.5));
#1512 = SURFACE_CURVE('',#1513,(#1517,#1523),.PCURVE_S1.);
#1513 = LINE('',#1514,#1515);
#1514 = CARTESIAN_POINT('',(-0.625,-34.7875,-1.5));
#1515 = VECTOR('',#1516,1.);
#1516 = DIRECTION('',(-1.110223024625E-16,-1.,0.));
#1517 = PCURVE('',#72,#1518);
#1518 = DEFINITIONAL_REPRESENTATION('',(#1519),#1522);
#1519 = B_SPLINE_CURVE_WITH_KNOTS('',1,(#1520,#1521),.UNSPECIFIED.,.F.,
  .F.,(2,2),(-18.9625,19.7875),.PIECEWISE_BEZIER_KNOTS.);
#1520 = CARTESIAN_POINT('',(74.575,-0.825));
#1521 = CARTESIAN_POINT('',(74.575,-39.575));
#1522 = ( GEOMETRIC_REPRESENTATION_CONTEXT(2) 
PARAMETRIC_REPRESENTATION_CONTEXT() REPRESENTATION_CONTEXT('2D SPACE',''
  ) );
#1523 = PCURVE('',#1524,#1529);
#1524 = PLANE('',#1525);
#1525 = AXIS2_PLACEMENT_3D('',#1526,#1527,#1528);
#1526 = CARTESIAN_POINT('',(-0.625,-54.575,0.));
#1527 = DIRECTION('',(-1.,1.110223024625E-16,0.));
#1528 = DIRECTION('',(1.110223024625E-16,1.,0.));
#1529 = DEFINITIONAL_REPRESENTATION('',(#1530),#1533);
#1530 = B_SPLINE_CURVE_WITH_KNOTS('',1,(#1531,#1532),.UNSPECIFIED.,.F.,
  .F.,(2,2),(-18.9625,19.7875),.PIECEWISE_BEZIER_KNOTS.);
#1531 = CARTESIAN_POINT('',(38.75,1.5));
#1532 = CARTESIAN_POINT('',(0.,1.5));
#1533 = ( GEOMETRIC_REPRESENTATION_CONTEXT(2) 
PARAMETRIC_REPRESENTATION_CONTEXT() REPRESENTATION_CONTEXT('2D SPACE',''
  ) );
#1534 = ORIENTED_EDGE('',*,*,#1535,.T.);
#1535 = EDGE_CURVE('',#1508,#1536,#1538,.T.);
#1536 = VERTEX_POINT('',#1537);
#1537 = CARTESIAN_POINT('',(0.625,-15.825,-1.5));
#1538 = SURFACE_CURVE('',#1539,(#1544,#1555),.PCURVE_S1.);
#1539 = CIRCLE('',#1540,0.625);
#1540 = AXIS2_PLACEMENT_3D('',#1541,#1542,#1543);
#1541 = CARTESIAN_POINT('',(2.206568261442E-15,-15.825,-1.5));
#1542 = DIRECTION('',(0.,0.,-1.));
#1543 = DIRECTION('',(-1.,1.110223024625E-16,0.));
#1544 = PCURVE('',#72,#1545);
#1545 = DEFINITIONAL_REPRESENTATION('',(#1546),#1554);
#1546 = ( BOUNDED_CURVE() B_SPLINE_CURVE(2,(#1547,#1548,#1549,#1550,
#1551,#1552,#1553),.UNSPECIFIED.,.T.,.F.) B_SPLINE_CURVE_WITH_KNOTS((1,2
    ,2,2,2,1),(-2.094395102393,0.,2.094395102393,4.188790204786,
6.28318530718,8.377580409573),.UNSPECIFIED.) CURVE() 
GEOMETRIC_REPRESENTATION_ITEM() RATIONAL_B_SPLINE_CURVE((1.,0.5,1.,0.5,
1.,0.5,1.)) REPRESENTATION_ITEM('') );
#1547 = CARTESIAN_POINT('',(74.575,-0.825));
#1548 = CARTESIAN_POINT('',(74.575,0.257531754731));
#1549 = CARTESIAN_POINT('',(75.5125,-0.283734122635));
#1550 = CARTESIAN_POINT('',(76.45,-0.825));
#1551 = CARTESIAN_POINT('',(75.5125,-1.366265877365));
#1552 = CARTESIAN_POINT('',(74.575,-1.907531754731));
#1553 = CARTESIAN_POINT('',(74.575,-0.825));
#1554 = ( GEOMETRIC_REPRESENTATION_CONTEXT(2) 
PARAMETRIC_REPRESENTATION_CONTEXT() REPRESENTATION_CONTEXT('2D SPACE',''
  ) );
#1555 = PCURVE('',#1556,#1561);
#1556 = CYLINDRICAL_SURFACE('',#1557,0.625);
#1557 = AXIS2_PLACEMENT_3D('',#1558,#1559,#1560);
#1558 = CARTESIAN_POINT('',(2.206568261442E-15,-15.825,0.));
#1559 = DIRECTION('',(0.,0.,-1.));
#1560 = DIRECTION('',(-1.,1.110223024625E-16,0.));
#1561 = DEFINITIONAL_REPRESENTATION('',(#1562),#1566);
#1562 = LINE('',#1563,#1564);
#1563 = CARTESIAN_POINT('',(0.,1.5));
#1564 = VECTOR('',#1565,1.);
#1565 = DIRECTION('',(1.,0.));
#1566 = ( GEOMETRIC_REPRESENTATION_CONTEXT(2) 
PARAMETRIC_REPRESENTATION_CONTEXT() REPRESENTATION_CONTEXT('2D SPACE',''
  ) );
#1567 = ORIENTED_EDGE('',*,*,#1568,.F.);
#1568 = EDGE_CURVE('',#1569,#1536,#1571,.T.);
#1569 = VERTEX_POINT('',#1570);
#1570 = CARTESIAN_POINT('',(0.625,-54.575,-1.5));
#1571 = SURFACE_CURVE('',#1572,(#1576,#1582),.PCURVE_S1.);
#1572 = LINE('',#1573,#1574);
#1573 = CARTESIAN_POINT('',(0.625,-15.4125,-1.5));
#1574 = VECTOR('',#1575,1.);
#1575 = DIRECTION('',(1.110223024625E-16,1.,-0.));
#1576 = PCURVE('',#72,#1577);
#1577 = DEFINITIONAL_REPRESENTATION('',(#1578),#1581);
#1578 = B_SPLINE_CURVE_WITH_KNOTS('',1,(#1579,#1580),.UNSPECIFIED.,.F.,
  .F.,(2,2),(-39.1625,-0.4125),.PIECEWISE_BEZIER_KNOTS.);
#1579 = CARTESIAN_POINT('',(75.825,-39.575));
#1580 = CARTESIAN_POINT('',(75.825,-0.825));
#1581 = ( GEOMETRIC_REPRESENTATION_CONTEXT(2) 
PARAMETRIC_REPRESENTATION_CONTEXT() REPRESENTATION_CONTEXT('2D SPACE',''
  ) );
#1582 = PCURVE('',#1583,#1588);
#1583 = PLANE('',#1584);
#1584 = AXIS2_PLACEMENT_3D('',#1585,#1586,#1587);
#1585 = CARTESIAN_POINT('',(0.625,-15.825,0.));
#1586 = DIRECTION('',(1.,-1.110223024625E-16,0.));
#1587 = DIRECTION('',(-1.110223024625E-16,-1.,0.));
#1588 = DEFINITIONAL_REPRESENTATION('',(#1589),#1592);
#1589 = B_SPLINE_CURVE_WITH_KNOTS('',1,(#1590,#1591),.UNSPECIFIED.,.F.,
  .F.,(2,2),(-39.1625,-0.4125),.PIECEWISE_BEZIER_KNOTS.);
#1590 = CARTESIAN_POINT('',(38.75,1.5));
#1591 = CARTESIAN_POINT('',(0.,1.5));
#1592 = ( GEOMETRIC_REPRESENTATION_CONTEXT(2) 
PARAMETRIC_REPRESENTATION_CONTEXT() REPRESENTATION_CONTEXT('2D SPACE',''
  ) );
#1593 = ORIENTED_EDGE('',*,*,#1594,.T.);
#1594 = EDGE_CURVE('',#1569,#1510,#1595,.T.);
#1595 = SURFACE_CURVE('',#1596,(#1601,#1612),.PCURVE_S1.);
#1596 = CIRCLE('',#1597,0.625);
#1597 = AXIS2_PLACEMENT_3D('',#1598,#1599,#1600);
#1598 = CARTESIAN_POINT('',(-2.206568261442E-15,-54.575,-1.5));
#1599 = DIRECTION('',(0.,-0.,-1.));
#1600 = DIRECTION('',(1.,-1.110223024625E-16,0.));
#1601 = PCURVE('',#72,#1602);
#1602 = DEFINITIONAL_REPRESENTATION('',(#1603),#1611);
#1603 = ( BOUNDED_CURVE() B_SPLINE_CURVE(2,(#1604,#1605,#1606,#1607,
#1608,#1609,#1610),.UNSPECIFIED.,.T.,.F.) B_SPLINE_CURVE_WITH_KNOTS((1,2
    ,2,2,2,1),(-2.094395102393,0.,2.094395102393,4.188790204786,
6.28318530718,8.377580409573),.UNSPECIFIED.) CURVE() 
GEOMETRIC_REPRESENTATION_ITEM() RATIONAL_B_SPLINE_CURVE((1.,0.5,1.,0.5,
1.,0.5,1.)) REPRESENTATION_ITEM('') );
#1604 = CARTESIAN_POINT('',(75.825,-39.575));
#1605 = CARTESIAN_POINT('',(75.825,-40.65753175473));
#1606 = CARTESIAN_POINT('',(74.8875,-40.11626587736));
#1607 = CARTESIAN_POINT('',(73.95,-39.575));
#1608 = CARTESIAN_POINT('',(74.8875,-39.03373412263));
#1609 = CARTESIAN_POINT('',(75.825,-38.49246824526));
#1610 = CARTESIAN_POINT('',(75.825,-39.575));
#1611 = ( GEOMETRIC_REPRESENTATION_CONTEXT(2) 
PARAMETRIC_REPRESENTATION_CONTEXT() REPRESENTATION_CONTEXT('2D SPACE',''
  ) );
#1612 = PCURVE('',#1613,#1618);
#1613 = CYLINDRICAL_SURFACE('',#1614,0.625);
#1614 = AXIS2_PLACEMENT_3D('',#1615,#1616,#1617);
#1615 = CARTESIAN_POINT('',(-2.206568261442E-15,-54.575,0.));
#1616 = DIRECTION('',(0.,-0.,-1.));
#1617 = DIRECTION('',(1.,-1.110223024625E-16,0.));
#1618 = DEFINITIONAL_REPRESENTATION('',(#1619),#1623);
#1619 = LINE('',#1620,#1621);
#1620 = CARTESIAN_POINT('',(0.,1.5));
#1621 = VECTOR('',#1622,1.);
#1622 = DIRECTION('',(1.,0.));
#1623 = ( GEOMETRIC_REPRESENTATION_CONTEXT(2) 
PARAMETRIC_REPRESENTATION_CONTEXT() REPRESENTATION_CONTEXT('2D SPACE',''
  ) );
#1624 = FACE_BOUND('',#1625,.F.);
#1625 = EDGE_LOOP('',(#1626,#1654,#1687,#1713));
#1626 = ORIENTED_EDGE('',*,*,#1627,.F.);
#1627 = EDGE_CURVE('',#1628,#1630,#1632,.T.);
#1628 = VERTEX_POINT('',#1629);
#1629 = CARTESIAN_POINT('',(3.125,-15.825,-1.5));
#1630 = VERTEX_POINT('',#1631);
#1631 = CARTESIAN_POINT('',(3.125,-54.575,-1.5));
#1632 = SURFACE_CURVE('',#1633,(#1637,#1643),.PCURVE_S1.);
#1633 = LINE('',#1634,#1635);
#1634 = CARTESIAN_POINT('',(3.125,-34.7875,-1.5));
#1635 = VECTOR('',#1636,1.);
#1636 = DIRECTION('',(-1.110223024625E-16,-1.,0.));
#1637 = PCURVE('',#72,#1638);
#1638 = DEFINITIONAL_REPRESENTATION('',(#1639),#1642);
#1639 = B_SPLINE_CURVE_WITH_KNOTS('',1,(#1640,#1641),.UNSPECIFIED.,.F.,
  .F.,(2,2),(-18.9625,19.7875),.PIECEWISE_BEZIER_KNOTS.);
#1640 = CARTESIAN_POINT('',(78.325,-0.825));
#1641 = CARTESIAN_POINT('',(78.325,-39.575));
#1642 = ( GEOMETRIC_REPRESENTATION_CONTEXT(2) 
PARAMETRIC_REPRESENTATION_CONTEXT() REPRESENTATION_CONTEXT('2D SPACE',''
  ) );
#1643 = PCURVE('',#1644,#1649);
#1644 = PLANE('',#1645);
#1645 = AXIS2_PLACEMENT_3D('',#1646,#1647,#1648);
#1646 = CARTESIAN_POINT('',(3.125,-54.575,0.));
#1647 = DIRECTION('',(-1.,1.110223024625E-16,0.));
#1648 = DIRECTION('',(1.110223024625E-16,1.,0.));
#1649 = DEFINITIONAL_REPRESENTATION('',(#1650),#1653);
#1650 = B_SPLINE_CURVE_WITH_KNOTS('',1,(#1651,#1652),.UNSPECIFIED.,.F.,
  .F.,(2,2),(-18.9625,19.7875),.PIECEWISE_BEZIER_KNOTS.);
#1651 = CARTESIAN_POINT('',(38.75,1.5));
#1652 = CARTESIAN_POINT('',(0.,1.5));
#1653 = ( GEOMETRIC_REPRESENTATION_CONTEXT(2) 
PARAMETRIC_REPRESENTATION_CONTEXT() REPRESENTATION_CONTEXT('2D SPACE',''
  ) );
#1654 = ORIENTED_EDGE('',*,*,#1655,.T.);
#1655 = EDGE_CURVE('',#1628,#1656,#1658,.T.);
#1656 = VERTEX_POINT('',#1657);
#1657 = CARTESIAN_POINT('',(4.375,-15.825,-1.5));
#1658 = SURFACE_CURVE('',#1659,(#1664,#1675),.PCURVE_S1.);
#1659 = CIRCLE('',#1660,0.625);
#1660 = AXIS2_PLACEMENT_3D('',#1661,#1662,#1663);
#1661 = CARTESIAN_POINT('',(3.75,-15.825,-1.5));
#1662 = DIRECTION('',(0.,0.,-1.));
#1663 = DIRECTION('',(-1.,1.110223024625E-16,0.));
#1664 = PCURVE('',#72,#1665);
#1665 = DEFINITIONAL_REPRESENTATION('',(#1666),#1674);
#1666 = ( BOUNDED_CURVE() B_SPLINE_CURVE(2,(#1667,#1668,#1669,#1670,
#1671,#1672,#1673),.UNSPECIFIED.,.T.,.F.) B_SPLINE_CURVE_WITH_KNOTS((1,2
    ,2,2,2,1),(-2.094395102393,0.,2.094395102393,4.188790204786,
6.28318530718,8.377580409573),.UNSPECIFIED.) CURVE() 
GEOMETRIC_REPRESENTATION_ITEM() RATIONAL_B_SPLINE_CURVE((1.,0.5,1.,0.5,
1.,0.5,1.)) REPRESENTATION_ITEM('') );
#1667 = CARTESIAN_POINT('',(78.325,-0.825));
#1668 = CARTESIAN_POINT('',(78.325,0.257531754731));
#1669 = CARTESIAN_POINT('',(79.2625,-0.283734122635));
#1670 = CARTESIAN_POINT('',(80.2,-0.825));
#1671 = CARTESIAN_POINT('',(79.2625,-1.366265877365));
#1672 = CARTESIAN_POINT('',(78.325,-1.907531754731));
#1673 = CARTESIAN_POINT('',(78.325,-0.825));
#1674 = ( GEOMETRIC_REPRESENTATION_CONTEXT(2) 
PARAMETRIC_REPRESENTATION_CONTEXT() REPRESENTATION_CONTEXT('2D SPACE',''
  ) );
#1675 = PCURVE('',#1676,#1681);
#1676 = CYLINDRICAL_SURFACE('',#1677,0.625);
#1677 = AXIS2_PLACEMENT_3D('',#1678,#1679,#1680);
#1678 = CARTESIAN_POINT('',(3.75,-15.825,0.));
#1679 = DIRECTION('',(0.,0.,-1.));
#1680 = DIRECTION('',(-1.,1.110223024625E-16,0.));
#1681 = DEFINITIONAL_REPRESENTATION('',(#1682),#1686);
#1682 = LINE('',#1683,#1684);
#1683 = CARTESIAN_POINT('',(0.,1.5));
#1684 = VECTOR('',#1685,1.);
#1685 = DIRECTION('',(1.,0.));
#1686 = ( GEOMETRIC_REPRESENTATION_CONTEXT(2) 
PARAMETRIC_REPRESENTATION_CONTEXT() REPRESENTATION_CONTEXT('2D SPACE',''
  ) );
#1687 = ORIENTED_EDGE('',*,*,#1688,.F.);
#1688 = EDGE_CURVE('',#1689,#1656,#1691,.T.);
#1689 = VERTEX_POINT('',#1690);
#1690 = CARTESIAN_POINT('',(4.375,-54.575,-1.5));
#1691 = SURFACE_CURVE('',#1692,(#1696,#1702),.PCURVE_S1.);
#1692 = LINE('',#1693,#1694);
#1693 = CARTESIAN_POINT('',(4.375,-15.4125,-1.5));
#1694 = VECTOR('',#1695,1.);
#1695 = DIRECTION('',(1.110223024625E-16,1.,-0.));
#1696 = PCURVE('',#72,#1697);
#1697 = DEFINITIONAL_REPRESENTATION('',(#1698),#1701);
#1698 = B_SPLINE_CURVE_WITH_KNOTS('',1,(#1699,#1700),.UNSPECIFIED.,.F.,
  .F.,(2,2),(-39.1625,-0.4125),.PIECEWISE_BEZIER_KNOTS.);
#1699 = CARTESIAN_POINT('',(79.575,-39.575));
#1700 = CARTESIAN_POINT('',(79.575,-0.825));
#1701 = ( GEOMETRIC_REPRESENTATION_CONTEXT(2) 
PARAMETRIC_REPRESENTATION_CONTEXT() REPRESENTATION_CONTEXT('2D SPACE',''
  ) );
#1702 = PCURVE('',#1703,#1708);
#1703 = PLANE('',#1704);
#1704 = AXIS2_PLACEMENT_3D('',#1705,#1706,#1707);
#1705 = CARTESIAN_POINT('',(4.375,-15.825,0.));
#1706 = DIRECTION('',(1.,-1.110223024625E-16,0.));
#1707 = DIRECTION('',(-1.110223024625E-16,-1.,0.));
#1708 = DEFINITIONAL_REPRESENTATION('',(#1709),#1712);
#1709 = B_SPLINE_CURVE_WITH_KNOTS('',1,(#1710,#1711),.UNSPECIFIED.,.F.,
  .F.,(2,2),(-39.1625,-0.4125),.PIECEWISE_BEZIER_KNOTS.);
#1710 = CARTESIAN_POINT('',(38.75,1.5));
#1711 = CARTESIAN_POINT('',(0.,1.5));
#1712 = ( GEOMETRIC_REPRESENTATION_CONTEXT(2) 
PARAMETRIC_REPRESENTATION_CONTEXT() REPRESENTATION_CONTEXT('2D SPACE',''
  ) );
#1713 = ORIENTED_EDGE('',*,*,#1714,.T.);
#1714 = EDGE_CURVE('',#1689,#1630,#1715,.T.);
#1715 = SURFACE_CURVE('',#1716,(#1721,#1732),.PCURVE_S1.);
#1716 = CIRCLE('',#1717,0.625);
#1717 = AXIS2_PLACEMENT_3D('',#1718,#1719,#1720);
#1718 = CARTESIAN_POINT('',(3.75,-54.575,-1.5));
#1719 = DIRECTION('',(0.,-0.,-1.));
#1720 = DIRECTION('',(1.,-1.110223024625E-16,0.));
#1721 = PCURVE('',#72,#1722);
#1722 = DEFINITIONAL_REPRESENTATION('',(#1723),#1731);
#1723 = ( BOUNDED_CURVE() B_SPLINE_CURVE(2,(#1724,#1725,#1726,#1727,
#1728,#1729,#1730),.UNSPECIFIED.,.T.,.F.) B_SPLINE_CURVE_WITH_KNOTS((1,2
    ,2,2,2,1),(-2.094395102393,0.,2.094395102393,4.188790204786,
6.28318530718,8.377580409573),.UNSPECIFIED.) CURVE() 
GEOMETRIC_REPRESENTATION_ITEM() RATIONAL_B_SPLINE_CURVE((1.,0.5,1.,0.5,
1.,0.5,1.)) REPRESENTATION_ITEM('') );
#1724 = CARTESIAN_POINT('',(79.575,-39.575));
#1725 = CARTESIAN_POINT('',(79.575,-40.65753175473));
#1726 = CARTESIAN_POINT('',(78.6375,-40.11626587736));
#1727 = CARTESIAN_POINT('',(77.7,-39.575));
#1728 = CARTESIAN_POINT('',(78.6375,-39.03373412263));
#1729 = CARTESIAN_POINT('',(79.575,-38.49246824526));
#1730 = CARTESIAN_POINT('',(79.575,-39.575));
#1731 = ( GEOMETRIC_REPRESENTATION_CONTEXT(2) 
PARAMETRIC_REPRESENTATION_CONTEXT() REPRESENTATION_CONTEXT('2D SPACE',''
  ) );
#1732 = PCURVE('',#1733,#1738);
#1733 = CYLINDRICAL_SURFACE('',#1734,0.625);
#1734 = AXIS2_PLACEMENT_3D('',#1735,#1736,#1737);
#1735 = CARTESIAN_POINT('',(3.75,-54.575,0.));
#1736 = DIRECTION('',(0.,-0.,-1.));
#1737 = DIRECTION('',(1.,-1.110223024625E-16,0.));
#1738 = DEFINITIONAL_REPRESENTATION('',(#1739),#1743);
#1739 = LINE('',#1740,#1741);
#1740 = CARTESIAN_POINT('',(0.,1.5));
#1741 = VECTOR('',#1742,1.);
#1742 = DIRECTION('',(1.,0.));
#1743 = ( GEOMETRIC_REPRESENTATION_CONTEXT(2) 
PARAMETRIC_REPRESENTATION_CONTEXT() REPRESENTATION_CONTEXT('2D SPACE',''
  ) );
#1744 = FACE_BOUND('',#1745,.F.);
#1745 = EDGE_LOOP('',(#1746,#1774,#1807,#1833));
#1746 = ORIENTED_EDGE('',*,*,#1747,.F.);
#1747 = EDGE_CURVE('',#1748,#1750,#1752,.T.);
#1748 = VERTEX_POINT('',#1749);
#1749 = CARTESIAN_POINT('',(6.875,-15.825,-1.5));
#1750 = VERTEX_POINT('',#1751);
#1751 = CARTESIAN_POINT('',(6.875,-54.575,-1.5));
#1752 = SURFACE_CURVE('',#1753,(#1757,#1763),.PCURVE_S1.);
#1753 = LINE('',#1754,#1755);
#1754 = CARTESIAN_POINT('',(6.875,-34.7875,-1.5));
#1755 = VECTOR('',#1756,1.);
#1756 = DIRECTION('',(-1.110223024625E-16,-1.,0.));
#1757 = PCURVE('',#72,#1758);
#1758 = DEFINITIONAL_REPRESENTATION('',(#1759),#1762);
#1759 = B_SPLINE_CURVE_WITH_KNOTS('',1,(#1760,#1761),.UNSPECIFIED.,.F.,
  .F.,(2,2),(-18.9625,19.7875),.PIECEWISE_BEZIER_KNOTS.);
#1760 = CARTESIAN_POINT('',(82.075,-0.825));
#1761 = CARTESIAN_POINT('',(82.075,-39.575));
#1762 = ( GEOMETRIC_REPRESENTATION_CONTEXT(2) 
PARAMETRIC_REPRESENTATION_CONTEXT() REPRESENTATION_CONTEXT('2D SPACE',''
  ) );
#1763 = PCURVE('',#1764,#1769);
#1764 = PLANE('',#1765);
#1765 = AXIS2_PLACEMENT_3D('',#1766,#1767,#1768);
#1766 = CARTESIAN_POINT('',(6.875,-54.575,0.));
#1767 = DIRECTION('',(-1.,1.110223024625E-16,0.));
#1768 = DIRECTION('',(1.110223024625E-16,1.,0.));
#1769 = DEFINITIONAL_REPRESENTATION('',(#1770),#1773);
#1770 = B_SPLINE_CURVE_WITH_KNOTS('',1,(#1771,#1772),.UNSPECIFIED.,.F.,
  .F.,(2,2),(-18.9625,19.7875),.PIECEWISE_BEZIER_KNOTS.);
#1771 = CARTESIAN_POINT('',(38.75,1.5));
#1772 = CARTESIAN_POINT('',(0.,1.5));
#1773 = ( GEOMETRIC_REPRESENTATION_CONTEXT(2) 
PARAMETRIC_REPRESENTATION_CONTEXT() REPRESENTATION_CONTEXT('2D SPACE',''
  ) );
#1774 = ORIENTED_EDGE('',*,*,#1775,.T.);
#1775 = EDGE_CURVE('',#1748,#1776,#1778,.T.);
#1776 = VERTEX_POINT('',#1777);
#1777 = CARTESIAN_POINT('',(8.125,-15.825,-1.5));
#1778 = SURFACE_CURVE('',#1779,(#1784,#1795),.PCURVE_S1.);
#1779 = CIRCLE('',#1780,0.625);
#1780 = AXIS2_PLACEMENT_3D('',#1781,#1782,#1783);
#1781 = CARTESIAN_POINT('',(7.5,-15.825,-1.5));
#1782 = DIRECTION('',(0.,0.,-1.));
#1783 = DIRECTION('',(-1.,1.110223024625E-16,0.));
#1784 = PCURVE('',#72,#1785);
#1785 = DEFINITIONAL_REPRESENTATION('',(#1786),#1794);
#1786 = ( BOUNDED_CURVE() B_SPLINE_CURVE(2,(#1787,#1788,#1789,#1790,
#1791,#1792,#1793),.UNSPECIFIED.,.T.,.F.) B_SPLINE_CURVE_WITH_KNOTS((1,2
    ,2,2,2,1),(-2.094395102393,0.,2.094395102393,4.188790204786,
6.28318530718,8.377580409573),.UNSPECIFIED.) CURVE() 
GEOMETRIC_REPRESENTATION_ITEM() RATIONAL_B_SPLINE_CURVE((1.,0.5,1.,0.5,
1.,0.5,1.)) REPRESENTATION_ITEM('') );
#1787 = CARTESIAN_POINT('',(82.075,-0.825));
#1788 = CARTESIAN_POINT('',(82.075,0.257531754731));
#1789 = CARTESIAN_POINT('',(83.0125,-0.283734122635));
#1790 = CARTESIAN_POINT('',(83.95,-0.825));
#1791 = CARTESIAN_POINT('',(83.0125,-1.366265877365));
#1792 = CARTESIAN_POINT('',(82.075,-1.907531754731));
#1793 = CARTESIAN_POINT('',(82.075,-0.825));
#1794 = ( GEOMETRIC_REPRESENTATION_CONTEXT(2) 
PARAMETRIC_REPRESENTATION_CONTEXT() REPRESENTATION_CONTEXT('2D SPACE',''
  ) );
#1795 = PCURVE('',#1796,#1801);
#1796 = CYLINDRICAL_SURFACE('',#1797,0.625);
#1797 = AXIS2_PLACEMENT_3D('',#1798,#1799,#1800);
#1798 = CARTESIAN_POINT('',(7.5,-15.825,0.));
#1799 = DIRECTION('',(0.,0.,-1.));
#1800 = DIRECTION('',(-1.,1.110223024625E-16,0.));
#1801 = DEFINITIONAL_REPRESENTATION('',(#1802),#1806);
#1802 = LINE('',#1803,#1804);
#1803 = CARTESIAN_POINT('',(0.,1.5));
#1804 = VECTOR('',#1805,1.);
#1805 = DIRECTION('',(1.,0.));
#1806 = ( GEOMETRIC_REPRESENTATION_CONTEXT(2) 
PARAMETRIC_REPRESENTATION_CONTEXT() REPRESENTATION_CONTEXT('2D SPACE',''
  ) );
#1807 = ORIENTED_EDGE('',*,*,#1808,.F.);
#1808 = EDGE_CURVE('',#1809,#1776,#1811,.T.);
#1809 = VERTEX_POINT('',#1810);
#1810 = CARTESIAN_POINT('',(8.125,-54.575,-1.5));
#1811 = SURFACE_CURVE('',#1812,(#1816,#1822),.PCURVE_S1.);
#1812 = LINE('',#1813,#1814);
#1813 = CARTESIAN_POINT('',(8.125,-15.4125,-1.5));
#1814 = VECTOR('',#1815,1.);
#1815 = DIRECTION('',(1.110223024625E-16,1.,-0.));
#1816 = PCURVE('',#72,#1817);
#1817 = DEFINITIONAL_REPRESENTATION('',(#1818),#1821);
#1818 = B_SPLINE_CURVE_WITH_KNOTS('',1,(#1819,#1820),.UNSPECIFIED.,.F.,
  .F.,(2,2),(-39.1625,-0.4125),.PIECEWISE_BEZIER_KNOTS.);
#1819 = CARTESIAN_POINT('',(83.325,-39.575));
#1820 = CARTESIAN_POINT('',(83.325,-0.825));
#1821 = ( GEOMETRIC_REPRESENTATION_CONTEXT(2) 
PARAMETRIC_REPRESENTATION_CONTEXT() REPRESENTATION_CONTEXT('2D SPACE',''
  ) );
#1822 = PCURVE('',#1823,#1828);
#1823 = PLANE('',#1824);
#1824 = AXIS2_PLACEMENT_3D('',#1825,#1826,#1827);
#1825 = CARTESIAN_POINT('',(8.125,-15.825,0.));
#1826 = DIRECTION('',(1.,-1.110223024625E-16,0.));
#1827 = DIRECTION('',(-1.110223024625E-16,-1.,0.));
#1828 = DEFINITIONAL_REPRESENTATION('',(#1829),#1832);
#1829 = B_SPLINE_CURVE_WITH_KNOTS('',1,(#1830,#1831),.UNSPECIFIED.,.F.,
  .F.,(2,2),(-39.1625,-0.4125),.PIECEWISE_BEZIER_KNOTS.);
#1830 = CARTESIAN_POINT('',(38.75,1.5));
#1831 = CARTESIAN_POINT('',(0.,1.5));
#1832 = ( GEOMETRIC_REPRESENTATION_CONTEXT(2) 
PARAMETRIC_REPRESENTATION_CONTEXT() REPRESENTATION_CONTEXT('2D SPACE',''
  ) );
#1833 = ORIENTED_EDGE('',*,*,#1834,.T.);
#1834 = EDGE_CURVE('',#1809,#1750,#1835,.T.);
#1835 = SURFACE_CURVE('',#1836,(#1841,#1852),.PCURVE_S1.);
#1836 = CIRCLE('',#1837,0.625);
#1837 = AXIS2_PLACEMENT_3D('',#1838,#1839,#1840);
#1838 = CARTESIAN_POINT('',(7.5,-54.575,-1.5));
#1839 = DIRECTION('',(0.,-0.,-1.));
#1840 = DIRECTION('',(1.,-1.110223024625E-16,0.));
#1841 = PCURVE('',#72,#1842);
#1842 = DEFINITIONAL_REPRESENTATION('',(#1843),#1851);
#1843 = ( BOUNDED_CURVE() B_SPLINE_CURVE(2,(#1844,#1845,#1846,#1847,
#1848,#1849,#1850),.UNSPECIFIED.,.T.,.F.) B_SPLINE_CURVE_WITH_KNOTS((1,2
    ,2,2,2,1),(-2.094395102393,0.,2.094395102393,4.188790204786,
6.28318530718,8.377580409573),.UNSPECIFIED.) CURVE() 
GEOMETRIC_REPRESENTATION_ITEM() RATIONAL_B_SPLINE_CURVE((1.,0.5,1.,0.5,
1.,0.5,1.)) REPRESENTATION_ITEM('') );
#1844 = CARTESIAN_POINT('',(83.325,-39.575));
#1845 = CARTESIAN_POINT('',(83.325,-40.65753175473));
#1846 = CARTESIAN_POINT('',(82.3875,-40.11626587736));
#1847 = CARTESIAN_POINT('',(81.45,-39.575));
#1848 = CARTESIAN_POINT('',(82.3875,-39.03373412263));
#1849 = CARTESIAN_POINT('',(83.325,-38.49246824526));
#1850 = CARTESIAN_POINT('',(83.325,-39.575));
#1851 = ( GEOMETRIC_REPRESENTATION_CONTEXT(2) 
PARAMETRIC_REPRESENTATION_CONTEXT() REPRESENTATION_CONTEXT('2D SPACE',''
  ) );
#1852 = PCURVE('',#1853,#1858);
#1853 = CYLINDRICAL_SURFACE('',#1854,0.625);
#1854 = AXIS2_PLACEMENT_3D('',#1855,#1856,#1857);
#1855 = CARTESIAN_POINT('',(7.5,-54.575,0.));
#1856 = DIRECTION('',(0.,-0.,-1.));
#1857 = DIRECTION('',(1.,-1.110223024625E-16,0.));
#1858 = DEFINITIONAL_REPRESENTATION('',(#1859),#1863);
#1859 = LINE('',#1860,#1861);
#1860 = CARTESIAN_POINT('',(0.,1.5));
#1861 = VECTOR('',#1862,1.);
#1862 = DIRECTION('',(1.,0.));
#1863 = ( GEOMETRIC_REPRESENTATION_CONTEXT(2) 
PARAMETRIC_REPRESENTATION_CONTEXT() REPRESENTATION_CONTEXT('2D SPACE',''
  ) );
#1864 = FACE_BOUND('',#1865,.F.);
#1865 = EDGE_LOOP('',(#1866,#1894,#1927,#1953));
#1866 = ORIENTED_EDGE('',*,*,#1867,.F.);
#1867 = EDGE_CURVE('',#1868,#1870,#1872,.T.);
#1868 = VERTEX_POINT('',#1869);
#1869 = CARTESIAN_POINT('',(10.625,-15.825,-1.5));
#1870 = VERTEX_POINT('',#1871);
#1871 = CARTESIAN_POINT('',(10.625,-54.575,-1.5));
#1872 = SURFACE_CURVE('',#1873,(#1877,#1883),.PCURVE_S1.);
#1873 = LINE('',#1874,#1875);
#1874 = CARTESIAN_POINT('',(10.625,-34.7875,-1.5));
#1875 = VECTOR('',#1876,1.);
#1876 = DIRECTION('',(-1.110223024625E-16,-1.,0.));
#1877 = PCURVE('',#72,#1878);
#1878 = DEFINITIONAL_REPRESENTATION('',(#1879),#1882);
#1879 = B_SPLINE_CURVE_WITH_KNOTS('',1,(#1880,#1881),.UNSPECIFIED.,.F.,
  .F.,(2,2),(-18.9625,19.7875),.PIECEWISE_BEZIER_KNOTS.);
#1880 = CARTESIAN_POINT('',(85.825,-0.825));
#1881 = CARTESIAN_POINT('',(85.825,-39.575));
#1882 = ( GEOMETRIC_REPRESENTATION_CONTEXT(2) 
PARAMETRIC_REPRESENTATION_CONTEXT() REPRESENTATION_CONTEXT('2D SPACE',''
  ) );
#1883 = PCURVE('',#1884,#1889);
#1884 = PLANE('',#1885);
#1885 = AXIS2_PLACEMENT_3D('',#1886,#1887,#1888);
#1886 = CARTESIAN_POINT('',(10.625,-54.575,0.));
#1887 = DIRECTION('',(-1.,1.110223024625E-16,0.));
#1888 = DIRECTION('',(1.110223024625E-16,1.,0.));
#1889 = DEFINITIONAL_REPRESENTATION('',(#1890),#1893);
#1890 = B_SPLINE_CURVE_WITH_KNOTS('',1,(#1891,#1892),.UNSPECIFIED.,.F.,
  .F.,(2,2),(-18.9625,19.7875),.PIECEWISE_BEZIER_KNOTS.);
#1891 = CARTESIAN_POINT('',(38.75,1.5));
#1892 = CARTESIAN_POINT('',(0.,1.5));
#1893 = ( GEOMETRIC_REPRESENTATION_CONTEXT(2) 
PARAMETRIC_REPRESENTATION_CONTEXT() REPRESENTATION_CONTEXT('2D SPACE',''
  ) );
#1894 = ORIENTED_EDGE('',*,*,#1895,.T.);
#1895 = EDGE_CURVE('',#1868,#1896,#1898,.T.);
#1896 = VERTEX_POINT('',#1897);
#1897 = CARTESIAN_POINT('',(11.875,-15.825,-1.5));
#1898 = SURFACE_CURVE('',#1899,(#1904,#1915),.PCURVE_S1.);
#1899 = CIRCLE('',#1900,0.625);
#1900 = AXIS2_PLACEMENT_3D('',#1901,#1902,#1903);
#1901 = CARTESIAN_POINT('',(11.25,-15.825,-1.5));
#1902 = DIRECTION('',(0.,0.,-1.));
#1903 = DIRECTION('',(-1.,1.110223024625E-16,0.));
#1904 = PCURVE('',#72,#1905);
#1905 = DEFINITIONAL_REPRESENTATION('',(#1906),#1914);
#1906 = ( BOUNDED_CURVE() B_SPLINE_CURVE(2,(#1907,#1908,#1909,#1910,
#1911,#1912,#1913),.UNSPECIFIED.,.T.,.F.) B_SPLINE_CURVE_WITH_KNOTS((1,2
    ,2,2,2,1),(-2.094395102393,0.,2.094395102393,4.188790204786,
6.28318530718,8.377580409573),.UNSPECIFIED.) CURVE() 
GEOMETRIC_REPRESENTATION_ITEM() RATIONAL_B_SPLINE_CURVE((1.,0.5,1.,0.5,
1.,0.5,1.)) REPRESENTATION_ITEM('') );
#1907 = CARTESIAN_POINT('',(85.825,-0.825));
#1908 = CARTESIAN_POINT('',(85.825,0.257531754731));
#1909 = CARTESIAN_POINT('',(86.7625,-0.283734122635));
#1910 = CARTESIAN_POINT('',(87.7,-0.825));
#1911 = CARTESIAN_POINT('',(86.7625,-1.366265877365));
#1912 = CARTESIAN_POINT('',(85.825,-1.907531754731));
#1913 = CARTESIAN_POINT('',(85.825,-0.825));
#1914 = ( GEOMETRIC_REPRESENTATION_CONTEXT(2) 
PARAMETRIC_REPRESENTATION_CONTEXT() REPRESENTATION_CONTEXT('2D SPACE',''
  ) );
#1915 = PCURVE('',#1916,#1921);
#1916 = CYLINDRICAL_SURFACE('',#1917,0.625);
#1917 = AXIS2_PLACEMENT_3D('',#1918,#1919,#1920);
#1918 = CARTESIAN_POINT('',(11.25,-15.825,0.));
#1919 = DIRECTION('',(0.,0.,-1.));
#1920 = DIRECTION('',(-1.,1.110223024625E-16,0.));
#1921 = DEFINITIONAL_REPRESENTATION('',(#1922),#1926);
#1922 = LINE('',#1923,#1924);
#1923 = CARTESIAN_POINT('',(0.,1.5));
#1924 = VECTOR('',#1925,1.);
#1925 = DIRECTION('',(1.,0.));
#1926 = ( GEOMETRIC_REPRESENTATION_CONTEXT(2) 
PARAMETRIC_REPRESENTATION_CONTEXT() REPRESENTATION_CONTEXT('2D SPACE',''
  ) );
#1927 = ORIENTED_EDGE('',*,*,#1928,.F.);
#1928 = EDGE_CURVE('',#1929,#1896,#1931,.T.);
#1929 = VERTEX_POINT('',#1930);
#1930 = CARTESIAN_POINT('',(11.875,-54.575,-1.5));
#1931 = SURFACE_CURVE('',#1932,(#1936,#1942),.PCURVE_S1.);
#1932 = LINE('',#1933,#1934);
#1933 = CARTESIAN_POINT('',(11.875,-15.4125,-1.5));
#1934 = VECTOR('',#1935,1.);
#1935 = DIRECTION('',(1.110223024625E-16,1.,-0.));
#1936 = PCURVE('',#72,#1937);
#1937 = DEFINITIONAL_REPRESENTATION('',(#1938),#1941);
#1938 = B_SPLINE_CURVE_WITH_KNOTS('',1,(#1939,#1940),.UNSPECIFIED.,.F.,
  .F.,(2,2),(-39.1625,-0.4125),.PIECEWISE_BEZIER_KNOTS.);
#1939 = CARTESIAN_POINT('',(87.075,-39.575));
#1940 = CARTESIAN_POINT('',(87.075,-0.825));
#1941 = ( GEOMETRIC_REPRESENTATION_CONTEXT(2) 
PARAMETRIC_REPRESENTATION_CONTEXT() REPRESENTATION_CONTEXT('2D SPACE',''
  ) );
#1942 = PCURVE('',#1943,#1948);
#1943 = PLANE('',#1944);
#1944 = AXIS2_PLACEMENT_3D('',#1945,#1946,#1947);
#1945 = CARTESIAN_POINT('',(11.875,-15.825,0.));
#1946 = DIRECTION('',(1.,-1.110223024625E-16,0.));
#1947 = DIRECTION('',(-1.110223024625E-16,-1.,0.));
#1948 = DEFINITIONAL_REPRESENTATION('',(#1949),#1952);
#1949 = B_SPLINE_CURVE_WITH_KNOTS('',1,(#1950,#1951),.UNSPECIFIED.,.F.,
  .F.,(2,2),(-39.1625,-0.4125),.PIECEWISE_BEZIER_KNOTS.);
#1950 = CARTESIAN_POINT('',(38.75,1.5));
#1951 = CARTESIAN_POINT('',(0.,1.5));
#1952 = ( GEOMETRIC_REPRESENTATION_CONTEXT(2) 
PARAMETRIC_REPRESENTATION_CONTEXT() REPRESENTATION_CONTEXT('2D SPACE',''
  ) );
#1953 = ORIENTED_EDGE('',*,*,#1954,.T.);
#1954 = EDGE_CURVE('',#1929,#1870,#1955,.T.);
#1955 = SURFACE_CURVE('',#1956,(#1961,#1972),.PCURVE_S1.);
#1956 = CIRCLE('',#1957,0.625);
#1957 = AXIS2_PLACEMENT_3D('',#1958,#1959,#1960);
#1958 = CARTESIAN_POINT('',(11.25,-54.575,-1.5));
#1959 = DIRECTION('',(0.,-0.,-1.));
#1960 = DIRECTION('',(1.,-1.110223024625E-16,0.));
#1961 = PCURVE('',#72,#1962);
#1962 = DEFINITIONAL_REPRESENTATION('',(#1963),#1971);
#1963 = ( BOUNDED_CURVE() B_SPLINE_CURVE(2,(#1964,#1965,#1966,#1967,
#1968,#1969,#1970),.UNSPECIFIED.,.T.,.F.) B_SPLINE_CURVE_WITH_KNOTS((1,2
    ,2,2,2,1),(-2.094395102393,0.,2.094395102393,4.188790204786,
6.28318530718,8.377580409573),.UNSPECIFIED.) CURVE() 
GEOMETRIC_REPRESENTATION_ITEM() RATIONAL_B_SPLINE_CURVE((1.,0.5,1.,0.5,
1.,0.5,1.)) REPRESENTATION_ITEM('') );
#1964 = CARTESIAN_POINT('',(87.075,-39.575));
#1965 = CARTESIAN_POINT('',(87.075,-40.65753175473));
#1966 = CARTESIAN_POINT('',(86.1375,-40.11626587736));
#1967 = CARTESIAN_POINT('',(85.2,-39.575));
#1968 = CARTESIAN_POINT('',(86.1375,-39.03373412263));
#1969 = CARTESIAN_POINT('',(87.075,-38.49246824526));
#1970 = CARTESIAN_POINT('',(87.075,-39.575));
#1971 = ( GEOMETRIC_REPRESENTATION_CONTEXT(2) 
PARAMETRIC_REPRESENTATION_CONTEXT() REPRESENTATION_CONTEXT('2D SPACE',''
  ) );
#1972 = PCURVE('',#1973,#1978);
#1973 = CYLINDRICAL_SURFACE('',#1974,0.625);
#1974 = AXIS2_PLACEMENT_3D('',#1975,#1976,#1977);
#1975 = CARTESIAN_POINT('',(11.25,-54.575,0.));
#1976 = DIRECTION('',(0.,-0.,-1.));
#1977 = DIRECTION('',(1.,-1.110223024625E-16,0.));
#1978 = DEFINITIONAL_REPRESENTATION('',(#1979),#1983);
#1979 = LINE('',#1980,#1981);
#1980 = CARTESIAN_POINT('',(0.,1.5));
#1981 = VECTOR('',#1982,1.);
#1982 = DIRECTION('',(1.,0.));
#1983 = ( GEOMETRIC_REPRESENTATION_CONTEXT(2) 
PARAMETRIC_REPRESENTATION_CONTEXT() REPRESENTATION_CONTEXT('2D SPACE',''
  ) );
#1984 = FACE_BOUND('',#1985,.F.);
#1985 = EDGE_LOOP('',(#1986,#2014,#2047,#2073));
#1986 = ORIENTED_EDGE('',*,*,#1987,.F.);
#1987 = EDGE_CURVE('',#1988,#1990,#1992,.T.);
#1988 = VERTEX_POINT('',#1989);
#1989 = CARTESIAN_POINT('',(54.575,-10.625,-1.5));
#1990 = VERTEX_POINT('',#1991);
#1991 = CARTESIAN_POINT('',(15.825,-10.625,-1.5));
#1992 = SURFACE_CURVE('',#1993,(#1997,#2003),.PCURVE_S1.);
#1993 = LINE('',#1994,#1995);
#1994 = CARTESIAN_POINT('',(-29.6875,-10.625,-1.5));
#1995 = VECTOR('',#1996,1.);
#1996 = DIRECTION('',(-1.,0.,0.));
#1997 = PCURVE('',#72,#1998);
#1998 = DEFINITIONAL_REPRESENTATION('',(#1999),#2002);
#1999 = B_SPLINE_CURVE_WITH_KNOTS('',1,(#2000,#2001),.UNSPECIFIED.,.F.,
  .F.,(2,2),(-84.2625,-45.5125),.PIECEWISE_BEZIER_KNOTS.);
#2000 = CARTESIAN_POINT('',(129.775,4.375));
#2001 = CARTESIAN_POINT('',(91.025,4.375));
#2002 = ( GEOMETRIC_REPRESENTATION_CONTEXT(2) 
PARAMETRIC_REPRESENTATION_CONTEXT() REPRESENTATION_CONTEXT('2D SPACE',''
  ) );
#2003 = PCURVE('',#2004,#2009);
#2004 = PLANE('',#2005);
#2005 = AXIS2_PLACEMENT_3D('',#2006,#2007,#2008);
#2006 = CARTESIAN_POINT('',(15.825,-10.625,0.));
#2007 = DIRECTION('',(0.,1.,0.));
#2008 = DIRECTION('',(1.,0.,0.));
#2009 = DEFINITIONAL_REPRESENTATION('',(#2010),#2013);
#2010 = B_SPLINE_CURVE_WITH_KNOTS('',1,(#2011,#2012),.UNSPECIFIED.,.F.,
  .F.,(2,2),(-84.2625,-45.5125),.PIECEWISE_BEZIER_KNOTS.);
#2011 = CARTESIAN_POINT('',(38.75,1.5));
#2012 = CARTESIAN_POINT('',(0.,1.5));
#2013 = ( GEOMETRIC_REPRESENTATION_CONTEXT(2) 
PARAMETRIC_REPRESENTATION_CONTEXT() REPRESENTATION_CONTEXT('2D SPACE',''
  ) );
#2014 = ORIENTED_EDGE('',*,*,#2015,.T.);
#2015 = EDGE_CURVE('',#1988,#2016,#2018,.T.);
#2016 = VERTEX_POINT('',#2017);
#2017 = CARTESIAN_POINT('',(54.575,-11.875,-1.5));
#2018 = SURFACE_CURVE('',#2019,(#2024,#2035),.PCURVE_S1.);
#2019 = CIRCLE('',#2020,0.625);
#2020 = AXIS2_PLACEMENT_3D('',#2021,#2022,#2023);
#2021 = CARTESIAN_POINT('',(54.575,-11.25,-1.5));
#2022 = DIRECTION('',(0.,0.,-1.));
#2023 = DIRECTION('',(0.,1.,0.));
#2024 = PCURVE('',#72,#2025);
#2025 = DEFINITIONAL_REPRESENTATION('',(#2026),#2034);
#2026 = ( BOUNDED_CURVE() B_SPLINE_CURVE(2,(#2027,#2028,#2029,#2030,
#2031,#2032,#2033),.UNSPECIFIED.,.T.,.F.) B_SPLINE_CURVE_WITH_KNOTS((1,2
    ,2,2,2,1),(-2.094395102393,0.,2.094395102393,4.188790204786,
6.28318530718,8.377580409573),.UNSPECIFIED.) CURVE() 
GEOMETRIC_REPRESENTATION_ITEM() RATIONAL_B_SPLINE_CURVE((1.,0.5,1.,0.5,
1.,0.5,1.)) REPRESENTATION_ITEM('') );
#2027 = CARTESIAN_POINT('',(129.775,4.375));
#2028 = CARTESIAN_POINT('',(130.85753175473,4.375));
#2029 = CARTESIAN_POINT('',(130.31626587736,3.4375));
#2030 = CARTESIAN_POINT('',(129.775,2.5));
#2031 = CARTESIAN_POINT('',(129.23373412263,3.4375));
#2032 = CARTESIAN_POINT('',(128.69246824526,4.375));
#2033 = CARTESIAN_POINT('',(129.775,4.375));
#2034 = ( GEOMETRIC_REPRESENTATION_CONTEXT(2) 
PARAMETRIC_REPRESENTATION_CONTEXT() REPRESENTATION_CONTEXT('2D SPACE',''
  ) );
#2035 = PCURVE('',#2036,#2041);
#2036 = CYLINDRICAL_SURFACE('',#2037,0.625);
#2037 = AXIS2_PLACEMENT_3D('',#2038,#2039,#2040);
#2038 = CARTESIAN_POINT('',(54.575,-11.25,0.));
#2039 = DIRECTION('',(0.,0.,-1.));
#2040 = DIRECTION('',(0.,1.,0.));
#2041 = DEFINITIONAL_REPRESENTATION('',(#2042),#2046);
#2042 = LINE('',#2043,#2044);
#2043 = CARTESIAN_POINT('',(0.,1.5));
#2044 = VECTOR('',#2045,1.);
#2045 = DIRECTION('',(1.,0.));
#2046 = ( GEOMETRIC_REPRESENTATION_CONTEXT(2) 
PARAMETRIC_REPRESENTATION_CONTEXT() REPRESENTATION_CONTEXT('2D SPACE',''
  ) );
#2047 = ORIENTED_EDGE('',*,*,#2048,.F.);
#2048 = EDGE_CURVE('',#2049,#2016,#2051,.T.);
#2049 = VERTEX_POINT('',#2050);
#2050 = CARTESIAN_POINT('',(15.825,-11.875,-1.5));
#2051 = SURFACE_CURVE('',#2052,(#2056,#2062),.PCURVE_S1.);
#2052 = LINE('',#2053,#2054);
#2053 = CARTESIAN_POINT('',(-10.3125,-11.875,-1.5));
#2054 = VECTOR('',#2055,1.);
#2055 = DIRECTION('',(1.,0.,-0.));
#2056 = PCURVE('',#72,#2057);
#2057 = DEFINITIONAL_REPRESENTATION('',(#2058),#2061);
#2058 = B_SPLINE_CURVE_WITH_KNOTS('',1,(#2059,#2060),.UNSPECIFIED.,.F.,
  .F.,(2,2),(26.1375,64.8875),.PIECEWISE_BEZIER_KNOTS.);
#2059 = CARTESIAN_POINT('',(91.025,3.125));
#2060 = CARTESIAN_POINT('',(129.775,3.125));
#2061 = ( GEOMETRIC_REPRESENTATION_CONTEXT(2) 
PARAMETRIC_REPRESENTATION_CONTEXT() REPRESENTATION_CONTEXT('2D SPACE',''
  ) );
#2062 = PCURVE('',#2063,#2068);
#2063 = PLANE('',#2064);
#2064 = AXIS2_PLACEMENT_3D('',#2065,#2066,#2067);
#2065 = CARTESIAN_POINT('',(54.575,-11.875,0.));
#2066 = DIRECTION('',(0.,-1.,0.));
#2067 = DIRECTION('',(-1.,0.,0.));
#2068 = DEFINITIONAL_REPRESENTATION('',(#2069),#2072);
#2069 = B_SPLINE_CURVE_WITH_KNOTS('',1,(#2070,#2071),.UNSPECIFIED.,.F.,
  .F.,(2,2),(26.1375,64.8875),.PIECEWISE_BEZIER_KNOTS.);
#2070 = CARTESIAN_POINT('',(38.75,1.5));
#2071 = CARTESIAN_POINT('',(0.,1.5));
#2072 = ( GEOMETRIC_REPRESENTATION_CONTEXT(2) 
PARAMETRIC_REPRESENTATION_CONTEXT() REPRESENTATION_CONTEXT('2D SPACE',''
  ) );
#2073 = ORIENTED_EDGE('',*,*,#2074,.T.);
#2074 = EDGE_CURVE('',#2049,#1990,#2075,.T.);
#2075 = SURFACE_CURVE('',#2076,(#2081,#2092),.PCURVE_S1.);
#2076 = CIRCLE('',#2077,0.625);
#2077 = AXIS2_PLACEMENT_3D('',#2078,#2079,#2080);
#2078 = CARTESIAN_POINT('',(15.825,-11.25,-1.5));
#2079 = DIRECTION('',(0.,-0.,-1.));
#2080 = DIRECTION('',(0.,-1.,0.));
#2081 = PCURVE('',#72,#2082);
#2082 = DEFINITIONAL_REPRESENTATION('',(#2083),#2091);
#2083 = ( BOUNDED_CURVE() B_SPLINE_CURVE(2,(#2084,#2085,#2086,#2087,
#2088,#2089,#2090),.UNSPECIFIED.,.T.,.F.) B_SPLINE_CURVE_WITH_KNOTS((1,2
    ,2,2,2,1),(-2.094395102393,0.,2.094395102393,4.188790204786,
6.28318530718,8.377580409573),.UNSPECIFIED.) CURVE() 
GEOMETRIC_REPRESENTATION_ITEM() RATIONAL_B_SPLINE_CURVE((1.,0.5,1.,0.5,
1.,0.5,1.)) REPRESENTATION_ITEM('') );
#2084 = CARTESIAN_POINT('',(91.025,3.125));
#2085 = CARTESIAN_POINT('',(89.942468245269,3.125));
#2086 = CARTESIAN_POINT('',(90.483734122635,4.0625));
#2087 = CARTESIAN_POINT('',(91.025,5.));
#2088 = CARTESIAN_POINT('',(91.566265877365,4.0625));
#2089 = CARTESIAN_POINT('',(92.107531754731,3.125));
#2090 = CARTESIAN_POINT('',(91.025,3.125));
#2091 = ( GEOMETRIC_REPRESENTATION_CONTEXT(2) 
PARAMETRIC_REPRESENTATION_CONTEXT() REPRESENTATION_CONTEXT('2D SPACE',''
  ) );
#2092 = PCURVE('',#2093,#2098);
#2093 = CYLINDRICAL_SURFACE('',#2094,0.625);
#2094 = AXIS2_PLACEMENT_3D('',#2095,#2096,#2097);
#2095 = CARTESIAN_POINT('',(15.825,-11.25,0.));
#2096 = DIRECTION('',(0.,-0.,-1.));
#2097 = DIRECTION('',(0.,-1.,0.));
#2098 = DEFINITIONAL_REPRESENTATION('',(#2099),#2103);
#2099 = LINE('',#2100,#2101);
#2100 = CARTESIAN_POINT('',(0.,1.5));
#2101 = VECTOR('',#2102,1.);
#2102 = DIRECTION('',(1.,0.));
#2103 = ( GEOMETRIC_REPRESENTATION_CONTEXT(2) 
PARAMETRIC_REPRESENTATION_CONTEXT() REPRESENTATION_CONTEXT('2D SPACE',''
  ) );
#2104 = FACE_BOUND('',#2105,.F.);
#2105 = EDGE_LOOP('',(#2106,#2134,#2167,#2193));
#2106 = ORIENTED_EDGE('',*,*,#2107,.F.);
#2107 = EDGE_CURVE('',#2108,#2110,#2112,.T.);
#2108 = VERTEX_POINT('',#2109);
#2109 = CARTESIAN_POINT('',(54.575,-6.875,-1.5));
#2110 = VERTEX_POINT('',#2111);
#2111 = CARTESIAN_POINT('',(15.825,-6.875,-1.5));
#2112 = SURFACE_CURVE('',#2113,(#2117,#2123),.PCURVE_S1.);
#2113 = LINE('',#2114,#2115);
#2114 = CARTESIAN_POINT('',(-29.6875,-6.875,-1.5));
#2115 = VECTOR('',#2116,1.);
#2116 = DIRECTION('',(-1.,0.,0.));
#2117 = PCURVE('',#72,#2118);
#2118 = DEFINITIONAL_REPRESENTATION('',(#2119),#2122);
#2119 = B_SPLINE_CURVE_WITH_KNOTS('',1,(#2120,#2121),.UNSPECIFIED.,.F.,
  .F.,(2,2),(-84.2625,-45.5125),.PIECEWISE_BEZIER_KNOTS.);
#2120 = CARTESIAN_POINT('',(129.775,8.125));
#2121 = CARTESIAN_POINT('',(91.025,8.125));
#2122 = ( GEOMETRIC_REPRESENTATION_CONTEXT(2) 
PARAMETRIC_REPRESENTATION_CONTEXT() REPRESENTATION_CONTEXT('2D SPACE',''
  ) );
#2123 = PCURVE('',#2124,#2129);
#2124 = PLANE('',#2125);
#2125 = AXIS2_PLACEMENT_3D('',#2126,#2127,#2128);
#2126 = CARTESIAN_POINT('',(15.825,-6.875,0.));
#2127 = DIRECTION('',(0.,1.,0.));
#2128 = DIRECTION('',(1.,0.,0.));
#2129 = DEFINITIONAL_REPRESENTATION('',(#2130),#2133);
#2130 = B_SPLINE_CURVE_WITH_KNOTS('',1,(#2131,#2132),.UNSPECIFIED.,.F.,
  .F.,(2,2),(-84.2625,-45.5125),.PIECEWISE_BEZIER_KNOTS.);
#2131 = CARTESIAN_POINT('',(38.75,1.5));
#2132 = CARTESIAN_POINT('',(0.,1.5));
#2133 = ( GEOMETRIC_REPRESENTATION_CONTEXT(2) 
PARAMETRIC_REPRESENTATION_CONTEXT() REPRESENTATION_CONTEXT('2D SPACE',''
  ) );
#2134 = ORIENTED_EDGE('',*,*,#2135,.T.);
#2135 = EDGE_CURVE('',#2108,#2136,#2138,.T.);
#2136 = VERTEX_POINT('',#2137);
#2137 = CARTESIAN_POINT('',(54.575,-8.125,-1.5));
#2138 = SURFACE_CURVE('',#2139,(#2144,#2155),.PCURVE_S1.);
#2139 = CIRCLE('',#2140,0.625);
#2140 = AXIS2_PLACEMENT_3D('',#2141,#2142,#2143);
#2141 = CARTESIAN_POINT('',(54.575,-7.5,-1.5));
#2142 = DIRECTION('',(0.,0.,-1.));
#2143 = DIRECTION('',(0.,1.,0.));
#2144 = PCURVE('',#72,#2145);
#2145 = DEFINITIONAL_REPRESENTATION('',(#2146),#2154);
#2146 = ( BOUNDED_CURVE() B_SPLINE_CURVE(2,(#2147,#2148,#2149,#2150,
#2151,#2152,#2153),.UNSPECIFIED.,.T.,.F.) B_SPLINE_CURVE_WITH_KNOTS((1,2
    ,2,2,2,1),(-2.094395102393,0.,2.094395102393,4.188790204786,
6.28318530718,8.377580409573),.UNSPECIFIED.) CURVE() 
GEOMETRIC_REPRESENTATION_ITEM() RATIONAL_B_SPLINE_CURVE((1.,0.5,1.,0.5,
1.,0.5,1.)) REPRESENTATION_ITEM('') );
#2147 = CARTESIAN_POINT('',(129.775,8.125));
#2148 = CARTESIAN_POINT('',(130.85753175473,8.125));
#2149 = CARTESIAN_POINT('',(130.31626587736,7.1875));
#2150 = CARTESIAN_POINT('',(129.775,6.25));
#2151 = CARTESIAN_POINT('',(129.23373412263,7.1875));
#2152 = CARTESIAN_POINT('',(128.69246824526,8.125));
#2153 = CARTESIAN_POINT('',(129.775,8.125));
#2154 = ( GEOMETRIC_REPRESENTATION_CONTEXT(2) 
PARAMETRIC_REPRESENTATION_CONTEXT() REPRESENTATION_CONTEXT('2D SPACE',''
  ) );
#2155 = PCURVE('',#2156,#2161);
#2156 = CYLINDRICAL_SURFACE('',#2157,0.625);
#2157 = AXIS2_PLACEMENT_3D('',#2158,#2159,#2160);
#2158 = CARTESIAN_POINT('',(54.575,-7.5,0.));
#2159 = DIRECTION('',(0.,0.,-1.));
#2160 = DIRECTION('',(0.,1.,0.));
#2161 = DEFINITIONAL_REPRESENTATION('',(#2162),#2166);
#2162 = LINE('',#2163,#2164);
#2163 = CARTESIAN_POINT('',(0.,1.5));
#2164 = VECTOR('',#2165,1.);
#2165 = DIRECTION('',(1.,0.));
#2166 = ( GEOMETRIC_REPRESENTATION_CONTEXT(2) 
PARAMETRIC_REPRESENTATION_CONTEXT() REPRESENTATION_CONTEXT('2D SPACE',''
  ) );
#2167 = ORIENTED_EDGE('',*,*,#2168,.F.);
#2168 = EDGE_CURVE('',#2169,#2136,#2171,.T.);
#2169 = VERTEX_POINT('',#2170);
#2170 = CARTESIAN_POINT('',(15.825,-8.125,-1.5));
#2171 = SURFACE_CURVE('',#2172,(#2176,#2182),.PCURVE_S1.);
#2172 = LINE('',#2173,#2174);
#2173 = CARTESIAN_POINT('',(-10.3125,-8.125,-1.5));
#2174 = VECTOR('',#2175,1.);
#2175 = DIRECTION('',(1.,0.,-0.));
#2176 = PCURVE('',#72,#2177);
#2177 = DEFINITIONAL_REPRESENTATION('',(#2178),#2181);
#2178 = B_SPLINE_CURVE_WITH_KNOTS('',1,(#2179,#2180),.UNSPECIFIED.,.F.,
  .F.,(2,2),(26.1375,64.8875),.PIECEWISE_BEZIER_KNOTS.);
#2179 = CARTESIAN_POINT('',(91.025,6.875));
#2180 = CARTESIAN_POINT('',(129.775,6.875));
#2181 = ( GEOMETRIC_REPRESENTATION_CONTEXT(2) 
PARAMETRIC_REPRESENTATION_CONTEXT() REPRESENTATION_CONTEXT('2D SPACE',''
  ) );
#2182 = PCURVE('',#2183,#2188);
#2183 = PLANE('',#2184);
#2184 = AXIS2_PLACEMENT_3D('',#2185,#2186,#2187);
#2185 = CARTESIAN_POINT('',(54.575,-8.125,0.));
#2186 = DIRECTION('',(0.,-1.,0.));
#2187 = DIRECTION('',(-1.,0.,0.));
#2188 = DEFINITIONAL_REPRESENTATION('',(#2189),#2192);
#2189 = B_SPLINE_CURVE_WITH_KNOTS('',1,(#2190,#2191),.UNSPECIFIED.,.F.,
  .F.,(2,2),(26.1375,64.8875),.PIECEWISE_BEZIER_KNOTS.);
#2190 = CARTESIAN_POINT('',(38.75,1.5));
#2191 = CARTESIAN_POINT('',(0.,1.5));
#2192 = ( GEOMETRIC_REPRESENTATION_CONTEXT(2) 
PARAMETRIC_REPRESENTATION_CONTEXT() REPRESENTATION_CONTEXT('2D SPACE',''
  ) );
#2193 = ORIENTED_EDGE('',*,*,#2194,.T.);
#2194 = EDGE_CURVE('',#2169,#2110,#2195,.T.);
#2195 = SURFACE_CURVE('',#2196,(#2201,#2212),.PCURVE_S1.);
#2196 = CIRCLE('',#2197,0.625);
#2197 = AXIS2_PLACEMENT_3D('',#2198,#2199,#2200);
#2198 = CARTESIAN_POINT('',(15.825,-7.5,-1.5));
#2199 = DIRECTION('',(0.,-0.,-1.));
#2200 = DIRECTION('',(0.,-1.,0.));
#2201 = PCURVE('',#72,#2202);
#2202 = DEFINITIONAL_REPRESENTATION('',(#2203),#2211);
#2203 = ( BOUNDED_CURVE() B_SPLINE_CURVE(2,(#2204,#2205,#2206,#2207,
#2208,#2209,#2210),.UNSPECIFIED.,.T.,.F.) B_SPLINE_CURVE_WITH_KNOTS((1,2
    ,2,2,2,1),(-2.094395102393,0.,2.094395102393,4.188790204786,
6.28318530718,8.377580409573),.UNSPECIFIED.) CURVE() 
GEOMETRIC_REPRESENTATION_ITEM() RATIONAL_B_SPLINE_CURVE((1.,0.5,1.,0.5,
1.,0.5,1.)) REPRESENTATION_ITEM('') );
#2204 = CARTESIAN_POINT('',(91.025,6.875));
#2205 = CARTESIAN_POINT('',(89.942468245269,6.875));
#2206 = CARTESIAN_POINT('',(90.483734122635,7.8125));
#2207 = CARTESIAN_POINT('',(91.025,8.75));
#2208 = CARTESIAN_POINT('',(91.566265877365,7.8125));
#2209 = CARTESIAN_POINT('',(92.107531754731,6.875));
#2210 = CARTESIAN_POINT('',(91.025,6.875));
#2211 = ( GEOMETRIC_REPRESENTATION_CONTEXT(2) 
PARAMETRIC_REPRESENTATION_CONTEXT() REPRESENTATION_CONTEXT('2D SPACE',''
  ) );
#2212 = PCURVE('',#2213,#2218);
#2213 = CYLINDRICAL_SURFACE('',#2214,0.625);
#2214 = AXIS2_PLACEMENT_3D('',#2215,#2216,#2217);
#2215 = CARTESIAN_POINT('',(15.825,-7.5,0.));
#2216 = DIRECTION('',(0.,-0.,-1.));
#2217 = DIRECTION('',(0.,-1.,0.));
#2218 = DEFINITIONAL_REPRESENTATION('',(#2219),#2223);
#2219 = LINE('',#2220,#2221);
#2220 = CARTESIAN_POINT('',(0.,1.5));
#2221 = VECTOR('',#2222,1.);
#2222 = DIRECTION('',(1.,0.));
#2223 = ( GEOMETRIC_REPRESENTATION_CONTEXT(2) 
PARAMETRIC_REPRESENTATION_CONTEXT() REPRESENTATION_CONTEXT('2D SPACE',''
  ) );
#2224 = FACE_BOUND('',#2225,.F.);
#2225 = EDGE_LOOP('',(#2226,#2254,#2287,#2313));
#2226 = ORIENTED_EDGE('',*,*,#2227,.F.);
#2227 = EDGE_CURVE('',#2228,#2230,#2232,.T.);
#2228 = VERTEX_POINT('',#2229);
#2229 = CARTESIAN_POINT('',(54.575,-3.125,-1.5));
#2230 = VERTEX_POINT('',#2231);
#2231 = CARTESIAN_POINT('',(15.825,-3.125,-1.5));
#2232 = SURFACE_CURVE('',#2233,(#2237,#2243),.PCURVE_S1.);
#2233 = LINE('',#2234,#2235);
#2234 = CARTESIAN_POINT('',(-29.6875,-3.125,-1.5));
#2235 = VECTOR('',#2236,1.);
#2236 = DIRECTION('',(-1.,0.,0.));
#2237 = PCURVE('',#72,#2238);
#2238 = DEFINITIONAL_REPRESENTATION('',(#2239),#2242);
#2239 = B_SPLINE_CURVE_WITH_KNOTS('',1,(#2240,#2241),.UNSPECIFIED.,.F.,
  .F.,(2,2),(-84.2625,-45.5125),.PIECEWISE_BEZIER_KNOTS.);
#2240 = CARTESIAN_POINT('',(129.775,11.875));
#2241 = CARTESIAN_POINT('',(91.025,11.875));
#2242 = ( GEOMETRIC_REPRESENTATION_CONTEXT(2) 
PARAMETRIC_REPRESENTATION_CONTEXT() REPRESENTATION_CONTEXT('2D SPACE',''
  ) );
#2243 = PCURVE('',#2244,#2249);
#2244 = PLANE('',#2245);
#2245 = AXIS2_PLACEMENT_3D('',#2246,#2247,#2248);
#2246 = CARTESIAN_POINT('',(15.825,-3.125,0.));
#2247 = DIRECTION('',(0.,1.,0.));
#2248 = DIRECTION('',(1.,0.,0.));
#2249 = DEFINITIONAL_REPRESENTATION('',(#2250),#2253);
#2250 = B_SPLINE_CURVE_WITH_KNOTS('',1,(#2251,#2252),.UNSPECIFIED.,.F.,
  .F.,(2,2),(-84.2625,-45.5125),.PIECEWISE_BEZIER_KNOTS.);
#2251 = CARTESIAN_POINT('',(38.75,1.5));
#2252 = CARTESIAN_POINT('',(0.,1.5));
#2253 = ( GEOMETRIC_REPRESENTATION_CONTEXT(2) 
PARAMETRIC_REPRESENTATION_CONTEXT() REPRESENTATION_CONTEXT('2D SPACE',''
  ) );
#2254 = ORIENTED_EDGE('',*,*,#2255,.T.);
#2255 = EDGE_CURVE('',#2228,#2256,#2258,.T.);
#2256 = VERTEX_POINT('',#2257);
#2257 = CARTESIAN_POINT('',(54.575,-4.375,-1.5));
#2258 = SURFACE_CURVE('',#2259,(#2264,#2275),.PCURVE_S1.);
#2259 = CIRCLE('',#2260,0.625);
#2260 = AXIS2_PLACEMENT_3D('',#2261,#2262,#2263);
#2261 = CARTESIAN_POINT('',(54.575,-3.75,-1.5));
#2262 = DIRECTION('',(0.,0.,-1.));
#2263 = DIRECTION('',(0.,1.,0.));
#2264 = PCURVE('',#72,#2265);
#2265 = DEFINITIONAL_REPRESENTATION('',(#2266),#2274);
#2266 = ( BOUNDED_CURVE() B_SPLINE_CURVE(2,(#2267,#2268,#2269,#2270,
#2271,#2272,#2273),.UNSPECIFIED.,.T.,.F.) B_SPLINE_CURVE_WITH_KNOTS((1,2
    ,2,2,2,1),(-2.094395102393,0.,2.094395102393,4.188790204786,
6.28318530718,8.377580409573),.UNSPECIFIED.) CURVE() 
GEOMETRIC_REPRESENTATION_ITEM() RATIONAL_B_SPLINE_CURVE((1.,0.5,1.,0.5,
1.,0.5,1.)) REPRESENTATION_ITEM('') );
#2267 = CARTESIAN_POINT('',(129.775,11.875));
#2268 = CARTESIAN_POINT('',(130.85753175473,11.875));
#2269 = CARTESIAN_POINT('',(130.31626587736,10.9375));
#2270 = CARTESIAN_POINT('',(129.775,10.));
#2271 = CARTESIAN_POINT('',(129.23373412263,10.9375));
#2272 = CARTESIAN_POINT('',(128.69246824526,11.875));
#2273 = CARTESIAN_POINT('',(129.775,11.875));
#2274 = ( GEOMETRIC_REPRESENTATION_CONTEXT(2) 
PARAMETRIC_REPRESENTATION_CONTEXT() REPRESENTATION_CONTEXT('2D SPACE',''
  ) );
#2275 = PCURVE('',#2276,#2281);
#2276 = CYLINDRICAL_SURFACE('',#2277,0.625);
#2277 = AXIS2_PLACEMENT_3D('',#2278,#2279,#2280);
#2278 = CARTESIAN_POINT('',(54.575,-3.75,0.));
#2279 = DIRECTION('',(0.,0.,-1.));
#2280 = DIRECTION('',(0.,1.,0.));
#2281 = DEFINITIONAL_REPRESENTATION('',(#2282),#2286);
#2282 = LINE('',#2283,#2284);
#2283 = CARTESIAN_POINT('',(0.,1.5));
#2284 = VECTOR('',#2285,1.);
#2285 = DIRECTION('',(1.,0.));
#2286 = ( GEOMETRIC_REPRESENTATION_CONTEXT(2) 
PARAMETRIC_REPRESENTATION_CONTEXT() REPRESENTATION_CONTEXT('2D SPACE',''
  ) );
#2287 = ORIENTED_EDGE('',*,*,#2288,.F.);
#2288 = EDGE_CURVE('',#2289,#2256,#2291,.T.);
#2289 = VERTEX_POINT('',#2290);
#2290 = CARTESIAN_POINT('',(15.825,-4.375,-1.5));
#2291 = SURFACE_CURVE('',#2292,(#2296,#2302),.PCURVE_S1.);
#2292 = LINE('',#2293,#2294);
#2293 = CARTESIAN_POINT('',(-10.3125,-4.375,-1.5));
#2294 = VECTOR('',#2295,1.);
#2295 = DIRECTION('',(1.,0.,-0.));
#2296 = PCURVE('',#72,#2297);
#2297 = DEFINITIONAL_REPRESENTATION('',(#2298),#2301);
#2298 = B_SPLINE_CURVE_WITH_KNOTS('',1,(#2299,#2300),.UNSPECIFIED.,.F.,
  .F.,(2,2),(26.1375,64.8875),.PIECEWISE_BEZIER_KNOTS.);
#2299 = CARTESIAN_POINT('',(91.025,10.625));
#2300 = CARTESIAN_POINT('',(129.775,10.625));
#2301 = ( GEOMETRIC_REPRESENTATION_CONTEXT(2) 
PARAMETRIC_REPRESENTATION_CONTEXT() REPRESENTATION_CONTEXT('2D SPACE',''
  ) );
#2302 = PCURVE('',#2303,#2308);
#2303 = PLANE('',#2304);
#2304 = AXIS2_PLACEMENT_3D('',#2305,#2306,#2307);
#2305 = CARTESIAN_POINT('',(54.575,-4.375,0.));
#2306 = DIRECTION('',(0.,-1.,0.));
#2307 = DIRECTION('',(-1.,0.,0.));
#2308 = DEFINITIONAL_REPRESENTATION('',(#2309),#2312);
#2309 = B_SPLINE_CURVE_WITH_KNOTS('',1,(#2310,#2311),.UNSPECIFIED.,.F.,
  .F.,(2,2),(26.1375,64.8875),.PIECEWISE_BEZIER_KNOTS.);
#2310 = CARTESIAN_POINT('',(38.75,1.5));
#2311 = CARTESIAN_POINT('',(0.,1.5));
#2312 = ( GEOMETRIC_REPRESENTATION_CONTEXT(2) 
PARAMETRIC_REPRESENTATION_CONTEXT() REPRESENTATION_CONTEXT('2D SPACE',''
  ) );
#2313 = ORIENTED_EDGE('',*,*,#2314,.T.);
#2314 = EDGE_CURVE('',#2289,#2230,#2315,.T.);
#2315 = SURFACE_CURVE('',#2316,(#2321,#2332),.PCURVE_S1.);
#2316 = CIRCLE('',#2317,0.625);
#2317 = AXIS2_PLACEMENT_3D('',#2318,#2319,#2320);
#2318 = CARTESIAN_POINT('',(15.825,-3.75,-1.5));
#2319 = DIRECTION('',(0.,-0.,-1.));
#2320 = DIRECTION('',(0.,-1.,0.));
#2321 = PCURVE('',#72,#2322);
#2322 = DEFINITIONAL_REPRESENTATION('',(#2323),#2331);
#2323 = ( BOUNDED_CURVE() B_SPLINE_CURVE(2,(#2324,#2325,#2326,#2327,
#2328,#2329,#2330),.UNSPECIFIED.,.T.,.F.) B_SPLINE_CURVE_WITH_KNOTS((1,2
    ,2,2,2,1),(-2.094395102393,0.,2.094395102393,4.188790204786,
6.28318530718,8.377580409573),.UNSPECIFIED.) CURVE() 
GEOMETRIC_REPRESENTATION_ITEM() RATIONAL_B_SPLINE_CURVE((1.,0.5,1.,0.5,
1.,0.5,1.)) REPRESENTATION_ITEM('') );
#2324 = CARTESIAN_POINT('',(91.025,10.625));
#2325 = CARTESIAN_POINT('',(89.942468245269,10.625));
#2326 = CARTESIAN_POINT('',(90.483734122635,11.5625));
#2327 = CARTESIAN_POINT('',(91.025,12.5));
#2328 = CARTESIAN_POINT('',(91.566265877365,11.5625));
#2329 = CARTESIAN_POINT('',(92.107531754731,10.625));
#2330 = CARTESIAN_POINT('',(91.025,10.625));
#2331 = ( GEOMETRIC_REPRESENTATION_CONTEXT(2) 
PARAMETRIC_REPRESENTATION_CONTEXT() REPRESENTATION_CONTEXT('2D SPACE',''
  ) );
#2332 = PCURVE('',#2333,#2338);
#2333 = CYLINDRICAL_SURFACE('',#2334,0.625);
#2334 = AXIS2_PLACEMENT_3D('',#2335,#2336,#2337);
#2335 = CARTESIAN_POINT('',(15.825,-3.75,0.));
#2336 = DIRECTION('',(0.,-0.,-1.));
#2337 = DIRECTION('',(0.,-1.,0.));
#2338 = DEFINITIONAL_REPRESENTATION('',(#2339),#2343);
#2339 = LINE('',#2340,#2341);
#2340 = CARTESIAN_POINT('',(0.,1.5));
#2341 = VECTOR('',#2342,1.);
#2342 = DIRECTION('',(1.,0.));
#2343 = ( GEOMETRIC_REPRESENTATION_CONTEXT(2) 
PARAMETRIC_REPRESENTATION_CONTEXT() REPRESENTATION_CONTEXT('2D SPACE',''
  ) );
#2344 = FACE_BOUND('',#2345,.F.);
#2345 = EDGE_LOOP('',(#2346,#2374,#2407,#2433));
#2346 = ORIENTED_EDGE('',*,*,#2347,.F.);
#2347 = EDGE_CURVE('',#2348,#2350,#2352,.T.);
#2348 = VERTEX_POINT('',#2349);
#2349 = CARTESIAN_POINT('',(-15.825,0.625,-1.5));
#2350 = VERTEX_POINT('',#2351);
#2351 = CARTESIAN_POINT('',(-54.575,0.625,-1.5));
#2352 = SURFACE_CURVE('',#2353,(#2357,#2363),.PCURVE_S1.);
#2353 = LINE('',#2354,#2355);
#2354 = CARTESIAN_POINT('',(-64.8875,0.625,-1.5));
#2355 = VECTOR('',#2356,1.);
#2356 = DIRECTION('',(-1.,0.,0.));
#2357 = PCURVE('',#72,#2358);
#2358 = DEFINITIONAL_REPRESENTATION('',(#2359),#2362);
#2359 = B_SPLINE_CURVE_WITH_KNOTS('',1,(#2360,#2361),.UNSPECIFIED.,.F.,
  .F.,(2,2),(-49.0625,-10.3125),.PIECEWISE_BEZIER_KNOTS.);
#2360 = CARTESIAN_POINT('',(59.375,15.625));
#2361 = CARTESIAN_POINT('',(20.625,15.625));
#2362 = ( GEOMETRIC_REPRESENTATION_CONTEXT(2) 
PARAMETRIC_REPRESENTATION_CONTEXT() REPRESENTATION_CONTEXT('2D SPACE',''
  ) );
#2363 = PCURVE('',#2364,#2369);
#2364 = PLANE('',#2365);
#2365 = AXIS2_PLACEMENT_3D('',#2366,#2367,#2368);
#2366 = CARTESIAN_POINT('',(-54.575,0.625,0.));
#2367 = DIRECTION('',(0.,1.,0.));
#2368 = DIRECTION('',(1.,0.,0.));
#2369 = DEFINITIONAL_REPRESENTATION('',(#2370),#2373);
#2370 = B_SPLINE_CURVE_WITH_KNOTS('',1,(#2371,#2372),.UNSPECIFIED.,.F.,
  .F.,(2,2),(-49.0625,-10.3125),.PIECEWISE_BEZIER_KNOTS.);
#2371 = CARTESIAN_POINT('',(38.75,1.5));
#2372 = CARTESIAN_POINT('',(0.,1.5));
#2373 = ( GEOMETRIC_REPRESENTATION_CONTEXT(2) 
PARAMETRIC_REPRESENTATION_CONTEXT() REPRESENTATION_CONTEXT('2D SPACE',''
  ) );
#2374 = ORIENTED_EDGE('',*,*,#2375,.T.);
#2375 = EDGE_CURVE('',#2348,#2376,#2378,.T.);
#2376 = VERTEX_POINT('',#2377);
#2377 = CARTESIAN_POINT('',(-15.825,-0.625,-1.5));
#2378 = SURFACE_CURVE('',#2379,(#2384,#2395),.PCURVE_S1.);
#2379 = CIRCLE('',#2380,0.625);
#2380 = AXIS2_PLACEMENT_3D('',#2381,#2382,#2383);
#2381 = CARTESIAN_POINT('',(-15.825,-5.551115123126E-17,-1.5));
#2382 = DIRECTION('',(0.,0.,-1.));
#2383 = DIRECTION('',(0.,1.,0.));
#2384 = PCURVE('',#72,#2385);
#2385 = DEFINITIONAL_REPRESENTATION('',(#2386),#2394);
#2386 = ( BOUNDED_CURVE() B_SPLINE_CURVE(2,(#2387,#2388,#2389,#2390,
#2391,#2392,#2393),.UNSPECIFIED.,.T.,.F.) B_SPLINE_CURVE_WITH_KNOTS((1,2
    ,2,2,2,1),(-2.094395102393,0.,2.094395102393,4.188790204786,
6.28318530718,8.377580409573),.UNSPECIFIED.) CURVE() 
GEOMETRIC_REPRESENTATION_ITEM() RATIONAL_B_SPLINE_CURVE((1.,0.5,1.,0.5,
1.,0.5,1.)) REPRESENTATION_ITEM('') );
#2387 = CARTESIAN_POINT('',(59.375,15.625));
#2388 = CARTESIAN_POINT('',(60.457531754731,15.625));
#2389 = CARTESIAN_POINT('',(59.916265877365,14.6875));
#2390 = CARTESIAN_POINT('',(59.375,13.75));
#2391 = CARTESIAN_POINT('',(58.833734122635,14.6875));
#2392 = CARTESIAN_POINT('',(58.292468245269,15.625));
#2393 = CARTESIAN_POINT('',(59.375,15.625));
#2394 = ( GEOMETRIC_REPRESENTATION_CONTEXT(2) 
PARAMETRIC_REPRESENTATION_CONTEXT() REPRESENTATION_CONTEXT('2D SPACE',''
  ) );
#2395 = PCURVE('',#2396,#2401);
#2396 = CYLINDRICAL_SURFACE('',#2397,0.625);
#2397 = AXIS2_PLACEMENT_3D('',#2398,#2399,#2400);
#2398 = CARTESIAN_POINT('',(-15.825,-5.551115123126E-17,0.));
#2399 = DIRECTION('',(0.,0.,-1.));
#2400 = DIRECTION('',(0.,1.,0.));
#2401 = DEFINITIONAL_REPRESENTATION('',(#2402),#2406);
#2402 = LINE('',#2403,#2404);
#2403 = CARTESIAN_POINT('',(0.,1.5));
#2404 = VECTOR('',#2405,1.);
#2405 = DIRECTION('',(1.,0.));
#2406 = ( GEOMETRIC_REPRESENTATION_CONTEXT(2) 
PARAMETRIC_REPRESENTATION_CONTEXT() REPRESENTATION_CONTEXT('2D SPACE',''
  ) );
#2407 = ORIENTED_EDGE('',*,*,#2408,.F.);
#2408 = EDGE_CURVE('',#2409,#2376,#2411,.T.);
#2409 = VERTEX_POINT('',#2410);
#2410 = CARTESIAN_POINT('',(-54.575,-0.625,-1.5));
#2411 = SURFACE_CURVE('',#2412,(#2416,#2422),.PCURVE_S1.);
#2412 = LINE('',#2413,#2414);
#2413 = CARTESIAN_POINT('',(-45.5125,-0.625,-1.5));
#2414 = VECTOR('',#2415,1.);
#2415 = DIRECTION('',(1.,0.,-0.));
#2416 = PCURVE('',#72,#2417);
#2417 = DEFINITIONAL_REPRESENTATION('',(#2418),#2421);
#2418 = B_SPLINE_CURVE_WITH_KNOTS('',1,(#2419,#2420),.UNSPECIFIED.,.F.,
  .F.,(2,2),(-9.0625,29.6875),.PIECEWISE_BEZIER_KNOTS.);
#2419 = CARTESIAN_POINT('',(20.625,14.375));
#2420 = CARTESIAN_POINT('',(59.375,14.375));
#2421 = ( GEOMETRIC_REPRESENTATION_CONTEXT(2) 
PARAMETRIC_REPRESENTATION_CONTEXT() REPRESENTATION_CONTEXT('2D SPACE',''
  ) );
#2422 = PCURVE('',#2423,#2428);
#2423 = PLANE('',#2424);
#2424 = AXIS2_PLACEMENT_3D('',#2425,#2426,#2427);
#2425 = CARTESIAN_POINT('',(-15.825,-0.625,0.));
#2426 = DIRECTION('',(0.,-1.,0.));
#2427 = DIRECTION('',(-1.,0.,0.));
#2428 = DEFINITIONAL_REPRESENTATION('',(#2429),#2432);
#2429 = B_SPLINE_CURVE_WITH_KNOTS('',1,(#2430,#2431),.UNSPECIFIED.,.F.,
  .F.,(2,2),(-9.0625,29.6875),.PIECEWISE_BEZIER_KNOTS.);
#2430 = CARTESIAN_POINT('',(38.75,1.5));
#2431 = CARTESIAN_POINT('',(0.,1.5));
#2432 = ( GEOMETRIC_REPRESENTATION_CONTEXT(2) 
PARAMETRIC_REPRESENTATION_CONTEXT() REPRESENTATION_CONTEXT('2D SPACE',''
  ) );
#2433 = ORIENTED_EDGE('',*,*,#2434,.T.);
#2434 = EDGE_CURVE('',#2409,#2350,#2435,.T.);
#2435 = SURFACE_CURVE('',#2436,(#2441,#2452),.PCURVE_S1.);
#2436 = CIRCLE('',#2437,0.625);
#2437 = AXIS2_PLACEMENT_3D('',#2438,#2439,#2440);
#2438 = CARTESIAN_POINT('',(-54.575,5.551115123126E-17,-1.5));
#2439 = DIRECTION('',(0.,-0.,-1.));
#2440 = DIRECTION('',(0.,-1.,0.));
#2441 = PCURVE('',#72,#2442);
#2442 = DEFINITIONAL_REPRESENTATION('',(#2443),#2451);
#2443 = ( BOUNDED_CURVE() B_SPLINE_CURVE(2,(#2444,#2445,#2446,#2447,
#2448,#2449,#2450),.UNSPECIFIED.,.T.,.F.) B_SPLINE_CURVE_WITH_KNOTS((1,2
    ,2,2,2,1),(-2.094395102393,0.,2.094395102393,4.188790204786,
6.28318530718,8.377580409573),.UNSPECIFIED.) CURVE() 
GEOMETRIC_REPRESENTATION_ITEM() RATIONAL_B_SPLINE_CURVE((1.,0.5,1.,0.5,
1.,0.5,1.)) REPRESENTATION_ITEM('') );
#2444 = CARTESIAN_POINT('',(20.625,14.375));
#2445 = CARTESIAN_POINT('',(19.542468245269,14.375));
#2446 = CARTESIAN_POINT('',(20.083734122635,15.3125));
#2447 = CARTESIAN_POINT('',(20.625,16.25));
#2448 = CARTESIAN_POINT('',(21.166265877365,15.3125));
#2449 = CARTESIAN_POINT('',(21.707531754731,14.375));
#2450 = CARTESIAN_POINT('',(20.625,14.375));
#2451 = ( GEOMETRIC_REPRESENTATION_CONTEXT(2) 
PARAMETRIC_REPRESENTATION_CONTEXT() REPRESENTATION_CONTEXT('2D SPACE',''
  ) );
#2452 = PCURVE('',#2453,#2458);
#2453 = CYLINDRICAL_SURFACE('',#2454,0.625);
#2454 = AXIS2_PLACEMENT_3D('',#2455,#2456,#2457);
#2455 = CARTESIAN_POINT('',(-54.575,5.551115123126E-17,0.));
#2456 = DIRECTION('',(0.,-0.,-1.));
#2457 = DIRECTION('',(0.,-1.,0.));
#2458 = DEFINITIONAL_REPRESENTATION('',(#2459),#2463);
#2459 = LINE('',#2460,#2461);
#2460 = CARTESIAN_POINT('',(0.,1.5));
#2461 = VECTOR('',#2462,1.);
#2462 = DIRECTION('',(1.,0.));
#2463 = ( GEOMETRIC_REPRESENTATION_CONTEXT(2) 
PARAMETRIC_REPRESENTATION_CONTEXT() REPRESENTATION_CONTEXT('2D SPACE',''
  ) );
#2464 = FACE_BOUND('',#2465,.F.);
#2465 = EDGE_LOOP('',(#2466,#2494,#2527,#2553));
#2466 = ORIENTED_EDGE('',*,*,#2467,.F.);
#2467 = EDGE_CURVE('',#2468,#2470,#2472,.T.);
#2468 = VERTEX_POINT('',#2469);
#2469 = CARTESIAN_POINT('',(-15.825,4.375,-1.5));
#2470 = VERTEX_POINT('',#2471);
#2471 = CARTESIAN_POINT('',(-54.575,4.375,-1.5));
#2472 = SURFACE_CURVE('',#2473,(#2477,#2483),.PCURVE_S1.);
#2473 = LINE('',#2474,#2475);
#2474 = CARTESIAN_POINT('',(-64.8875,4.375,-1.5));
#2475 = VECTOR('',#2476,1.);
#2476 = DIRECTION('',(-1.,0.,0.));
#2477 = PCURVE('',#72,#2478);
#2478 = DEFINITIONAL_REPRESENTATION('',(#2479),#2482);
#2479 = B_SPLINE_CURVE_WITH_KNOTS('',1,(#2480,#2481),.UNSPECIFIED.,.F.,
  .F.,(2,2),(-49.0625,-10.3125),.PIECEWISE_BEZIER_KNOTS.);
#2480 = CARTESIAN_POINT('',(59.375,19.375));
#2481 = CARTESIAN_POINT('',(20.625,19.375));
#2482 = ( GEOMETRIC_REPRESENTATION_CONTEXT(2) 
PARAMETRIC_REPRESENTATION_CONTEXT() REPRESENTATION_CONTEXT('2D SPACE',''
  ) );
#2483 = PCURVE('',#2484,#2489);
#2484 = PLANE('',#2485);
#2485 = AXIS2_PLACEMENT_3D('',#2486,#2487,#2488);
#2486 = CARTESIAN_POINT('',(-54.575,4.375,0.));
#2487 = DIRECTION('',(0.,1.,0.));
#2488 = DIRECTION('',(1.,0.,0.));
#2489 = DEFINITIONAL_REPRESENTATION('',(#2490),#2493);
#2490 = B_SPLINE_CURVE_WITH_KNOTS('',1,(#2491,#2492),.UNSPECIFIED.,.F.,
  .F.,(2,2),(-49.0625,-10.3125),.PIECEWISE_BEZIER_KNOTS.);
#2491 = CARTESIAN_POINT('',(38.75,1.5));
#2492 = CARTESIAN_POINT('',(0.,1.5));
#2493 = ( GEOMETRIC_REPRESENTATION_CONTEXT(2) 
PARAMETRIC_REPRESENTATION_CONTEXT() REPRESENTATION_CONTEXT('2D SPACE',''
  ) );
#2494 = ORIENTED_EDGE('',*,*,#2495,.T.);
#2495 = EDGE_CURVE('',#2468,#2496,#2498,.T.);
#2496 = VERTEX_POINT('',#2497);
#2497 = CARTESIAN_POINT('',(-15.825,3.125,-1.5));
#2498 = SURFACE_CURVE('',#2499,(#2504,#2515),.PCURVE_S1.);
#2499 = CIRCLE('',#2500,0.625);
#2500 = AXIS2_PLACEMENT_3D('',#2501,#2502,#2503);
#2501 = CARTESIAN_POINT('',(-15.825,3.75,-1.5));
#2502 = DIRECTION('',(0.,0.,-1.));
#2503 = DIRECTION('',(0.,1.,0.));
#2504 = PCURVE('',#72,#2505);
#2505 = DEFINITIONAL_REPRESENTATION('',(#2506),#2514);
#2506 = ( BOUNDED_CURVE() B_SPLINE_CURVE(2,(#2507,#2508,#2509,#2510,
#2511,#2512,#2513),.UNSPECIFIED.,.T.,.F.) B_SPLINE_CURVE_WITH_KNOTS((1,2
    ,2,2,2,1),(-2.094395102393,0.,2.094395102393,4.188790204786,
6.28318530718,8.377580409573),.UNSPECIFIED.) CURVE() 
GEOMETRIC_REPRESENTATION_ITEM() RATIONAL_B_SPLINE_CURVE((1.,0.5,1.,0.5,
1.,0.5,1.)) REPRESENTATION_ITEM('') );
#2507 = CARTESIAN_POINT('',(59.375,19.375));
#2508 = CARTESIAN_POINT('',(60.457531754731,19.375));
#2509 = CARTESIAN_POINT('',(59.916265877365,18.4375));
#2510 = CARTESIAN_POINT('',(59.375,17.5));
#2511 = CARTESIAN_POINT('',(58.833734122635,18.4375));
#2512 = CARTESIAN_POINT('',(58.292468245269,19.375));
#2513 = CARTESIAN_POINT('',(59.375,19.375));
#2514 = ( GEOMETRIC_REPRESENTATION_CONTEXT(2) 
PARAMETRIC_REPRESENTATION_CONTEXT() REPRESENTATION_CONTEXT('2D SPACE',''
  ) );
#2515 = PCURVE('',#2516,#2521);
#2516 = CYLINDRICAL_SURFACE('',#2517,0.625);
#2517 = AXIS2_PLACEMENT_3D('',#2518,#2519,#2520);
#2518 = CARTESIAN_POINT('',(-15.825,3.75,0.));
#2519 = DIRECTION('',(0.,0.,-1.));
#2520 = DIRECTION('',(0.,1.,0.));
#2521 = DEFINITIONAL_REPRESENTATION('',(#2522),#2526);
#2522 = LINE('',#2523,#2524);
#2523 = CARTESIAN_POINT('',(0.,1.5));
#2524 = VECTOR('',#2525,1.);
#2525 = DIRECTION('',(1.,0.));
#2526 = ( GEOMETRIC_REPRESENTATION_CONTEXT(2) 
PARAMETRIC_REPRESENTATION_CONTEXT() REPRESENTATION_CONTEXT('2D SPACE',''
  ) );
#2527 = ORIENTED_EDGE('',*,*,#2528,.F.);
#2528 = EDGE_CURVE('',#2529,#2496,#2531,.T.);
#2529 = VERTEX_POINT('',#2530);
#2530 = CARTESIAN_POINT('',(-54.575,3.125,-1.5));
#2531 = SURFACE_CURVE('',#2532,(#2536,#2542),.PCURVE_S1.);
#2532 = LINE('',#2533,#2534);
#2533 = CARTESIAN_POINT('',(-45.5125,3.125,-1.5));
#2534 = VECTOR('',#2535,1.);
#2535 = DIRECTION('',(1.,0.,-0.));
#2536 = PCURVE('',#72,#2537);
#2537 = DEFINITIONAL_REPRESENTATION('',(#2538),#2541);
#2538 = B_SPLINE_CURVE_WITH_KNOTS('',1,(#2539,#2540),.UNSPECIFIED.,.F.,
  .F.,(2,2),(-9.0625,29.6875),.PIECEWISE_BEZIER_KNOTS.);
#2539 = CARTESIAN_POINT('',(20.625,18.125));
#2540 = CARTESIAN_POINT('',(59.375,18.125));
#2541 = ( GEOMETRIC_REPRESENTATION_CONTEXT(2) 
PARAMETRIC_REPRESENTATION_CONTEXT() REPRESENTATION_CONTEXT('2D SPACE',''
  ) );
#2542 = PCURVE('',#2543,#2548);
#2543 = PLANE('',#2544);
#2544 = AXIS2_PLACEMENT_3D('',#2545,#2546,#2547);
#2545 = CARTESIAN_POINT('',(-15.825,3.125,0.));
#2546 = DIRECTION('',(0.,-1.,0.));
#2547 = DIRECTION('',(-1.,0.,0.));
#2548 = DEFINITIONAL_REPRESENTATION('',(#2549),#2552);
#2549 = B_SPLINE_CURVE_WITH_KNOTS('',1,(#2550,#2551),.UNSPECIFIED.,.F.,
  .F.,(2,2),(-9.0625,29.6875),.PIECEWISE_BEZIER_KNOTS.);
#2550 = CARTESIAN_POINT('',(38.75,1.5));
#2551 = CARTESIAN_POINT('',(0.,1.5));
#2552 = ( GEOMETRIC_REPRESENTATION_CONTEXT(2) 
PARAMETRIC_REPRESENTATION_CONTEXT() REPRESENTATION_CONTEXT('2D SPACE',''
  ) );
#2553 = ORIENTED_EDGE('',*,*,#2554,.T.);
#2554 = EDGE_CURVE('',#2529,#2470,#2555,.T.);
#2555 = SURFACE_CURVE('',#2556,(#2561,#2572),.PCURVE_S1.);
#2556 = CIRCLE('',#2557,0.625);
#2557 = AXIS2_PLACEMENT_3D('',#2558,#2559,#2560);
#2558 = CARTESIAN_POINT('',(-54.575,3.75,-1.5));
#2559 = DIRECTION('',(0.,-0.,-1.));
#2560 = DIRECTION('',(0.,-1.,0.));
#2561 = PCURVE('',#72,#2562);
#2562 = DEFINITIONAL_REPRESENTATION('',(#2563),#2571);
#2563 = ( BOUNDED_CURVE() B_SPLINE_CURVE(2,(#2564,#2565,#2566,#2567,
#2568,#2569,#2570),.UNSPECIFIED.,.T.,.F.) B_SPLINE_CURVE_WITH_KNOTS((1,2
    ,2,2,2,1),(-2.094395102393,0.,2.094395102393,4.188790204786,
6.28318530718,8.377580409573),.UNSPECIFIED.) CURVE() 
GEOMETRIC_REPRESENTATION_ITEM() RATIONAL_B_SPLINE_CURVE((1.,0.5,1.,0.5,
1.,0.5,1.)) REPRESENTATION_ITEM('') );
#2564 = CARTESIAN_POINT('',(20.625,18.125));
#2565 = CARTESIAN_POINT('',(19.542468245269,18.125));
#2566 = CARTESIAN_POINT('',(20.083734122635,19.0625));
#2567 = CARTESIAN_POINT('',(20.625,20.));
#2568 = CARTESIAN_POINT('',(21.166265877365,19.0625));
#2569 = CARTESIAN_POINT('',(21.707531754731,18.125));
#2570 = CARTESIAN_POINT('',(20.625,18.125));
#2571 = ( GEOMETRIC_REPRESENTATION_CONTEXT(2) 
PARAMETRIC_REPRESENTATION_CONTEXT() REPRESENTATION_CONTEXT('2D SPACE',''
  ) );
#2572 = PCURVE('',#2573,#2578);
#2573 = CYLINDRICAL_SURFACE('',#2574,0.625);
#2574 = AXIS2_PLACEMENT_3D('',#2575,#2576,#2577);
#2575 = CARTESIAN_POINT('',(-54.575,3.75,0.));
#2576 = DIRECTION('',(0.,-0.,-1.));
#2577 = DIRECTION('',(0.,-1.,0.));
#2578 = DEFINITIONAL_REPRESENTATION('',(#2579),#2583);
#2579 = LINE('',#2580,#2581);
#2580 = CARTESIAN_POINT('',(0.,1.5));
#2581 = VECTOR('',#2582,1.);
#2582 = DIRECTION('',(1.,0.));
#2583 = ( GEOMETRIC_REPRESENTATION_CONTEXT(2) 
PARAMETRIC_REPRESENTATION_CONTEXT() REPRESENTATION_CONTEXT('2D SPACE',''
  ) );
#2584 = FACE_BOUND('',#2585,.F.);
#2585 = EDGE_LOOP('',(#2586,#2614,#2647,#2673));
#2586 = ORIENTED_EDGE('',*,*,#2587,.F.);
#2587 = EDGE_CURVE('',#2588,#2590,#2592,.T.);
#2588 = VERTEX_POINT('',#2589);
#2589 = CARTESIAN_POINT('',(-15.825,8.125,-1.5));
#2590 = VERTEX_POINT('',#2591);
#2591 = CARTESIAN_POINT('',(-54.575,8.125,-1.5));
#2592 = SURFACE_CURVE('',#2593,(#2597,#2603),.PCURVE_S1.);
#2593 = LINE('',#2594,#2595);
#2594 = CARTESIAN_POINT('',(-64.8875,8.125,-1.5));
#2595 = VECTOR('',#2596,1.);
#2596 = DIRECTION('',(-1.,0.,0.));
#2597 = PCURVE('',#72,#2598);
#2598 = DEFINITIONAL_REPRESENTATION('',(#2599),#2602);
#2599 = B_SPLINE_CURVE_WITH_KNOTS('',1,(#2600,#2601),.UNSPECIFIED.,.F.,
  .F.,(2,2),(-49.0625,-10.3125),.PIECEWISE_BEZIER_KNOTS.);
#2600 = CARTESIAN_POINT('',(59.375,23.125));
#2601 = CARTESIAN_POINT('',(20.625,23.125));
#2602 = ( GEOMETRIC_REPRESENTATION_CONTEXT(2) 
PARAMETRIC_REPRESENTATION_CONTEXT() REPRESENTATION_CONTEXT('2D SPACE',''
  ) );
#2603 = PCURVE('',#2604,#2609);
#2604 = PLANE('',#2605);
#2605 = AXIS2_PLACEMENT_3D('',#2606,#2607,#2608);
#2606 = CARTESIAN_POINT('',(-54.575,8.125,0.));
#2607 = DIRECTION('',(0.,1.,0.));
#2608 = DIRECTION('',(1.,0.,0.));
#2609 = DEFINITIONAL_REPRESENTATION('',(#2610),#2613);
#2610 = B_SPLINE_CURVE_WITH_KNOTS('',1,(#2611,#2612),.UNSPECIFIED.,.F.,
  .F.,(2,2),(-49.0625,-10.3125),.PIECEWISE_BEZIER_KNOTS.);
#2611 = CARTESIAN_POINT('',(38.75,1.5));
#2612 = CARTESIAN_POINT('',(0.,1.5));
#2613 = ( GEOMETRIC_REPRESENTATION_CONTEXT(2) 
PARAMETRIC_REPRESENTATION_CONTEXT() REPRESENTATION_CONTEXT('2D SPACE',''
  ) );
#2614 = ORIENTED_EDGE('',*,*,#2615,.T.);
#2615 = EDGE_CURVE('',#2588,#2616,#2618,.T.);
#2616 = VERTEX_POINT('',#2617);
#2617 = CARTESIAN_POINT('',(-15.825,6.875,-1.5));
#2618 = SURFACE_CURVE('',#2619,(#2624,#2635),.PCURVE_S1.);
#2619 = CIRCLE('',#2620,0.625);
#2620 = AXIS2_PLACEMENT_3D('',#2621,#2622,#2623);
#2621 = CARTESIAN_POINT('',(-15.825,7.5,-1.5));
#2622 = DIRECTION('',(0.,0.,-1.));
#2623 = DIRECTION('',(0.,1.,0.));
#2624 = PCURVE('',#72,#2625);
#2625 = DEFINITIONAL_REPRESENTATION('',(#2626),#2634);
#2626 = ( BOUNDED_CURVE() B_SPLINE_CURVE(2,(#2627,#2628,#2629,#2630,
#2631,#2632,#2633),.UNSPECIFIED.,.T.,.F.) B_SPLINE_CURVE_WITH_KNOTS((1,2
    ,2,2,2,1),(-2.094395102393,0.,2.094395102393,4.188790204786,
6.28318530718,8.377580409573),.UNSPECIFIED.) CURVE() 
GEOMETRIC_REPRESENTATION_ITEM() RATIONAL_B_SPLINE_CURVE((1.,0.5,1.,0.5,
1.,0.5,1.)) REPRESENTATION_ITEM('') );
#2627 = CARTESIAN_POINT('',(59.375,23.125));
#2628 = CARTESIAN_POINT('',(60.457531754731,23.125));
#2629 = CARTESIAN_POINT('',(59.916265877365,22.1875));
#2630 = CARTESIAN_POINT('',(59.375,21.25));
#2631 = CARTESIAN_POINT('',(58.833734122635,22.1875));
#2632 = CARTESIAN_POINT('',(58.292468245269,23.125));
#2633 = CARTESIAN_POINT('',(59.375,23.125));
#2634 = ( GEOMETRIC_REPRESENTATION_CONTEXT(2) 
PARAMETRIC_REPRESENTATION_CONTEXT() REPRESENTATION_CONTEXT('2D SPACE',''
  ) );
#2635 = PCURVE('',#2636,#2641);
#2636 = CYLINDRICAL_SURFACE('',#2637,0.625);
#2637 = AXIS2_PLACEMENT_3D('',#2638,#2639,#2640);
#2638 = CARTESIAN_POINT('',(-15.825,7.5,0.));
#2639 = DIRECTION('',(0.,0.,-1.));
#2640 = DIRECTION('',(0.,1.,0.));
#2641 = DEFINITIONAL_REPRESENTATION('',(#2642),#2646);
#2642 = LINE('',#2643,#2644);
#2643 = CARTESIAN_POINT('',(0.,1.5));
#2644 = VECTOR('',#2645,1.);
#2645 = DIRECTION('',(1.,0.));
#2646 = ( GEOMETRIC_REPRESENTATION_CONTEXT(2) 
PARAMETRIC_REPRESENTATION_CONTEXT() REPRESENTATION_CONTEXT('2D SPACE',''
  ) );
#2647 = ORIENTED_EDGE('',*,*,#2648,.F.);
#2648 = EDGE_CURVE('',#2649,#2616,#2651,.T.);
#2649 = VERTEX_POINT('',#2650);
#2650 = CARTESIAN_POINT('',(-54.575,6.875,-1.5));
#2651 = SURFACE_CURVE('',#2652,(#2656,#2662),.PCURVE_S1.);
#2652 = LINE('',#2653,#2654);
#2653 = CARTESIAN_POINT('',(-45.5125,6.875,-1.5));
#2654 = VECTOR('',#2655,1.);
#2655 = DIRECTION('',(1.,0.,-0.));
#2656 = PCURVE('',#72,#2657);
#2657 = DEFINITIONAL_REPRESENTATION('',(#2658),#2661);
#2658 = B_SPLINE_CURVE_WITH_KNOTS('',1,(#2659,#2660),.UNSPECIFIED.,.F.,
  .F.,(2,2),(-9.0625,29.6875),.PIECEWISE_BEZIER_KNOTS.);
#2659 = CARTESIAN_POINT('',(20.625,21.875));
#2660 = CARTESIAN_POINT('',(59.375,21.875));
#2661 = ( GEOMETRIC_REPRESENTATION_CONTEXT(2) 
PARAMETRIC_REPRESENTATION_CONTEXT() REPRESENTATION_CONTEXT('2D SPACE',''
  ) );
#2662 = PCURVE('',#2663,#2668);
#2663 = PLANE('',#2664);
#2664 = AXIS2_PLACEMENT_3D('',#2665,#2666,#2667);
#2665 = CARTESIAN_POINT('',(-15.825,6.875,0.));
#2666 = DIRECTION('',(0.,-1.,0.));
#2667 = DIRECTION('',(-1.,0.,0.));
#2668 = DEFINITIONAL_REPRESENTATION('',(#2669),#2672);
#2669 = B_SPLINE_CURVE_WITH_KNOTS('',1,(#2670,#2671),.UNSPECIFIED.,.F.,
  .F.,(2,2),(-9.0625,29.6875),.PIECEWISE_BEZIER_KNOTS.);
#2670 = CARTESIAN_POINT('',(38.75,1.5));
#2671 = CARTESIAN_POINT('',(0.,1.5));
#2672 = ( GEOMETRIC_REPRESENTATION_CONTEXT(2) 
PARAMETRIC_REPRESENTATION_CONTEXT() REPRESENTATION_CONTEXT('2D SPACE',''
  ) );
#2673 = ORIENTED_EDGE('',*,*,#2674,.T.);
#2674 = EDGE_CURVE('',#2649,#2590,#2675,.T.);
#2675 = SURFACE_CURVE('',#2676,(#2681,#2692),.PCURVE_S1.);
#2676 = CIRCLE('',#2677,0.625);
#2677 = AXIS2_PLACEMENT_3D('',#2678,#2679,#2680);
#2678 = CARTESIAN_POINT('',(-54.575,7.5,-1.5));
#2679 = DIRECTION('',(0.,-0.,-1.));
#2680 = DIRECTION('',(0.,-1.,0.));
#2681 = PCURVE('',#72,#2682);
#2682 = DEFINITIONAL_REPRESENTATION('',(#2683),#2691);
#2683 = ( BOUNDED_CURVE() B_SPLINE_CURVE(2,(#2684,#2685,#2686,#2687,
#2688,#2689,#2690),.UNSPECIFIED.,.T.,.F.) B_SPLINE_CURVE_WITH_KNOTS((1,2
    ,2,2,2,1),(-2.094395102393,0.,2.094395102393,4.188790204786,
6.28318530718,8.377580409573),.UNSPECIFIED.) CURVE() 
GEOMETRIC_REPRESENTATION_ITEM() RATIONAL_B_SPLINE_CURVE((1.,0.5,1.,0.5,
1.,0.5,1.)) REPRESENTATION_ITEM('') );
#2684 = CARTESIAN_POINT('',(20.625,21.875));
#2685 = CARTESIAN_POINT('',(19.542468245269,21.875));
#2686 = CARTESIAN_POINT('',(20.083734122635,22.8125));
#2687 = CARTESIAN_POINT('',(20.625,23.75));
#2688 = CARTESIAN_POINT('',(21.166265877365,22.8125));
#2689 = CARTESIAN_POINT('',(21.707531754731,21.875));
#2690 = CARTESIAN_POINT('',(20.625,21.875));
#2691 = ( GEOMETRIC_REPRESENTATION_CONTEXT(2) 
PARAMETRIC_REPRESENTATION_CONTEXT() REPRESENTATION_CONTEXT('2D SPACE',''
  ) );
#2692 = PCURVE('',#2693,#2698);
#2693 = CYLINDRICAL_SURFACE('',#2694,0.625);
#2694 = AXIS2_PLACEMENT_3D('',#2695,#2696,#2697);
#2695 = CARTESIAN_POINT('',(-54.575,7.5,0.));
#2696 = DIRECTION('',(0.,-0.,-1.));
#2697 = DIRECTION('',(0.,-1.,0.));
#2698 = DEFINITIONAL_REPRESENTATION('',(#2699),#2703);
#2699 = LINE('',#2700,#2701);
#2700 = CARTESIAN_POINT('',(0.,1.5));
#2701 = VECTOR('',#2702,1.);
#2702 = DIRECTION('',(1.,0.));
#2703 = ( GEOMETRIC_REPRESENTATION_CONTEXT(2) 
PARAMETRIC_REPRESENTATION_CONTEXT() REPRESENTATION_CONTEXT('2D SPACE',''
  ) );
#2704 = FACE_BOUND('',#2705,.F.);
#2705 = EDGE_LOOP('',(#2706,#2734,#2767,#2793));
#2706 = ORIENTED_EDGE('',*,*,#2707,.F.);
#2707 = EDGE_CURVE('',#2708,#2710,#2712,.T.);
#2708 = VERTEX_POINT('',#2709);
#2709 = CARTESIAN_POINT('',(-15.825,11.875,-1.5));
#2710 = VERTEX_POINT('',#2711);
#2711 = CARTESIAN_POINT('',(-54.575,11.875,-1.5));
#2712 = SURFACE_CURVE('',#2713,(#2717,#2723),.PCURVE_S1.);
#2713 = LINE('',#2714,#2715);
#2714 = CARTESIAN_POINT('',(-64.8875,11.875,-1.5));
#2715 = VECTOR('',#2716,1.);
#2716 = DIRECTION('',(-1.,0.,0.));
#2717 = PCURVE('',#72,#2718);
#2718 = DEFINITIONAL_REPRESENTATION('',(#2719),#2722);
#2719 = B_SPLINE_CURVE_WITH_KNOTS('',1,(#2720,#2721),.UNSPECIFIED.,.F.,
  .F.,(2,2),(-49.0625,-10.3125),.PIECEWISE_BEZIER_KNOTS.);
#2720 = CARTESIAN_POINT('',(59.375,26.875));
#2721 = CARTESIAN_POINT('',(20.625,26.875));
#2722 = ( GEOMETRIC_REPRESENTATION_CONTEXT(2) 
PARAMETRIC_REPRESENTATION_CONTEXT() REPRESENTATION_CONTEXT('2D SPACE',''
  ) );
#2723 = PCURVE('',#2724,#2729);
#2724 = PLANE('',#2725);
#2725 = AXIS2_PLACEMENT_3D('',#2726,#2727,#2728);
#2726 = CARTESIAN_POINT('',(-54.575,11.875,0.));
#2727 = DIRECTION('',(0.,1.,0.));
#2728 = DIRECTION('',(1.,0.,0.));
#2729 = DEFINITIONAL_REPRESENTATION('',(#2730),#2733);
#2730 = B_SPLINE_CURVE_WITH_KNOTS('',1,(#2731,#2732),.UNSPECIFIED.,.F.,
  .F.,(2,2),(-49.0625,-10.3125),.PIECEWISE_BEZIER_KNOTS.);
#2731 = CARTESIAN_POINT('',(38.75,1.5));
#2732 = CARTESIAN_POINT('',(0.,1.5));
#2733 = ( GEOMETRIC_REPRESENTATION_CONTEXT(2) 
PARAMETRIC_REPRESENTATION_CONTEXT() REPRESENTATION_CONTEXT('2D SPACE',''
  ) );
#2734 = ORIENTED_EDGE('',*,*,#2735,.T.);
#2735 = EDGE_CURVE('',#2708,#2736,#2738,.T.);
#2736 = VERTEX_POINT('',#2737);
#2737 = CARTESIAN_POINT('',(-15.825,10.625,-1.5));
#2738 = SURFACE_CURVE('',#2739,(#2744,#2755),.PCURVE_S1.);
#2739 = CIRCLE('',#2740,0.625);
#2740 = AXIS2_PLACEMENT_3D('',#2741,#2742,#2743);
#2741 = CARTESIAN_POINT('',(-15.825,11.25,-1.5));
#2742 = DIRECTION('',(0.,0.,-1.));
#2743 = DIRECTION('',(0.,1.,0.));
#2744 = PCURVE('',#72,#2745);
#2745 = DEFINITIONAL_REPRESENTATION('',(#2746),#2754);
#2746 = ( BOUNDED_CURVE() B_SPLINE_CURVE(2,(#2747,#2748,#2749,#2750,
#2751,#2752,#2753),.UNSPECIFIED.,.T.,.F.) B_SPLINE_CURVE_WITH_KNOTS((1,2
    ,2,2,2,1),(-2.094395102393,0.,2.094395102393,4.188790204786,
6.28318530718,8.377580409573),.UNSPECIFIED.) CURVE() 
GEOMETRIC_REPRESENTATION_ITEM() RATIONAL_B_SPLINE_CURVE((1.,0.5,1.,0.5,
1.,0.5,1.)) REPRESENTATION_ITEM('') );
#2747 = CARTESIAN_POINT('',(59.375,26.875));
#2748 = CARTESIAN_POINT('',(60.457531754731,26.875));
#2749 = CARTESIAN_POINT('',(59.916265877365,25.9375));
#2750 = CARTESIAN_POINT('',(59.375,25.));
#2751 = CARTESIAN_POINT('',(58.833734122635,25.9375));
#2752 = CARTESIAN_POINT('',(58.292468245269,26.875));
#2753 = CARTESIAN_POINT('',(59.375,26.875));
#2754 = ( GEOMETRIC_REPRESENTATION_CONTEXT(2) 
PARAMETRIC_REPRESENTATION_CONTEXT() REPRESENTATION_CONTEXT('2D SPACE',''
  ) );
#2755 = PCURVE('',#2756,#2761);
#2756 = CYLINDRICAL_SURFACE('',#2757,0.625);
#2757 = AXIS2_PLACEMENT_3D('',#2758,#2759,#2760);
#2758 = CARTESIAN_POINT('',(-15.825,11.25,0.));
#2759 = DIRECTION('',(0.,0.,-1.));
#2760 = DIRECTION('',(0.,1.,0.));
#2761 = DEFINITIONAL_REPRESENTATION('',(#2762),#2766);
#2762 = LINE('',#2763,#2764);
#2763 = CARTESIAN_POINT('',(0.,1.5));
#2764 = VECTOR('',#2765,1.);
#2765 = DIRECTION('',(1.,0.));
#2766 = ( GEOMETRIC_REPRESENTATION_CONTEXT(2) 
PARAMETRIC_REPRESENTATION_CONTEXT() REPRESENTATION_CONTEXT('2D SPACE',''
  ) );
#2767 = ORIENTED_EDGE('',*,*,#2768,.F.);
#2768 = EDGE_CURVE('',#2769,#2736,#2771,.T.);
#2769 = VERTEX_POINT('',#2770);
#2770 = CARTESIAN_POINT('',(-54.575,10.625,-1.5));
#2771 = SURFACE_CURVE('',#2772,(#2776,#2782),.PCURVE_S1.);
#2772 = LINE('',#2773,#2774);
#2773 = CARTESIAN_POINT('',(-45.5125,10.625,-1.5));
#2774 = VECTOR('',#2775,1.);
#2775 = DIRECTION('',(1.,0.,-0.));
#2776 = PCURVE('',#72,#2777);
#2777 = DEFINITIONAL_REPRESENTATION('',(#2778),#2781);
#2778 = B_SPLINE_CURVE_WITH_KNOTS('',1,(#2779,#2780),.UNSPECIFIED.,.F.,
  .F.,(2,2),(-9.0625,29.6875),.PIECEWISE_BEZIER_KNOTS.);
#2779 = CARTESIAN_POINT('',(20.625,25.625));
#2780 = CARTESIAN_POINT('',(59.375,25.625));
#2781 = ( GEOMETRIC_REPRESENTATION_CONTEXT(2) 
PARAMETRIC_REPRESENTATION_CONTEXT() REPRESENTATION_CONTEXT('2D SPACE',''
  ) );
#2782 = PCURVE('',#2783,#2788);
#2783 = PLANE('',#2784);
#2784 = AXIS2_PLACEMENT_3D('',#2785,#2786,#2787);
#2785 = CARTESIAN_POINT('',(-15.825,10.625,0.));
#2786 = DIRECTION('',(0.,-1.,0.));
#2787 = DIRECTION('',(-1.,0.,0.));
#2788 = DEFINITIONAL_REPRESENTATION('',(#2789),#2792);
#2789 = B_SPLINE_CURVE_WITH_KNOTS('',1,(#2790,#2791),.UNSPECIFIED.,.F.,
  .F.,(2,2),(-9.0625,29.6875),.PIECEWISE_BEZIER_KNOTS.);
#2790 = CARTESIAN_POINT('',(38.75,1.5));
#2791 = CARTESIAN_POINT('',(0.,1.5));
#2792 = ( GEOMETRIC_REPRESENTATION_CONTEXT(2) 
PARAMETRIC_REPRESENTATION_CONTEXT() REPRESENTATION_CONTEXT('2D SPACE',''
  ) );
#2793 = ORIENTED_EDGE('',*,*,#2794,.T.);
#2794 = EDGE_CURVE('',#2769,#2710,#2795,.T.);
#2795 = SURFACE_CURVE('',#2796,(#2801,#2812),.PCURVE_S1.);
#2796 = CIRCLE('',#2797,0.625);
#2797 = AXIS2_PLACEMENT_3D('',#2798,#2799,#2800);
#2798 = CARTESIAN_POINT('',(-54.575,11.25,-1.5));
#2799 = DIRECTION('',(0.,-0.,-1.));
#2800 = DIRECTION('',(0.,-1.,0.));
#2801 = PCURVE('',#72,#2802);
#2802 = DEFINITIONAL_REPRESENTATION('',(#2803),#2811);
#2803 = ( BOUNDED_CURVE() B_SPLINE_CURVE(2,(#2804,#2805,#2806,#2807,
#2808,#2809,#2810),.UNSPECIFIED.,.T.,.F.) B_SPLINE_CURVE_WITH_KNOTS((1,2
    ,2,2,2,1),(-2.094395102393,0.,2.094395102393,4.188790204786,
6.28318530718,8.377580409573),.UNSPECIFIED.) CURVE() 
GEOMETRIC_REPRESENTATION_ITEM() RATIONAL_B_SPLINE_CURVE((1.,0.5,1.,0.5,
1.,0.5,1.)) REPRESENTATION_ITEM('') );
#2804 = CARTESIAN_POINT('',(20.625,25.625));
#2805 = CARTESIAN_POINT('',(19.542468245269,25.625));
#2806 = CARTESIAN_POINT('',(20.083734122635,26.5625));
#2807 = CARTESIAN_POINT('',(20.625,27.5));
#2808 = CARTESIAN_POINT('',(21.166265877365,26.5625));
#2809 = CARTESIAN_POINT('',(21.707531754731,25.625));
#2810 = CARTESIAN_POINT('',(20.625,25.625));
#2811 = ( GEOMETRIC_REPRESENTATION_CONTEXT(2) 
PARAMETRIC_REPRESENTATION_CONTEXT() REPRESENTATION_CONTEXT('2D SPACE',''
  ) );
#2812 = PCURVE('',#2813,#2818);
#2813 = CYLINDRICAL_SURFACE('',#2814,0.625);
#2814 = AXIS2_PLACEMENT_3D('',#2815,#2816,#2817);
#2815 = CARTESIAN_POINT('',(-54.575,11.25,0.));
#2816 = DIRECTION('',(0.,-0.,-1.));
#2817 = DIRECTION('',(0.,-1.,0.));
#2818 = DEFINITIONAL_REPRESENTATION('',(#2819),#2823);
#2819 = LINE('',#2820,#2821);
#2820 = CARTESIAN_POINT('',(0.,1.5));
#2821 = VECTOR('',#2822,1.);
#2822 = DIRECTION('',(1.,0.));
#2823 = ( GEOMETRIC_REPRESENTATION_CONTEXT(2) 
PARAMETRIC_REPRESENTATION_CONTEXT() REPRESENTATION_CONTEXT('2D SPACE',''
  ) );
#2824 = FACE_BOUND('',#2825,.F.);
#2825 = EDGE_LOOP('',(#2826,#2854,#2887,#2913));
#2826 = ORIENTED_EDGE('',*,*,#2827,.F.);
#2827 = EDGE_CURVE('',#2828,#2830,#2832,.T.);
#2828 = VERTEX_POINT('',#2829);
#2829 = CARTESIAN_POINT('',(-11.875,54.575,-1.5));
#2830 = VERTEX_POINT('',#2831);
#2831 = CARTESIAN_POINT('',(-11.875,15.825,-1.5));
#2832 = SURFACE_CURVE('',#2833,(#2837,#2843),.PCURVE_S1.);
#2833 = LINE('',#2834,#2835);
#2834 = CARTESIAN_POINT('',(-11.875,0.4125,-1.5));
#2835 = VECTOR('',#2836,1.);
#2836 = DIRECTION('',(-1.110223024625E-16,-1.,0.));
#2837 = PCURVE('',#72,#2838);
#2838 = DEFINITIONAL_REPRESENTATION('',(#2839),#2842);
#2839 = B_SPLINE_CURVE_WITH_KNOTS('',1,(#2840,#2841),.UNSPECIFIED.,.F.,
  .F.,(2,2),(-54.1625,-15.4125),.PIECEWISE_BEZIER_KNOTS.);
#2840 = CARTESIAN_POINT('',(63.325,69.575));
#2841 = CARTESIAN_POINT('',(63.325,30.825));
#2842 = ( GEOMETRIC_REPRESENTATION_CONTEXT(2) 
PARAMETRIC_REPRESENTATION_CONTEXT() REPRESENTATION_CONTEXT('2D SPACE',''
  ) );
#2843 = PCURVE('',#2844,#2849);
#2844 = PLANE('',#2845);
#2845 = AXIS2_PLACEMENT_3D('',#2846,#2847,#2848);
#2846 = CARTESIAN_POINT('',(-11.875,15.825,0.));
#2847 = DIRECTION('',(-1.,1.110223024625E-16,0.));
#2848 = DIRECTION('',(1.110223024625E-16,1.,0.));
#2849 = DEFINITIONAL_REPRESENTATION('',(#2850),#2853);
#2850 = B_SPLINE_CURVE_WITH_KNOTS('',1,(#2851,#2852),.UNSPECIFIED.,.F.,
  .F.,(2,2),(-54.1625,-15.4125),.PIECEWISE_BEZIER_KNOTS.);
#2851 = CARTESIAN_POINT('',(38.75,1.5));
#2852 = CARTESIAN_POINT('',(0.,1.5));
#2853 = ( GEOMETRIC_REPRESENTATION_CONTEXT(2) 
PARAMETRIC_REPRESENTATION_CONTEXT() REPRESENTATION_CONTEXT('2D SPACE',''
  ) );
#2854 = ORIENTED_EDGE('',*,*,#2855,.T.);
#2855 = EDGE_CURVE('',#2828,#2856,#2858,.T.);
#2856 = VERTEX_POINT('',#2857);
#2857 = CARTESIAN_POINT('',(-10.625,54.575,-1.5));
#2858 = SURFACE_CURVE('',#2859,(#2864,#2875),.PCURVE_S1.);
#2859 = CIRCLE('',#2860,0.625);
#2860 = AXIS2_PLACEMENT_3D('',#2861,#2862,#2863);
#2861 = CARTESIAN_POINT('',(-11.25,54.575,-1.5));
#2862 = DIRECTION('',(0.,0.,-1.));
#2863 = DIRECTION('',(-1.,1.110223024625E-16,0.));
#2864 = PCURVE('',#72,#2865);
#2865 = DEFINITIONAL_REPRESENTATION('',(#2866),#2874);
#2866 = ( BOUNDED_CURVE() B_SPLINE_CURVE(2,(#2867,#2868,#2869,#2870,
#2871,#2872,#2873),.UNSPECIFIED.,.T.,.F.) B_SPLINE_CURVE_WITH_KNOTS((1,2
    ,2,2,2,1),(-2.094395102393,0.,2.094395102393,4.188790204786,
6.28318530718,8.377580409573),.UNSPECIFIED.) CURVE() 
GEOMETRIC_REPRESENTATION_ITEM() RATIONAL_B_SPLINE_CURVE((1.,0.5,1.,0.5,
1.,0.5,1.)) REPRESENTATION_ITEM('') );
#2867 = CARTESIAN_POINT('',(63.325,69.575));
#2868 = CARTESIAN_POINT('',(63.325,70.657531754731));
#2869 = CARTESIAN_POINT('',(64.2625,70.116265877365));
#2870 = CARTESIAN_POINT('',(65.2,69.575));
#2871 = CARTESIAN_POINT('',(64.2625,69.033734122635));
#2872 = CARTESIAN_POINT('',(63.325,68.492468245269));
#2873 = CARTESIAN_POINT('',(63.325,69.575));
#2874 = ( GEOMETRIC_REPRESENTATION_CONTEXT(2) 
PARAMETRIC_REPRESENTATION_CONTEXT() REPRESENTATION_CONTEXT('2D SPACE',''
  ) );
#2875 = PCURVE('',#2876,#2881);
#2876 = CYLINDRICAL_SURFACE('',#2877,0.625);
#2877 = AXIS2_PLACEMENT_3D('',#2878,#2879,#2880);
#2878 = CARTESIAN_POINT('',(-11.25,54.575,0.));
#2879 = DIRECTION('',(0.,0.,-1.));
#2880 = DIRECTION('',(-1.,1.110223024625E-16,0.));
#2881 = DEFINITIONAL_REPRESENTATION('',(#2882),#2886);
#2882 = LINE('',#2883,#2884);
#2883 = CARTESIAN_POINT('',(0.,1.5));
#2884 = VECTOR('',#2885,1.);
#2885 = DIRECTION('',(1.,0.));
#2886 = ( GEOMETRIC_REPRESENTATION_CONTEXT(2) 
PARAMETRIC_REPRESENTATION_CONTEXT() REPRESENTATION_CONTEXT('2D SPACE',''
  ) );
#2887 = ORIENTED_EDGE('',*,*,#2888,.F.);
#2888 = EDGE_CURVE('',#2889,#2856,#2891,.T.);
#2889 = VERTEX_POINT('',#2890);
#2890 = CARTESIAN_POINT('',(-10.625,15.825,-1.5));
#2891 = SURFACE_CURVE('',#2892,(#2896,#2902),.PCURVE_S1.);
#2892 = LINE('',#2893,#2894);
#2893 = CARTESIAN_POINT('',(-10.625,19.7875,-1.5));
#2894 = VECTOR('',#2895,1.);
#2895 = DIRECTION('',(1.110223024625E-16,1.,-0.));
#2896 = PCURVE('',#72,#2897);
#2897 = DEFINITIONAL_REPRESENTATION('',(#2898),#2901);
#2898 = B_SPLINE_CURVE_WITH_KNOTS('',1,(#2899,#2900),.UNSPECIFIED.,.F.,
  .F.,(2,2),(-3.9625,34.7875),.PIECEWISE_BEZIER_KNOTS.);
#2899 = CARTESIAN_POINT('',(64.575,30.825));
#2900 = CARTESIAN_POINT('',(64.575,69.575));
#2901 = ( GEOMETRIC_REPRESENTATION_CONTEXT(2) 
PARAMETRIC_REPRESENTATION_CONTEXT() REPRESENTATION_CONTEXT('2D SPACE',''
  ) );
#2902 = PCURVE('',#2903,#2908);
#2903 = PLANE('',#2904);
#2904 = AXIS2_PLACEMENT_3D('',#2905,#2906,#2907);
#2905 = CARTESIAN_POINT('',(-10.625,54.575,0.));
#2906 = DIRECTION('',(1.,-1.110223024625E-16,0.));
#2907 = DIRECTION('',(-1.110223024625E-16,-1.,0.));
#2908 = DEFINITIONAL_REPRESENTATION('',(#2909),#2912);
#2909 = B_SPLINE_CURVE_WITH_KNOTS('',1,(#2910,#2911),.UNSPECIFIED.,.F.,
  .F.,(2,2),(-3.9625,34.7875),.PIECEWISE_BEZIER_KNOTS.);
#2910 = CARTESIAN_POINT('',(38.75,1.5));
#2911 = CARTESIAN_POINT('',(0.,1.5));
#2912 = ( GEOMETRIC_REPRESENTATION_CONTEXT(2) 
PARAMETRIC_REPRESENTATION_CONTEXT() REPRESENTATION_CONTEXT('2D SPACE',''
  ) );
#2913 = ORIENTED_EDGE('',*,*,#2914,.T.);
#2914 = EDGE_CURVE('',#2889,#2830,#2915,.T.);
#2915 = SURFACE_CURVE('',#2916,(#2921,#2932),.PCURVE_S1.);
#2916 = CIRCLE('',#2917,0.625);
#2917 = AXIS2_PLACEMENT_3D('',#2918,#2919,#2920);
#2918 = CARTESIAN_POINT('',(-11.25,15.825,-1.5));
#2919 = DIRECTION('',(0.,-0.,-1.));
#2920 = DIRECTION('',(1.,-1.110223024625E-16,0.));
#2921 = PCURVE('',#72,#2922);
#2922 = DEFINITIONAL_REPRESENTATION('',(#2923),#2931);
#2923 = ( BOUNDED_CURVE() B_SPLINE_CURVE(2,(#2924,#2925,#2926,#2927,
#2928,#2929,#2930),.UNSPECIFIED.,.T.,.F.) B_SPLINE_CURVE_WITH_KNOTS((1,2
    ,2,2,2,1),(-2.094395102393,0.,2.094395102393,4.188790204786,
6.28318530718,8.377580409573),.UNSPECIFIED.) CURVE() 
GEOMETRIC_REPRESENTATION_ITEM() RATIONAL_B_SPLINE_CURVE((1.,0.5,1.,0.5,
1.,0.5,1.)) REPRESENTATION_ITEM('') );
#2924 = CARTESIAN_POINT('',(64.575,30.825));
#2925 = CARTESIAN_POINT('',(64.575,29.742468245269));
#2926 = CARTESIAN_POINT('',(63.6375,30.283734122635));
#2927 = CARTESIAN_POINT('',(62.7,30.825));
#2928 = CARTESIAN_POINT('',(63.6375,31.366265877365));
#2929 = CARTESIAN_POINT('',(64.575,31.907531754731));
#2930 = CARTESIAN_POINT('',(64.575,30.825));
#2931 = ( GEOMETRIC_REPRESENTATION_CONTEXT(2) 
PARAMETRIC_REPRESENTATION_CONTEXT() REPRESENTATION_CONTEXT('2D SPACE',''
  ) );
#2932 = PCURVE('',#2933,#2938);
#2933 = CYLINDRICAL_SURFACE('',#2934,0.625);
#2934 = AXIS2_PLACEMENT_3D('',#2935,#2936,#2937);
#2935 = CARTESIAN_POINT('',(-11.25,15.825,0.));
#2936 = DIRECTION('',(0.,-0.,-1.));
#2937 = DIRECTION('',(1.,-1.110223024625E-16,0.));
#2938 = DEFINITIONAL_REPRESENTATION('',(#2939),#2943);
#2939 = LINE('',#2940,#2941);
#2940 = CARTESIAN_POINT('',(0.,1.5));
#2941 = VECTOR('',#2942,1.);
#2942 = DIRECTION('',(1.,0.));
#2943 = ( GEOMETRIC_REPRESENTATION_CONTEXT(2) 
PARAMETRIC_REPRESENTATION_CONTEXT() REPRESENTATION_CONTEXT('2D SPACE',''
  ) );
#2944 = FACE_BOUND('',#2945,.F.);
#2945 = EDGE_LOOP('',(#2946,#2974,#3007,#3033));
#2946 = ORIENTED_EDGE('',*,*,#2947,.F.);
#2947 = EDGE_CURVE('',#2948,#2950,#2952,.T.);
#2948 = VERTEX_POINT('',#2949);
#2949 = CARTESIAN_POINT('',(-8.125,54.575,-1.5));
#2950 = VERTEX_POINT('',#2951);
#2951 = CARTESIAN_POINT('',(-8.125,15.825,-1.5));
#2952 = SURFACE_CURVE('',#2953,(#2957,#2963),.PCURVE_S1.);
#2953 = LINE('',#2954,#2955);
#2954 = CARTESIAN_POINT('',(-8.125,0.4125,-1.5));
#2955 = VECTOR('',#2956,1.);
#2956 = DIRECTION('',(-1.110223024625E-16,-1.,0.));
#2957 = PCURVE('',#72,#2958);
#2958 = DEFINITIONAL_REPRESENTATION('',(#2959),#2962);
#2959 = B_SPLINE_CURVE_WITH_KNOTS('',1,(#2960,#2961),.UNSPECIFIED.,.F.,
  .F.,(2,2),(-54.1625,-15.4125),.PIECEWISE_BEZIER_KNOTS.);
#2960 = CARTESIAN_POINT('',(67.075,69.575));
#2961 = CARTESIAN_POINT('',(67.075,30.825));
#2962 = ( GEOMETRIC_REPRESENTATION_CONTEXT(2) 
PARAMETRIC_REPRESENTATION_CONTEXT() REPRESENTATION_CONTEXT('2D SPACE',''
  ) );
#2963 = PCURVE('',#2964,#2969);
#2964 = PLANE('',#2965);
#2965 = AXIS2_PLACEMENT_3D('',#2966,#2967,#2968);
#2966 = CARTESIAN_POINT('',(-8.125,15.825,0.));
#2967 = DIRECTION('',(-1.,1.110223024625E-16,0.));
#2968 = DIRECTION('',(1.110223024625E-16,1.,0.));
#2969 = DEFINITIONAL_REPRESENTATION('',(#2970),#2973);
#2970 = B_SPLINE_CURVE_WITH_KNOTS('',1,(#2971,#2972),.UNSPECIFIED.,.F.,
  .F.,(2,2),(-54.1625,-15.4125),.PIECEWISE_BEZIER_KNOTS.);
#2971 = CARTESIAN_POINT('',(38.75,1.5));
#2972 = CARTESIAN_POINT('',(0.,1.5));
#2973 = ( GEOMETRIC_REPRESENTATION_CONTEXT(2) 
PARAMETRIC_REPRESENTATION_CONTEXT() REPRESENTATION_CONTEXT('2D SPACE',''
  ) );
#2974 = ORIENTED_EDGE('',*,*,#2975,.T.);
#2975 = EDGE_CURVE('',#2948,#2976,#2978,.T.);
#2976 = VERTEX_POINT('',#2977);
#2977 = CARTESIAN_POINT('',(-6.875,54.575,-1.5));
#2978 = SURFACE_CURVE('',#2979,(#2984,#2995),.PCURVE_S1.);
#2979 = CIRCLE('',#2980,0.625);
#2980 = AXIS2_PLACEMENT_3D('',#2981,#2982,#2983);
#2981 = CARTESIAN_POINT('',(-7.5,54.575,-1.5));
#2982 = DIRECTION('',(0.,0.,-1.));
#2983 = DIRECTION('',(-1.,1.110223024625E-16,0.));
#2984 = PCURVE('',#72,#2985);
#2985 = DEFINITIONAL_REPRESENTATION('',(#2986),#2994);
#2986 = ( BOUNDED_CURVE() B_SPLINE_CURVE(2,(#2987,#2988,#2989,#2990,
#2991,#2992,#2993),.UNSPECIFIED.,.T.,.F.) B_SPLINE_CURVE_WITH_KNOTS((1,2
    ,2,2,2,1),(-2.094395102393,0.,2.094395102393,4.188790204786,
6.28318530718,8.377580409573),.UNSPECIFIED.) CURVE() 
GEOMETRIC_REPRESENTATION_ITEM() RATIONAL_B_SPLINE_CURVE((1.,0.5,1.,0.5,
1.,0.5,1.)) REPRESENTATION_ITEM('') );
#2987 = CARTESIAN_POINT('',(67.075,69.575));
#2988 = CARTESIAN_POINT('',(67.075,70.657531754731));
#2989 = CARTESIAN_POINT('',(68.0125,70.116265877365));
#2990 = CARTESIAN_POINT('',(68.95,69.575));
#2991 = CARTESIAN_POINT('',(68.0125,69.033734122635));
#2992 = CARTESIAN_POINT('',(67.075,68.492468245269));
#2993 = CARTESIAN_POINT('',(67.075,69.575));
#2994 = ( GEOMETRIC_REPRESENTATION_CONTEXT(2) 
PARAMETRIC_REPRESENTATION_CONTEXT() REPRESENTATION_CONTEXT('2D SPACE',''
  ) );
#2995 = PCURVE('',#2996,#3001);
#2996 = CYLINDRICAL_SURFACE('',#2997,0.625);
#2997 = AXIS2_PLACEMENT_3D('',#2998,#2999,#3000);
#2998 = CARTESIAN_POINT('',(-7.5,54.575,0.));
#2999 = DIRECTION('',(0.,0.,-1.));
#3000 = DIRECTION('',(-1.,1.110223024625E-16,0.));
#3001 = DEFINITIONAL_REPRESENTATION('',(#3002),#3006);
#3002 = LINE('',#3003,#3004);
#3003 = CARTESIAN_POINT('',(0.,1.5));
#3004 = VECTOR('',#3005,1.);
#3005 = DIRECTION('',(1.,0.));
#3006 = ( GEOMETRIC_REPRESENTATION_CONTEXT(2) 
PARAMETRIC_REPRESENTATION_CONTEXT() REPRESENTATION_CONTEXT('2D SPACE',''
  ) );
#3007 = ORIENTED_EDGE('',*,*,#3008,.F.);
#3008 = EDGE_CURVE('',#3009,#2976,#3011,.T.);
#3009 = VERTEX_POINT('',#3010);
#3010 = CARTESIAN_POINT('',(-6.875,15.825,-1.5));
#3011 = SURFACE_CURVE('',#3012,(#3016,#3022),.PCURVE_S1.);
#3012 = LINE('',#3013,#3014);
#3013 = CARTESIAN_POINT('',(-6.875,19.7875,-1.5));
#3014 = VECTOR('',#3015,1.);
#3015 = DIRECTION('',(1.110223024625E-16,1.,-0.));
#3016 = PCURVE('',#72,#3017);
#3017 = DEFINITIONAL_REPRESENTATION('',(#3018),#3021);
#3018 = B_SPLINE_CURVE_WITH_KNOTS('',1,(#3019,#3020),.UNSPECIFIED.,.F.,
  .F.,(2,2),(-3.9625,34.7875),.PIECEWISE_BEZIER_KNOTS.);
#3019 = CARTESIAN_POINT('',(68.325,30.825));
#3020 = CARTESIAN_POINT('',(68.325,69.575));
#3021 = ( GEOMETRIC_REPRESENTATION_CONTEXT(2) 
PARAMETRIC_REPRESENTATION_CONTEXT() REPRESENTATION_CONTEXT('2D SPACE',''
  ) );
#3022 = PCURVE('',#3023,#3028);
#3023 = PLANE('',#3024);
#3024 = AXIS2_PLACEMENT_3D('',#3025,#3026,#3027);
#3025 = CARTESIAN_POINT('',(-6.875,54.575,0.));
#3026 = DIRECTION('',(1.,-1.110223024625E-16,0.));
#3027 = DIRECTION('',(-1.110223024625E-16,-1.,0.));
#3028 = DEFINITIONAL_REPRESENTATION('',(#3029),#3032);
#3029 = B_SPLINE_CURVE_WITH_KNOTS('',1,(#3030,#3031),.UNSPECIFIED.,.F.,
  .F.,(2,2),(-3.9625,34.7875),.PIECEWISE_BEZIER_KNOTS.);
#3030 = CARTESIAN_POINT('',(38.75,1.5));
#3031 = CARTESIAN_POINT('',(0.,1.5));
#3032 = ( GEOMETRIC_REPRESENTATION_CONTEXT(2) 
PARAMETRIC_REPRESENTATION_CONTEXT() REPRESENTATION_CONTEXT('2D SPACE',''
  ) );
#3033 = ORIENTED_EDGE('',*,*,#3034,.T.);
#3034 = EDGE_CURVE('',#3009,#2950,#3035,.T.);
#3035 = SURFACE_CURVE('',#3036,(#3041,#3052),.PCURVE_S1.);
#3036 = CIRCLE('',#3037,0.625);
#3037 = AXIS2_PLACEMENT_3D('',#3038,#3039,#3040);
#3038 = CARTESIAN_POINT('',(-7.5,15.825,-1.5));
#3039 = DIRECTION('',(0.,-0.,-1.));
#3040 = DIRECTION('',(1.,-1.110223024625E-16,0.));
#3041 = PCURVE('',#72,#3042);
#3042 = DEFINITIONAL_REPRESENTATION('',(#3043),#3051);
#3043 = ( BOUNDED_CURVE() B_SPLINE_CURVE(2,(#3044,#3045,#3046,#3047,
#3048,#3049,#3050),.UNSPECIFIED.,.T.,.F.) B_SPLINE_CURVE_WITH_KNOTS((1,2
    ,2,2,2,1),(-2.094395102393,0.,2.094395102393,4.188790204786,
6.28318530718,8.377580409573),.UNSPECIFIED.) CURVE() 
GEOMETRIC_REPRESENTATION_ITEM() RATIONAL_B_SPLINE_CURVE((1.,0.5,1.,0.5,
1.,0.5,1.)) REPRESENTATION_ITEM('') );
#3044 = CARTESIAN_POINT('',(68.325,30.825));
#3045 = CARTESIAN_POINT('',(68.325,29.742468245269));
#3046 = CARTESIAN_POINT('',(67.3875,30.283734122635));
#3047 = CARTESIAN_POINT('',(66.45,30.825));
#3048 = CARTESIAN_POINT('',(67.3875,31.366265877365));
#3049 = CARTESIAN_POINT('',(68.325,31.907531754731));
#3050 = CARTESIAN_POINT('',(68.325,30.825));
#3051 = ( GEOMETRIC_REPRESENTATION_CONTEXT(2) 
PARAMETRIC_REPRESENTATION_CONTEXT() REPRESENTATION_CONTEXT('2D SPACE',''
  ) );
#3052 = PCURVE('',#3053,#3058);
#3053 = CYLINDRICAL_SURFACE('',#3054,0.625);
#3054 = AXIS2_PLACEMENT_3D('',#3055,#3056,#3057);
#3055 = CARTESIAN_POINT('',(-7.5,15.825,0.));
#3056 = DIRECTION('',(0.,-0.,-1.));
#3057 = DIRECTION('',(1.,-1.110223024625E-16,0.));
#3058 = DEFINITIONAL_REPRESENTATION('',(#3059),#3063);
#3059 = LINE('',#3060,#3061);
#3060 = CARTESIAN_POINT('',(0.,1.5));
#3061 = VECTOR('',#3062,1.);
#3062 = DIRECTION('',(1.,0.));
#3063 = ( GEOMETRIC_REPRESENTATION_CONTEXT(2) 
PARAMETRIC_REPRESENTATION_CONTEXT() REPRESENTATION_CONTEXT('2D SPACE',''
  ) );
#3064 = FACE_BOUND('',#3065,.F.);
#3065 = EDGE_LOOP('',(#3066,#3094,#3127,#3153));
#3066 = ORIENTED_EDGE('',*,*,#3067,.F.);
#3067 = EDGE_CURVE('',#3068,#3070,#3072,.T.);
#3068 = VERTEX_POINT('',#3069);
#3069 = CARTESIAN_POINT('',(-4.375,54.575,-1.5));
#3070 = VERTEX_POINT('',#3071);
#3071 = CARTESIAN_POINT('',(-4.375,15.825,-1.5));
#3072 = SURFACE_CURVE('',#3073,(#3077,#3083),.PCURVE_S1.);
#3073 = LINE('',#3074,#3075);
#3074 = CARTESIAN_POINT('',(-4.375,0.4125,-1.5));
#3075 = VECTOR('',#3076,1.);
#3076 = DIRECTION('',(-1.110223024625E-16,-1.,0.));
#3077 = PCURVE('',#72,#3078);
#3078 = DEFINITIONAL_REPRESENTATION('',(#3079),#3082);
#3079 = B_SPLINE_CURVE_WITH_KNOTS('',1,(#3080,#3081),.UNSPECIFIED.,.F.,
  .F.,(2,2),(-54.1625,-15.4125),.PIECEWISE_BEZIER_KNOTS.);
#3080 = CARTESIAN_POINT('',(70.825,69.575));
#3081 = CARTESIAN_POINT('',(70.825,30.825));
#3082 = ( GEOMETRIC_REPRESENTATION_CONTEXT(2) 
PARAMETRIC_REPRESENTATION_CONTEXT() REPRESENTATION_CONTEXT('2D SPACE',''
  ) );
#3083 = PCURVE('',#3084,#3089);
#3084 = PLANE('',#3085);
#3085 = AXIS2_PLACEMENT_3D('',#3086,#3087,#3088);
#3086 = CARTESIAN_POINT('',(-4.375,15.825,0.));
#3087 = DIRECTION('',(-1.,1.110223024625E-16,0.));
#3088 = DIRECTION('',(1.110223024625E-16,1.,0.));
#3089 = DEFINITIONAL_REPRESENTATION('',(#3090),#3093);
#3090 = B_SPLINE_CURVE_WITH_KNOTS('',1,(#3091,#3092),.UNSPECIFIED.,.F.,
  .F.,(2,2),(-54.1625,-15.4125),.PIECEWISE_BEZIER_KNOTS.);
#3091 = CARTESIAN_POINT('',(38.75,1.5));
#3092 = CARTESIAN_POINT('',(0.,1.5));
#3093 = ( GEOMETRIC_REPRESENTATION_CONTEXT(2) 
PARAMETRIC_REPRESENTATION_CONTEXT() REPRESENTATION_CONTEXT('2D SPACE',''
  ) );
#3094 = ORIENTED_EDGE('',*,*,#3095,.T.);
#3095 = EDGE_CURVE('',#3068,#3096,#3098,.T.);
#3096 = VERTEX_POINT('',#3097);
#3097 = CARTESIAN_POINT('',(-3.125,54.575,-1.5));
#3098 = SURFACE_CURVE('',#3099,(#3104,#3115),.PCURVE_S1.);
#3099 = CIRCLE('',#3100,0.625);
#3100 = AXIS2_PLACEMENT_3D('',#3101,#3102,#3103);
#3101 = CARTESIAN_POINT('',(-3.75,54.575,-1.5));
#3102 = DIRECTION('',(0.,0.,-1.));
#3103 = DIRECTION('',(-1.,1.110223024625E-16,0.));
#3104 = PCURVE('',#72,#3105);
#3105 = DEFINITIONAL_REPRESENTATION('',(#3106),#3114);
#3106 = ( BOUNDED_CURVE() B_SPLINE_CURVE(2,(#3107,#3108,#3109,#3110,
#3111,#3112,#3113),.UNSPECIFIED.,.T.,.F.) B_SPLINE_CURVE_WITH_KNOTS((1,2
    ,2,2,2,1),(-2.094395102393,0.,2.094395102393,4.188790204786,
6.28318530718,8.377580409573),.UNSPECIFIED.) CURVE() 
GEOMETRIC_REPRESENTATION_ITEM() RATIONAL_B_SPLINE_CURVE((1.,0.5,1.,0.5,
1.,0.5,1.)) REPRESENTATION_ITEM('') );
#3107 = CARTESIAN_POINT('',(70.825,69.575));
#3108 = CARTESIAN_POINT('',(70.825,70.657531754731));
#3109 = CARTESIAN_POINT('',(71.7625,70.116265877365));
#3110 = CARTESIAN_POINT('',(72.7,69.575));
#3111 = CARTESIAN_POINT('',(71.7625,69.033734122635));
#3112 = CARTESIAN_POINT('',(70.825,68.492468245269));
#3113 = CARTESIAN_POINT('',(70.825,69.575));
#3114 = ( GEOMETRIC_REPRESENTATION_CONTEXT(2) 
PARAMETRIC_REPRESENTATION_CONTEXT() REPRESENTATION_CONTEXT('2D SPACE',''
  ) );
#3115 = PCURVE('',#3116,#3121);
#3116 = CYLINDRICAL_SURFACE('',#3117,0.625);
#3117 = AXIS2_PLACEMENT_3D('',#3118,#3119,#3120);
#3118 = CARTESIAN_POINT('',(-3.75,54.575,0.));
#3119 = DIRECTION('',(0.,0.,-1.));
#3120 = DIRECTION('',(-1.,1.110223024625E-16,0.));
#3121 = DEFINITIONAL_REPRESENTATION('',(#3122),#3126);
#3122 = LINE('',#3123,#3124);
#3123 = CARTESIAN_POINT('',(0.,1.5));
#3124 = VECTOR('',#3125,1.);
#3125 = DIRECTION('',(1.,0.));
#3126 = ( GEOMETRIC_REPRESENTATION_CONTEXT(2) 
PARAMETRIC_REPRESENTATION_CONTEXT() REPRESENTATION_CONTEXT('2D SPACE',''
  ) );
#3127 = ORIENTED_EDGE('',*,*,#3128,.F.);
#3128 = EDGE_CURVE('',#3129,#3096,#3131,.T.);
#3129 = VERTEX_POINT('',#3130);
#3130 = CARTESIAN_POINT('',(-3.125,15.825,-1.5));
#3131 = SURFACE_CURVE('',#3132,(#3136,#3142),.PCURVE_S1.);
#3132 = LINE('',#3133,#3134);
#3133 = CARTESIAN_POINT('',(-3.125,19.7875,-1.5));
#3134 = VECTOR('',#3135,1.);
#3135 = DIRECTION('',(1.110223024625E-16,1.,-0.));
#3136 = PCURVE('',#72,#3137);
#3137 = DEFINITIONAL_REPRESENTATION('',(#3138),#3141);
#3138 = B_SPLINE_CURVE_WITH_KNOTS('',1,(#3139,#3140),.UNSPECIFIED.,.F.,
  .F.,(2,2),(-3.9625,34.7875),.PIECEWISE_BEZIER_KNOTS.);
#3139 = CARTESIAN_POINT('',(72.075,30.825));
#3140 = CARTESIAN_POINT('',(72.075,69.575));
#3141 = ( GEOMETRIC_REPRESENTATION_CONTEXT(2) 
PARAMETRIC_REPRESENTATION_CONTEXT() REPRESENTATION_CONTEXT('2D SPACE',''
  ) );
#3142 = PCURVE('',#3143,#3148);
#3143 = PLANE('',#3144);
#3144 = AXIS2_PLACEMENT_3D('',#3145,#3146,#3147);
#3145 = CARTESIAN_POINT('',(-3.125,54.575,0.));
#3146 = DIRECTION('',(1.,-1.110223024625E-16,0.));
#3147 = DIRECTION('',(-1.110223024625E-16,-1.,0.));
#3148 = DEFINITIONAL_REPRESENTATION('',(#3149),#3152);
#3149 = B_SPLINE_CURVE_WITH_KNOTS('',1,(#3150,#3151),.UNSPECIFIED.,.F.,
  .F.,(2,2),(-3.9625,34.7875),.PIECEWISE_BEZIER_KNOTS.);
#3150 = CARTESIAN_POINT('',(38.75,1.5));
#3151 = CARTESIAN_POINT('',(0.,1.5));
#3152 = ( GEOMETRIC_REPRESENTATION_CONTEXT(2) 
PARAMETRIC_REPRESENTATION_CONTEXT() REPRESENTATION_CONTEXT('2D SPACE',''
  ) );
#3153 = ORIENTED_EDGE('',*,*,#3154,.T.);
#3154 = EDGE_CURVE('',#3129,#3070,#3155,.T.);
#3155 = SURFACE_CURVE('',#3156,(#3161,#3172),.PCURVE_S1.);
#3156 = CIRCLE('',#3157,0.625);
#3157 = AXIS2_PLACEMENT_3D('',#3158,#3159,#3160);
#3158 = CARTESIAN_POINT('',(-3.75,15.825,-1.5));
#3159 = DIRECTION('',(0.,-0.,-1.));
#3160 = DIRECTION('',(1.,-1.110223024625E-16,0.));
#3161 = PCURVE('',#72,#3162);
#3162 = DEFINITIONAL_REPRESENTATION('',(#3163),#3171);
#3163 = ( BOUNDED_CURVE() B_SPLINE_CURVE(2,(#3164,#3165,#3166,#3167,
#3168,#3169,#3170),.UNSPECIFIED.,.T.,.F.) B_SPLINE_CURVE_WITH_KNOTS((1,2
    ,2,2,2,1),(-2.094395102393,0.,2.094395102393,4.188790204786,
6.28318530718,8.377580409573),.UNSPECIFIED.) CURVE() 
GEOMETRIC_REPRESENTATION_ITEM() RATIONAL_B_SPLINE_CURVE((1.,0.5,1.,0.5,
1.,0.5,1.)) REPRESENTATION_ITEM('') );
#3164 = CARTESIAN_POINT('',(72.075,30.825));
#3165 = CARTESIAN_POINT('',(72.075,29.742468245269));
#3166 = CARTESIAN_POINT('',(71.1375,30.283734122635));
#3167 = CARTESIAN_POINT('',(70.2,30.825));
#3168 = CARTESIAN_POINT('',(71.1375,31.366265877365));
#3169 = CARTESIAN_POINT('',(72.075,31.907531754731));
#3170 = CARTESIAN_POINT('',(72.075,30.825));
#3171 = ( GEOMETRIC_REPRESENTATION_CONTEXT(2) 
PARAMETRIC_REPRESENTATION_CONTEXT() REPRESENTATION_CONTEXT('2D SPACE',''
  ) );
#3172 = PCURVE('',#3173,#3178);
#3173 = CYLINDRICAL_SURFACE('',#3174,0.625);
#3174 = AXIS2_PLACEMENT_3D('',#3175,#3176,#3177);
#3175 = CARTESIAN_POINT('',(-3.75,15.825,0.));
#3176 = DIRECTION('',(0.,-0.,-1.));
#3177 = DIRECTION('',(1.,-1.110223024625E-16,0.));
#3178 = DEFINITIONAL_REPRESENTATION('',(#3179),#3183);
#3179 = LINE('',#3180,#3181);
#3180 = CARTESIAN_POINT('',(0.,1.5));
#3181 = VECTOR('',#3182,1.);
#3182 = DIRECTION('',(1.,0.));
#3183 = ( GEOMETRIC_REPRESENTATION_CONTEXT(2) 
PARAMETRIC_REPRESENTATION_CONTEXT() REPRESENTATION_CONTEXT('2D SPACE',''
  ) );
#3184 = FACE_BOUND('',#3185,.F.);
#3185 = EDGE_LOOP('',(#3186,#3187,#3210,#3231));
#3186 = ORIENTED_EDGE('',*,*,#56,.T.);
#3187 = ORIENTED_EDGE('',*,*,#3188,.T.);
#3188 = EDGE_CURVE('',#57,#3189,#3191,.T.);
#3189 = VERTEX_POINT('',#3190);
#3190 = CARTESIAN_POINT('',(15.,15.,-1.5));
#3191 = SURFACE_CURVE('',#3192,(#3196,#3203),.PCURVE_S1.);
#3192 = LINE('',#3193,#3194);
#3193 = CARTESIAN_POINT('',(-15.,15.,-1.5));
#3194 = VECTOR('',#3195,1.);
#3195 = DIRECTION('',(1.,0.,0.));
#3196 = PCURVE('',#72,#3197);
#3197 = DEFINITIONAL_REPRESENTATION('',(#3198),#3202);
#3198 = LINE('',#3199,#3200);
#3199 = CARTESIAN_POINT('',(60.2,30.));
#3200 = VECTOR('',#3201,1.);
#3201 = DIRECTION('',(1.,0.));
#3202 = ( GEOMETRIC_REPRESENTATION_CONTEXT(2) 
PARAMETRIC_REPRESENTATION_CONTEXT() REPRESENTATION_CONTEXT('2D SPACE',''
  ) );
#3203 = PCURVE('',#100,#3204);
#3204 = DEFINITIONAL_REPRESENTATION('',(#3205),#3209);
#3205 = LINE('',#3206,#3207);
#3206 = CARTESIAN_POINT('',(0.,0.));
#3207 = VECTOR('',#3208,1.);
#3208 = DIRECTION('',(0.,1.));
#3209 = ( GEOMETRIC_REPRESENTATION_CONTEXT(2) 
PARAMETRIC_REPRESENTATION_CONTEXT() REPRESENTATION_CONTEXT('2D SPACE',''
  ) );
#3210 = ORIENTED_EDGE('',*,*,#3211,.F.);
#3211 = EDGE_CURVE('',#142,#3189,#3212,.T.);
#3212 = SURFACE_CURVE('',#3213,(#3217,#3224),.PCURVE_S1.);
#3213 = LINE('',#3214,#3215);
#3214 = CARTESIAN_POINT('',(15.,-15.,-1.5));
#3215 = VECTOR('',#3216,1.);
#3216 = DIRECTION('',(0.,1.,0.));
#3217 = PCURVE('',#72,#3218);
#3218 = DEFINITIONAL_REPRESENTATION('',(#3219),#3223);
#3219 = LINE('',#3220,#3221);
#3220 = CARTESIAN_POINT('',(90.2,0.));
#3221 = VECTOR('',#3222,1.);
#3222 = DIRECTION('',(0.,1.));
#3223 = ( GEOMETRIC_REPRESENTATION_CONTEXT(2) 
PARAMETRIC_REPRESENTATION_CONTEXT() REPRESENTATION_CONTEXT('2D SPACE',''
  ) );
#3224 = PCURVE('',#159,#3225);
#3225 = DEFINITIONAL_REPRESENTATION('',(#3226),#3230);
#3226 = LINE('',#3227,#3228);
#3227 = CARTESIAN_POINT('',(0.,0.));
#3228 = VECTOR('',#3229,1.);
#3229 = DIRECTION('',(0.,-1.));
#3230 = ( GEOMETRIC_REPRESENTATION_CONTEXT(2) 
PARAMETRIC_REPRESENTATION_CONTEXT() REPRESENTATION_CONTEXT('2D SPACE',''
  ) );
#3231 = ORIENTED_EDGE('',*,*,#171,.F.);
#3232 = FACE_BOUND('',#3233,.F.);
#3233 = EDGE_LOOP('',(#3234,#3262,#3295,#3321));
#3234 = ORIENTED_EDGE('',*,*,#3235,.F.);
#3235 = EDGE_CURVE('',#3236,#3238,#3240,.T.);
#3236 = VERTEX_POINT('',#3237);
#3237 = CARTESIAN_POINT('',(54.575,0.625,-1.5));
#3238 = VERTEX_POINT('',#3239);
#3239 = CARTESIAN_POINT('',(15.825,0.625,-1.5));
#3240 = SURFACE_CURVE('',#3241,(#3245,#3251),.PCURVE_S1.);
#3241 = LINE('',#3242,#3243);
#3242 = CARTESIAN_POINT('',(-29.6875,0.625,-1.5));
#3243 = VECTOR('',#3244,1.);
#3244 = DIRECTION('',(-1.,0.,0.));
#3245 = PCURVE('',#72,#3246);
#3246 = DEFINITIONAL_REPRESENTATION('',(#3247),#3250);
#3247 = B_SPLINE_CURVE_WITH_KNOTS('',1,(#3248,#3249),.UNSPECIFIED.,.F.,
  .F.,(2,2),(-84.2625,-45.5125),.PIECEWISE_BEZIER_KNOTS.);
#3248 = CARTESIAN_POINT('',(129.775,15.625));
#3249 = CARTESIAN_POINT('',(91.025,15.625));
#3250 = ( GEOMETRIC_REPRESENTATION_CONTEXT(2) 
PARAMETRIC_REPRESENTATION_CONTEXT() REPRESENTATION_CONTEXT('2D SPACE',''
  ) );
#3251 = PCURVE('',#3252,#3257);
#3252 = PLANE('',#3253);
#3253 = AXIS2_PLACEMENT_3D('',#3254,#3255,#3256);
#3254 = CARTESIAN_POINT('',(15.825,0.625,0.));
#3255 = DIRECTION('',(0.,1.,0.));
#3256 = DIRECTION('',(1.,0.,0.));
#3257 = DEFINITIONAL_REPRESENTATION('',(#3258),#3261);
#3258 = B_SPLINE_CURVE_WITH_KNOTS('',1,(#3259,#3260),.UNSPECIFIED.,.F.,
  .F.,(2,2),(-84.2625,-45.5125),.PIECEWISE_BEZIER_KNOTS.);
#3259 = CARTESIAN_POINT('',(38.75,1.5));
#3260 = CARTESIAN_POINT('',(0.,1.5));
#3261 = ( GEOMETRIC_REPRESENTATION_CONTEXT(2) 
PARAMETRIC_REPRESENTATION_CONTEXT() REPRESENTATION_CONTEXT('2D SPACE',''
  ) );
#3262 = ORIENTED_EDGE('',*,*,#3263,.T.);
#3263 = EDGE_CURVE('',#3236,#3264,#3266,.T.);
#3264 = VERTEX_POINT('',#3265);
#3265 = CARTESIAN_POINT('',(54.575,-0.625,-1.5));
#3266 = SURFACE_CURVE('',#3267,(#3272,#3283),.PCURVE_S1.);
#3267 = CIRCLE('',#3268,0.625);
#3268 = AXIS2_PLACEMENT_3D('',#3269,#3270,#3271);
#3269 = CARTESIAN_POINT('',(54.575,-5.551115123126E-17,-1.5));
#3270 = DIRECTION('',(0.,0.,-1.));
#3271 = DIRECTION('',(0.,1.,0.));
#3272 = PCURVE('',#72,#3273);
#3273 = DEFINITIONAL_REPRESENTATION('',(#3274),#3282);
#3274 = ( BOUNDED_CURVE() B_SPLINE_CURVE(2,(#3275,#3276,#3277,#3278,
#3279,#3280,#3281),.UNSPECIFIED.,.T.,.F.) B_SPLINE_CURVE_WITH_KNOTS((1,2
    ,2,2,2,1),(-2.094395102393,0.,2.094395102393,4.188790204786,
6.28318530718,8.377580409573),.UNSPECIFIED.) CURVE() 
GEOMETRIC_REPRESENTATION_ITEM() RATIONAL_B_SPLINE_CURVE((1.,0.5,1.,0.5,
1.,0.5,1.)) REPRESENTATION_ITEM('') );
#3275 = CARTESIAN_POINT('',(129.775,15.625));
#3276 = CARTESIAN_POINT('',(130.85753175473,15.625));
#3277 = CARTESIAN_POINT('',(130.31626587736,14.6875));
#3278 = CARTESIAN_POINT('',(129.775,13.75));
#3279 = CARTESIAN_POINT('',(129.23373412263,14.6875));
#3280 = CARTESIAN_POINT('',(128.69246824526,15.625));
#3281 = CARTESIAN_POINT('',(129.775,15.625));
#3282 = ( GEOMETRIC_REPRESENTATION_CONTEXT(2) 
PARAMETRIC_REPRESENTATION_CONTEXT() REPRESENTATION_CONTEXT('2D SPACE',''
  ) );
#3283 = PCURVE('',#3284,#3289);
#3284 = CYLINDRICAL_SURFACE('',#3285,0.625);
#3285 = AXIS2_PLACEMENT_3D('',#3286,#3287,#3288);
#3286 = CARTESIAN_POINT('',(54.575,-5.551115123126E-17,0.));
#3287 = DIRECTION('',(0.,0.,-1.));
#3288 = DIRECTION('',(0.,1.,0.));
#3289 = DEFINITIONAL_REPRESENTATION('',(#3290),#3294);
#3290 = LINE('',#3291,#3292);
#3291 = CARTESIAN_POINT('',(0.,1.5));
#3292 = VECTOR('',#3293,1.);
#3293 = DIRECTION('',(1.,0.));
#3294 = ( GEOMETRIC_REPRESENTATION_CONTEXT(2) 
PARAMETRIC_REPRESENTATION_CONTEXT() REPRESENTATION_CONTEXT('2D SPACE',''
  ) );
#3295 = ORIENTED_EDGE('',*,*,#3296,.F.);
#3296 = EDGE_CURVE('',#3297,#3264,#3299,.T.);
#3297 = VERTEX_POINT('',#3298);
#3298 = CARTESIAN_POINT('',(15.825,-0.625,-1.5));
#3299 = SURFACE_CURVE('',#3300,(#3304,#3310),.PCURVE_S1.);
#3300 = LINE('',#3301,#3302);
#3301 = CARTESIAN_POINT('',(-10.3125,-0.625,-1.5));
#3302 = VECTOR('',#3303,1.);
#3303 = DIRECTION('',(1.,0.,-0.));
#3304 = PCURVE('',#72,#3305);
#3305 = DEFINITIONAL_REPRESENTATION('',(#3306),#3309);
#3306 = B_SPLINE_CURVE_WITH_KNOTS('',1,(#3307,#3308),.UNSPECIFIED.,.F.,
  .F.,(2,2),(26.1375,64.8875),.PIECEWISE_BEZIER_KNOTS.);
#3307 = CARTESIAN_POINT('',(91.025,14.375));
#3308 = CARTESIAN_POINT('',(129.775,14.375));
#3309 = ( GEOMETRIC_REPRESENTATION_CONTEXT(2) 
PARAMETRIC_REPRESENTATION_CONTEXT() REPRESENTATION_CONTEXT('2D SPACE',''
  ) );
#3310 = PCURVE('',#3311,#3316);
#3311 = PLANE('',#3312);
#3312 = AXIS2_PLACEMENT_3D('',#3313,#3314,#3315);
#3313 = CARTESIAN_POINT('',(54.575,-0.625,0.));
#3314 = DIRECTION('',(0.,-1.,0.));
#3315 = DIRECTION('',(-1.,0.,0.));
#3316 = DEFINITIONAL_REPRESENTATION('',(#3317),#3320);
#3317 = B_SPLINE_CURVE_WITH_KNOTS('',1,(#3318,#3319),.UNSPECIFIED.,.F.,
  .F.,(2,2),(26.1375,64.8875),.PIECEWISE_BEZIER_KNOTS.);
#3318 = CARTESIAN_POINT('',(38.75,1.5));
#3319 = CARTESIAN_POINT('',(0.,1.5));
#3320 = ( GEOMETRIC_REPRESENTATION_CONTEXT(2) 
PARAMETRIC_REPRESENTATION_CONTEXT() REPRESENTATION_CONTEXT('2D SPACE',''
  ) );
#3321 = ORIENTED_EDGE('',*,*,#3322,.T.);
#3322 = EDGE_CURVE('',#3297,#3238,#3323,.T.);
#3323 = SURFACE_CURVE('',#3324,(#3329,#3340),.PCURVE_S1.);
#3324 = CIRCLE('',#3325,0.625);
#3325 = AXIS2_PLACEMENT_3D('',#3326,#3327,#3328);
#3326 = CARTESIAN_POINT('',(15.825,5.551115123126E-17,-1.5));
#3327 = DIRECTION('',(0.,-0.,-1.));
#3328 = DIRECTION('',(0.,-1.,0.));
#3329 = PCURVE('',#72,#3330);
#3330 = DEFINITIONAL_REPRESENTATION('',(#3331),#3339);
#3331 = ( BOUNDED_CURVE() B_SPLINE_CURVE(2,(#3332,#3333,#3334,#3335,
#3336,#3337,#3338),.UNSPECIFIED.,.T.,.F.) B_SPLINE_CURVE_WITH_KNOTS((1,2
    ,2,2,2,1),(-2.094395102393,0.,2.094395102393,4.188790204786,
6.28318530718,8.377580409573),.UNSPECIFIED.) CURVE() 
GEOMETRIC_REPRESENTATION_ITEM() RATIONAL_B_SPLINE_CURVE((1.,0.5,1.,0.5,
1.,0.5,1.)) REPRESENTATION_ITEM('') );
#3332 = CARTESIAN_POINT('',(91.025,14.375));
#3333 = CARTESIAN_POINT('',(89.942468245269,14.375));
#3334 = CARTESIAN_POINT('',(90.483734122635,15.3125));
#3335 = CARTESIAN_POINT('',(91.025,16.25));
#3336 = CARTESIAN_POINT('',(91.566265877365,15.3125));
#3337 = CARTESIAN_POINT('',(92.107531754731,14.375));
#3338 = CARTESIAN_POINT('',(91.025,14.375));
#3339 = ( GEOMETRIC_REPRESENTATION_CONTEXT(2) 
PARAMETRIC_REPRESENTATION_CONTEXT() REPRESENTATION_CONTEXT('2D SPACE',''
  ) );
#3340 = PCURVE('',#3341,#3346);
#3341 = CYLINDRICAL_SURFACE('',#3342,0.625);
#3342 = AXIS2_PLACEMENT_3D('',#3343,#3344,#3345);
#3343 = CARTESIAN_POINT('',(15.825,5.551115123126E-17,0.));
#3344 = DIRECTION('',(0.,-0.,-1.));
#3345 = DIRECTION('',(0.,-1.,0.));
#3346 = DEFINITIONAL_REPRESENTATION('',(#3347),#3351);
#3347 = LINE('',#3348,#3349);
#3348 = CARTESIAN_POINT('',(0.,1.5));
#3349 = VECTOR('',#3350,1.);
#3350 = DIRECTION('',(1.,0.));
#3351 = ( GEOMETRIC_REPRESENTATION_CONTEXT(2) 
PARAMETRIC_REPRESENTATION_CONTEXT() REPRESENTATION_CONTEXT('2D SPACE',''
  ) );
#3352 = FACE_BOUND('',#3353,.F.);
#3353 = EDGE_LOOP('',(#3354,#3382,#3415,#3441));
#3354 = ORIENTED_EDGE('',*,*,#3355,.F.);
#3355 = EDGE_CURVE('',#3356,#3358,#3360,.T.);
#3356 = VERTEX_POINT('',#3357);
#3357 = CARTESIAN_POINT('',(54.575,4.375,-1.5));
#3358 = VERTEX_POINT('',#3359);
#3359 = CARTESIAN_POINT('',(15.825,4.375,-1.5));
#3360 = SURFACE_CURVE('',#3361,(#3365,#3371),.PCURVE_S1.);
#3361 = LINE('',#3362,#3363);
#3362 = CARTESIAN_POINT('',(-29.6875,4.375,-1.5));
#3363 = VECTOR('',#3364,1.);
#3364 = DIRECTION('',(-1.,0.,0.));
#3365 = PCURVE('',#72,#3366);
#3366 = DEFINITIONAL_REPRESENTATION('',(#3367),#3370);
#3367 = B_SPLINE_CURVE_WITH_KNOTS('',1,(#3368,#3369),.UNSPECIFIED.,.F.,
  .F.,(2,2),(-84.2625,-45.5125),.PIECEWISE_BEZIER_KNOTS.);
#3368 = CARTESIAN_POINT('',(129.775,19.375));
#3369 = CARTESIAN_POINT('',(91.025,19.375));
#3370 = ( GEOMETRIC_REPRESENTATION_CONTEXT(2) 
PARAMETRIC_REPRESENTATION_CONTEXT() REPRESENTATION_CONTEXT('2D SPACE',''
  ) );
#3371 = PCURVE('',#3372,#3377);
#3372 = PLANE('',#3373);
#3373 = AXIS2_PLACEMENT_3D('',#3374,#3375,#3376);
#3374 = CARTESIAN_POINT('',(15.825,4.375,0.));
#3375 = DIRECTION('',(0.,1.,0.));
#3376 = DIRECTION('',(1.,0.,0.));
#3377 = DEFINITIONAL_REPRESENTATION('',(#3378),#3381);
#3378 = B_SPLINE_CURVE_WITH_KNOTS('',1,(#3379,#3380),.UNSPECIFIED.,.F.,
  .F.,(2,2),(-84.2625,-45.5125),.PIECEWISE_BEZIER_KNOTS.);
#3379 = CARTESIAN_POINT('',(38.75,1.5));
#3380 = CARTESIAN_POINT('',(0.,1.5));
#3381 = ( GEOMETRIC_REPRESENTATION_CONTEXT(2) 
PARAMETRIC_REPRESENTATION_CONTEXT() REPRESENTATION_CONTEXT('2D SPACE',''
  ) );
#3382 = ORIENTED_EDGE('',*,*,#3383,.T.);
#3383 = EDGE_CURVE('',#3356,#3384,#3386,.T.);
#3384 = VERTEX_POINT('',#3385);
#3385 = CARTESIAN_POINT('',(54.575,3.125,-1.5));
#3386 = SURFACE_CURVE('',#3387,(#3392,#3403),.PCURVE_S1.);
#3387 = CIRCLE('',#3388,0.625);
#3388 = AXIS2_PLACEMENT_3D('',#3389,#3390,#3391);
#3389 = CARTESIAN_POINT('',(54.575,3.75,-1.5));
#3390 = DIRECTION('',(0.,0.,-1.));
#3391 = DIRECTION('',(0.,1.,0.));
#3392 = PCURVE('',#72,#3393);
#3393 = DEFINITIONAL_REPRESENTATION('',(#3394),#3402);
#3394 = ( BOUNDED_CURVE() B_SPLINE_CURVE(2,(#3395,#3396,#3397,#3398,
#3399,#3400,#3401),.UNSPECIFIED.,.T.,.F.) B_SPLINE_CURVE_WITH_KNOTS((1,2
    ,2,2,2,1),(-2.094395102393,0.,2.094395102393,4.188790204786,
6.28318530718,8.377580409573),.UNSPECIFIED.) CURVE() 
GEOMETRIC_REPRESENTATION_ITEM() RATIONAL_B_SPLINE_CURVE((1.,0.5,1.,0.5,
1.,0.5,1.)) REPRESENTATION_ITEM('') );
#3395 = CARTESIAN_POINT('',(129.775,19.375));
#3396 = CARTESIAN_POINT('',(130.85753175473,19.375));
#3397 = CARTESIAN_POINT('',(130.31626587736,18.4375));
#3398 = CARTESIAN_POINT('',(129.775,17.5));
#3399 = CARTESIAN_POINT('',(129.23373412263,18.4375));
#3400 = CARTESIAN_POINT('',(128.69246824526,19.375));
#3401 = CARTESIAN_POINT('',(129.775,19.375));
#3402 = ( GEOMETRIC_REPRESENTATION_CONTEXT(2) 
PARAMETRIC_REPRESENTATION_CONTEXT() REPRESENTATION_CONTEXT('2D SPACE',''
  ) );
#3403 = PCURVE('',#3404,#3409);
#3404 = CYLINDRICAL_SURFACE('',#3405,0.625);
#3405 = AXIS2_PLACEMENT_3D('',#3406,#3407,#3408);
#3406 = CARTESIAN_POINT('',(54.575,3.75,0.));
#3407 = DIRECTION('',(0.,0.,-1.));
#3408 = DIRECTION('',(0.,1.,0.));
#3409 = DEFINITIONAL_REPRESENTATION('',(#3410),#3414);
#3410 = LINE('',#3411,#3412);
#3411 = CARTESIAN_POINT('',(0.,1.5));
#3412 = VECTOR('',#3413,1.);
#3413 = DIRECTION('',(1.,0.));
#3414 = ( GEOMETRIC_REPRESENTATION_CONTEXT(2) 
PARAMETRIC_REPRESENTATION_CONTEXT() REPRESENTATION_CONTEXT('2D SPACE',''
  ) );
#3415 = ORIENTED_EDGE('',*,*,#3416,.F.);
#3416 = EDGE_CURVE('',#3417,#3384,#3419,.T.);
#3417 = VERTEX_POINT('',#3418);
#3418 = CARTESIAN_POINT('',(15.825,3.125,-1.5));
#3419 = SURFACE_CURVE('',#3420,(#3424,#3430),.PCURVE_S1.);
#3420 = LINE('',#3421,#3422);
#3421 = CARTESIAN_POINT('',(-10.3125,3.125,-1.5));
#3422 = VECTOR('',#3423,1.);
#3423 = DIRECTION('',(1.,0.,-0.));
#3424 = PCURVE('',#72,#3425);
#3425 = DEFINITIONAL_REPRESENTATION('',(#3426),#3429);
#3426 = B_SPLINE_CURVE_WITH_KNOTS('',1,(#3427,#3428),.UNSPECIFIED.,.F.,
  .F.,(2,2),(26.1375,64.8875),.PIECEWISE_BEZIER_KNOTS.);
#3427 = CARTESIAN_POINT('',(91.025,18.125));
#3428 = CARTESIAN_POINT('',(129.775,18.125));
#3429 = ( GEOMETRIC_REPRESENTATION_CONTEXT(2) 
PARAMETRIC_REPRESENTATION_CONTEXT() REPRESENTATION_CONTEXT('2D SPACE',''
  ) );
#3430 = PCURVE('',#3431,#3436);
#3431 = PLANE('',#3432);
#3432 = AXIS2_PLACEMENT_3D('',#3433,#3434,#3435);
#3433 = CARTESIAN_POINT('',(54.575,3.125,0.));
#3434 = DIRECTION('',(0.,-1.,0.));
#3435 = DIRECTION('',(-1.,0.,0.));
#3436 = DEFINITIONAL_REPRESENTATION('',(#3437),#3440);
#3437 = B_SPLINE_CURVE_WITH_KNOTS('',1,(#3438,#3439),.UNSPECIFIED.,.F.,
  .F.,(2,2),(26.1375,64.8875),.PIECEWISE_BEZIER_KNOTS.);
#3438 = CARTESIAN_POINT('',(38.75,1.5));
#3439 = CARTESIAN_POINT('',(0.,1.5));
#3440 = ( GEOMETRIC_REPRESENTATION_CONTEXT(2) 
PARAMETRIC_REPRESENTATION_CONTEXT() REPRESENTATION_CONTEXT('2D SPACE',''
  ) );
#3441 = ORIENTED_EDGE('',*,*,#3442,.T.);
#3442 = EDGE_CURVE('',#3417,#3358,#3443,.T.);
#3443 = SURFACE_CURVE('',#3444,(#3449,#3460),.PCURVE_S1.);
#3444 = CIRCLE('',#3445,0.625);
#3445 = AXIS2_PLACEMENT_3D('',#3446,#3447,#3448);
#3446 = CARTESIAN_POINT('',(15.825,3.75,-1.5));
#3447 = DIRECTION('',(0.,-0.,-1.));
#3448 = DIRECTION('',(0.,-1.,0.));
#3449 = PCURVE('',#72,#3450);
#3450 = DEFINITIONAL_REPRESENTATION('',(#3451),#3459);
#3451 = ( BOUNDED_CURVE() B_SPLINE_CURVE(2,(#3452,#3453,#3454,#3455,
#3456,#3457,#3458),.UNSPECIFIED.,.T.,.F.) B_SPLINE_CURVE_WITH_KNOTS((1,2
    ,2,2,2,1),(-2.094395102393,0.,2.094395102393,4.188790204786,
6.28318530718,8.377580409573),.UNSPECIFIED.) CURVE() 
GEOMETRIC_REPRESENTATION_ITEM() RATIONAL_B_SPLINE_CURVE((1.,0.5,1.,0.5,
1.,0.5,1.)) REPRESENTATION_ITEM('') );
#3452 = CARTESIAN_POINT('',(91.025,18.125));
#3453 = CARTESIAN_POINT('',(89.942468245269,18.125));
#3454 = CARTESIAN_POINT('',(90.483734122635,19.0625));
#3455 = CARTESIAN_POINT('',(91.025,20.));
#3456 = CARTESIAN_POINT('',(91.566265877365,19.0625));
#3457 = CARTESIAN_POINT('',(92.107531754731,18.125));
#3458 = CARTESIAN_POINT('',(91.025,18.125));
#3459 = ( GEOMETRIC_REPRESENTATION_CONTEXT(2) 
PARAMETRIC_REPRESENTATION_CONTEXT() REPRESENTATION_CONTEXT('2D SPACE',''
  ) );
#3460 = PCURVE('',#3461,#3466);
#3461 = CYLINDRICAL_SURFACE('',#3462,0.625);
#3462 = AXIS2_PLACEMENT_3D('',#3463,#3464,#3465);
#3463 = CARTESIAN_POINT('',(15.825,3.75,0.));
#3464 = DIRECTION('',(0.,-0.,-1.));
#3465 = DIRECTION('',(0.,-1.,0.));
#3466 = DEFINITIONAL_REPRESENTATION('',(#3467),#3471);
#3467 = LINE('',#3468,#3469);
#3468 = CARTESIAN_POINT('',(0.,1.5));
#3469 = VECTOR('',#3470,1.);
#3470 = DIRECTION('',(1.,0.));
#3471 = ( GEOMETRIC_REPRESENTATION_CONTEXT(2) 
PARAMETRIC_REPRESENTATION_CONTEXT() REPRESENTATION_CONTEXT('2D SPACE',''
  ) );
#3472 = FACE_BOUND('',#3473,.F.);
#3473 = EDGE_LOOP('',(#3474,#3502,#3535,#3561));
#3474 = ORIENTED_EDGE('',*,*,#3475,.F.);
#3475 = EDGE_CURVE('',#3476,#3478,#3480,.T.);
#3476 = VERTEX_POINT('',#3477);
#3477 = CARTESIAN_POINT('',(54.575,8.125,-1.5));
#3478 = VERTEX_POINT('',#3479);
#3479 = CARTESIAN_POINT('',(15.825,8.125,-1.5));
#3480 = SURFACE_CURVE('',#3481,(#3485,#3491),.PCURVE_S1.);
#3481 = LINE('',#3482,#3483);
#3482 = CARTESIAN_POINT('',(-29.6875,8.125,-1.5));
#3483 = VECTOR('',#3484,1.);
#3484 = DIRECTION('',(-1.,0.,0.));
#3485 = PCURVE('',#72,#3486);
#3486 = DEFINITIONAL_REPRESENTATION('',(#3487),#3490);
#3487 = B_SPLINE_CURVE_WITH_KNOTS('',1,(#3488,#3489),.UNSPECIFIED.,.F.,
  .F.,(2,2),(-84.2625,-45.5125),.PIECEWISE_BEZIER_KNOTS.);
#3488 = CARTESIAN_POINT('',(129.775,23.125));
#3489 = CARTESIAN_POINT('',(91.025,23.125));
#3490 = ( GEOMETRIC_REPRESENTATION_CONTEXT(2) 
PARAMETRIC_REPRESENTATION_CONTEXT() REPRESENTATION_CONTEXT('2D SPACE',''
  ) );
#3491 = PCURVE('',#3492,#3497);
#3492 = PLANE('',#3493);
#3493 = AXIS2_PLACEMENT_3D('',#3494,#3495,#3496);
#3494 = CARTESIAN_POINT('',(15.825,8.125,0.));
#3495 = DIRECTION('',(0.,1.,0.));
#3496 = DIRECTION('',(1.,0.,0.));
#3497 = DEFINITIONAL_REPRESENTATION('',(#3498),#3501);
#3498 = B_SPLINE_CURVE_WITH_KNOTS('',1,(#3499,#3500),.UNSPECIFIED.,.F.,
  .F.,(2,2),(-84.2625,-45.5125),.PIECEWISE_BEZIER_KNOTS.);
#3499 = CARTESIAN_POINT('',(38.75,1.5));
#3500 = CARTESIAN_POINT('',(0.,1.5));
#3501 = ( GEOMETRIC_REPRESENTATION_CONTEXT(2) 
PARAMETRIC_REPRESENTATION_CONTEXT() REPRESENTATION_CONTEXT('2D SPACE',''
  ) );
#3502 = ORIENTED_EDGE('',*,*,#3503,.T.);
#3503 = EDGE_CURVE('',#3476,#3504,#3506,.T.);
#3504 = VERTEX_POINT('',#3505);
#3505 = CARTESIAN_POINT('',(54.575,6.875,-1.5));
#3506 = SURFACE_CURVE('',#3507,(#3512,#3523),.PCURVE_S1.);
#3507 = CIRCLE('',#3508,0.625);
#3508 = AXIS2_PLACEMENT_3D('',#3509,#3510,#3511);
#3509 = CARTESIAN_POINT('',(54.575,7.5,-1.5));
#3510 = DIRECTION('',(0.,0.,-1.));
#3511 = DIRECTION('',(0.,1.,0.));
#3512 = PCURVE('',#72,#3513);
#3513 = DEFINITIONAL_REPRESENTATION('',(#3514),#3522);
#3514 = ( BOUNDED_CURVE() B_SPLINE_CURVE(2,(#3515,#3516,#3517,#3518,
#3519,#3520,#3521),.UNSPECIFIED.,.T.,.F.) B_SPLINE_CURVE_WITH_KNOTS((1,2
    ,2,2,2,1),(-2.094395102393,0.,2.094395102393,4.188790204786,
6.28318530718,8.377580409573),.UNSPECIFIED.) CURVE() 
GEOMETRIC_REPRESENTATION_ITEM() RATIONAL_B_SPLINE_CURVE((1.,0.5,1.,0.5,
1.,0.5,1.)) REPRESENTATION_ITEM('') );
#3515 = CARTESIAN_POINT('',(129.775,23.125));
#3516 = CARTESIAN_POINT('',(130.85753175473,23.125));
#3517 = CARTESIAN_POINT('',(130.31626587736,22.1875));
#3518 = CARTESIAN_POINT('',(129.775,21.25));
#3519 = CARTESIAN_POINT('',(129.23373412263,22.1875));
#3520 = CARTESIAN_POINT('',(128.69246824526,23.125));
#3521 = CARTESIAN_POINT('',(129.775,23.125));
#3522 = ( GEOMETRIC_REPRESENTATION_CONTEXT(2) 
PARAMETRIC_REPRESENTATION_CONTEXT() REPRESENTATION_CONTEXT('2D SPACE',''
  ) );
#3523 = PCURVE('',#3524,#3529);
#3524 = CYLINDRICAL_SURFACE('',#3525,0.625);
#3525 = AXIS2_PLACEMENT_3D('',#3526,#3527,#3528);
#3526 = CARTESIAN_POINT('',(54.575,7.5,0.));
#3527 = DIRECTION('',(0.,0.,-1.));
#3528 = DIRECTION('',(0.,1.,0.));
#3529 = DEFINITIONAL_REPRESENTATION('',(#3530),#3534);
#3530 = LINE('',#3531,#3532);
#3531 = CARTESIAN_POINT('',(0.,1.5));
#3532 = VECTOR('',#3533,1.);
#3533 = DIRECTION('',(1.,0.));
#3534 = ( GEOMETRIC_REPRESENTATION_CONTEXT(2) 
PARAMETRIC_REPRESENTATION_CONTEXT() REPRESENTATION_CONTEXT('2D SPACE',''
  ) );
#3535 = ORIENTED_EDGE('',*,*,#3536,.F.);
#3536 = EDGE_CURVE('',#3537,#3504,#3539,.T.);
#3537 = VERTEX_POINT('',#3538);
#3538 = CARTESIAN_POINT('',(15.825,6.875,-1.5));
#3539 = SURFACE_CURVE('',#3540,(#3544,#3550),.PCURVE_S1.);
#3540 = LINE('',#3541,#3542);
#3541 = CARTESIAN_POINT('',(-10.3125,6.875,-1.5));
#3542 = VECTOR('',#3543,1.);
#3543 = DIRECTION('',(1.,0.,-0.));
#3544 = PCURVE('',#72,#3545);
#3545 = DEFINITIONAL_REPRESENTATION('',(#3546),#3549);
#3546 = B_SPLINE_CURVE_WITH_KNOTS('',1,(#3547,#3548),.UNSPECIFIED.,.F.,
  .F.,(2,2),(26.1375,64.8875),.PIECEWISE_BEZIER_KNOTS.);
#3547 = CARTESIAN_POINT('',(91.025,21.875));
#3548 = CARTESIAN_POINT('',(129.775,21.875));
#3549 = ( GEOMETRIC_REPRESENTATION_CONTEXT(2) 
PARAMETRIC_REPRESENTATION_CONTEXT() REPRESENTATION_CONTEXT('2D SPACE',''
  ) );
#3550 = PCURVE('',#3551,#3556);
#3551 = PLANE('',#3552);
#3552 = AXIS2_PLACEMENT_3D('',#3553,#3554,#3555);
#3553 = CARTESIAN_POINT('',(54.575,6.875,0.));
#3554 = DIRECTION('',(0.,-1.,0.));
#3555 = DIRECTION('',(-1.,0.,0.));
#3556 = DEFINITIONAL_REPRESENTATION('',(#3557),#3560);
#3557 = B_SPLINE_CURVE_WITH_KNOTS('',1,(#3558,#3559),.UNSPECIFIED.,.F.,
  .F.,(2,2),(26.1375,64.8875),.PIECEWISE_BEZIER_KNOTS.);
#3558 = CARTESIAN_POINT('',(38.75,1.5));
#3559 = CARTESIAN_POINT('',(0.,1.5));
#3560 = ( GEOMETRIC_REPRESENTATION_CONTEXT(2) 
PARAMETRIC_REPRESENTATION_CONTEXT() REPRESENTATION_CONTEXT('2D SPACE',''
  ) );
#3561 = ORIENTED_EDGE('',*,*,#3562,.T.);
#3562 = EDGE_CURVE('',#3537,#3478,#3563,.T.);
#3563 = SURFACE_CURVE('',#3564,(#3569,#3580),.PCURVE_S1.);
#3564 = CIRCLE('',#3565,0.625);
#3565 = AXIS2_PLACEMENT_3D('',#3566,#3567,#3568);
#3566 = CARTESIAN_POINT('',(15.825,7.5,-1.5));
#3567 = DIRECTION('',(0.,-0.,-1.));
#3568 = DIRECTION('',(0.,-1.,0.));
#3569 = PCURVE('',#72,#3570);
#3570 = DEFINITIONAL_REPRESENTATION('',(#3571),#3579);
#3571 = ( BOUNDED_CURVE() B_SPLINE_CURVE(2,(#3572,#3573,#3574,#3575,
#3576,#3577,#3578),.UNSPECIFIED.,.T.,.F.) B_SPLINE_CURVE_WITH_KNOTS((1,2
    ,2,2,2,1),(-2.094395102393,0.,2.094395102393,4.188790204786,
6.28318530718,8.377580409573),.UNSPECIFIED.) CURVE() 
GEOMETRIC_REPRESENTATION_ITEM() RATIONAL_B_SPLINE_CURVE((1.,0.5,1.,0.5,
1.,0.5,1.)) REPRESENTATION_ITEM('') );
#3572 = CARTESIAN_POINT('',(91.025,21.875));
#3573 = CARTESIAN_POINT('',(89.942468245269,21.875));
#3574 = CARTESIAN_POINT('',(90.483734122635,22.8125));
#3575 = CARTESIAN_POINT('',(91.025,23.75));
#3576 = CARTESIAN_POINT('',(91.566265877365,22.8125));
#3577 = CARTESIAN_POINT('',(92.107531754731,21.875));
#3578 = CARTESIAN_POINT('',(91.025,21.875));
#3579 = ( GEOMETRIC_REPRESENTATION_CONTEXT(2) 
PARAMETRIC_REPRESENTATION_CONTEXT() REPRESENTATION_CONTEXT('2D SPACE',''
  ) );
#3580 = PCURVE('',#3581,#3586);
#3581 = CYLINDRICAL_SURFACE('',#3582,0.625);
#3582 = AXIS2_PLACEMENT_3D('',#3583,#3584,#3585);
#3583 = CARTESIAN_POINT('',(15.825,7.5,0.));
#3584 = DIRECTION('',(0.,-0.,-1.));
#3585 = DIRECTION('',(0.,-1.,0.));
#3586 = DEFINITIONAL_REPRESENTATION('',(#3587),#3591);
#3587 = LINE('',#3588,#3589);
#3588 = CARTESIAN_POINT('',(0.,1.5));
#3589 = VECTOR('',#3590,1.);
#3590 = DIRECTION('',(1.,0.));
#3591 = ( GEOMETRIC_REPRESENTATION_CONTEXT(2) 
PARAMETRIC_REPRESENTATION_CONTEXT() REPRESENTATION_CONTEXT('2D SPACE',''
  ) );
#3592 = FACE_BOUND('',#3593,.F.);
#3593 = EDGE_LOOP('',(#3594,#3622,#3655,#3681));
#3594 = ORIENTED_EDGE('',*,*,#3595,.F.);
#3595 = EDGE_CURVE('',#3596,#3598,#3600,.T.);
#3596 = VERTEX_POINT('',#3597);
#3597 = CARTESIAN_POINT('',(54.575,11.875,-1.5));
#3598 = VERTEX_POINT('',#3599);
#3599 = CARTESIAN_POINT('',(15.825,11.875,-1.5));
#3600 = SURFACE_CURVE('',#3601,(#3605,#3611),.PCURVE_S1.);
#3601 = LINE('',#3602,#3603);
#3602 = CARTESIAN_POINT('',(-29.6875,11.875,-1.5));
#3603 = VECTOR('',#3604,1.);
#3604 = DIRECTION('',(-1.,0.,0.));
#3605 = PCURVE('',#72,#3606);
#3606 = DEFINITIONAL_REPRESENTATION('',(#3607),#3610);
#3607 = B_SPLINE_CURVE_WITH_KNOTS('',1,(#3608,#3609),.UNSPECIFIED.,.F.,
  .F.,(2,2),(-84.2625,-45.5125),.PIECEWISE_BEZIER_KNOTS.);
#3608 = CARTESIAN_POINT('',(129.775,26.875));
#3609 = CARTESIAN_POINT('',(91.025,26.875));
#3610 = ( GEOMETRIC_REPRESENTATION_CONTEXT(2) 
PARAMETRIC_REPRESENTATION_CONTEXT() REPRESENTATION_CONTEXT('2D SPACE',''
  ) );
#3611 = PCURVE('',#3612,#3617);
#3612 = PLANE('',#3613);
#3613 = AXIS2_PLACEMENT_3D('',#3614,#3615,#3616);
#3614 = CARTESIAN_POINT('',(15.825,11.875,0.));
#3615 = DIRECTION('',(0.,1.,0.));
#3616 = DIRECTION('',(1.,0.,0.));
#3617 = DEFINITIONAL_REPRESENTATION('',(#3618),#3621);
#3618 = B_SPLINE_CURVE_WITH_KNOTS('',1,(#3619,#3620),.UNSPECIFIED.,.F.,
  .F.,(2,2),(-84.2625,-45.5125),.PIECEWISE_BEZIER_KNOTS.);
#3619 = CARTESIAN_POINT('',(38.75,1.5));
#3620 = CARTESIAN_POINT('',(0.,1.5));
#3621 = ( GEOMETRIC_REPRESENTATION_CONTEXT(2) 
PARAMETRIC_REPRESENTATION_CONTEXT() REPRESENTATION_CONTEXT('2D SPACE',''
  ) );
#3622 = ORIENTED_EDGE('',*,*,#3623,.T.);
#3623 = EDGE_CURVE('',#3596,#3624,#3626,.T.);
#3624 = VERTEX_POINT('',#3625);
#3625 = CARTESIAN_POINT('',(54.575,10.625,-1.5));
#3626 = SURFACE_CURVE('',#3627,(#3632,#3643),.PCURVE_S1.);
#3627 = CIRCLE('',#3628,0.625);
#3628 = AXIS2_PLACEMENT_3D('',#3629,#3630,#3631);
#3629 = CARTESIAN_POINT('',(54.575,11.25,-1.5));
#3630 = DIRECTION('',(0.,0.,-1.));
#3631 = DIRECTION('',(0.,1.,0.));
#3632 = PCURVE('',#72,#3633);
#3633 = DEFINITIONAL_REPRESENTATION('',(#3634),#3642);
#3634 = ( BOUNDED_CURVE() B_SPLINE_CURVE(2,(#3635,#3636,#3637,#3638,
#3639,#3640,#3641),.UNSPECIFIED.,.T.,.F.) B_SPLINE_CURVE_WITH_KNOTS((1,2
    ,2,2,2,1),(-2.094395102393,0.,2.094395102393,4.188790204786,
6.28318530718,8.377580409573),.UNSPECIFIED.) CURVE() 
GEOMETRIC_REPRESENTATION_ITEM() RATIONAL_B_SPLINE_CURVE((1.,0.5,1.,0.5,
1.,0.5,1.)) REPRESENTATION_ITEM('') );
#3635 = CARTESIAN_POINT('',(129.775,26.875));
#3636 = CARTESIAN_POINT('',(130.85753175473,26.875));
#3637 = CARTESIAN_POINT('',(130.31626587736,25.9375));
#3638 = CARTESIAN_POINT('',(129.775,25.));
#3639 = CARTESIAN_POINT('',(129.23373412263,25.9375));
#3640 = CARTESIAN_POINT('',(128.69246824526,26.875));
#3641 = CARTESIAN_POINT('',(129.775,26.875));
#3642 = ( GEOMETRIC_REPRESENTATION_CONTEXT(2) 
PARAMETRIC_REPRESENTATION_CONTEXT() REPRESENTATION_CONTEXT('2D SPACE',''
  ) );
#3643 = PCURVE('',#3644,#3649);
#3644 = CYLINDRICAL_SURFACE('',#3645,0.625);
#3645 = AXIS2_PLACEMENT_3D('',#3646,#3647,#3648);
#3646 = CARTESIAN_POINT('',(54.575,11.25,0.));
#3647 = DIRECTION('',(0.,0.,-1.));
#3648 = DIRECTION('',(0.,1.,0.));
#3649 = DEFINITIONAL_REPRESENTATION('',(#3650),#3654);
#3650 = LINE('',#3651,#3652);
#3651 = CARTESIAN_POINT('',(0.,1.5));
#3652 = VECTOR('',#3653,1.);
#3653 = DIRECTION('',(1.,0.));
#3654 = ( GEOMETRIC_REPRESENTATION_CONTEXT(2) 
PARAMETRIC_REPRESENTATION_CONTEXT() REPRESENTATION_CONTEXT('2D SPACE',''
  ) );
#3655 = ORIENTED_EDGE('',*,*,#3656,.F.);
#3656 = EDGE_CURVE('',#3657,#3624,#3659,.T.);
#3657 = VERTEX_POINT('',#3658);
#3658 = CARTESIAN_POINT('',(15.825,10.625,-1.5));
#3659 = SURFACE_CURVE('',#3660,(#3664,#3670),.PCURVE_S1.);
#3660 = LINE('',#3661,#3662);
#3661 = CARTESIAN_POINT('',(-10.3125,10.625,-1.5));
#3662 = VECTOR('',#3663,1.);
#3663 = DIRECTION('',(1.,0.,-0.));
#3664 = PCURVE('',#72,#3665);
#3665 = DEFINITIONAL_REPRESENTATION('',(#3666),#3669);
#3666 = B_SPLINE_CURVE_WITH_KNOTS('',1,(#3667,#3668),.UNSPECIFIED.,.F.,
  .F.,(2,2),(26.1375,64.8875),.PIECEWISE_BEZIER_KNOTS.);
#3667 = CARTESIAN_POINT('',(91.025,25.625));
#3668 = CARTESIAN_POINT('',(129.775,25.625));
#3669 = ( GEOMETRIC_REPRESENTATION_CONTEXT(2) 
PARAMETRIC_REPRESENTATION_CONTEXT() REPRESENTATION_CONTEXT('2D SPACE',''
  ) );
#3670 = PCURVE('',#3671,#3676);
#3671 = PLANE('',#3672);
#3672 = AXIS2_PLACEMENT_3D('',#3673,#3674,#3675);
#3673 = CARTESIAN_POINT('',(54.575,10.625,0.));
#3674 = DIRECTION('',(0.,-1.,0.));
#3675 = DIRECTION('',(-1.,0.,0.));
#3676 = DEFINITIONAL_REPRESENTATION('',(#3677),#3680);
#3677 = B_SPLINE_CURVE_WITH_KNOTS('',1,(#3678,#3679),.UNSPECIFIED.,.F.,
  .F.,(2,2),(26.1375,64.8875),.PIECEWISE_BEZIER_KNOTS.);
#3678 = CARTESIAN_POINT('',(38.75,1.5));
#3679 = CARTESIAN_POINT('',(0.,1.5));
#3680 = ( GEOMETRIC_REPRESENTATION_CONTEXT(2) 
PARAMETRIC_REPRESENTATION_CONTEXT() REPRESENTATION_CONTEXT('2D SPACE',''
  ) );
#3681 = ORIENTED_EDGE('',*,*,#3682,.T.);
#3682 = EDGE_CURVE('',#3657,#3598,#3683,.T.);
#3683 = SURFACE_CURVE('',#3684,(#3689,#3700),.PCURVE_S1.);
#3684 = CIRCLE('',#3685,0.625);
#3685 = AXIS2_PLACEMENT_3D('',#3686,#3687,#3688);
#3686 = CARTESIAN_POINT('',(15.825,11.25,-1.5));
#3687 = DIRECTION('',(0.,-0.,-1.));
#3688 = DIRECTION('',(0.,-1.,0.));
#3689 = PCURVE('',#72,#3690);
#3690 = DEFINITIONAL_REPRESENTATION('',(#3691),#3699);
#3691 = ( BOUNDED_CURVE() B_SPLINE_CURVE(2,(#3692,#3693,#3694,#3695,
#3696,#3697,#3698),.UNSPECIFIED.,.T.,.F.) B_SPLINE_CURVE_WITH_KNOTS((1,2
    ,2,2,2,1),(-2.094395102393,0.,2.094395102393,4.188790204786,
6.28318530718,8.377580409573),.UNSPECIFIED.) CURVE() 
GEOMETRIC_REPRESENTATION_ITEM() RATIONAL_B_SPLINE_CURVE((1.,0.5,1.,0.5,
1.,0.5,1.)) REPRESENTATION_ITEM('') );
#3692 = CARTESIAN_POINT('',(91.025,25.625));
#3693 = CARTESIAN_POINT('',(89.942468245269,25.625));
#3694 = CARTESIAN_POINT('',(90.483734122635,26.5625));
#3695 = CARTESIAN_POINT('',(91.025,27.5));
#3696 = CARTESIAN_POINT('',(91.566265877365,26.5625));
#3697 = CARTESIAN_POINT('',(92.107531754731,25.625));
#3698 = CARTESIAN_POINT('',(91.025,25.625));
#3699 = ( GEOMETRIC_REPRESENTATION_CONTEXT(2) 
PARAMETRIC_REPRESENTATION_CONTEXT() REPRESENTATION_CONTEXT('2D SPACE',''
  ) );
#3700 = PCURVE('',#3701,#3706);
#3701 = CYLINDRICAL_SURFACE('',#3702,0.625);
#3702 = AXIS2_PLACEMENT_3D('',#3703,#3704,#3705);
#3703 = CARTESIAN_POINT('',(15.825,11.25,0.));
#3704 = DIRECTION('',(0.,-0.,-1.));
#3705 = DIRECTION('',(0.,-1.,0.));
#3706 = DEFINITIONAL_REPRESENTATION('',(#3707),#3711);
#3707 = LINE('',#3708,#3709);
#3708 = CARTESIAN_POINT('',(0.,1.5));
#3709 = VECTOR('',#3710,1.);
#3710 = DIRECTION('',(1.,0.));
#3711 = ( GEOMETRIC_REPRESENTATION_CONTEXT(2) 
PARAMETRIC_REPRESENTATION_CONTEXT() REPRESENTATION_CONTEXT('2D SPACE',''
  ) );
#3712 = FACE_BOUND('',#3713,.F.);
#3713 = EDGE_LOOP('',(#3714,#3742,#3775,#3801));
#3714 = ORIENTED_EDGE('',*,*,#3715,.F.);
#3715 = EDGE_CURVE('',#3716,#3718,#3720,.T.);
#3716 = VERTEX_POINT('',#3717);
#3717 = CARTESIAN_POINT('',(-0.625,54.575,-1.5));
#3718 = VERTEX_POINT('',#3719);
#3719 = CARTESIAN_POINT('',(-0.625,15.825,-1.5));
#3720 = SURFACE_CURVE('',#3721,(#3725,#3731),.PCURVE_S1.);
#3721 = LINE('',#3722,#3723);
#3722 = CARTESIAN_POINT('',(-0.625,0.4125,-1.5));
#3723 = VECTOR('',#3724,1.);
#3724 = DIRECTION('',(-1.110223024625E-16,-1.,0.));
#3725 = PCURVE('',#72,#3726);
#3726 = DEFINITIONAL_REPRESENTATION('',(#3727),#3730);
#3727 = B_SPLINE_CURVE_WITH_KNOTS('',1,(#3728,#3729),.UNSPECIFIED.,.F.,
  .F.,(2,2),(-54.1625,-15.4125),.PIECEWISE_BEZIER_KNOTS.);
#3728 = CARTESIAN_POINT('',(74.575,69.575));
#3729 = CARTESIAN_POINT('',(74.575,30.825));
#3730 = ( GEOMETRIC_REPRESENTATION_CONTEXT(2) 
PARAMETRIC_REPRESENTATION_CONTEXT() REPRESENTATION_CONTEXT('2D SPACE',''
  ) );
#3731 = PCURVE('',#3732,#3737);
#3732 = PLANE('',#3733);
#3733 = AXIS2_PLACEMENT_3D('',#3734,#3735,#3736);
#3734 = CARTESIAN_POINT('',(-0.625,15.825,0.));
#3735 = DIRECTION('',(-1.,1.110223024625E-16,0.));
#3736 = DIRECTION('',(1.110223024625E-16,1.,0.));
#3737 = DEFINITIONAL_REPRESENTATION('',(#3738),#3741);
#3738 = B_SPLINE_CURVE_WITH_KNOTS('',1,(#3739,#3740),.UNSPECIFIED.,.F.,
  .F.,(2,2),(-54.1625,-15.4125),.PIECEWISE_BEZIER_KNOTS.);
#3739 = CARTESIAN_POINT('',(38.75,1.5));
#3740 = CARTESIAN_POINT('',(0.,1.5));
#3741 = ( GEOMETRIC_REPRESENTATION_CONTEXT(2) 
PARAMETRIC_REPRESENTATION_CONTEXT() REPRESENTATION_CONTEXT('2D SPACE',''
  ) );
#3742 = ORIENTED_EDGE('',*,*,#3743,.T.);
#3743 = EDGE_CURVE('',#3716,#3744,#3746,.T.);
#3744 = VERTEX_POINT('',#3745);
#3745 = CARTESIAN_POINT('',(0.625,54.575,-1.5));
#3746 = SURFACE_CURVE('',#3747,(#3752,#3763),.PCURVE_S1.);
#3747 = CIRCLE('',#3748,0.625);
#3748 = AXIS2_PLACEMENT_3D('',#3749,#3750,#3751);
#3749 = CARTESIAN_POINT('',(2.206568261442E-15,54.575,-1.5));
#3750 = DIRECTION('',(0.,0.,-1.));
#3751 = DIRECTION('',(-1.,1.110223024625E-16,0.));
#3752 = PCURVE('',#72,#3753);
#3753 = DEFINITIONAL_REPRESENTATION('',(#3754),#3762);
#3754 = ( BOUNDED_CURVE() B_SPLINE_CURVE(2,(#3755,#3756,#3757,#3758,
#3759,#3760,#3761),.UNSPECIFIED.,.T.,.F.) B_SPLINE_CURVE_WITH_KNOTS((1,2
    ,2,2,2,1),(-2.094395102393,0.,2.094395102393,4.188790204786,
6.28318530718,8.377580409573),.UNSPECIFIED.) CURVE() 
GEOMETRIC_REPRESENTATION_ITEM() RATIONAL_B_SPLINE_CURVE((1.,0.5,1.,0.5,
1.,0.5,1.)) REPRESENTATION_ITEM('') );
#3755 = CARTESIAN_POINT('',(74.575,69.575));
#3756 = CARTESIAN_POINT('',(74.575,70.657531754731));
#3757 = CARTESIAN_POINT('',(75.5125,70.116265877365));
#3758 = CARTESIAN_POINT('',(76.45,69.575));
#3759 = CARTESIAN_POINT('',(75.5125,69.033734122635));
#3760 = CARTESIAN_POINT('',(74.575,68.492468245269));
#3761 = CARTESIAN_POINT('',(74.575,69.575));
#3762 = ( GEOMETRIC_REPRESENTATION_CONTEXT(2) 
PARAMETRIC_REPRESENTATION_CONTEXT() REPRESENTATION_CONTEXT('2D SPACE',''
  ) );
#3763 = PCURVE('',#3764,#3769);
#3764 = CYLINDRICAL_SURFACE('',#3765,0.625);
#3765 = AXIS2_PLACEMENT_3D('',#3766,#3767,#3768);
#3766 = CARTESIAN_POINT('',(2.206568261442E-15,54.575,0.));
#3767 = DIRECTION('',(0.,0.,-1.));
#3768 = DIRECTION('',(-1.,1.110223024625E-16,0.));
#3769 = DEFINITIONAL_REPRESENTATION('',(#3770),#3774);
#3770 = LINE('',#3771,#3772);
#3771 = CARTESIAN_POINT('',(0.,1.5));
#3772 = VECTOR('',#3773,1.);
#3773 = DIRECTION('',(1.,0.));
#3774 = ( GEOMETRIC_REPRESENTATION_CONTEXT(2) 
PARAMETRIC_REPRESENTATION_CONTEXT() REPRESENTATION_CONTEXT('2D SPACE',''
  ) );
#3775 = ORIENTED_EDGE('',*,*,#3776,.F.);
#3776 = EDGE_CURVE('',#3777,#3744,#3779,.T.);
#3777 = VERTEX_POINT('',#3778);
#3778 = CARTESIAN_POINT('',(0.625,15.825,-1.5));
#3779 = SURFACE_CURVE('',#3780,(#3784,#3790),.PCURVE_S1.);
#3780 = LINE('',#3781,#3782);
#3781 = CARTESIAN_POINT('',(0.625,19.7875,-1.5));
#3782 = VECTOR('',#3783,1.);
#3783 = DIRECTION('',(1.110223024625E-16,1.,-0.));
#3784 = PCURVE('',#72,#3785);
#3785 = DEFINITIONAL_REPRESENTATION('',(#3786),#3789);
#3786 = B_SPLINE_CURVE_WITH_KNOTS('',1,(#3787,#3788),.UNSPECIFIED.,.F.,
  .F.,(2,2),(-3.9625,34.7875),.PIECEWISE_BEZIER_KNOTS.);
#3787 = CARTESIAN_POINT('',(75.825,30.825));
#3788 = CARTESIAN_POINT('',(75.825,69.575));
#3789 = ( GEOMETRIC_REPRESENTATION_CONTEXT(2) 
PARAMETRIC_REPRESENTATION_CONTEXT() REPRESENTATION_CONTEXT('2D SPACE',''
  ) );
#3790 = PCURVE('',#3791,#3796);
#3791 = PLANE('',#3792);
#3792 = AXIS2_PLACEMENT_3D('',#3793,#3794,#3795);
#3793 = CARTESIAN_POINT('',(0.625,54.575,0.));
#3794 = DIRECTION('',(1.,-1.110223024625E-16,0.));
#3795 = DIRECTION('',(-1.110223024625E-16,-1.,0.));
#3796 = DEFINITIONAL_REPRESENTATION('',(#3797),#3800);
#3797 = B_SPLINE_CURVE_WITH_KNOTS('',1,(#3798,#3799),.UNSPECIFIED.,.F.,
  .F.,(2,2),(-3.9625,34.7875),.PIECEWISE_BEZIER_KNOTS.);
#3798 = CARTESIAN_POINT('',(38.75,1.5));
#3799 = CARTESIAN_POINT('',(0.,1.5));
#3800 = ( GEOMETRIC_REPRESENTATION_CONTEXT(2) 
PARAMETRIC_REPRESENTATION_CONTEXT() REPRESENTATION_CONTEXT('2D SPACE',''
  ) );
#3801 = ORIENTED_EDGE('',*,*,#3802,.T.);
#3802 = EDGE_CURVE('',#3777,#3718,#3803,.T.);
#3803 = SURFACE_CURVE('',#3804,(#3809,#3820),.PCURVE_S1.);
#3804 = CIRCLE('',#3805,0.625);
#3805 = AXIS2_PLACEMENT_3D('',#3806,#3807,#3808);
#3806 = CARTESIAN_POINT('',(-2.206568261442E-15,15.825,-1.5));
#3807 = DIRECTION('',(0.,-0.,-1.));
#3808 = DIRECTION('',(1.,-1.110223024625E-16,0.));
#3809 = PCURVE('',#72,#3810);
#3810 = DEFINITIONAL_REPRESENTATION('',(#3811),#3819);
#3811 = ( BOUNDED_CURVE() B_SPLINE_CURVE(2,(#3812,#3813,#3814,#3815,
#3816,#3817,#3818),.UNSPECIFIED.,.T.,.F.) B_SPLINE_CURVE_WITH_KNOTS((1,2
    ,2,2,2,1),(-2.094395102393,0.,2.094395102393,4.188790204786,
6.28318530718,8.377580409573),.UNSPECIFIED.) CURVE() 
GEOMETRIC_REPRESENTATION_ITEM() RATIONAL_B_SPLINE_CURVE((1.,0.5,1.,0.5,
1.,0.5,1.)) REPRESENTATION_ITEM('') );
#3812 = CARTESIAN_POINT('',(75.825,30.825));
#3813 = CARTESIAN_POINT('',(75.825,29.742468245269));
#3814 = CARTESIAN_POINT('',(74.8875,30.283734122635));
#3815 = CARTESIAN_POINT('',(73.95,30.825));
#3816 = CARTESIAN_POINT('',(74.8875,31.366265877365));
#3817 = CARTESIAN_POINT('',(75.825,31.907531754731));
#3818 = CARTESIAN_POINT('',(75.825,30.825));
#3819 = ( GEOMETRIC_REPRESENTATION_CONTEXT(2) 
PARAMETRIC_REPRESENTATION_CONTEXT() REPRESENTATION_CONTEXT('2D SPACE',''
  ) );
#3820 = PCURVE('',#3821,#3826);
#3821 = CYLINDRICAL_SURFACE('',#3822,0.625);
#3822 = AXIS2_PLACEMENT_3D('',#3823,#3824,#3825);
#3823 = CARTESIAN_POINT('',(-2.206568261442E-15,15.825,0.));
#3824 = DIRECTION('',(0.,-0.,-1.));
#3825 = DIRECTION('',(1.,-1.110223024625E-16,0.));
#3826 = DEFINITIONAL_REPRESENTATION('',(#3827),#3831);
#3827 = LINE('',#3828,#3829);
#3828 = CARTESIAN_POINT('',(0.,1.5));
#3829 = VECTOR('',#3830,1.);
#3830 = DIRECTION('',(1.,0.));
#3831 = ( GEOMETRIC_REPRESENTATION_CONTEXT(2) 
PARAMETRIC_REPRESENTATION_CONTEXT() REPRESENTATION_CONTEXT('2D SPACE',''
  ) );
#3832 = FACE_BOUND('',#3833,.F.);
#3833 = EDGE_LOOP('',(#3834,#3862,#3895,#3921));
#3834 = ORIENTED_EDGE('',*,*,#3835,.F.);
#3835 = EDGE_CURVE('',#3836,#3838,#3840,.T.);
#3836 = VERTEX_POINT('',#3837);
#3837 = CARTESIAN_POINT('',(3.125,54.575,-1.5));
#3838 = VERTEX_POINT('',#3839);
#3839 = CARTESIAN_POINT('',(3.125,15.825,-1.5));
#3840 = SURFACE_CURVE('',#3841,(#3845,#3851),.PCURVE_S1.);
#3841 = LINE('',#3842,#3843);
#3842 = CARTESIAN_POINT('',(3.125,0.4125,-1.5));
#3843 = VECTOR('',#3844,1.);
#3844 = DIRECTION('',(-1.110223024625E-16,-1.,0.));
#3845 = PCURVE('',#72,#3846);
#3846 = DEFINITIONAL_REPRESENTATION('',(#3847),#3850);
#3847 = B_SPLINE_CURVE_WITH_KNOTS('',1,(#3848,#3849),.UNSPECIFIED.,.F.,
  .F.,(2,2),(-54.1625,-15.4125),.PIECEWISE_BEZIER_KNOTS.);
#3848 = CARTESIAN_POINT('',(78.325,69.575));
#3849 = CARTESIAN_POINT('',(78.325,30.825));
#3850 = ( GEOMETRIC_REPRESENTATION_CONTEXT(2) 
PARAMETRIC_REPRESENTATION_CONTEXT() REPRESENTATION_CONTEXT('2D SPACE',''
  ) );
#3851 = PCURVE('',#3852,#3857);
#3852 = PLANE('',#3853);
#3853 = AXIS2_PLACEMENT_3D('',#3854,#3855,#3856);
#3854 = CARTESIAN_POINT('',(3.125,15.825,0.));
#3855 = DIRECTION('',(-1.,1.110223024625E-16,0.));
#3856 = DIRECTION('',(1.110223024625E-16,1.,0.));
#3857 = DEFINITIONAL_REPRESENTATION('',(#3858),#3861);
#3858 = B_SPLINE_CURVE_WITH_KNOTS('',1,(#3859,#3860),.UNSPECIFIED.,.F.,
  .F.,(2,2),(-54.1625,-15.4125),.PIECEWISE_BEZIER_KNOTS.);
#3859 = CARTESIAN_POINT('',(38.75,1.5));
#3860 = CARTESIAN_POINT('',(0.,1.5));
#3861 = ( GEOMETRIC_REPRESENTATION_CONTEXT(2) 
PARAMETRIC_REPRESENTATION_CONTEXT() REPRESENTATION_CONTEXT('2D SPACE',''
  ) );
#3862 = ORIENTED_EDGE('',*,*,#3863,.T.);
#3863 = EDGE_CURVE('',#3836,#3864,#3866,.T.);
#3864 = VERTEX_POINT('',#3865);
#3865 = CARTESIAN_POINT('',(4.375,54.575,-1.5));
#3866 = SURFACE_CURVE('',#3867,(#3872,#3883),.PCURVE_S1.);
#3867 = CIRCLE('',#3868,0.625);
#3868 = AXIS2_PLACEMENT_3D('',#3869,#3870,#3871);
#3869 = CARTESIAN_POINT('',(3.75,54.575,-1.5));
#3870 = DIRECTION('',(0.,0.,-1.));
#3871 = DIRECTION('',(-1.,1.110223024625E-16,0.));
#3872 = PCURVE('',#72,#3873);
#3873 = DEFINITIONAL_REPRESENTATION('',(#3874),#3882);
#3874 = ( BOUNDED_CURVE() B_SPLINE_CURVE(2,(#3875,#3876,#3877,#3878,
#3879,#3880,#3881),.UNSPECIFIED.,.T.,.F.) B_SPLINE_CURVE_WITH_KNOTS((1,2
    ,2,2,2,1),(-2.094395102393,0.,2.094395102393,4.188790204786,
6.28318530718,8.377580409573),.UNSPECIFIED.) CURVE() 
GEOMETRIC_REPRESENTATION_ITEM() RATIONAL_B_SPLINE_CURVE((1.,0.5,1.,0.5,
1.,0.5,1.)) REPRESENTATION_ITEM('') );
#3875 = CARTESIAN_POINT('',(78.325,69.575));
#3876 = CARTESIAN_POINT('',(78.325,70.657531754731));
#3877 = CARTESIAN_POINT('',(79.2625,70.116265877365));
#3878 = CARTESIAN_POINT('',(80.2,69.575));
#3879 = CARTESIAN_POINT('',(79.2625,69.033734122635));
#3880 = CARTESIAN_POINT('',(78.325,68.492468245269));
#3881 = CARTESIAN_POINT('',(78.325,69.575));
#3882 = ( GEOMETRIC_REPRESENTATION_CONTEXT(2) 
PARAMETRIC_REPRESENTATION_CONTEXT() REPRESENTATION_CONTEXT('2D SPACE',''
  ) );
#3883 = PCURVE('',#3884,#3889);
#3884 = CYLINDRICAL_SURFACE('',#3885,0.625);
#3885 = AXIS2_PLACEMENT_3D('',#3886,#3887,#3888);
#3886 = CARTESIAN_POINT('',(3.75,54.575,0.));
#3887 = DIRECTION('',(0.,0.,-1.));
#3888 = DIRECTION('',(-1.,1.110223024625E-16,0.));
#3889 = DEFINITIONAL_REPRESENTATION('',(#3890),#3894);
#3890 = LINE('',#3891,#3892);
#3891 = CARTESIAN_POINT('',(0.,1.5));
#3892 = VECTOR('',#3893,1.);
#3893 = DIRECTION('',(1.,0.));
#3894 = ( GEOMETRIC_REPRESENTATION_CONTEXT(2) 
PARAMETRIC_REPRESENTATION_CONTEXT() REPRESENTATION_CONTEXT('2D SPACE',''
  ) );
#3895 = ORIENTED_EDGE('',*,*,#3896,.F.);
#3896 = EDGE_CURVE('',#3897,#3864,#3899,.T.);
#3897 = VERTEX_POINT('',#3898);
#3898 = CARTESIAN_POINT('',(4.375,15.825,-1.5));
#3899 = SURFACE_CURVE('',#3900,(#3904,#3910),.PCURVE_S1.);
#3900 = LINE('',#3901,#3902);
#3901 = CARTESIAN_POINT('',(4.375,19.7875,-1.5));
#3902 = VECTOR('',#3903,1.);
#3903 = DIRECTION('',(1.110223024625E-16,1.,-0.));
#3904 = PCURVE('',#72,#3905);
#3905 = DEFINITIONAL_REPRESENTATION('',(#3906),#3909);
#3906 = B_SPLINE_CURVE_WITH_KNOTS('',1,(#3907,#3908),.UNSPECIFIED.,.F.,
  .F.,(2,2),(-3.9625,34.7875),.PIECEWISE_BEZIER_KNOTS.);
#3907 = CARTESIAN_POINT('',(79.575,30.825));
#3908 = CARTESIAN_POINT('',(79.575,69.575));
#3909 = ( GEOMETRIC_REPRESENTATION_CONTEXT(2) 
PARAMETRIC_REPRESENTATION_CONTEXT() REPRESENTATION_CONTEXT('2D SPACE',''
  ) );
#3910 = PCURVE('',#3911,#3916);
#3911 = PLANE('',#3912);
#3912 = AXIS2_PLACEMENT_3D('',#3913,#3914,#3915);
#3913 = CARTESIAN_POINT('',(4.375,54.575,0.));
#3914 = DIRECTION('',(1.,-1.110223024625E-16,0.));
#3915 = DIRECTION('',(-1.110223024625E-16,-1.,0.));
#3916 = DEFINITIONAL_REPRESENTATION('',(#3917),#3920);
#3917 = B_SPLINE_CURVE_WITH_KNOTS('',1,(#3918,#3919),.UNSPECIFIED.,.F.,
  .F.,(2,2),(-3.9625,34.7875),.PIECEWISE_BEZIER_KNOTS.);
#3918 = CARTESIAN_POINT('',(38.75,1.5));
#3919 = CARTESIAN_POINT('',(0.,1.5));
#3920 = ( GEOMETRIC_REPRESENTATION_CONTEXT(2) 
PARAMETRIC_REPRESENTATION_CONTEXT() REPRESENTATION_CONTEXT('2D SPACE',''
  ) );
#3921 = ORIENTED_EDGE('',*,*,#3922,.T.);
#3922 = EDGE_CURVE('',#3897,#3838,#3923,.T.);
#3923 = SURFACE_CURVE('',#3924,(#3929,#3940),.PCURVE_S1.);
#3924 = CIRCLE('',#3925,0.625);
#3925 = AXIS2_PLACEMENT_3D('',#3926,#3927,#3928);
#3926 = CARTESIAN_POINT('',(3.75,15.825,-1.5));
#3927 = DIRECTION('',(0.,-0.,-1.));
#3928 = DIRECTION('',(1.,-1.110223024625E-16,0.));
#3929 = PCURVE('',#72,#3930);
#3930 = DEFINITIONAL_REPRESENTATION('',(#3931),#3939);
#3931 = ( BOUNDED_CURVE() B_SPLINE_CURVE(2,(#3932,#3933,#3934,#3935,
#3936,#3937,#3938),.UNSPECIFIED.,.T.,.F.) B_SPLINE_CURVE_WITH_KNOTS((1,2
    ,2,2,2,1),(-2.094395102393,0.,2.094395102393,4.188790204786,
6.28318530718,8.377580409573),.UNSPECIFIED.) CURVE() 
GEOMETRIC_REPRESENTATION_ITEM() RATIONAL_B_SPLINE_CURVE((1.,0.5,1.,0.5,
1.,0.5,1.)) REPRESENTATION_ITEM('') );
#3932 = CARTESIAN_POINT('',(79.575,30.825));
#3933 = CARTESIAN_POINT('',(79.575,29.742468245269));
#3934 = CARTESIAN_POINT('',(78.6375,30.283734122635));
#3935 = CARTESIAN_POINT('',(77.7,30.825));
#3936 = CARTESIAN_POINT('',(78.6375,31.366265877365));
#3937 = CARTESIAN_POINT('',(79.575,31.907531754731));
#3938 = CARTESIAN_POINT('',(79.575,30.825));
#3939 = ( GEOMETRIC_REPRESENTATION_CONTEXT(2) 
PARAMETRIC_REPRESENTATION_CONTEXT() REPRESENTATION_CONTEXT('2D SPACE',''
  ) );
#3940 = PCURVE('',#3941,#3946);
#3941 = CYLINDRICAL_SURFACE('',#3942,0.625);
#3942 = AXIS2_PLACEMENT_3D('',#3943,#3944,#3945);
#3943 = CARTESIAN_POINT('',(3.75,15.825,0.));
#3944 = DIRECTION('',(0.,-0.,-1.));
#3945 = DIRECTION('',(1.,-1.110223024625E-16,0.));
#3946 = DEFINITIONAL_REPRESENTATION('',(#3947),#3951);
#3947 = LINE('',#3948,#3949);
#3948 = CARTESIAN_POINT('',(0.,1.5));
#3949 = VECTOR('',#3950,1.);
#3950 = DIRECTION('',(1.,0.));
#3951 = ( GEOMETRIC_REPRESENTATION_CONTEXT(2) 
PARAMETRIC_REPRESENTATION_CONTEXT() REPRESENTATION_CONTEXT('2D SPACE',''
  ) );
#3952 = FACE_BOUND('',#3953,.F.);
#3953 = EDGE_LOOP('',(#3954,#3982,#4015,#4041));
#3954 = ORIENTED_EDGE('',*,*,#3955,.F.);
#3955 = EDGE_CURVE('',#3956,#3958,#3960,.T.);
#3956 = VERTEX_POINT('',#3957);
#3957 = CARTESIAN_POINT('',(6.875,54.575,-1.5));
#3958 = VERTEX_POINT('',#3959);
#3959 = CARTESIAN_POINT('',(6.875,15.825,-1.5));
#3960 = SURFACE_CURVE('',#3961,(#3965,#3971),.PCURVE_S1.);
#3961 = LINE('',#3962,#3963);
#3962 = CARTESIAN_POINT('',(6.875,0.4125,-1.5));
#3963 = VECTOR('',#3964,1.);
#3964 = DIRECTION('',(-1.110223024625E-16,-1.,0.));
#3965 = PCURVE('',#72,#3966);
#3966 = DEFINITIONAL_REPRESENTATION('',(#3967),#3970);
#3967 = B_SPLINE_CURVE_WITH_KNOTS('',1,(#3968,#3969),.UNSPECIFIED.,.F.,
  .F.,(2,2),(-54.1625,-15.4125),.PIECEWISE_BEZIER_KNOTS.);
#3968 = CARTESIAN_POINT('',(82.075,69.575));
#3969 = CARTESIAN_POINT('',(82.075,30.825));
#3970 = ( GEOMETRIC_REPRESENTATION_CONTEXT(2) 
PARAMETRIC_REPRESENTATION_CONTEXT() REPRESENTATION_CONTEXT('2D SPACE',''
  ) );
#3971 = PCURVE('',#3972,#3977);
#3972 = PLANE('',#3973);
#3973 = AXIS2_PLACEMENT_3D('',#3974,#3975,#3976);
#3974 = CARTESIAN_POINT('',(6.875,15.825,0.));
#3975 = DIRECTION('',(-1.,1.110223024625E-16,0.));
#3976 = DIRECTION('',(1.110223024625E-16,1.,0.));
#3977 = DEFINITIONAL_REPRESENTATION('',(#3978),#3981);
#3978 = B_SPLINE_CURVE_WITH_KNOTS('',1,(#3979,#3980),.UNSPECIFIED.,.F.,
  .F.,(2,2),(-54.1625,-15.4125),.PIECEWISE_BEZIER_KNOTS.);
#3979 = CARTESIAN_POINT('',(38.75,1.5));
#3980 = CARTESIAN_POINT('',(0.,1.5));
#3981 = ( GEOMETRIC_REPRESENTATION_CONTEXT(2) 
PARAMETRIC_REPRESENTATION_CONTEXT() REPRESENTATION_CONTEXT('2D SPACE',''
  ) );
#3982 = ORIENTED_EDGE('',*,*,#3983,.T.);
#3983 = EDGE_CURVE('',#3956,#3984,#3986,.T.);
#3984 = VERTEX_POINT('',#3985);
#3985 = CARTESIAN_POINT('',(8.125,54.575,-1.5));
#3986 = SURFACE_CURVE('',#3987,(#3992,#4003),.PCURVE_S1.);
#3987 = CIRCLE('',#3988,0.625);
#3988 = AXIS2_PLACEMENT_3D('',#3989,#3990,#3991);
#3989 = CARTESIAN_POINT('',(7.5,54.575,-1.5));
#3990 = DIRECTION('',(0.,0.,-1.));
#3991 = DIRECTION('',(-1.,1.110223024625E-16,0.));
#3992 = PCURVE('',#72,#3993);
#3993 = DEFINITIONAL_REPRESENTATION('',(#3994),#4002);
#3994 = ( BOUNDED_CURVE() B_SPLINE_CURVE(2,(#3995,#3996,#3997,#3998,
#3999,#4000,#4001),.UNSPECIFIED.,.T.,.F.) B_SPLINE_CURVE_WITH_KNOTS((1,2
    ,2,2,2,1),(-2.094395102393,0.,2.094395102393,4.188790204786,
6.28318530718,8.377580409573),.UNSPECIFIED.) CURVE() 
GEOMETRIC_REPRESENTATION_ITEM() RATIONAL_B_SPLINE_CURVE((1.,0.5,1.,0.5,
1.,0.5,1.)) REPRESENTATION_ITEM('') );
#3995 = CARTESIAN_POINT('',(82.075,69.575));
#3996 = CARTESIAN_POINT('',(82.075,70.657531754731));
#3997 = CARTESIAN_POINT('',(83.0125,70.116265877365));
#3998 = CARTESIAN_POINT('',(83.95,69.575));
#3999 = CARTESIAN_POINT('',(83.0125,69.033734122635));
#4000 = CARTESIAN_POINT('',(82.075,68.492468245269));
#4001 = CARTESIAN_POINT('',(82.075,69.575));
#4002 = ( GEOMETRIC_REPRESENTATION_CONTEXT(2) 
PARAMETRIC_REPRESENTATION_CONTEXT() REPRESENTATION_CONTEXT('2D SPACE',''
  ) );
#4003 = PCURVE('',#4004,#4009);
#4004 = CYLINDRICAL_SURFACE('',#4005,0.625);
#4005 = AXIS2_PLACEMENT_3D('',#4006,#4007,#4008);
#4006 = CARTESIAN_POINT('',(7.5,54.575,0.));
#4007 = DIRECTION('',(0.,0.,-1.));
#4008 = DIRECTION('',(-1.,1.110223024625E-16,0.));
#4009 = DEFINITIONAL_REPRESENTATION('',(#4010),#4014);
#4010 = LINE('',#4011,#4012);
#4011 = CARTESIAN_POINT('',(0.,1.5));
#4012 = VECTOR('',#4013,1.);
#4013 = DIRECTION('',(1.,0.));
#4014 = ( GEOMETRIC_REPRESENTATION_CONTEXT(2) 
PARAMETRIC_REPRESENTATION_CONTEXT() REPRESENTATION_CONTEXT('2D SPACE',''
  ) );
#4015 = ORIENTED_EDGE('',*,*,#4016,.F.);
#4016 = EDGE_CURVE('',#4017,#3984,#4019,.T.);
#4017 = VERTEX_POINT('',#4018);
#4018 = CARTESIAN_POINT('',(8.125,15.825,-1.5));
#4019 = SURFACE_CURVE('',#4020,(#4024,#4030),.PCURVE_S1.);
#4020 = LINE('',#4021,#4022);
#4021 = CARTESIAN_POINT('',(8.125,19.7875,-1.5));
#4022 = VECTOR('',#4023,1.);
#4023 = DIRECTION('',(1.110223024625E-16,1.,-0.));
#4024 = PCURVE('',#72,#4025);
#4025 = DEFINITIONAL_REPRESENTATION('',(#4026),#4029);
#4026 = B_SPLINE_CURVE_WITH_KNOTS('',1,(#4027,#4028),.UNSPECIFIED.,.F.,
  .F.,(2,2),(-3.9625,34.7875),.PIECEWISE_BEZIER_KNOTS.);
#4027 = CARTESIAN_POINT('',(83.325,30.825));
#4028 = CARTESIAN_POINT('',(83.325,69.575));
#4029 = ( GEOMETRIC_REPRESENTATION_CONTEXT(2) 
PARAMETRIC_REPRESENTATION_CONTEXT() REPRESENTATION_CONTEXT('2D SPACE',''
  ) );
#4030 = PCURVE('',#4031,#4036);
#4031 = PLANE('',#4032);
#4032 = AXIS2_PLACEMENT_3D('',#4033,#4034,#4035);
#4033 = CARTESIAN_POINT('',(8.125,54.575,0.));
#4034 = DIRECTION('',(1.,-1.110223024625E-16,0.));
#4035 = DIRECTION('',(-1.110223024625E-16,-1.,0.));
#4036 = DEFINITIONAL_REPRESENTATION('',(#4037),#4040);
#4037 = B_SPLINE_CURVE_WITH_KNOTS('',1,(#4038,#4039),.UNSPECIFIED.,.F.,
  .F.,(2,2),(-3.9625,34.7875),.PIECEWISE_BEZIER_KNOTS.);
#4038 = CARTESIAN_POINT('',(38.75,1.5));
#4039 = CARTESIAN_POINT('',(0.,1.5));
#4040 = ( GEOMETRIC_REPRESENTATION_CONTEXT(2) 
PARAMETRIC_REPRESENTATION_CONTEXT() REPRESENTATION_CONTEXT('2D SPACE',''
  ) );
#4041 = ORIENTED_EDGE('',*,*,#4042,.T.);
#4042 = EDGE_CURVE('',#4017,#3958,#4043,.T.);
#4043 = SURFACE_CURVE('',#4044,(#4049,#4060),.PCURVE_S1.);
#4044 = CIRCLE('',#4045,0.625);
#4045 = AXIS2_PLACEMENT_3D('',#4046,#4047,#4048);
#4046 = CARTESIAN_POINT('',(7.5,15.825,-1.5));
#4047 = DIRECTION('',(0.,-0.,-1.));
#4048 = DIRECTION('',(1.,-1.110223024625E-16,0.));
#4049 = PCURVE('',#72,#4050);
#4050 = DEFINITIONAL_REPRESENTATION('',(#4051),#4059);
#4051 = ( BOUNDED_CURVE() B_SPLINE_CURVE(2,(#4052,#4053,#4054,#4055,
#4056,#4057,#4058),.UNSPECIFIED.,.T.,.F.) B_SPLINE_CURVE_WITH_KNOTS((1,2
    ,2,2,2,1),(-2.094395102393,0.,2.094395102393,4.188790204786,
6.28318530718,8.377580409573),.UNSPECIFIED.) CURVE() 
GEOMETRIC_REPRESENTATION_ITEM() RATIONAL_B_SPLINE_CURVE((1.,0.5,1.,0.5,
1.,0.5,1.)) REPRESENTATION_ITEM('') );
#4052 = CARTESIAN_POINT('',(83.325,30.825));
#4053 = CARTESIAN_POINT('',(83.325,29.742468245269));
#4054 = CARTESIAN_POINT('',(82.3875,30.283734122635));
#4055 = CARTESIAN_POINT('',(81.45,30.825));
#4056 = CARTESIAN_POINT('',(82.3875,31.366265877365));
#4057 = CARTESIAN_POINT('',(83.325,31.907531754731));
#4058 = CARTESIAN_POINT('',(83.325,30.825));
#4059 = ( GEOMETRIC_REPRESENTATION_CONTEXT(2) 
PARAMETRIC_REPRESENTATION_CONTEXT() REPRESENTATION_CONTEXT('2D SPACE',''
  ) );
#4060 = PCURVE('',#4061,#4066);
#4061 = CYLINDRICAL_SURFACE('',#4062,0.625);
#4062 = AXIS2_PLACEMENT_3D('',#4063,#4064,#4065);
#4063 = CARTESIAN_POINT('',(7.5,15.825,0.));
#4064 = DIRECTION('',(0.,-0.,-1.));
#4065 = DIRECTION('',(1.,-1.110223024625E-16,0.));
#4066 = DEFINITIONAL_REPRESENTATION('',(#4067),#4071);
#4067 = LINE('',#4068,#4069);
#4068 = CARTESIAN_POINT('',(0.,1.5));
#4069 = VECTOR('',#4070,1.);
#4070 = DIRECTION('',(1.,0.));
#4071 = ( GEOMETRIC_REPRESENTATION_CONTEXT(2) 
PARAMETRIC_REPRESENTATION_CONTEXT() REPRESENTATION_CONTEXT('2D SPACE',''
  ) );
#4072 = FACE_BOUND('',#4073,.F.);
#4073 = EDGE_LOOP('',(#4074,#4102,#4135,#4161));
#4074 = ORIENTED_EDGE('',*,*,#4075,.F.);
#4075 = EDGE_CURVE('',#4076,#4078,#4080,.T.);
#4076 = VERTEX_POINT('',#4077);
#4077 = CARTESIAN_POINT('',(10.625,54.575,-1.5));
#4078 = VERTEX_POINT('',#4079);
#4079 = CARTESIAN_POINT('',(10.625,15.825,-1.5));
#4080 = SURFACE_CURVE('',#4081,(#4085,#4091),.PCURVE_S1.);
#4081 = LINE('',#4082,#4083);
#4082 = CARTESIAN_POINT('',(10.625,0.4125,-1.5));
#4083 = VECTOR('',#4084,1.);
#4084 = DIRECTION('',(-1.110223024625E-16,-1.,0.));
#4085 = PCURVE('',#72,#4086);
#4086 = DEFINITIONAL_REPRESENTATION('',(#4087),#4090);
#4087 = B_SPLINE_CURVE_WITH_KNOTS('',1,(#4088,#4089),.UNSPECIFIED.,.F.,
  .F.,(2,2),(-54.1625,-15.4125),.PIECEWISE_BEZIER_KNOTS.);
#4088 = CARTESIAN_POINT('',(85.825,69.575));
#4089 = CARTESIAN_POINT('',(85.825,30.825));
#4090 = ( GEOMETRIC_REPRESENTATION_CONTEXT(2) 
PARAMETRIC_REPRESENTATION_CONTEXT() REPRESENTATION_CONTEXT('2D SPACE',''
  ) );
#4091 = PCURVE('',#4092,#4097);
#4092 = PLANE('',#4093);
#4093 = AXIS2_PLACEMENT_3D('',#4094,#4095,#4096);
#4094 = CARTESIAN_POINT('',(10.625,15.825,0.));
#4095 = DIRECTION('',(-1.,1.110223024625E-16,0.));
#4096 = DIRECTION('',(1.110223024625E-16,1.,0.));
#4097 = DEFINITIONAL_REPRESENTATION('',(#4098),#4101);
#4098 = B_SPLINE_CURVE_WITH_KNOTS('',1,(#4099,#4100),.UNSPECIFIED.,.F.,
  .F.,(2,2),(-54.1625,-15.4125),.PIECEWISE_BEZIER_KNOTS.);
#4099 = CARTESIAN_POINT('',(38.75,1.5));
#4100 = CARTESIAN_POINT('',(0.,1.5));
#4101 = ( GEOMETRIC_REPRESENTATION_CONTEXT(2) 
PARAMETRIC_REPRESENTATION_CONTEXT() REPRESENTATION_CONTEXT('2D SPACE',''
  ) );
#4102 = ORIENTED_EDGE('',*,*,#4103,.T.);
#4103 = EDGE_CURVE('',#4076,#4104,#4106,.T.);
#4104 = VERTEX_POINT('',#4105);
#4105 = CARTESIAN_POINT('',(11.875,54.575,-1.5));
#4106 = SURFACE_CURVE('',#4107,(#4112,#4123),.PCURVE_S1.);
#4107 = CIRCLE('',#4108,0.625);
#4108 = AXIS2_PLACEMENT_3D('',#4109,#4110,#4111);
#4109 = CARTESIAN_POINT('',(11.25,54.575,-1.5));
#4110 = DIRECTION('',(0.,0.,-1.));
#4111 = DIRECTION('',(-1.,1.110223024625E-16,0.));
#4112 = PCURVE('',#72,#4113);
#4113 = DEFINITIONAL_REPRESENTATION('',(#4114),#4122);
#4114 = ( BOUNDED_CURVE() B_SPLINE_CURVE(2,(#4115,#4116,#4117,#4118,
#4119,#4120,#4121),.UNSPECIFIED.,.T.,.F.) B_SPLINE_CURVE_WITH_KNOTS((1,2
    ,2,2,2,1),(-2.094395102393,0.,2.094395102393,4.188790204786,
6.28318530718,8.377580409573),.UNSPECIFIED.) CURVE() 
GEOMETRIC_REPRESENTATION_ITEM() RATIONAL_B_SPLINE_CURVE((1.,0.5,1.,0.5,
1.,0.5,1.)) REPRESENTATION_ITEM('') );
#4115 = CARTESIAN_POINT('',(85.825,69.575));
#4116 = CARTESIAN_POINT('',(85.825,70.657531754731));
#4117 = CARTESIAN_POINT('',(86.7625,70.116265877365));
#4118 = CARTESIAN_POINT('',(87.7,69.575));
#4119 = CARTESIAN_POINT('',(86.7625,69.033734122635));
#4120 = CARTESIAN_POINT('',(85.825,68.492468245269));
#4121 = CARTESIAN_POINT('',(85.825,69.575));
#4122 = ( GEOMETRIC_REPRESENTATION_CONTEXT(2) 
PARAMETRIC_REPRESENTATION_CONTEXT() REPRESENTATION_CONTEXT('2D SPACE',''
  ) );
#4123 = PCURVE('',#4124,#4129);
#4124 = CYLINDRICAL_SURFACE('',#4125,0.625);
#4125 = AXIS2_PLACEMENT_3D('',#4126,#4127,#4128);
#4126 = CARTESIAN_POINT('',(11.25,54.575,0.));
#4127 = DIRECTION('',(0.,0.,-1.));
#4128 = DIRECTION('',(-1.,1.110223024625E-16,0.));
#4129 = DEFINITIONAL_REPRESENTATION('',(#4130),#4134);
#4130 = LINE('',#4131,#4132);
#4131 = CARTESIAN_POINT('',(0.,1.5));
#4132 = VECTOR('',#4133,1.);
#4133 = DIRECTION('',(1.,0.));
#4134 = ( GEOMETRIC_REPRESENTATION_CONTEXT(2) 
PARAMETRIC_REPRESENTATION_CONTEXT() REPRESENTATION_CONTEXT('2D SPACE',''
  ) );
#4135 = ORIENTED_EDGE('',*,*,#4136,.F.);
#4136 = EDGE_CURVE('',#4137,#4104,#4139,.T.);
#4137 = VERTEX_POINT('',#4138);
#4138 = CARTESIAN_POINT('',(11.875,15.825,-1.5));
#4139 = SURFACE_CURVE('',#4140,(#4144,#4150),.PCURVE_S1.);
#4140 = LINE('',#4141,#4142);
#4141 = CARTESIAN_POINT('',(11.875,19.7875,-1.5));
#4142 = VECTOR('',#4143,1.);
#4143 = DIRECTION('',(1.110223024625E-16,1.,-0.));
#4144 = PCURVE('',#72,#4145);
#4145 = DEFINITIONAL_REPRESENTATION('',(#4146),#4149);
#4146 = B_SPLINE_CURVE_WITH_KNOTS('',1,(#4147,#4148),.UNSPECIFIED.,.F.,
  .F.,(2,2),(-3.9625,34.7875),.PIECEWISE_BEZIER_KNOTS.);
#4147 = CARTESIAN_POINT('',(87.075,30.825));
#4148 = CARTESIAN_POINT('',(87.075,69.575));
#4149 = ( GEOMETRIC_REPRESENTATION_CONTEXT(2) 
PARAMETRIC_REPRESENTATION_CONTEXT() REPRESENTATION_CONTEXT('2D SPACE',''
  ) );
#4150 = PCURVE('',#4151,#4156);
#4151 = PLANE('',#4152);
#4152 = AXIS2_PLACEMENT_3D('',#4153,#4154,#4155);
#4153 = CARTESIAN_POINT('',(11.875,54.575,0.));
#4154 = DIRECTION('',(1.,-1.110223024625E-16,0.));
#4155 = DIRECTION('',(-1.110223024625E-16,-1.,0.));
#4156 = DEFINITIONAL_REPRESENTATION('',(#4157),#4160);
#4157 = B_SPLINE_CURVE_WITH_KNOTS('',1,(#4158,#4159),.UNSPECIFIED.,.F.,
  .F.,(2,2),(-3.9625,34.7875),.PIECEWISE_BEZIER_KNOTS.);
#4158 = CARTESIAN_POINT('',(38.75,1.5));
#4159 = CARTESIAN_POINT('',(0.,1.5));
#4160 = ( GEOMETRIC_REPRESENTATION_CONTEXT(2) 
PARAMETRIC_REPRESENTATION_CONTEXT() REPRESENTATION_CONTEXT('2D SPACE',''
  ) );
#4161 = ORIENTED_EDGE('',*,*,#4162,.T.);
#4162 = EDGE_CURVE('',#4137,#4078,#4163,.T.);
#4163 = SURFACE_CURVE('',#4164,(#4169,#4180),.PCURVE_S1.);
#4164 = CIRCLE('',#4165,0.625);
#4165 = AXIS2_PLACEMENT_3D('',#4166,#4167,#4168);
#4166 = CARTESIAN_POINT('',(11.25,15.825,-1.5));
#4167 = DIRECTION('',(0.,-0.,-1.));
#4168 = DIRECTION('',(1.,-1.110223024625E-16,0.));
#4169 = PCURVE('',#72,#4170);
#4170 = DEFINITIONAL_REPRESENTATION('',(#4171),#4179);
#4171 = ( BOUNDED_CURVE() B_SPLINE_CURVE(2,(#4172,#4173,#4174,#4175,
#4176,#4177,#4178),.UNSPECIFIED.,.T.,.F.) B_SPLINE_CURVE_WITH_KNOTS((1,2
    ,2,2,2,1),(-2.094395102393,0.,2.094395102393,4.188790204786,
6.28318530718,8.377580409573),.UNSPECIFIED.) CURVE() 
GEOMETRIC_REPRESENTATION_ITEM() RATIONAL_B_SPLINE_CURVE((1.,0.5,1.,0.5,
1.,0.5,1.)) REPRESENTATION_ITEM('') );
#4172 = CARTESIAN_POINT('',(87.075,30.825));
#4173 = CARTESIAN_POINT('',(87.075,29.742468245269));
#4174 = CARTESIAN_POINT('',(86.1375,30.283734122635));
#4175 = CARTESIAN_POINT('',(85.2,30.825));
#4176 = CARTESIAN_POINT('',(86.1375,31.366265877365));
#4177 = CARTESIAN_POINT('',(87.075,31.907531754731));
#4178 = CARTESIAN_POINT('',(87.075,30.825));
#4179 = ( GEOMETRIC_REPRESENTATION_CONTEXT(2) 
PARAMETRIC_REPRESENTATION_CONTEXT() REPRESENTATION_CONTEXT('2D SPACE',''
  ) );
#4180 = PCURVE('',#4181,#4186);
#4181 = CYLINDRICAL_SURFACE('',#4182,0.625);
#4182 = AXIS2_PLACEMENT_3D('',#4183,#4184,#4185);
#4183 = CARTESIAN_POINT('',(11.25,15.825,0.));
#4184 = DIRECTION('',(0.,-0.,-1.));
#4185 = DIRECTION('',(1.,-1.110223024625E-16,0.));
#4186 = DEFINITIONAL_REPRESENTATION('',(#4187),#4191);
#4187 = LINE('',#4188,#4189);
#4188 = CARTESIAN_POINT('',(0.,1.5));
#4189 = VECTOR('',#4190,1.);
#4190 = DIRECTION('',(1.,0.));
#4191 = ( GEOMETRIC_REPRESENTATION_CONTEXT(2) 
PARAMETRIC_REPRESENTATION_CONTEXT() REPRESENTATION_CONTEXT('2D SPACE',''
  ) );
#4192 = ADVANCED_FACE('',(#4193),#100,.F.);
#4193 = FACE_BOUND('',#4194,.F.);
#4194 = EDGE_LOOP('',(#4195,#4218,#4219,#4220));
#4195 = ORIENTED_EDGE('',*,*,#4196,.F.);
#4196 = EDGE_CURVE('',#3189,#4197,#4199,.T.);
#4197 = VERTEX_POINT('',#4198);
#4198 = CARTESIAN_POINT('',(15.,15.,-1.49625));
#4199 = SURFACE_CURVE('',#4200,(#4204,#4211),.PCURVE_S1.);
#4200 = LINE('',#4201,#4202);
#4201 = CARTESIAN_POINT('',(15.,15.,-1.5));
#4202 = VECTOR('',#4203,1.);
#4203 = DIRECTION('',(0.,0.,1.));
#4204 = PCURVE('',#100,#4205);
#4205 = DEFINITIONAL_REPRESENTATION('',(#4206),#4210);
#4206 = LINE('',#4207,#4208);
#4207 = CARTESIAN_POINT('',(0.,30.));
#4208 = VECTOR('',#4209,1.);
#4209 = DIRECTION('',(1.,0.));
#4210 = ( GEOMETRIC_REPRESENTATION_CONTEXT(2) 
PARAMETRIC_REPRESENTATION_CONTEXT() REPRESENTATION_CONTEXT('2D SPACE',''
  ) );
#4211 = PCURVE('',#159,#4212);
#4212 = DEFINITIONAL_REPRESENTATION('',(#4213),#4217);
#4213 = LINE('',#4214,#4215);
#4214 = CARTESIAN_POINT('',(0.,-30.));
#4215 = VECTOR('',#4216,1.);
#4216 = DIRECTION('',(1.,0.));
#4217 = ( GEOMETRIC_REPRESENTATION_CONTEXT(2) 
PARAMETRIC_REPRESENTATION_CONTEXT() REPRESENTATION_CONTEXT('2D SPACE',''
  ) );
#4218 = ORIENTED_EDGE('',*,*,#3188,.F.);
#4219 = ORIENTED_EDGE('',*,*,#84,.T.);
#4220 = ORIENTED_EDGE('',*,*,#4221,.T.);
#4221 = EDGE_CURVE('',#85,#4197,#4222,.T.);
#4222 = SURFACE_CURVE('',#4223,(#4227,#4234),.PCURVE_S1.);
#4223 = LINE('',#4224,#4225);
#4224 = CARTESIAN_POINT('',(-15.,15.,-1.49625));
#4225 = VECTOR('',#4226,1.);
#4226 = DIRECTION('',(1.,0.,0.));
#4227 = PCURVE('',#100,#4228);
#4228 = DEFINITIONAL_REPRESENTATION('',(#4229),#4233);
#4229 = LINE('',#4230,#4231);
#4230 = CARTESIAN_POINT('',(3.75E-03,0.));
#4231 = VECTOR('',#4232,1.);
#4232 = DIRECTION('',(0.,1.));
#4233 = ( GEOMETRIC_REPRESENTATION_CONTEXT(2) 
PARAMETRIC_REPRESENTATION_CONTEXT() REPRESENTATION_CONTEXT('2D SPACE',''
  ) );
#4234 = PCURVE('',#304,#4235);
#4235 = DEFINITIONAL_REPRESENTATION('',(#4236),#4240);
#4236 = LINE('',#4237,#4238);
#4237 = CARTESIAN_POINT('',(0.,0.));
#4238 = VECTOR('',#4239,1.);
#4239 = DIRECTION('',(0.,1.));
#4240 = ( GEOMETRIC_REPRESENTATION_CONTEXT(2) 
PARAMETRIC_REPRESENTATION_CONTEXT() REPRESENTATION_CONTEXT('2D SPACE',''
  ) );
#4241 = ADVANCED_FACE('',(#4242),#159,.F.);
#4242 = FACE_BOUND('',#4243,.F.);
#4243 = EDGE_LOOP('',(#4244,#4245,#4246,#4247));
#4244 = ORIENTED_EDGE('',*,*,#141,.F.);
#4245 = ORIENTED_EDGE('',*,*,#3211,.T.);
#4246 = ORIENTED_EDGE('',*,*,#4196,.T.);
#4247 = ORIENTED_EDGE('',*,*,#4248,.F.);
#4248 = EDGE_CURVE('',#144,#4197,#4249,.T.);
#4249 = SURFACE_CURVE('',#4250,(#4254,#4261),.PCURVE_S1.);
#4250 = LINE('',#4251,#4252);
#4251 = CARTESIAN_POINT('',(15.,-15.,-1.49625));
#4252 = VECTOR('',#4253,1.);
#4253 = DIRECTION('',(0.,1.,0.));
#4254 = PCURVE('',#159,#4255);
#4255 = DEFINITIONAL_REPRESENTATION('',(#4256),#4260);
#4256 = LINE('',#4257,#4258);
#4257 = CARTESIAN_POINT('',(3.75E-03,0.));
#4258 = VECTOR('',#4259,1.);
#4259 = DIRECTION('',(0.,-1.));
#4260 = ( GEOMETRIC_REPRESENTATION_CONTEXT(2) 
PARAMETRIC_REPRESENTATION_CONTEXT() REPRESENTATION_CONTEXT('2D SPACE',''
  ) );
#4261 = PCURVE('',#4262,#4267);
#4262 = CYLINDRICAL_SURFACE('',#4263,0.74625);
#4263 = AXIS2_PLACEMENT_3D('',#4264,#4265,#4266);
#4264 = CARTESIAN_POINT('',(14.25375,-15.,-1.49625));
#4265 = DIRECTION('',(0.,1.,0.));
#4266 = DIRECTION('',(1.,0.,-0.));
#4267 = DEFINITIONAL_REPRESENTATION('',(#4268),#4272);
#4268 = LINE('',#4269,#4270);
#4269 = CARTESIAN_POINT('',(-0.,0.));
#4270 = VECTOR('',#4271,1.);
#4271 = DIRECTION('',(-0.,1.));
#4272 = ( GEOMETRIC_REPRESENTATION_CONTEXT(2) 
PARAMETRIC_REPRESENTATION_CONTEXT() REPRESENTATION_CONTEXT('2D SPACE',''
  ) );
#4273 = ADVANCED_FACE('',(#4274),#207,.F.);
#4274 = FACE_BOUND('',#4275,.T.);
#4275 = EDGE_LOOP('',(#4276,#4277,#4300,#4332));
#4276 = ORIENTED_EDGE('',*,*,#222,.T.);
#4277 = ORIENTED_EDGE('',*,*,#4278,.T.);
#4278 = EDGE_CURVE('',#223,#4279,#4281,.T.);
#4279 = VERTEX_POINT('',#4280);
#4280 = CARTESIAN_POINT('',(14.25375,-14.25375,-0.75));
#4281 = SURFACE_CURVE('',#4282,(#4286,#4293),.PCURVE_S1.);
#4282 = LINE('',#4283,#4284);
#4283 = CARTESIAN_POINT('',(-15.,-14.25375,-0.75));
#4284 = VECTOR('',#4285,1.);
#4285 = DIRECTION('',(1.,0.,0.));
#4286 = PCURVE('',#207,#4287);
#4287 = DEFINITIONAL_REPRESENTATION('',(#4288),#4292);
#4288 = LINE('',#4289,#4290);
#4289 = CARTESIAN_POINT('',(-1.570796326795,0.));
#4290 = VECTOR('',#4291,1.);
#4291 = DIRECTION('',(-0.,1.));
#4292 = ( GEOMETRIC_REPRESENTATION_CONTEXT(2) 
PARAMETRIC_REPRESENTATION_CONTEXT() REPRESENTATION_CONTEXT('2D SPACE',''
  ) );
#4293 = PCURVE('',#272,#4294);
#4294 = DEFINITIONAL_REPRESENTATION('',(#4295),#4299);
#4295 = LINE('',#4296,#4297);
#4296 = CARTESIAN_POINT('',(0.,0.74625));
#4297 = VECTOR('',#4298,1.);
#4298 = DIRECTION('',(1.,0.));
#4299 = ( GEOMETRIC_REPRESENTATION_CONTEXT(2) 
PARAMETRIC_REPRESENTATION_CONTEXT() REPRESENTATION_CONTEXT('2D SPACE',''
  ) );
#4300 = ORIENTED_EDGE('',*,*,#4301,.F.);
#4301 = EDGE_CURVE('',#144,#4279,#4302,.T.);
#4302 = SURFACE_CURVE('',#4303,(#4308,#4320),.PCURVE_S1.);
#4303 = ELLIPSE('',#4304,1.055356870921,0.74625);
#4304 = AXIS2_PLACEMENT_3D('',#4305,#4306,#4307);
#4305 = CARTESIAN_POINT('',(14.25375,-14.25375,-1.49625));
#4306 = DIRECTION('',(-0.707106781187,-0.707106781187,0.));
#4307 = DIRECTION('',(0.707106781187,-0.707106781187,0.));
#4308 = PCURVE('',#207,#4309);
#4309 = DEFINITIONAL_REPRESENTATION('',(#4310),#4319);
#4310 = B_SPLINE_CURVE_WITH_KNOTS('',7,(#4311,#4312,#4313,#4314,#4315,
    #4316,#4317,#4318),.UNSPECIFIED.,.F.,.F.,(8,8),(0.,1.570796326795),
  .PIECEWISE_BEZIER_KNOTS.);
#4311 = CARTESIAN_POINT('',(-2.975472092798E-16,30.));
#4312 = CARTESIAN_POINT('',(-0.224399475256,30.));
#4313 = CARTESIAN_POINT('',(-0.448798950513,29.956158803067));
#4314 = CARTESIAN_POINT('',(-0.673198425769,29.868482769074));
#4315 = CARTESIAN_POINT('',(-0.897597901025,29.742354818736));
#4316 = CARTESIAN_POINT('',(-1.121997376282,29.588665536838));
#4317 = CARTESIAN_POINT('',(-1.346396851538,29.42120810841));
#4318 = CARTESIAN_POINT('',(-1.570796326795,29.25375));
#4319 = ( GEOMETRIC_REPRESENTATION_CONTEXT(2) 
PARAMETRIC_REPRESENTATION_CONTEXT() REPRESENTATION_CONTEXT('2D SPACE',''
  ) );
#4320 = PCURVE('',#4262,#4321);
#4321 = DEFINITIONAL_REPRESENTATION('',(#4322),#4331);
#4322 = B_SPLINE_CURVE_WITH_KNOTS('',7,(#4323,#4324,#4325,#4326,#4327,
    #4328,#4329,#4330),.UNSPECIFIED.,.F.,.F.,(8,8),(0.,1.570796326795),
  .PIECEWISE_BEZIER_KNOTS.);
#4323 = CARTESIAN_POINT('',(-2.975472092798E-16,0.));
#4324 = CARTESIAN_POINT('',(-0.224399475256,4.101540729114E-17));
#4325 = CARTESIAN_POINT('',(-0.448798950513,4.384119693517E-02));
#4326 = CARTESIAN_POINT('',(-0.673198425769,0.131517230924));
#4327 = CARTESIAN_POINT('',(-0.897597901025,0.257645181266));
#4328 = CARTESIAN_POINT('',(-1.121997376282,0.411334463158));
#4329 = CARTESIAN_POINT('',(-1.346396851538,0.57879189159));
#4330 = CARTESIAN_POINT('',(-1.570796326795,0.74625));
#4331 = ( GEOMETRIC_REPRESENTATION_CONTEXT(2) 
PARAMETRIC_REPRESENTATION_CONTEXT() REPRESENTATION_CONTEXT('2D SPACE',''
  ) );
#4332 = ORIENTED_EDGE('',*,*,#193,.F.);
#4333 = ADVANCED_FACE('',(#4334),#272,.F.);
#4334 = FACE_BOUND('',#4335,.F.);
#4335 = EDGE_LOOP('',(#4336,#4337,#4338,#4361));
#4336 = ORIENTED_EDGE('',*,*,#256,.F.);
#4337 = ORIENTED_EDGE('',*,*,#4278,.T.);
#4338 = ORIENTED_EDGE('',*,*,#4339,.T.);
#4339 = EDGE_CURVE('',#4279,#4340,#4342,.T.);
#4340 = VERTEX_POINT('',#4341);
#4341 = CARTESIAN_POINT('',(14.25375,14.25375,-0.75));
#4342 = SURFACE_CURVE('',#4343,(#4347,#4354),.PCURVE_S1.);
#4343 = LINE('',#4344,#4345);
#4344 = CARTESIAN_POINT('',(14.25375,-15.,-0.75));
#4345 = VECTOR('',#4346,1.);
#4346 = DIRECTION('',(0.,1.,0.));
#4347 = PCURVE('',#272,#4348);
#4348 = DEFINITIONAL_REPRESENTATION('',(#4349),#4353);
#4349 = LINE('',#4350,#4351);
#4350 = CARTESIAN_POINT('',(29.25375,0.));
#4351 = VECTOR('',#4352,1.);
#4352 = DIRECTION('',(0.,1.));
#4353 = ( GEOMETRIC_REPRESENTATION_CONTEXT(2) 
PARAMETRIC_REPRESENTATION_CONTEXT() REPRESENTATION_CONTEXT('2D SPACE',''
  ) );
#4354 = PCURVE('',#4262,#4355);
#4355 = DEFINITIONAL_REPRESENTATION('',(#4356),#4360);
#4356 = LINE('',#4357,#4358);
#4357 = CARTESIAN_POINT('',(-1.570796326795,0.));
#4358 = VECTOR('',#4359,1.);
#4359 = DIRECTION('',(-0.,1.));
#4360 = ( GEOMETRIC_REPRESENTATION_CONTEXT(2) 
PARAMETRIC_REPRESENTATION_CONTEXT() REPRESENTATION_CONTEXT('2D SPACE',''
  ) );
#4361 = ORIENTED_EDGE('',*,*,#4362,.F.);
#4362 = EDGE_CURVE('',#257,#4340,#4363,.T.);
#4363 = SURFACE_CURVE('',#4364,(#4368,#4375),.PCURVE_S1.);
#4364 = LINE('',#4365,#4366);
#4365 = CARTESIAN_POINT('',(-15.,14.25375,-0.75));
#4366 = VECTOR('',#4367,1.);
#4367 = DIRECTION('',(1.,0.,0.));
#4368 = PCURVE('',#272,#4369);
#4369 = DEFINITIONAL_REPRESENTATION('',(#4370),#4374);
#4370 = LINE('',#4371,#4372);
#4371 = CARTESIAN_POINT('',(0.,29.25375));
#4372 = VECTOR('',#4373,1.);
#4373 = DIRECTION('',(1.,0.));
#4374 = ( GEOMETRIC_REPRESENTATION_CONTEXT(2) 
PARAMETRIC_REPRESENTATION_CONTEXT() REPRESENTATION_CONTEXT('2D SPACE',''
  ) );
#4375 = PCURVE('',#304,#4376);
#4376 = DEFINITIONAL_REPRESENTATION('',(#4377),#4381);
#4377 = LINE('',#4378,#4379);
#4378 = CARTESIAN_POINT('',(1.570796326795,0.));
#4379 = VECTOR('',#4380,1.);
#4380 = DIRECTION('',(0.,1.));
#4381 = ( GEOMETRIC_REPRESENTATION_CONTEXT(2) 
PARAMETRIC_REPRESENTATION_CONTEXT() REPRESENTATION_CONTEXT('2D SPACE',''
  ) );
#4382 = ADVANCED_FACE('',(#4383),#304,.F.);
#4383 = FACE_BOUND('',#4384,.F.);
#4384 = EDGE_LOOP('',(#4385,#4386,#4387,#4419));
#4385 = ORIENTED_EDGE('',*,*,#284,.T.);
#4386 = ORIENTED_EDGE('',*,*,#4362,.T.);
#4387 = ORIENTED_EDGE('',*,*,#4388,.F.);
#4388 = EDGE_CURVE('',#4197,#4340,#4389,.T.);
#4389 = SURFACE_CURVE('',#4390,(#4395,#4407),.PCURVE_S1.);
#4390 = ELLIPSE('',#4391,1.055356870921,0.74625);
#4391 = AXIS2_PLACEMENT_3D('',#4392,#4393,#4394);
#4392 = CARTESIAN_POINT('',(14.25375,14.25375,-1.49625));
#4393 = DIRECTION('',(0.707106781187,-0.707106781187,-0.));
#4394 = DIRECTION('',(0.707106781187,0.707106781187,0.));
#4395 = PCURVE('',#304,#4396);
#4396 = DEFINITIONAL_REPRESENTATION('',(#4397),#4406);
#4397 = B_SPLINE_CURVE_WITH_KNOTS('',7,(#4398,#4399,#4400,#4401,#4402,
    #4403,#4404,#4405),.UNSPECIFIED.,.F.,.F.,(8,8),(0.,1.570796326795),
  .PIECEWISE_BEZIER_KNOTS.);
#4398 = CARTESIAN_POINT('',(2.975472092798E-16,30.));
#4399 = CARTESIAN_POINT('',(0.224399475256,30.));
#4400 = CARTESIAN_POINT('',(0.448798950513,29.956158803067));
#4401 = CARTESIAN_POINT('',(0.673198425769,29.868482769074));
#4402 = CARTESIAN_POINT('',(0.897597901025,29.742354818736));
#4403 = CARTESIAN_POINT('',(1.121997376282,29.588665536838));
#4404 = CARTESIAN_POINT('',(1.346396851538,29.42120810841));
#4405 = CARTESIAN_POINT('',(1.570796326795,29.25375));
#4406 = ( GEOMETRIC_REPRESENTATION_CONTEXT(2) 
PARAMETRIC_REPRESENTATION_CONTEXT() REPRESENTATION_CONTEXT('2D SPACE',''
  ) );
#4407 = PCURVE('',#4262,#4408);
#4408 = DEFINITIONAL_REPRESENTATION('',(#4409),#4418);
#4409 = B_SPLINE_CURVE_WITH_KNOTS('',7,(#4410,#4411,#4412,#4413,#4414,
    #4415,#4416,#4417),.UNSPECIFIED.,.F.,.F.,(8,8),(0.,1.570796326795),
  .PIECEWISE_BEZIER_KNOTS.);
#4410 = CARTESIAN_POINT('',(-2.975472092798E-16,30.));
#4411 = CARTESIAN_POINT('',(-0.224399475256,30.));
#4412 = CARTESIAN_POINT('',(-0.448798950513,29.956158803067));
#4413 = CARTESIAN_POINT('',(-0.673198425769,29.868482769074));
#4414 = CARTESIAN_POINT('',(-0.897597901025,29.742354818736));
#4415 = CARTESIAN_POINT('',(-1.121997376282,29.588665536838));
#4416 = CARTESIAN_POINT('',(-1.346396851538,29.42120810841));
#4417 = CARTESIAN_POINT('',(-1.570796326795,29.25375));
#4418 = ( GEOMETRIC_REPRESENTATION_CONTEXT(2) 
PARAMETRIC_REPRESENTATION_CONTEXT() REPRESENTATION_CONTEXT('2D SPACE',''
  ) );
#4419 = ORIENTED_EDGE('',*,*,#4221,.F.);
#4420 = ADVANCED_FACE('',(#4421),#343,.T.);
#4421 = FACE_BOUND('',#4422,.T.);
#4422 = EDGE_LOOP('',(#4423,#4424,#4447,#4475));
#4423 = ORIENTED_EDGE('',*,*,#325,.F.);
#4424 = ORIENTED_EDGE('',*,*,#4425,.T.);
#4425 = EDGE_CURVE('',#326,#4426,#4428,.T.);
#4426 = VERTEX_POINT('',#4427);
#4427 = CARTESIAN_POINT('',(-75.2,15.,1.5));
#4428 = SURFACE_CURVE('',#4429,(#4433,#4440),.PCURVE_S1.);
#4429 = LINE('',#4430,#4431);
#4430 = CARTESIAN_POINT('',(-75.2,15.,-1.5));
#4431 = VECTOR('',#4432,1.);
#4432 = DIRECTION('',(0.,0.,1.));
#4433 = PCURVE('',#343,#4434);
#4434 = DEFINITIONAL_REPRESENTATION('',(#4435),#4439);
#4435 = LINE('',#4436,#4437);
#4436 = CARTESIAN_POINT('',(0.,0.));
#4437 = VECTOR('',#4438,1.);
#4438 = DIRECTION('',(1.,0.));
#4439 = ( GEOMETRIC_REPRESENTATION_CONTEXT(2) 
PARAMETRIC_REPRESENTATION_CONTEXT() REPRESENTATION_CONTEXT('2D SPACE',''
  ) );
#4440 = PCURVE('',#371,#4441);
#4441 = DEFINITIONAL_REPRESENTATION('',(#4442),#4446);
#4442 = LINE('',#4443,#4444);
#4443 = CARTESIAN_POINT('',(0.,-30.));
#4444 = VECTOR('',#4445,1.);
#4445 = DIRECTION('',(1.,0.));
#4446 = ( GEOMETRIC_REPRESENTATION_CONTEXT(2) 
PARAMETRIC_REPRESENTATION_CONTEXT() REPRESENTATION_CONTEXT('2D SPACE',''
  ) );
#4447 = ORIENTED_EDGE('',*,*,#4448,.T.);
#4448 = EDGE_CURVE('',#4426,#4449,#4451,.T.);
#4449 = VERTEX_POINT('',#4450);
#4450 = CARTESIAN_POINT('',(-18.,15.,1.5));
#4451 = SURFACE_CURVE('',#4452,(#4456,#4463),.PCURVE_S1.);
#4452 = LINE('',#4453,#4454);
#4453 = CARTESIAN_POINT('',(-75.2,15.,1.5));
#4454 = VECTOR('',#4455,1.);
#4455 = DIRECTION('',(1.,0.,0.));
#4456 = PCURVE('',#343,#4457);
#4457 = DEFINITIONAL_REPRESENTATION('',(#4458),#4462);
#4458 = LINE('',#4459,#4460);
#4459 = CARTESIAN_POINT('',(3.,0.));
#4460 = VECTOR('',#4461,1.);
#4461 = DIRECTION('',(0.,1.));
#4462 = ( GEOMETRIC_REPRESENTATION_CONTEXT(2) 
PARAMETRIC_REPRESENTATION_CONTEXT() REPRESENTATION_CONTEXT('2D SPACE',''
  ) );
#4463 = PCURVE('',#4464,#4469);
#4464 = PLANE('',#4465);
#4465 = AXIS2_PLACEMENT_3D('',#4466,#4467,#4468);
#4466 = CARTESIAN_POINT('',(-75.2,-15.,1.5));
#4467 = DIRECTION('',(0.,0.,1.));
#4468 = DIRECTION('',(1.,0.,0.));
#4469 = DEFINITIONAL_REPRESENTATION('',(#4470),#4474);
#4470 = LINE('',#4471,#4472);
#4471 = CARTESIAN_POINT('',(0.,30.));
#4472 = VECTOR('',#4473,1.);
#4473 = DIRECTION('',(1.,0.));
#4474 = ( GEOMETRIC_REPRESENTATION_CONTEXT(2) 
PARAMETRIC_REPRESENTATION_CONTEXT() REPRESENTATION_CONTEXT('2D SPACE',''
  ) );
#4475 = ORIENTED_EDGE('',*,*,#4476,.T.);
#4476 = EDGE_CURVE('',#4449,#328,#4477,.T.);
#4477 = SURFACE_CURVE('',#4478,(#4482,#4489),.PCURVE_S1.);
#4478 = LINE('',#4479,#4480);
#4479 = CARTESIAN_POINT('',(-18.,15.,1.5));
#4480 = VECTOR('',#4481,1.);
#4481 = DIRECTION('',(0.,0.,-1.));
#4482 = PCURVE('',#343,#4483);
#4483 = DEFINITIONAL_REPRESENTATION('',(#4484),#4488);
#4484 = LINE('',#4485,#4486);
#4485 = CARTESIAN_POINT('',(3.,57.2));
#4486 = VECTOR('',#4487,1.);
#4487 = DIRECTION('',(-1.,0.));
#4488 = ( GEOMETRIC_REPRESENTATION_CONTEXT(2) 
PARAMETRIC_REPRESENTATION_CONTEXT() REPRESENTATION_CONTEXT('2D SPACE',''
  ) );
#4489 = PCURVE('',#773,#4490);
#4490 = DEFINITIONAL_REPRESENTATION('',(#4491),#4495);
#4491 = LINE('',#4492,#4493);
#4492 = CARTESIAN_POINT('',(-0.,0.));
#4493 = VECTOR('',#4494,1.);
#4494 = DIRECTION('',(-0.,1.));
#4495 = ( GEOMETRIC_REPRESENTATION_CONTEXT(2) 
PARAMETRIC_REPRESENTATION_CONTEXT() REPRESENTATION_CONTEXT('2D SPACE',''
  ) );
#4496 = ADVANCED_FACE('',(#4497),#773,.F.);
#4497 = FACE_BOUND('',#4498,.T.);
#4498 = EDGE_LOOP('',(#4499,#4523,#4544,#4545));
#4499 = ORIENTED_EDGE('',*,*,#4500,.T.);
#4500 = EDGE_CURVE('',#4449,#4501,#4503,.T.);
#4501 = VERTEX_POINT('',#4502);
#4502 = CARTESIAN_POINT('',(-15.,18.,1.5));
#4503 = SURFACE_CURVE('',#4504,(#4509,#4516),.PCURVE_S1.);
#4504 = CIRCLE('',#4505,3.);
#4505 = AXIS2_PLACEMENT_3D('',#4506,#4507,#4508);
#4506 = CARTESIAN_POINT('',(-18.,18.,1.5));
#4507 = DIRECTION('',(0.,-0.,1.));
#4508 = DIRECTION('',(0.,1.,0.));
#4509 = PCURVE('',#773,#4510);
#4510 = DEFINITIONAL_REPRESENTATION('',(#4511),#4515);
#4511 = LINE('',#4512,#4513);
#4512 = CARTESIAN_POINT('',(3.14159265359,-0.));
#4513 = VECTOR('',#4514,1.);
#4514 = DIRECTION('',(-1.,0.));
#4515 = ( GEOMETRIC_REPRESENTATION_CONTEXT(2) 
PARAMETRIC_REPRESENTATION_CONTEXT() REPRESENTATION_CONTEXT('2D SPACE',''
  ) );
#4516 = PCURVE('',#4464,#4517);
#4517 = DEFINITIONAL_REPRESENTATION('',(#4518),#4522);
#4518 = CIRCLE('',#4519,3.);
#4519 = AXIS2_PLACEMENT_2D('',#4520,#4521);
#4520 = CARTESIAN_POINT('',(57.2,33.));
#4521 = DIRECTION('',(0.,1.));
#4522 = ( GEOMETRIC_REPRESENTATION_CONTEXT(2) 
PARAMETRIC_REPRESENTATION_CONTEXT() REPRESENTATION_CONTEXT('2D SPACE',''
  ) );
#4523 = ORIENTED_EDGE('',*,*,#4524,.T.);
#4524 = EDGE_CURVE('',#4501,#731,#4525,.T.);
#4525 = SURFACE_CURVE('',#4526,(#4530,#4537),.PCURVE_S1.);
#4526 = LINE('',#4527,#4528);
#4527 = CARTESIAN_POINT('',(-15.,18.,1.5));
#4528 = VECTOR('',#4529,1.);
#4529 = DIRECTION('',(0.,0.,-1.));
#4530 = PCURVE('',#773,#4531);
#4531 = DEFINITIONAL_REPRESENTATION('',(#4532),#4536);
#4532 = LINE('',#4533,#4534);
#4533 = CARTESIAN_POINT('',(-1.570796326795,0.));
#4534 = VECTOR('',#4535,1.);
#4535 = DIRECTION('',(-0.,1.));
#4536 = ( GEOMETRIC_REPRESENTATION_CONTEXT(2) 
PARAMETRIC_REPRESENTATION_CONTEXT() REPRESENTATION_CONTEXT('2D SPACE',''
  ) );
#4537 = PCURVE('',#746,#4538);
#4538 = DEFINITIONAL_REPRESENTATION('',(#4539),#4543);
#4539 = LINE('',#4540,#4541);
#4540 = CARTESIAN_POINT('',(3.,-93.2));
#4541 = VECTOR('',#4542,1.);
#4542 = DIRECTION('',(-1.,0.));
#4543 = ( GEOMETRIC_REPRESENTATION_CONTEXT(2) 
PARAMETRIC_REPRESENTATION_CONTEXT() REPRESENTATION_CONTEXT('2D SPACE',''
  ) );
#4544 = ORIENTED_EDGE('',*,*,#758,.F.);
#4545 = ORIENTED_EDGE('',*,*,#4476,.F.);
#4546 = ADVANCED_FACE('',(#4547),#371,.F.);
#4547 = FACE_BOUND('',#4548,.F.);
#4548 = EDGE_LOOP('',(#4549,#4572,#4573,#4574));
#4549 = ORIENTED_EDGE('',*,*,#4550,.F.);
#4550 = EDGE_CURVE('',#356,#4551,#4553,.T.);
#4551 = VERTEX_POINT('',#4552);
#4552 = CARTESIAN_POINT('',(-75.2,-15.,1.5));
#4553 = SURFACE_CURVE('',#4554,(#4558,#4565),.PCURVE_S1.);
#4554 = LINE('',#4555,#4556);
#4555 = CARTESIAN_POINT('',(-75.2,-15.,-1.5));
#4556 = VECTOR('',#4557,1.);
#4557 = DIRECTION('',(0.,0.,1.));
#4558 = PCURVE('',#371,#4559);
#4559 = DEFINITIONAL_REPRESENTATION('',(#4560),#4564);
#4560 = LINE('',#4561,#4562);
#4561 = CARTESIAN_POINT('',(0.,0.));
#4562 = VECTOR('',#4563,1.);
#4563 = DIRECTION('',(1.,0.));
#4564 = ( GEOMETRIC_REPRESENTATION_CONTEXT(2) 
PARAMETRIC_REPRESENTATION_CONTEXT() REPRESENTATION_CONTEXT('2D SPACE',''
  ) );
#4565 = PCURVE('',#399,#4566);
#4566 = DEFINITIONAL_REPRESENTATION('',(#4567),#4571);
#4567 = LINE('',#4568,#4569);
#4568 = CARTESIAN_POINT('',(0.,0.));
#4569 = VECTOR('',#4570,1.);
#4570 = DIRECTION('',(1.,0.));
#4571 = ( GEOMETRIC_REPRESENTATION_CONTEXT(2) 
PARAMETRIC_REPRESENTATION_CONTEXT() REPRESENTATION_CONTEXT('2D SPACE',''
  ) );
#4572 = ORIENTED_EDGE('',*,*,#355,.T.);
#4573 = ORIENTED_EDGE('',*,*,#4425,.T.);
#4574 = ORIENTED_EDGE('',*,*,#4575,.F.);
#4575 = EDGE_CURVE('',#4551,#4426,#4576,.T.);
#4576 = SURFACE_CURVE('',#4577,(#4581,#4588),.PCURVE_S1.);
#4577 = LINE('',#4578,#4579);
#4578 = CARTESIAN_POINT('',(-75.2,-15.,1.5));
#4579 = VECTOR('',#4580,1.);
#4580 = DIRECTION('',(0.,1.,0.));
#4581 = PCURVE('',#371,#4582);
#4582 = DEFINITIONAL_REPRESENTATION('',(#4583),#4587);
#4583 = LINE('',#4584,#4585);
#4584 = CARTESIAN_POINT('',(3.,0.));
#4585 = VECTOR('',#4586,1.);
#4586 = DIRECTION('',(0.,-1.));
#4587 = ( GEOMETRIC_REPRESENTATION_CONTEXT(2) 
PARAMETRIC_REPRESENTATION_CONTEXT() REPRESENTATION_CONTEXT('2D SPACE',''
  ) );
#4588 = PCURVE('',#4464,#4589);
#4589 = DEFINITIONAL_REPRESENTATION('',(#4590),#4594);
#4590 = LINE('',#4591,#4592);
#4591 = CARTESIAN_POINT('',(0.,0.));
#4592 = VECTOR('',#4593,1.);
#4593 = DIRECTION('',(0.,1.));
#4594 = ( GEOMETRIC_REPRESENTATION_CONTEXT(2) 
PARAMETRIC_REPRESENTATION_CONTEXT() REPRESENTATION_CONTEXT('2D SPACE',''
  ) );
#4595 = ADVANCED_FACE('',(#4596),#746,.F.);
#4596 = FACE_BOUND('',#4597,.F.);
#4597 = EDGE_LOOP('',(#4598,#4621,#4622,#4623));
#4598 = ORIENTED_EDGE('',*,*,#4599,.F.);
#4599 = EDGE_CURVE('',#4501,#4600,#4602,.T.);
#4600 = VERTEX_POINT('',#4601);
#4601 = CARTESIAN_POINT('',(-15.,75.2,1.5));
#4602 = SURFACE_CURVE('',#4603,(#4607,#4614),.PCURVE_S1.);
#4603 = LINE('',#4604,#4605);
#4604 = CARTESIAN_POINT('',(-15.,-75.2,1.5));
#4605 = VECTOR('',#4606,1.);
#4606 = DIRECTION('',(0.,1.,0.));
#4607 = PCURVE('',#746,#4608);
#4608 = DEFINITIONAL_REPRESENTATION('',(#4609),#4613);
#4609 = LINE('',#4610,#4611);
#4610 = CARTESIAN_POINT('',(3.,0.));
#4611 = VECTOR('',#4612,1.);
#4612 = DIRECTION('',(0.,-1.));
#4613 = ( GEOMETRIC_REPRESENTATION_CONTEXT(2) 
PARAMETRIC_REPRESENTATION_CONTEXT() REPRESENTATION_CONTEXT('2D SPACE',''
  ) );
#4614 = PCURVE('',#4464,#4615);
#4615 = DEFINITIONAL_REPRESENTATION('',(#4616),#4620);
#4616 = LINE('',#4617,#4618);
#4617 = CARTESIAN_POINT('',(60.2,-60.2));
#4618 = VECTOR('',#4619,1.);
#4619 = DIRECTION('',(0.,1.));
#4620 = ( GEOMETRIC_REPRESENTATION_CONTEXT(2) 
PARAMETRIC_REPRESENTATION_CONTEXT() REPRESENTATION_CONTEXT('2D SPACE',''
  ) );
#4621 = ORIENTED_EDGE('',*,*,#4524,.T.);
#4622 = ORIENTED_EDGE('',*,*,#730,.T.);
#4623 = ORIENTED_EDGE('',*,*,#4624,.T.);
#4624 = EDGE_CURVE('',#703,#4600,#4625,.T.);
#4625 = SURFACE_CURVE('',#4626,(#4630,#4637),.PCURVE_S1.);
#4626 = LINE('',#4627,#4628);
#4627 = CARTESIAN_POINT('',(-15.,75.2,-1.5));
#4628 = VECTOR('',#4629,1.);
#4629 = DIRECTION('',(0.,0.,1.));
#4630 = PCURVE('',#746,#4631);
#4631 = DEFINITIONAL_REPRESENTATION('',(#4632),#4636);
#4632 = LINE('',#4633,#4634);
#4633 = CARTESIAN_POINT('',(0.,-150.4));
#4634 = VECTOR('',#4635,1.);
#4635 = DIRECTION('',(1.,0.));
#4636 = ( GEOMETRIC_REPRESENTATION_CONTEXT(2) 
PARAMETRIC_REPRESENTATION_CONTEXT() REPRESENTATION_CONTEXT('2D SPACE',''
  ) );
#4637 = PCURVE('',#718,#4638);
#4638 = DEFINITIONAL_REPRESENTATION('',(#4639),#4643);
#4639 = LINE('',#4640,#4641);
#4640 = CARTESIAN_POINT('',(0.,0.));
#4641 = VECTOR('',#4642,1.);
#4642 = DIRECTION('',(1.,0.));
#4643 = ( GEOMETRIC_REPRESENTATION_CONTEXT(2) 
PARAMETRIC_REPRESENTATION_CONTEXT() REPRESENTATION_CONTEXT('2D SPACE',''
  ) );
#4644 = ADVANCED_FACE('',(#4645),#399,.F.);
#4645 = FACE_BOUND('',#4646,.F.);
#4646 = EDGE_LOOP('',(#4647,#4648,#4649,#4672));
#4647 = ORIENTED_EDGE('',*,*,#383,.F.);
#4648 = ORIENTED_EDGE('',*,*,#4550,.T.);
#4649 = ORIENTED_EDGE('',*,*,#4650,.T.);
#4650 = EDGE_CURVE('',#4551,#4651,#4653,.T.);
#4651 = VERTEX_POINT('',#4652);
#4652 = CARTESIAN_POINT('',(-18.,-15.,1.5));
#4653 = SURFACE_CURVE('',#4654,(#4658,#4665),.PCURVE_S1.);
#4654 = LINE('',#4655,#4656);
#4655 = CARTESIAN_POINT('',(-75.2,-15.,1.5));
#4656 = VECTOR('',#4657,1.);
#4657 = DIRECTION('',(1.,0.,0.));
#4658 = PCURVE('',#399,#4659);
#4659 = DEFINITIONAL_REPRESENTATION('',(#4660),#4664);
#4660 = LINE('',#4661,#4662);
#4661 = CARTESIAN_POINT('',(3.,0.));
#4662 = VECTOR('',#4663,1.);
#4663 = DIRECTION('',(0.,1.));
#4664 = ( GEOMETRIC_REPRESENTATION_CONTEXT(2) 
PARAMETRIC_REPRESENTATION_CONTEXT() REPRESENTATION_CONTEXT('2D SPACE',''
  ) );
#4665 = PCURVE('',#4464,#4666);
#4666 = DEFINITIONAL_REPRESENTATION('',(#4667),#4671);
#4667 = LINE('',#4668,#4669);
#4668 = CARTESIAN_POINT('',(0.,0.));
#4669 = VECTOR('',#4670,1.);
#4670 = DIRECTION('',(1.,0.));
#4671 = ( GEOMETRIC_REPRESENTATION_CONTEXT(2) 
PARAMETRIC_REPRESENTATION_CONTEXT() REPRESENTATION_CONTEXT('2D SPACE',''
  ) );
#4672 = ORIENTED_EDGE('',*,*,#4673,.T.);
#4673 = EDGE_CURVE('',#4651,#384,#4674,.T.);
#4674 = SURFACE_CURVE('',#4675,(#4679,#4686),.PCURVE_S1.);
#4675 = LINE('',#4676,#4677);
#4676 = CARTESIAN_POINT('',(-18.,-15.,1.5));
#4677 = VECTOR('',#4678,1.);
#4678 = DIRECTION('',(0.,0.,-1.));
#4679 = PCURVE('',#399,#4680);
#4680 = DEFINITIONAL_REPRESENTATION('',(#4681),#4685);
#4681 = LINE('',#4682,#4683);
#4682 = CARTESIAN_POINT('',(3.,57.2));
#4683 = VECTOR('',#4684,1.);
#4684 = DIRECTION('',(-1.,0.));
#4685 = ( GEOMETRIC_REPRESENTATION_CONTEXT(2) 
PARAMETRIC_REPRESENTATION_CONTEXT() REPRESENTATION_CONTEXT('2D SPACE',''
  ) );
#4686 = PCURVE('',#432,#4687);
#4687 = DEFINITIONAL_REPRESENTATION('',(#4688),#4692);
#4688 = LINE('',#4689,#4690);
#4689 = CARTESIAN_POINT('',(0.,0.));
#4690 = VECTOR('',#4691,1.);
#4691 = DIRECTION('',(0.,1.));
#4692 = ( GEOMETRIC_REPRESENTATION_CONTEXT(2) 
PARAMETRIC_REPRESENTATION_CONTEXT() REPRESENTATION_CONTEXT('2D SPACE',''
  ) );
#4693 = ADVANCED_FACE('',(#4694),#718,.T.);
#4694 = FACE_BOUND('',#4695,.T.);
#4695 = EDGE_LOOP('',(#4696,#4697,#4698,#4721));
#4696 = ORIENTED_EDGE('',*,*,#702,.F.);
#4697 = ORIENTED_EDGE('',*,*,#4624,.T.);
#4698 = ORIENTED_EDGE('',*,*,#4699,.T.);
#4699 = EDGE_CURVE('',#4600,#4700,#4702,.T.);
#4700 = VERTEX_POINT('',#4701);
#4701 = CARTESIAN_POINT('',(15.,75.2,1.5));
#4702 = SURFACE_CURVE('',#4703,(#4707,#4714),.PCURVE_S1.);
#4703 = LINE('',#4704,#4705);
#4704 = CARTESIAN_POINT('',(-15.,75.2,1.5));
#4705 = VECTOR('',#4706,1.);
#4706 = DIRECTION('',(1.,0.,0.));
#4707 = PCURVE('',#718,#4708);
#4708 = DEFINITIONAL_REPRESENTATION('',(#4709),#4713);
#4709 = LINE('',#4710,#4711);
#4710 = CARTESIAN_POINT('',(3.,0.));
#4711 = VECTOR('',#4712,1.);
#4712 = DIRECTION('',(0.,1.));
#4713 = ( GEOMETRIC_REPRESENTATION_CONTEXT(2) 
PARAMETRIC_REPRESENTATION_CONTEXT() REPRESENTATION_CONTEXT('2D SPACE',''
  ) );
#4714 = PCURVE('',#4464,#4715);
#4715 = DEFINITIONAL_REPRESENTATION('',(#4716),#4720);
#4716 = LINE('',#4717,#4718);
#4717 = CARTESIAN_POINT('',(60.2,90.2));
#4718 = VECTOR('',#4719,1.);
#4719 = DIRECTION('',(1.,0.));
#4720 = ( GEOMETRIC_REPRESENTATION_CONTEXT(2) 
PARAMETRIC_REPRESENTATION_CONTEXT() REPRESENTATION_CONTEXT('2D SPACE',''
  ) );
#4721 = ORIENTED_EDGE('',*,*,#4722,.F.);
#4722 = EDGE_CURVE('',#675,#4700,#4723,.T.);
#4723 = SURFACE_CURVE('',#4724,(#4728,#4735),.PCURVE_S1.);
#4724 = LINE('',#4725,#4726);
#4725 = CARTESIAN_POINT('',(15.,75.2,-1.5));
#4726 = VECTOR('',#4727,1.);
#4727 = DIRECTION('',(0.,0.,1.));
#4728 = PCURVE('',#718,#4729);
#4729 = DEFINITIONAL_REPRESENTATION('',(#4730),#4734);
#4730 = LINE('',#4731,#4732);
#4731 = CARTESIAN_POINT('',(0.,30.));
#4732 = VECTOR('',#4733,1.);
#4733 = DIRECTION('',(1.,0.));
#4734 = ( GEOMETRIC_REPRESENTATION_CONTEXT(2) 
PARAMETRIC_REPRESENTATION_CONTEXT() REPRESENTATION_CONTEXT('2D SPACE',''
  ) );
#4735 = PCURVE('',#690,#4736);
#4736 = DEFINITIONAL_REPRESENTATION('',(#4737),#4741);
#4737 = LINE('',#4738,#4739);
#4738 = CARTESIAN_POINT('',(0.,-150.4));
#4739 = VECTOR('',#4740,1.);
#4740 = DIRECTION('',(1.,0.));
#4741 = ( GEOMETRIC_REPRESENTATION_CONTEXT(2) 
PARAMETRIC_REPRESENTATION_CONTEXT() REPRESENTATION_CONTEXT('2D SPACE',''
  ) );
#4742 = ADVANCED_FACE('',(#4743),#432,.F.);
#4743 = FACE_BOUND('',#4744,.F.);
#4744 = EDGE_LOOP('',(#4745,#4773,#4794,#4795));
#4745 = ORIENTED_EDGE('',*,*,#4746,.T.);
#4746 = EDGE_CURVE('',#4651,#4747,#4749,.T.);
#4747 = VERTEX_POINT('',#4748);
#4748 = CARTESIAN_POINT('',(-15.,-18.,1.5));
#4749 = SURFACE_CURVE('',#4750,(#4755,#4762),.PCURVE_S1.);
#4750 = CIRCLE('',#4751,3.);
#4751 = AXIS2_PLACEMENT_3D('',#4752,#4753,#4754);
#4752 = CARTESIAN_POINT('',(-18.,-18.,1.5));
#4753 = DIRECTION('',(0.,0.,-1.));
#4754 = DIRECTION('',(0.,1.,0.));
#4755 = PCURVE('',#432,#4756);
#4756 = DEFINITIONAL_REPRESENTATION('',(#4757),#4761);
#4757 = LINE('',#4758,#4759);
#4758 = CARTESIAN_POINT('',(0.,0.));
#4759 = VECTOR('',#4760,1.);
#4760 = DIRECTION('',(1.,0.));
#4761 = ( GEOMETRIC_REPRESENTATION_CONTEXT(2) 
PARAMETRIC_REPRESENTATION_CONTEXT() REPRESENTATION_CONTEXT('2D SPACE',''
  ) );
#4762 = PCURVE('',#4464,#4763);
#4763 = DEFINITIONAL_REPRESENTATION('',(#4764),#4772);
#4764 = ( BOUNDED_CURVE() B_SPLINE_CURVE(2,(#4765,#4766,#4767,#4768,
#4769,#4770,#4771),.UNSPECIFIED.,.T.,.F.) B_SPLINE_CURVE_WITH_KNOTS((1,2
    ,2,2,2,1),(-2.094395102393,0.,2.094395102393,4.188790204786,
6.28318530718,8.377580409573),.UNSPECIFIED.) CURVE() 
GEOMETRIC_REPRESENTATION_ITEM() RATIONAL_B_SPLINE_CURVE((1.,0.5,1.,0.5,
1.,0.5,1.)) REPRESENTATION_ITEM('') );
#4765 = CARTESIAN_POINT('',(57.2,0.));
#4766 = CARTESIAN_POINT('',(62.396152422707,0.));
#4767 = CARTESIAN_POINT('',(59.798076211353,-4.5));
#4768 = CARTESIAN_POINT('',(57.2,-9.));
#4769 = CARTESIAN_POINT('',(54.601923788647,-4.5));
#4770 = CARTESIAN_POINT('',(52.003847577293,-4.440892098501E-15));
#4771 = CARTESIAN_POINT('',(57.2,0.));
#4772 = ( GEOMETRIC_REPRESENTATION_CONTEXT(2) 
PARAMETRIC_REPRESENTATION_CONTEXT() REPRESENTATION_CONTEXT('2D SPACE',''
  ) );
#4773 = ORIENTED_EDGE('',*,*,#4774,.T.);
#4774 = EDGE_CURVE('',#4747,#412,#4775,.T.);
#4775 = SURFACE_CURVE('',#4776,(#4780,#4787),.PCURVE_S1.);
#4776 = LINE('',#4777,#4778);
#4777 = CARTESIAN_POINT('',(-15.,-18.,1.5));
#4778 = VECTOR('',#4779,1.);
#4779 = DIRECTION('',(0.,0.,-1.));
#4780 = PCURVE('',#432,#4781);
#4781 = DEFINITIONAL_REPRESENTATION('',(#4782),#4786);
#4782 = LINE('',#4783,#4784);
#4783 = CARTESIAN_POINT('',(1.570796326795,0.));
#4784 = VECTOR('',#4785,1.);
#4785 = DIRECTION('',(0.,1.));
#4786 = ( GEOMETRIC_REPRESENTATION_CONTEXT(2) 
PARAMETRIC_REPRESENTATION_CONTEXT() REPRESENTATION_CONTEXT('2D SPACE',''
  ) );
#4787 = PCURVE('',#460,#4788);
#4788 = DEFINITIONAL_REPRESENTATION('',(#4789),#4793);
#4789 = LINE('',#4790,#4791);
#4790 = CARTESIAN_POINT('',(3.,-57.2));
#4791 = VECTOR('',#4792,1.);
#4792 = DIRECTION('',(-1.,0.));
#4793 = ( GEOMETRIC_REPRESENTATION_CONTEXT(2) 
PARAMETRIC_REPRESENTATION_CONTEXT() REPRESENTATION_CONTEXT('2D SPACE',''
  ) );
#4794 = ORIENTED_EDGE('',*,*,#411,.F.);
#4795 = ORIENTED_EDGE('',*,*,#4673,.F.);
#4796 = ADVANCED_FACE('',(#4797),#690,.T.);
#4797 = FACE_BOUND('',#4798,.T.);
#4798 = EDGE_LOOP('',(#4799,#4822,#4843,#4844));
#4799 = ORIENTED_EDGE('',*,*,#4800,.F.);
#4800 = EDGE_CURVE('',#4801,#4700,#4803,.T.);
#4801 = VERTEX_POINT('',#4802);
#4802 = CARTESIAN_POINT('',(15.,18.,1.5));
#4803 = SURFACE_CURVE('',#4804,(#4808,#4815),.PCURVE_S1.);
#4804 = LINE('',#4805,#4806);
#4805 = CARTESIAN_POINT('',(15.,-75.2,1.5));
#4806 = VECTOR('',#4807,1.);
#4807 = DIRECTION('',(0.,1.,0.));
#4808 = PCURVE('',#690,#4809);
#4809 = DEFINITIONAL_REPRESENTATION('',(#4810),#4814);
#4810 = LINE('',#4811,#4812);
#4811 = CARTESIAN_POINT('',(3.,0.));
#4812 = VECTOR('',#4813,1.);
#4813 = DIRECTION('',(0.,-1.));
#4814 = ( GEOMETRIC_REPRESENTATION_CONTEXT(2) 
PARAMETRIC_REPRESENTATION_CONTEXT() REPRESENTATION_CONTEXT('2D SPACE',''
  ) );
#4815 = PCURVE('',#4464,#4816);
#4816 = DEFINITIONAL_REPRESENTATION('',(#4817),#4821);
#4817 = LINE('',#4818,#4819);
#4818 = CARTESIAN_POINT('',(90.2,-60.2));
#4819 = VECTOR('',#4820,1.);
#4820 = DIRECTION('',(0.,1.));
#4821 = ( GEOMETRIC_REPRESENTATION_CONTEXT(2) 
PARAMETRIC_REPRESENTATION_CONTEXT() REPRESENTATION_CONTEXT('2D SPACE',''
  ) );
#4822 = ORIENTED_EDGE('',*,*,#4823,.T.);
#4823 = EDGE_CURVE('',#4801,#646,#4824,.T.);
#4824 = SURFACE_CURVE('',#4825,(#4829,#4836),.PCURVE_S1.);
#4825 = LINE('',#4826,#4827);
#4826 = CARTESIAN_POINT('',(15.,18.,1.5));
#4827 = VECTOR('',#4828,1.);
#4828 = DIRECTION('',(0.,0.,-1.));
#4829 = PCURVE('',#690,#4830);
#4830 = DEFINITIONAL_REPRESENTATION('',(#4831),#4835);
#4831 = LINE('',#4832,#4833);
#4832 = CARTESIAN_POINT('',(3.,-93.2));
#4833 = VECTOR('',#4834,1.);
#4834 = DIRECTION('',(-1.,0.));
#4835 = ( GEOMETRIC_REPRESENTATION_CONTEXT(2) 
PARAMETRIC_REPRESENTATION_CONTEXT() REPRESENTATION_CONTEXT('2D SPACE',''
  ) );
#4836 = PCURVE('',#662,#4837);
#4837 = DEFINITIONAL_REPRESENTATION('',(#4838),#4842);
#4838 = LINE('',#4839,#4840);
#4839 = CARTESIAN_POINT('',(-0.,0.));
#4840 = VECTOR('',#4841,1.);
#4841 = DIRECTION('',(-0.,1.));
#4842 = ( GEOMETRIC_REPRESENTATION_CONTEXT(2) 
PARAMETRIC_REPRESENTATION_CONTEXT() REPRESENTATION_CONTEXT('2D SPACE',''
  ) );
#4843 = ORIENTED_EDGE('',*,*,#674,.T.);
#4844 = ORIENTED_EDGE('',*,*,#4722,.T.);
#4845 = ADVANCED_FACE('',(#4846),#460,.F.);
#4846 = FACE_BOUND('',#4847,.F.);
#4847 = EDGE_LOOP('',(#4848,#4871,#4892,#4893));
#4848 = ORIENTED_EDGE('',*,*,#4849,.F.);
#4849 = EDGE_CURVE('',#4850,#4747,#4852,.T.);
#4850 = VERTEX_POINT('',#4851);
#4851 = CARTESIAN_POINT('',(-15.,-75.2,1.5));
#4852 = SURFACE_CURVE('',#4853,(#4857,#4864),.PCURVE_S1.);
#4853 = LINE('',#4854,#4855);
#4854 = CARTESIAN_POINT('',(-15.,-75.2,1.5));
#4855 = VECTOR('',#4856,1.);
#4856 = DIRECTION('',(0.,1.,0.));
#4857 = PCURVE('',#460,#4858);
#4858 = DEFINITIONAL_REPRESENTATION('',(#4859),#4863);
#4859 = LINE('',#4860,#4861);
#4860 = CARTESIAN_POINT('',(3.,0.));
#4861 = VECTOR('',#4862,1.);
#4862 = DIRECTION('',(0.,-1.));
#4863 = ( GEOMETRIC_REPRESENTATION_CONTEXT(2) 
PARAMETRIC_REPRESENTATION_CONTEXT() REPRESENTATION_CONTEXT('2D SPACE',''
  ) );
#4864 = PCURVE('',#4464,#4865);
#4865 = DEFINITIONAL_REPRESENTATION('',(#4866),#4870);
#4866 = LINE('',#4867,#4868);
#4867 = CARTESIAN_POINT('',(60.2,-60.2));
#4868 = VECTOR('',#4869,1.);
#4869 = DIRECTION('',(0.,1.));
#4870 = ( GEOMETRIC_REPRESENTATION_CONTEXT(2) 
PARAMETRIC_REPRESENTATION_CONTEXT() REPRESENTATION_CONTEXT('2D SPACE',''
  ) );
#4871 = ORIENTED_EDGE('',*,*,#4872,.F.);
#4872 = EDGE_CURVE('',#445,#4850,#4873,.T.);
#4873 = SURFACE_CURVE('',#4874,(#4878,#4885),.PCURVE_S1.);
#4874 = LINE('',#4875,#4876);
#4875 = CARTESIAN_POINT('',(-15.,-75.2,-1.5));
#4876 = VECTOR('',#4877,1.);
#4877 = DIRECTION('',(0.,0.,1.));
#4878 = PCURVE('',#460,#4879);
#4879 = DEFINITIONAL_REPRESENTATION('',(#4880),#4884);
#4880 = LINE('',#4881,#4882);
#4881 = CARTESIAN_POINT('',(0.,0.));
#4882 = VECTOR('',#4883,1.);
#4883 = DIRECTION('',(1.,0.));
#4884 = ( GEOMETRIC_REPRESENTATION_CONTEXT(2) 
PARAMETRIC_REPRESENTATION_CONTEXT() REPRESENTATION_CONTEXT('2D SPACE',''
  ) );
#4885 = PCURVE('',#488,#4886);
#4886 = DEFINITIONAL_REPRESENTATION('',(#4887),#4891);
#4887 = LINE('',#4888,#4889);
#4888 = CARTESIAN_POINT('',(0.,0.));
#4889 = VECTOR('',#4890,1.);
#4890 = DIRECTION('',(1.,0.));
#4891 = ( GEOMETRIC_REPRESENTATION_CONTEXT(2) 
PARAMETRIC_REPRESENTATION_CONTEXT() REPRESENTATION_CONTEXT('2D SPACE',''
  ) );
#4892 = ORIENTED_EDGE('',*,*,#444,.T.);
#4893 = ORIENTED_EDGE('',*,*,#4774,.F.);
#4894 = ADVANCED_FACE('',(#4895),#662,.F.);
#4895 = FACE_BOUND('',#4896,.T.);
#4896 = EDGE_LOOP('',(#4897,#4921,#4942,#4943));
#4897 = ORIENTED_EDGE('',*,*,#4898,.T.);
#4898 = EDGE_CURVE('',#4801,#4899,#4901,.T.);
#4899 = VERTEX_POINT('',#4900);
#4900 = CARTESIAN_POINT('',(18.,15.,1.5));
#4901 = SURFACE_CURVE('',#4902,(#4907,#4914),.PCURVE_S1.);
#4902 = CIRCLE('',#4903,3.);
#4903 = AXIS2_PLACEMENT_3D('',#4904,#4905,#4906);
#4904 = CARTESIAN_POINT('',(18.,18.,1.5));
#4905 = DIRECTION('',(0.,-0.,1.));
#4906 = DIRECTION('',(0.,1.,0.));
#4907 = PCURVE('',#662,#4908);
#4908 = DEFINITIONAL_REPRESENTATION('',(#4909),#4913);
#4909 = LINE('',#4910,#4911);
#4910 = CARTESIAN_POINT('',(1.570796326795,-0.));
#4911 = VECTOR('',#4912,1.);
#4912 = DIRECTION('',(-1.,0.));
#4913 = ( GEOMETRIC_REPRESENTATION_CONTEXT(2) 
PARAMETRIC_REPRESENTATION_CONTEXT() REPRESENTATION_CONTEXT('2D SPACE',''
  ) );
#4914 = PCURVE('',#4464,#4915);
#4915 = DEFINITIONAL_REPRESENTATION('',(#4916),#4920);
#4916 = CIRCLE('',#4917,3.);
#4917 = AXIS2_PLACEMENT_2D('',#4918,#4919);
#4918 = CARTESIAN_POINT('',(93.2,33.));
#4919 = DIRECTION('',(0.,1.));
#4920 = ( GEOMETRIC_REPRESENTATION_CONTEXT(2) 
PARAMETRIC_REPRESENTATION_CONTEXT() REPRESENTATION_CONTEXT('2D SPACE',''
  ) );
#4921 = ORIENTED_EDGE('',*,*,#4922,.T.);
#4922 = EDGE_CURVE('',#4899,#618,#4923,.T.);
#4923 = SURFACE_CURVE('',#4924,(#4928,#4935),.PCURVE_S1.);
#4924 = LINE('',#4925,#4926);
#4925 = CARTESIAN_POINT('',(18.,15.,1.5));
#4926 = VECTOR('',#4927,1.);
#4927 = DIRECTION('',(0.,0.,-1.));
#4928 = PCURVE('',#662,#4929);
#4929 = DEFINITIONAL_REPRESENTATION('',(#4930),#4934);
#4930 = LINE('',#4931,#4932);
#4931 = CARTESIAN_POINT('',(-1.570796326795,0.));
#4932 = VECTOR('',#4933,1.);
#4933 = DIRECTION('',(-0.,1.));
#4934 = ( GEOMETRIC_REPRESENTATION_CONTEXT(2) 
PARAMETRIC_REPRESENTATION_CONTEXT() REPRESENTATION_CONTEXT('2D SPACE',''
  ) );
#4935 = PCURVE('',#633,#4936);
#4936 = DEFINITIONAL_REPRESENTATION('',(#4937),#4941);
#4937 = LINE('',#4938,#4939);
#4938 = CARTESIAN_POINT('',(3.,93.2));
#4939 = VECTOR('',#4940,1.);
#4940 = DIRECTION('',(-1.,0.));
#4941 = ( GEOMETRIC_REPRESENTATION_CONTEXT(2) 
PARAMETRIC_REPRESENTATION_CONTEXT() REPRESENTATION_CONTEXT('2D SPACE',''
  ) );
#4942 = ORIENTED_EDGE('',*,*,#645,.F.);
#4943 = ORIENTED_EDGE('',*,*,#4823,.F.);
#4944 = ADVANCED_FACE('',(#4945),#488,.F.);
#4945 = FACE_BOUND('',#4946,.F.);
#4946 = EDGE_LOOP('',(#4947,#4948,#4949,#4972));
#4947 = ORIENTED_EDGE('',*,*,#472,.F.);
#4948 = ORIENTED_EDGE('',*,*,#4872,.T.);
#4949 = ORIENTED_EDGE('',*,*,#4950,.T.);
#4950 = EDGE_CURVE('',#4850,#4951,#4953,.T.);
#4951 = VERTEX_POINT('',#4952);
#4952 = CARTESIAN_POINT('',(15.,-75.2,1.5));
#4953 = SURFACE_CURVE('',#4954,(#4958,#4965),.PCURVE_S1.);
#4954 = LINE('',#4955,#4956);
#4955 = CARTESIAN_POINT('',(-15.,-75.2,1.5));
#4956 = VECTOR('',#4957,1.);
#4957 = DIRECTION('',(1.,0.,0.));
#4958 = PCURVE('',#488,#4959);
#4959 = DEFINITIONAL_REPRESENTATION('',(#4960),#4964);
#4960 = LINE('',#4961,#4962);
#4961 = CARTESIAN_POINT('',(3.,0.));
#4962 = VECTOR('',#4963,1.);
#4963 = DIRECTION('',(0.,1.));
#4964 = ( GEOMETRIC_REPRESENTATION_CONTEXT(2) 
PARAMETRIC_REPRESENTATION_CONTEXT() REPRESENTATION_CONTEXT('2D SPACE',''
  ) );
#4965 = PCURVE('',#4464,#4966);
#4966 = DEFINITIONAL_REPRESENTATION('',(#4967),#4971);
#4967 = LINE('',#4968,#4969);
#4968 = CARTESIAN_POINT('',(60.2,-60.2));
#4969 = VECTOR('',#4970,1.);
#4970 = DIRECTION('',(1.,0.));
#4971 = ( GEOMETRIC_REPRESENTATION_CONTEXT(2) 
PARAMETRIC_REPRESENTATION_CONTEXT() REPRESENTATION_CONTEXT('2D SPACE',''
  ) );
#4972 = ORIENTED_EDGE('',*,*,#4973,.F.);
#4973 = EDGE_CURVE('',#473,#4951,#4974,.T.);
#4974 = SURFACE_CURVE('',#4975,(#4979,#4986),.PCURVE_S1.);
#4975 = LINE('',#4976,#4977);
#4976 = CARTESIAN_POINT('',(15.,-75.2,-1.5));
#4977 = VECTOR('',#4978,1.);
#4978 = DIRECTION('',(0.,0.,1.));
#4979 = PCURVE('',#488,#4980);
#4980 = DEFINITIONAL_REPRESENTATION('',(#4981),#4985);
#4981 = LINE('',#4982,#4983);
#4982 = CARTESIAN_POINT('',(0.,30.));
#4983 = VECTOR('',#4984,1.);
#4984 = DIRECTION('',(1.,0.));
#4985 = ( GEOMETRIC_REPRESENTATION_CONTEXT(2) 
PARAMETRIC_REPRESENTATION_CONTEXT() REPRESENTATION_CONTEXT('2D SPACE',''
  ) );
#4986 = PCURVE('',#516,#4987);
#4987 = DEFINITIONAL_REPRESENTATION('',(#4988),#4992);
#4988 = LINE('',#4989,#4990);
#4989 = CARTESIAN_POINT('',(0.,0.));
#4990 = VECTOR('',#4991,1.);
#4991 = DIRECTION('',(1.,0.));
#4992 = ( GEOMETRIC_REPRESENTATION_CONTEXT(2) 
PARAMETRIC_REPRESENTATION_CONTEXT() REPRESENTATION_CONTEXT('2D SPACE',''
  ) );
#4993 = ADVANCED_FACE('',(#4994),#633,.T.);
#4994 = FACE_BOUND('',#4995,.T.);
#4995 = EDGE_LOOP('',(#4996,#4997,#4998,#5021));
#4996 = ORIENTED_EDGE('',*,*,#617,.F.);
#4997 = ORIENTED_EDGE('',*,*,#4922,.F.);
#4998 = ORIENTED_EDGE('',*,*,#4999,.T.);
#4999 = EDGE_CURVE('',#4899,#5000,#5002,.T.);
#5000 = VERTEX_POINT('',#5001);
#5001 = CARTESIAN_POINT('',(75.2,15.,1.5));
#5002 = SURFACE_CURVE('',#5003,(#5007,#5014),.PCURVE_S1.);
#5003 = LINE('',#5004,#5005);
#5004 = CARTESIAN_POINT('',(-75.2,15.,1.5));
#5005 = VECTOR('',#5006,1.);
#5006 = DIRECTION('',(1.,0.,0.));
#5007 = PCURVE('',#633,#5008);
#5008 = DEFINITIONAL_REPRESENTATION('',(#5009),#5013);
#5009 = LINE('',#5010,#5011);
#5010 = CARTESIAN_POINT('',(3.,0.));
#5011 = VECTOR('',#5012,1.);
#5012 = DIRECTION('',(0.,1.));
#5013 = ( GEOMETRIC_REPRESENTATION_CONTEXT(2) 
PARAMETRIC_REPRESENTATION_CONTEXT() REPRESENTATION_CONTEXT('2D SPACE',''
  ) );
#5014 = PCURVE('',#4464,#5015);
#5015 = DEFINITIONAL_REPRESENTATION('',(#5016),#5020);
#5016 = LINE('',#5017,#5018);
#5017 = CARTESIAN_POINT('',(0.,30.));
#5018 = VECTOR('',#5019,1.);
#5019 = DIRECTION('',(1.,0.));
#5020 = ( GEOMETRIC_REPRESENTATION_CONTEXT(2) 
PARAMETRIC_REPRESENTATION_CONTEXT() REPRESENTATION_CONTEXT('2D SPACE',''
  ) );
#5021 = ORIENTED_EDGE('',*,*,#5022,.F.);
#5022 = EDGE_CURVE('',#590,#5000,#5023,.T.);
#5023 = SURFACE_CURVE('',#5024,(#5028,#5035),.PCURVE_S1.);
#5024 = LINE('',#5025,#5026);
#5025 = CARTESIAN_POINT('',(75.2,15.,-1.5));
#5026 = VECTOR('',#5027,1.);
#5027 = DIRECTION('',(0.,0.,1.));
#5028 = PCURVE('',#633,#5029);
#5029 = DEFINITIONAL_REPRESENTATION('',(#5030),#5034);
#5030 = LINE('',#5031,#5032);
#5031 = CARTESIAN_POINT('',(0.,150.4));
#5032 = VECTOR('',#5033,1.);
#5033 = DIRECTION('',(1.,0.));
#5034 = ( GEOMETRIC_REPRESENTATION_CONTEXT(2) 
PARAMETRIC_REPRESENTATION_CONTEXT() REPRESENTATION_CONTEXT('2D SPACE',''
  ) );
#5035 = PCURVE('',#605,#5036);
#5036 = DEFINITIONAL_REPRESENTATION('',(#5037),#5041);
#5037 = LINE('',#5038,#5039);
#5038 = CARTESIAN_POINT('',(0.,-30.));
#5039 = VECTOR('',#5040,1.);
#5040 = DIRECTION('',(1.,0.));
#5041 = ( GEOMETRIC_REPRESENTATION_CONTEXT(2) 
PARAMETRIC_REPRESENTATION_CONTEXT() REPRESENTATION_CONTEXT('2D SPACE',''
  ) );
#5042 = ADVANCED_FACE('',(#5043),#516,.T.);
#5043 = FACE_BOUND('',#5044,.T.);
#5044 = EDGE_LOOP('',(#5045,#5068,#5069,#5070));
#5045 = ORIENTED_EDGE('',*,*,#5046,.F.);
#5046 = EDGE_CURVE('',#4951,#5047,#5049,.T.);
#5047 = VERTEX_POINT('',#5048);
#5048 = CARTESIAN_POINT('',(15.,-18.,1.5));
#5049 = SURFACE_CURVE('',#5050,(#5054,#5061),.PCURVE_S1.);
#5050 = LINE('',#5051,#5052);
#5051 = CARTESIAN_POINT('',(15.,-75.2,1.5));
#5052 = VECTOR('',#5053,1.);
#5053 = DIRECTION('',(0.,1.,0.));
#5054 = PCURVE('',#516,#5055);
#5055 = DEFINITIONAL_REPRESENTATION('',(#5056),#5060);
#5056 = LINE('',#5057,#5058);
#5057 = CARTESIAN_POINT('',(3.,0.));
#5058 = VECTOR('',#5059,1.);
#5059 = DIRECTION('',(0.,-1.));
#5060 = ( GEOMETRIC_REPRESENTATION_CONTEXT(2) 
PARAMETRIC_REPRESENTATION_CONTEXT() REPRESENTATION_CONTEXT('2D SPACE',''
  ) );
#5061 = PCURVE('',#4464,#5062);
#5062 = DEFINITIONAL_REPRESENTATION('',(#5063),#5067);
#5063 = LINE('',#5064,#5065);
#5064 = CARTESIAN_POINT('',(90.2,-60.2));
#5065 = VECTOR('',#5066,1.);
#5066 = DIRECTION('',(0.,1.));
#5067 = ( GEOMETRIC_REPRESENTATION_CONTEXT(2) 
PARAMETRIC_REPRESENTATION_CONTEXT() REPRESENTATION_CONTEXT('2D SPACE',''
  ) );
#5068 = ORIENTED_EDGE('',*,*,#4973,.F.);
#5069 = ORIENTED_EDGE('',*,*,#500,.T.);
#5070 = ORIENTED_EDGE('',*,*,#5071,.F.);
#5071 = EDGE_CURVE('',#5047,#501,#5072,.T.);
#5072 = SURFACE_CURVE('',#5073,(#5077,#5084),.PCURVE_S1.);
#5073 = LINE('',#5074,#5075);
#5074 = CARTESIAN_POINT('',(15.,-18.,1.5));
#5075 = VECTOR('',#5076,1.);
#5076 = DIRECTION('',(0.,0.,-1.));
#5077 = PCURVE('',#516,#5078);
#5078 = DEFINITIONAL_REPRESENTATION('',(#5079),#5083);
#5079 = LINE('',#5080,#5081);
#5080 = CARTESIAN_POINT('',(3.,-57.2));
#5081 = VECTOR('',#5082,1.);
#5082 = DIRECTION('',(-1.,0.));
#5083 = ( GEOMETRIC_REPRESENTATION_CONTEXT(2) 
PARAMETRIC_REPRESENTATION_CONTEXT() REPRESENTATION_CONTEXT('2D SPACE',''
  ) );
#5084 = PCURVE('',#549,#5085);
#5085 = DEFINITIONAL_REPRESENTATION('',(#5086),#5090);
#5086 = LINE('',#5087,#5088);
#5087 = CARTESIAN_POINT('',(0.,0.));
#5088 = VECTOR('',#5089,1.);
#5089 = DIRECTION('',(0.,1.));
#5090 = ( GEOMETRIC_REPRESENTATION_CONTEXT(2) 
PARAMETRIC_REPRESENTATION_CONTEXT() REPRESENTATION_CONTEXT('2D SPACE',''
  ) );
#5091 = ADVANCED_FACE('',(#5092),#605,.T.);
#5092 = FACE_BOUND('',#5093,.T.);
#5093 = EDGE_LOOP('',(#5094,#5117,#5118,#5119));
#5094 = ORIENTED_EDGE('',*,*,#5095,.F.);
#5095 = EDGE_CURVE('',#562,#5096,#5098,.T.);
#5096 = VERTEX_POINT('',#5097);
#5097 = CARTESIAN_POINT('',(75.2,-15.,1.5));
#5098 = SURFACE_CURVE('',#5099,(#5103,#5110),.PCURVE_S1.);
#5099 = LINE('',#5100,#5101);
#5100 = CARTESIAN_POINT('',(75.2,-15.,-1.5));
#5101 = VECTOR('',#5102,1.);
#5102 = DIRECTION('',(0.,0.,1.));
#5103 = PCURVE('',#605,#5104);
#5104 = DEFINITIONAL_REPRESENTATION('',(#5105),#5109);
#5105 = LINE('',#5106,#5107);
#5106 = CARTESIAN_POINT('',(0.,0.));
#5107 = VECTOR('',#5108,1.);
#5108 = DIRECTION('',(1.,0.));
#5109 = ( GEOMETRIC_REPRESENTATION_CONTEXT(2) 
PARAMETRIC_REPRESENTATION_CONTEXT() REPRESENTATION_CONTEXT('2D SPACE',''
  ) );
#5110 = PCURVE('',#577,#5111);
#5111 = DEFINITIONAL_REPRESENTATION('',(#5112),#5116);
#5112 = LINE('',#5113,#5114);
#5113 = CARTESIAN_POINT('',(0.,150.4));
#5114 = VECTOR('',#5115,1.);
#5115 = DIRECTION('',(1.,0.));
#5116 = ( GEOMETRIC_REPRESENTATION_CONTEXT(2) 
PARAMETRIC_REPRESENTATION_CONTEXT() REPRESENTATION_CONTEXT('2D SPACE',''
  ) );
#5117 = ORIENTED_EDGE('',*,*,#589,.T.);
#5118 = ORIENTED_EDGE('',*,*,#5022,.T.);
#5119 = ORIENTED_EDGE('',*,*,#5120,.F.);
#5120 = EDGE_CURVE('',#5096,#5000,#5121,.T.);
#5121 = SURFACE_CURVE('',#5122,(#5126,#5133),.PCURVE_S1.);
#5122 = LINE('',#5123,#5124);
#5123 = CARTESIAN_POINT('',(75.2,-15.,1.5));
#5124 = VECTOR('',#5125,1.);
#5125 = DIRECTION('',(0.,1.,0.));
#5126 = PCURVE('',#605,#5127);
#5127 = DEFINITIONAL_REPRESENTATION('',(#5128),#5132);
#5128 = LINE('',#5129,#5130);
#5129 = CARTESIAN_POINT('',(3.,0.));
#5130 = VECTOR('',#5131,1.);
#5131 = DIRECTION('',(0.,-1.));
#5132 = ( GEOMETRIC_REPRESENTATION_CONTEXT(2) 
PARAMETRIC_REPRESENTATION_CONTEXT() REPRESENTATION_CONTEXT('2D SPACE',''
  ) );
#5133 = PCURVE('',#4464,#5134);
#5134 = DEFINITIONAL_REPRESENTATION('',(#5135),#5139);
#5135 = LINE('',#5136,#5137);
#5136 = CARTESIAN_POINT('',(150.4,0.));
#5137 = VECTOR('',#5138,1.);
#5138 = DIRECTION('',(0.,1.));
#5139 = ( GEOMETRIC_REPRESENTATION_CONTEXT(2) 
PARAMETRIC_REPRESENTATION_CONTEXT() REPRESENTATION_CONTEXT('2D SPACE',''
  ) );
#5140 = ADVANCED_FACE('',(#5141),#549,.F.);
#5141 = FACE_BOUND('',#5142,.F.);
#5142 = EDGE_LOOP('',(#5143,#5171,#5192,#5193));
#5143 = ORIENTED_EDGE('',*,*,#5144,.T.);
#5144 = EDGE_CURVE('',#5047,#5145,#5147,.T.);
#5145 = VERTEX_POINT('',#5146);
#5146 = CARTESIAN_POINT('',(18.,-15.,1.5));
#5147 = SURFACE_CURVE('',#5148,(#5153,#5160),.PCURVE_S1.);
#5148 = CIRCLE('',#5149,3.);
#5149 = AXIS2_PLACEMENT_3D('',#5150,#5151,#5152);
#5150 = CARTESIAN_POINT('',(18.,-18.,1.5));
#5151 = DIRECTION('',(0.,0.,-1.));
#5152 = DIRECTION('',(0.,1.,0.));
#5153 = PCURVE('',#549,#5154);
#5154 = DEFINITIONAL_REPRESENTATION('',(#5155),#5159);
#5155 = LINE('',#5156,#5157);
#5156 = CARTESIAN_POINT('',(-4.712388980385,0.));
#5157 = VECTOR('',#5158,1.);
#5158 = DIRECTION('',(1.,0.));
#5159 = ( GEOMETRIC_REPRESENTATION_CONTEXT(2) 
PARAMETRIC_REPRESENTATION_CONTEXT() REPRESENTATION_CONTEXT('2D SPACE',''
  ) );
#5160 = PCURVE('',#4464,#5161);
#5161 = DEFINITIONAL_REPRESENTATION('',(#5162),#5170);
#5162 = ( BOUNDED_CURVE() B_SPLINE_CURVE(2,(#5163,#5164,#5165,#5166,
#5167,#5168,#5169),.UNSPECIFIED.,.T.,.F.) B_SPLINE_CURVE_WITH_KNOTS((1,2
    ,2,2,2,1),(-2.094395102393,0.,2.094395102393,4.188790204786,
6.28318530718,8.377580409573),.UNSPECIFIED.) CURVE() 
GEOMETRIC_REPRESENTATION_ITEM() RATIONAL_B_SPLINE_CURVE((1.,0.5,1.,0.5,
1.,0.5,1.)) REPRESENTATION_ITEM('') );
#5163 = CARTESIAN_POINT('',(93.2,0.));
#5164 = CARTESIAN_POINT('',(98.396152422707,0.));
#5165 = CARTESIAN_POINT('',(95.798076211353,-4.5));
#5166 = CARTESIAN_POINT('',(93.2,-9.));
#5167 = CARTESIAN_POINT('',(90.601923788647,-4.5));
#5168 = CARTESIAN_POINT('',(88.003847577293,-4.440892098501E-15));
#5169 = CARTESIAN_POINT('',(93.2,0.));
#5170 = ( GEOMETRIC_REPRESENTATION_CONTEXT(2) 
PARAMETRIC_REPRESENTATION_CONTEXT() REPRESENTATION_CONTEXT('2D SPACE',''
  ) );
#5171 = ORIENTED_EDGE('',*,*,#5172,.T.);
#5172 = EDGE_CURVE('',#5145,#529,#5173,.T.);
#5173 = SURFACE_CURVE('',#5174,(#5178,#5185),.PCURVE_S1.);
#5174 = LINE('',#5175,#5176);
#5175 = CARTESIAN_POINT('',(18.,-15.,1.5));
#5176 = VECTOR('',#5177,1.);
#5177 = DIRECTION('',(0.,0.,-1.));
#5178 = PCURVE('',#549,#5179);
#5179 = DEFINITIONAL_REPRESENTATION('',(#5180),#5184);
#5180 = LINE('',#5181,#5182);
#5181 = CARTESIAN_POINT('',(1.570796326795,0.));
#5182 = VECTOR('',#5183,1.);
#5183 = DIRECTION('',(0.,1.));
#5184 = ( GEOMETRIC_REPRESENTATION_CONTEXT(2) 
PARAMETRIC_REPRESENTATION_CONTEXT() REPRESENTATION_CONTEXT('2D SPACE',''
  ) );
#5185 = PCURVE('',#577,#5186);
#5186 = DEFINITIONAL_REPRESENTATION('',(#5187),#5191);
#5187 = LINE('',#5188,#5189);
#5188 = CARTESIAN_POINT('',(3.,93.2));
#5189 = VECTOR('',#5190,1.);
#5190 = DIRECTION('',(-1.,0.));
#5191 = ( GEOMETRIC_REPRESENTATION_CONTEXT(2) 
PARAMETRIC_REPRESENTATION_CONTEXT() REPRESENTATION_CONTEXT('2D SPACE',''
  ) );
#5192 = ORIENTED_EDGE('',*,*,#528,.F.);
#5193 = ORIENTED_EDGE('',*,*,#5071,.F.);
#5194 = ADVANCED_FACE('',(#5195),#577,.F.);
#5195 = FACE_BOUND('',#5196,.F.);
#5196 = EDGE_LOOP('',(#5197,#5198,#5199,#5220));
#5197 = ORIENTED_EDGE('',*,*,#561,.F.);
#5198 = ORIENTED_EDGE('',*,*,#5172,.F.);
#5199 = ORIENTED_EDGE('',*,*,#5200,.T.);
#5200 = EDGE_CURVE('',#5145,#5096,#5201,.T.);
#5201 = SURFACE_CURVE('',#5202,(#5206,#5213),.PCURVE_S1.);
#5202 = LINE('',#5203,#5204);
#5203 = CARTESIAN_POINT('',(-75.2,-15.,1.5));
#5204 = VECTOR('',#5205,1.);
#5205 = DIRECTION('',(1.,0.,0.));
#5206 = PCURVE('',#577,#5207);
#5207 = DEFINITIONAL_REPRESENTATION('',(#5208),#5212);
#5208 = LINE('',#5209,#5210);
#5209 = CARTESIAN_POINT('',(3.,0.));
#5210 = VECTOR('',#5211,1.);
#5211 = DIRECTION('',(0.,1.));
#5212 = ( GEOMETRIC_REPRESENTATION_CONTEXT(2) 
PARAMETRIC_REPRESENTATION_CONTEXT() REPRESENTATION_CONTEXT('2D SPACE',''
  ) );
#5213 = PCURVE('',#4464,#5214);
#5214 = DEFINITIONAL_REPRESENTATION('',(#5215),#5219);
#5215 = LINE('',#5216,#5217);
#5216 = CARTESIAN_POINT('',(0.,0.));
#5217 = VECTOR('',#5218,1.);
#5218 = DIRECTION('',(1.,0.));
#5219 = ( GEOMETRIC_REPRESENTATION_CONTEXT(2) 
PARAMETRIC_REPRESENTATION_CONTEXT() REPRESENTATION_CONTEXT('2D SPACE',''
  ) );
#5220 = ORIENTED_EDGE('',*,*,#5095,.F.);
#5221 = ADVANCED_FACE('',(#5222),#804,.F.);
#5222 = FACE_BOUND('',#5223,.F.);
#5223 = EDGE_LOOP('',(#5224,#5247,#5268,#5289));
#5224 = ORIENTED_EDGE('',*,*,#5225,.T.);
#5225 = EDGE_CURVE('',#790,#5226,#5228,.T.);
#5226 = VERTEX_POINT('',#5227);
#5227 = CARTESIAN_POINT('',(-11.875,-54.575,1.5));
#5228 = SURFACE_CURVE('',#5229,(#5233,#5240),.PCURVE_S1.);
#5229 = LINE('',#5230,#5231);
#5230 = CARTESIAN_POINT('',(-11.875,-54.575,-5.));
#5231 = VECTOR('',#5232,1.);
#5232 = DIRECTION('',(0.,0.,1.));
#5233 = PCURVE('',#804,#5234);
#5234 = DEFINITIONAL_REPRESENTATION('',(#5235),#5239);
#5235 = LINE('',#5236,#5237);
#5236 = CARTESIAN_POINT('',(0.,5.));
#5237 = VECTOR('',#5238,1.);
#5238 = DIRECTION('',(0.,-1.));
#5239 = ( GEOMETRIC_REPRESENTATION_CONTEXT(2) 
PARAMETRIC_REPRESENTATION_CONTEXT() REPRESENTATION_CONTEXT('2D SPACE',''
  ) );
#5240 = PCURVE('',#893,#5241);
#5241 = DEFINITIONAL_REPRESENTATION('',(#5242),#5246);
#5242 = LINE('',#5243,#5244);
#5243 = CARTESIAN_POINT('',(3.14159265359,5.));
#5244 = VECTOR('',#5245,1.);
#5245 = DIRECTION('',(0.,-1.));
#5246 = ( GEOMETRIC_REPRESENTATION_CONTEXT(2) 
PARAMETRIC_REPRESENTATION_CONTEXT() REPRESENTATION_CONTEXT('2D SPACE',''
  ) );
#5247 = ORIENTED_EDGE('',*,*,#5248,.F.);
#5248 = EDGE_CURVE('',#5249,#5226,#5251,.T.);
#5249 = VERTEX_POINT('',#5250);
#5250 = CARTESIAN_POINT('',(-11.875,-15.825,1.5));
#5251 = SURFACE_CURVE('',#5252,(#5256,#5262),.PCURVE_S1.);
#5252 = LINE('',#5253,#5254);
#5253 = CARTESIAN_POINT('',(-11.875,-34.7875,1.5));
#5254 = VECTOR('',#5255,1.);
#5255 = DIRECTION('',(-1.110223024625E-16,-1.,0.));
#5256 = PCURVE('',#804,#5257);
#5257 = DEFINITIONAL_REPRESENTATION('',(#5258),#5261);
#5258 = B_SPLINE_CURVE_WITH_KNOTS('',1,(#5259,#5260),.UNSPECIFIED.,.F.,
  .F.,(2,2),(-18.9625,19.7875),.PIECEWISE_BEZIER_KNOTS.);
#5259 = CARTESIAN_POINT('',(38.75,-1.5));
#5260 = CARTESIAN_POINT('',(0.,-1.5));
#5261 = ( GEOMETRIC_REPRESENTATION_CONTEXT(2) 
PARAMETRIC_REPRESENTATION_CONTEXT() REPRESENTATION_CONTEXT('2D SPACE',''
  ) );
#5262 = PCURVE('',#4464,#5263);
#5263 = DEFINITIONAL_REPRESENTATION('',(#5264),#5267);
#5264 = B_SPLINE_CURVE_WITH_KNOTS('',1,(#5265,#5266),.UNSPECIFIED.,.F.,
  .F.,(2,2),(-18.9625,19.7875),.PIECEWISE_BEZIER_KNOTS.);
#5265 = CARTESIAN_POINT('',(63.325,-0.825));
#5266 = CARTESIAN_POINT('',(63.325,-39.575));
#5267 = ( GEOMETRIC_REPRESENTATION_CONTEXT(2) 
PARAMETRIC_REPRESENTATION_CONTEXT() REPRESENTATION_CONTEXT('2D SPACE',''
  ) );
#5268 = ORIENTED_EDGE('',*,*,#5269,.T.);
#5269 = EDGE_CURVE('',#5249,#788,#5270,.T.);
#5270 = SURFACE_CURVE('',#5271,(#5275,#5282),.PCURVE_S1.);
#5271 = LINE('',#5272,#5273);
#5272 = CARTESIAN_POINT('',(-11.875,-15.825,5.));
#5273 = VECTOR('',#5274,1.);
#5274 = DIRECTION('',(0.,0.,-1.));
#5275 = PCURVE('',#804,#5276);
#5276 = DEFINITIONAL_REPRESENTATION('',(#5277),#5281);
#5277 = LINE('',#5278,#5279);
#5278 = CARTESIAN_POINT('',(38.75,-5.));
#5279 = VECTOR('',#5280,1.);
#5280 = DIRECTION('',(0.,1.));
#5281 = ( GEOMETRIC_REPRESENTATION_CONTEXT(2) 
PARAMETRIC_REPRESENTATION_CONTEXT() REPRESENTATION_CONTEXT('2D SPACE',''
  ) );
#5282 = PCURVE('',#836,#5283);
#5283 = DEFINITIONAL_REPRESENTATION('',(#5284),#5288);
#5284 = LINE('',#5285,#5286);
#5285 = CARTESIAN_POINT('',(0.,-5.));
#5286 = VECTOR('',#5287,1.);
#5287 = DIRECTION('',(-0.,1.));
#5288 = ( GEOMETRIC_REPRESENTATION_CONTEXT(2) 
PARAMETRIC_REPRESENTATION_CONTEXT() REPRESENTATION_CONTEXT('2D SPACE',''
  ) );
#5289 = ORIENTED_EDGE('',*,*,#787,.T.);
#5290 = ADVANCED_FACE('',(#5291),#836,.F.);
#5291 = FACE_BOUND('',#5292,.F.);
#5292 = EDGE_LOOP('',(#5293,#5294,#5322,#5343));
#5293 = ORIENTED_EDGE('',*,*,#5269,.F.);
#5294 = ORIENTED_EDGE('',*,*,#5295,.T.);
#5295 = EDGE_CURVE('',#5249,#5296,#5298,.T.);
#5296 = VERTEX_POINT('',#5297);
#5297 = CARTESIAN_POINT('',(-10.625,-15.825,1.5));
#5298 = SURFACE_CURVE('',#5299,(#5304,#5311),.PCURVE_S1.);
#5299 = CIRCLE('',#5300,0.625);
#5300 = AXIS2_PLACEMENT_3D('',#5301,#5302,#5303);
#5301 = CARTESIAN_POINT('',(-11.25,-15.825,1.5));
#5302 = DIRECTION('',(0.,0.,-1.));
#5303 = DIRECTION('',(-1.,1.110223024625E-16,0.));
#5304 = PCURVE('',#836,#5305);
#5305 = DEFINITIONAL_REPRESENTATION('',(#5306),#5310);
#5306 = LINE('',#5307,#5308);
#5307 = CARTESIAN_POINT('',(0.,-1.5));
#5308 = VECTOR('',#5309,1.);
#5309 = DIRECTION('',(1.,0.));
#5310 = ( GEOMETRIC_REPRESENTATION_CONTEXT(2) 
PARAMETRIC_REPRESENTATION_CONTEXT() REPRESENTATION_CONTEXT('2D SPACE',''
  ) );
#5311 = PCURVE('',#4464,#5312);
#5312 = DEFINITIONAL_REPRESENTATION('',(#5313),#5321);
#5313 = ( BOUNDED_CURVE() B_SPLINE_CURVE(2,(#5314,#5315,#5316,#5317,
#5318,#5319,#5320),.UNSPECIFIED.,.T.,.F.) B_SPLINE_CURVE_WITH_KNOTS((1,2
    ,2,2,2,1),(-2.094395102393,0.,2.094395102393,4.188790204786,
6.28318530718,8.377580409573),.UNSPECIFIED.) CURVE() 
GEOMETRIC_REPRESENTATION_ITEM() RATIONAL_B_SPLINE_CURVE((1.,0.5,1.,0.5,
1.,0.5,1.)) REPRESENTATION_ITEM('') );
#5314 = CARTESIAN_POINT('',(63.325,-0.825));
#5315 = CARTESIAN_POINT('',(63.325,0.257531754731));
#5316 = CARTESIAN_POINT('',(64.2625,-0.283734122635));
#5317 = CARTESIAN_POINT('',(65.2,-0.825));
#5318 = CARTESIAN_POINT('',(64.2625,-1.366265877365));
#5319 = CARTESIAN_POINT('',(63.325,-1.907531754731));
#5320 = CARTESIAN_POINT('',(63.325,-0.825));
#5321 = ( GEOMETRIC_REPRESENTATION_CONTEXT(2) 
PARAMETRIC_REPRESENTATION_CONTEXT() REPRESENTATION_CONTEXT('2D SPACE',''
  ) );
#5322 = ORIENTED_EDGE('',*,*,#5323,.T.);
#5323 = EDGE_CURVE('',#5296,#816,#5324,.T.);
#5324 = SURFACE_CURVE('',#5325,(#5329,#5336),.PCURVE_S1.);
#5325 = LINE('',#5326,#5327);
#5326 = CARTESIAN_POINT('',(-10.625,-15.825,5.));
#5327 = VECTOR('',#5328,1.);
#5328 = DIRECTION('',(0.,0.,-1.));
#5329 = PCURVE('',#836,#5330);
#5330 = DEFINITIONAL_REPRESENTATION('',(#5331),#5335);
#5331 = LINE('',#5332,#5333);
#5332 = CARTESIAN_POINT('',(3.14159265359,-5.));
#5333 = VECTOR('',#5334,1.);
#5334 = DIRECTION('',(-0.,1.));
#5335 = ( GEOMETRIC_REPRESENTATION_CONTEXT(2) 
PARAMETRIC_REPRESENTATION_CONTEXT() REPRESENTATION_CONTEXT('2D SPACE',''
  ) );
#5336 = PCURVE('',#863,#5337);
#5337 = DEFINITIONAL_REPRESENTATION('',(#5338),#5342);
#5338 = LINE('',#5339,#5340);
#5339 = CARTESIAN_POINT('',(0.,-5.));
#5340 = VECTOR('',#5341,1.);
#5341 = DIRECTION('',(-0.,1.));
#5342 = ( GEOMETRIC_REPRESENTATION_CONTEXT(2) 
PARAMETRIC_REPRESENTATION_CONTEXT() REPRESENTATION_CONTEXT('2D SPACE',''
  ) );
#5343 = ORIENTED_EDGE('',*,*,#815,.F.);
#5344 = ADVANCED_FACE('',(#5345),#893,.F.);
#5345 = FACE_BOUND('',#5346,.F.);
#5346 = EDGE_LOOP('',(#5347,#5370,#5396,#5397));
#5347 = ORIENTED_EDGE('',*,*,#5348,.T.);
#5348 = EDGE_CURVE('',#849,#5349,#5351,.T.);
#5349 = VERTEX_POINT('',#5350);
#5350 = CARTESIAN_POINT('',(-10.625,-54.575,1.5));
#5351 = SURFACE_CURVE('',#5352,(#5356,#5363),.PCURVE_S1.);
#5352 = LINE('',#5353,#5354);
#5353 = CARTESIAN_POINT('',(-10.625,-54.575,-5.));
#5354 = VECTOR('',#5355,1.);
#5355 = DIRECTION('',(0.,0.,1.));
#5356 = PCURVE('',#893,#5357);
#5357 = DEFINITIONAL_REPRESENTATION('',(#5358),#5362);
#5358 = LINE('',#5359,#5360);
#5359 = CARTESIAN_POINT('',(0.,5.));
#5360 = VECTOR('',#5361,1.);
#5361 = DIRECTION('',(0.,-1.));
#5362 = ( GEOMETRIC_REPRESENTATION_CONTEXT(2) 
PARAMETRIC_REPRESENTATION_CONTEXT() REPRESENTATION_CONTEXT('2D SPACE',''
  ) );
#5363 = PCURVE('',#863,#5364);
#5364 = DEFINITIONAL_REPRESENTATION('',(#5365),#5369);
#5365 = LINE('',#5366,#5367);
#5366 = CARTESIAN_POINT('',(38.75,5.));
#5367 = VECTOR('',#5368,1.);
#5368 = DIRECTION('',(0.,-1.));
#5369 = ( GEOMETRIC_REPRESENTATION_CONTEXT(2) 
PARAMETRIC_REPRESENTATION_CONTEXT() REPRESENTATION_CONTEXT('2D SPACE',''
  ) );
#5370 = ORIENTED_EDGE('',*,*,#5371,.T.);
#5371 = EDGE_CURVE('',#5349,#5226,#5372,.T.);
#5372 = SURFACE_CURVE('',#5373,(#5378,#5385),.PCURVE_S1.);
#5373 = CIRCLE('',#5374,0.625);
#5374 = AXIS2_PLACEMENT_3D('',#5375,#5376,#5377);
#5375 = CARTESIAN_POINT('',(-11.25,-54.575,1.5));
#5376 = DIRECTION('',(0.,-0.,-1.));
#5377 = DIRECTION('',(1.,-1.110223024625E-16,0.));
#5378 = PCURVE('',#893,#5379);
#5379 = DEFINITIONAL_REPRESENTATION('',(#5380),#5384);
#5380 = LINE('',#5381,#5382);
#5381 = CARTESIAN_POINT('',(0.,-1.5));
#5382 = VECTOR('',#5383,1.);
#5383 = DIRECTION('',(1.,0.));
#5384 = ( GEOMETRIC_REPRESENTATION_CONTEXT(2) 
PARAMETRIC_REPRESENTATION_CONTEXT() REPRESENTATION_CONTEXT('2D SPACE',''
  ) );
#5385 = PCURVE('',#4464,#5386);
#5386 = DEFINITIONAL_REPRESENTATION('',(#5387),#5395);
#5387 = ( BOUNDED_CURVE() B_SPLINE_CURVE(2,(#5388,#5389,#5390,#5391,
#5392,#5393,#5394),.UNSPECIFIED.,.T.,.F.) B_SPLINE_CURVE_WITH_KNOTS((1,2
    ,2,2,2,1),(-2.094395102393,0.,2.094395102393,4.188790204786,
6.28318530718,8.377580409573),.UNSPECIFIED.) CURVE() 
GEOMETRIC_REPRESENTATION_ITEM() RATIONAL_B_SPLINE_CURVE((1.,0.5,1.,0.5,
1.,0.5,1.)) REPRESENTATION_ITEM('') );
#5388 = CARTESIAN_POINT('',(64.575,-39.575));
#5389 = CARTESIAN_POINT('',(64.575,-40.65753175473));
#5390 = CARTESIAN_POINT('',(63.6375,-40.11626587736));
#5391 = CARTESIAN_POINT('',(62.7,-39.575));
#5392 = CARTESIAN_POINT('',(63.6375,-39.03373412263));
#5393 = CARTESIAN_POINT('',(64.575,-38.49246824526));
#5394 = CARTESIAN_POINT('',(64.575,-39.575));
#5395 = ( GEOMETRIC_REPRESENTATION_CONTEXT(2) 
PARAMETRIC_REPRESENTATION_CONTEXT() REPRESENTATION_CONTEXT('2D SPACE',''
  ) );
#5396 = ORIENTED_EDGE('',*,*,#5225,.F.);
#5397 = ORIENTED_EDGE('',*,*,#874,.F.);
#5398 = ADVANCED_FACE('',(#5399),#863,.F.);
#5399 = FACE_BOUND('',#5400,.F.);
#5400 = EDGE_LOOP('',(#5401,#5402,#5421,#5422));
#5401 = ORIENTED_EDGE('',*,*,#5323,.F.);
#5402 = ORIENTED_EDGE('',*,*,#5403,.F.);
#5403 = EDGE_CURVE('',#5349,#5296,#5404,.T.);
#5404 = SURFACE_CURVE('',#5405,(#5409,#5415),.PCURVE_S1.);
#5405 = LINE('',#5406,#5407);
#5406 = CARTESIAN_POINT('',(-10.625,-15.4125,1.5));
#5407 = VECTOR('',#5408,1.);
#5408 = DIRECTION('',(1.110223024625E-16,1.,-0.));
#5409 = PCURVE('',#863,#5410);
#5410 = DEFINITIONAL_REPRESENTATION('',(#5411),#5414);
#5411 = B_SPLINE_CURVE_WITH_KNOTS('',1,(#5412,#5413),.UNSPECIFIED.,.F.,
  .F.,(2,2),(-39.1625,-0.4125),.PIECEWISE_BEZIER_KNOTS.);
#5412 = CARTESIAN_POINT('',(38.75,-1.5));
#5413 = CARTESIAN_POINT('',(0.,-1.5));
#5414 = ( GEOMETRIC_REPRESENTATION_CONTEXT(2) 
PARAMETRIC_REPRESENTATION_CONTEXT() REPRESENTATION_CONTEXT('2D SPACE',''
  ) );
#5415 = PCURVE('',#4464,#5416);
#5416 = DEFINITIONAL_REPRESENTATION('',(#5417),#5420);
#5417 = B_SPLINE_CURVE_WITH_KNOTS('',1,(#5418,#5419),.UNSPECIFIED.,.F.,
  .F.,(2,2),(-39.1625,-0.4125),.PIECEWISE_BEZIER_KNOTS.);
#5418 = CARTESIAN_POINT('',(64.575,-39.575));
#5419 = CARTESIAN_POINT('',(64.575,-0.825));
#5420 = ( GEOMETRIC_REPRESENTATION_CONTEXT(2) 
PARAMETRIC_REPRESENTATION_CONTEXT() REPRESENTATION_CONTEXT('2D SPACE',''
  ) );
#5421 = ORIENTED_EDGE('',*,*,#5348,.F.);
#5422 = ORIENTED_EDGE('',*,*,#848,.T.);
#5423 = ADVANCED_FACE('',(#5424),#924,.F.);
#5424 = FACE_BOUND('',#5425,.F.);
#5425 = EDGE_LOOP('',(#5426,#5449,#5470,#5491));
#5426 = ORIENTED_EDGE('',*,*,#5427,.T.);
#5427 = EDGE_CURVE('',#910,#5428,#5430,.T.);
#5428 = VERTEX_POINT('',#5429);
#5429 = CARTESIAN_POINT('',(-8.125,-54.575,1.5));
#5430 = SURFACE_CURVE('',#5431,(#5435,#5442),.PCURVE_S1.);
#5431 = LINE('',#5432,#5433);
#5432 = CARTESIAN_POINT('',(-8.125,-54.575,-5.));
#5433 = VECTOR('',#5434,1.);
#5434 = DIRECTION('',(0.,0.,1.));
#5435 = PCURVE('',#924,#5436);
#5436 = DEFINITIONAL_REPRESENTATION('',(#5437),#5441);
#5437 = LINE('',#5438,#5439);
#5438 = CARTESIAN_POINT('',(0.,5.));
#5439 = VECTOR('',#5440,1.);
#5440 = DIRECTION('',(0.,-1.));
#5441 = ( GEOMETRIC_REPRESENTATION_CONTEXT(2) 
PARAMETRIC_REPRESENTATION_CONTEXT() REPRESENTATION_CONTEXT('2D SPACE',''
  ) );
#5442 = PCURVE('',#1013,#5443);
#5443 = DEFINITIONAL_REPRESENTATION('',(#5444),#5448);
#5444 = LINE('',#5445,#5446);
#5445 = CARTESIAN_POINT('',(3.14159265359,5.));
#5446 = VECTOR('',#5447,1.);
#5447 = DIRECTION('',(0.,-1.));
#5448 = ( GEOMETRIC_REPRESENTATION_CONTEXT(2) 
PARAMETRIC_REPRESENTATION_CONTEXT() REPRESENTATION_CONTEXT('2D SPACE',''
  ) );
#5449 = ORIENTED_EDGE('',*,*,#5450,.F.);
#5450 = EDGE_CURVE('',#5451,#5428,#5453,.T.);
#5451 = VERTEX_POINT('',#5452);
#5452 = CARTESIAN_POINT('',(-8.125,-15.825,1.5));
#5453 = SURFACE_CURVE('',#5454,(#5458,#5464),.PCURVE_S1.);
#5454 = LINE('',#5455,#5456);
#5455 = CARTESIAN_POINT('',(-8.125,-34.7875,1.5));
#5456 = VECTOR('',#5457,1.);
#5457 = DIRECTION('',(-1.110223024625E-16,-1.,0.));
#5458 = PCURVE('',#924,#5459);
#5459 = DEFINITIONAL_REPRESENTATION('',(#5460),#5463);
#5460 = B_SPLINE_CURVE_WITH_KNOTS('',1,(#5461,#5462),.UNSPECIFIED.,.F.,
  .F.,(2,2),(-18.9625,19.7875),.PIECEWISE_BEZIER_KNOTS.);
#5461 = CARTESIAN_POINT('',(38.75,-1.5));
#5462 = CARTESIAN_POINT('',(0.,-1.5));
#5463 = ( GEOMETRIC_REPRESENTATION_CONTEXT(2) 
PARAMETRIC_REPRESENTATION_CONTEXT() REPRESENTATION_CONTEXT('2D SPACE',''
  ) );
#5464 = PCURVE('',#4464,#5465);
#5465 = DEFINITIONAL_REPRESENTATION('',(#5466),#5469);
#5466 = B_SPLINE_CURVE_WITH_KNOTS('',1,(#5467,#5468),.UNSPECIFIED.,.F.,
  .F.,(2,2),(-18.9625,19.7875),.PIECEWISE_BEZIER_KNOTS.);
#5467 = CARTESIAN_POINT('',(67.075,-0.825));
#5468 = CARTESIAN_POINT('',(67.075,-39.575));
#5469 = ( GEOMETRIC_REPRESENTATION_CONTEXT(2) 
PARAMETRIC_REPRESENTATION_CONTEXT() REPRESENTATION_CONTEXT('2D SPACE',''
  ) );
#5470 = ORIENTED_EDGE('',*,*,#5471,.T.);
#5471 = EDGE_CURVE('',#5451,#908,#5472,.T.);
#5472 = SURFACE_CURVE('',#5473,(#5477,#5484),.PCURVE_S1.);
#5473 = LINE('',#5474,#5475);
#5474 = CARTESIAN_POINT('',(-8.125,-15.825,5.));
#5475 = VECTOR('',#5476,1.);
#5476 = DIRECTION('',(0.,0.,-1.));
#5477 = PCURVE('',#924,#5478);
#5478 = DEFINITIONAL_REPRESENTATION('',(#5479),#5483);
#5479 = LINE('',#5480,#5481);
#5480 = CARTESIAN_POINT('',(38.75,-5.));
#5481 = VECTOR('',#5482,1.);
#5482 = DIRECTION('',(0.,1.));
#5483 = ( GEOMETRIC_REPRESENTATION_CONTEXT(2) 
PARAMETRIC_REPRESENTATION_CONTEXT() REPRESENTATION_CONTEXT('2D SPACE',''
  ) );
#5484 = PCURVE('',#956,#5485);
#5485 = DEFINITIONAL_REPRESENTATION('',(#5486),#5490);
#5486 = LINE('',#5487,#5488);
#5487 = CARTESIAN_POINT('',(0.,-5.));
#5488 = VECTOR('',#5489,1.);
#5489 = DIRECTION('',(-0.,1.));
#5490 = ( GEOMETRIC_REPRESENTATION_CONTEXT(2) 
PARAMETRIC_REPRESENTATION_CONTEXT() REPRESENTATION_CONTEXT('2D SPACE',''
  ) );
#5491 = ORIENTED_EDGE('',*,*,#907,.T.);
#5492 = ADVANCED_FACE('',(#5493),#956,.F.);
#5493 = FACE_BOUND('',#5494,.F.);
#5494 = EDGE_LOOP('',(#5495,#5496,#5524,#5545));
#5495 = ORIENTED_EDGE('',*,*,#5471,.F.);
#5496 = ORIENTED_EDGE('',*,*,#5497,.T.);
#5497 = EDGE_CURVE('',#5451,#5498,#5500,.T.);
#5498 = VERTEX_POINT('',#5499);
#5499 = CARTESIAN_POINT('',(-6.875,-15.825,1.5));
#5500 = SURFACE_CURVE('',#5501,(#5506,#5513),.PCURVE_S1.);
#5501 = CIRCLE('',#5502,0.625);
#5502 = AXIS2_PLACEMENT_3D('',#5503,#5504,#5505);
#5503 = CARTESIAN_POINT('',(-7.5,-15.825,1.5));
#5504 = DIRECTION('',(0.,0.,-1.));
#5505 = DIRECTION('',(-1.,1.110223024625E-16,0.));
#5506 = PCURVE('',#956,#5507);
#5507 = DEFINITIONAL_REPRESENTATION('',(#5508),#5512);
#5508 = LINE('',#5509,#5510);
#5509 = CARTESIAN_POINT('',(0.,-1.5));
#5510 = VECTOR('',#5511,1.);
#5511 = DIRECTION('',(1.,0.));
#5512 = ( GEOMETRIC_REPRESENTATION_CONTEXT(2) 
PARAMETRIC_REPRESENTATION_CONTEXT() REPRESENTATION_CONTEXT('2D SPACE',''
  ) );
#5513 = PCURVE('',#4464,#5514);
#5514 = DEFINITIONAL_REPRESENTATION('',(#5515),#5523);
#5515 = ( BOUNDED_CURVE() B_SPLINE_CURVE(2,(#5516,#5517,#5518,#5519,
#5520,#5521,#5522),.UNSPECIFIED.,.T.,.F.) B_SPLINE_CURVE_WITH_KNOTS((1,2
    ,2,2,2,1),(-2.094395102393,0.,2.094395102393,4.188790204786,
6.28318530718,8.377580409573),.UNSPECIFIED.) CURVE() 
GEOMETRIC_REPRESENTATION_ITEM() RATIONAL_B_SPLINE_CURVE((1.,0.5,1.,0.5,
1.,0.5,1.)) REPRESENTATION_ITEM('') );
#5516 = CARTESIAN_POINT('',(67.075,-0.825));
#5517 = CARTESIAN_POINT('',(67.075,0.257531754731));
#5518 = CARTESIAN_POINT('',(68.0125,-0.283734122635));
#5519 = CARTESIAN_POINT('',(68.95,-0.825));
#5520 = CARTESIAN_POINT('',(68.0125,-1.366265877365));
#5521 = CARTESIAN_POINT('',(67.075,-1.907531754731));
#5522 = CARTESIAN_POINT('',(67.075,-0.825));
#5523 = ( GEOMETRIC_REPRESENTATION_CONTEXT(2) 
PARAMETRIC_REPRESENTATION_CONTEXT() REPRESENTATION_CONTEXT('2D SPACE',''
  ) );
#5524 = ORIENTED_EDGE('',*,*,#5525,.T.);
#5525 = EDGE_CURVE('',#5498,#936,#5526,.T.);
#5526 = SURFACE_CURVE('',#5527,(#5531,#5538),.PCURVE_S1.);
#5527 = LINE('',#5528,#5529);
#5528 = CARTESIAN_POINT('',(-6.875,-15.825,5.));
#5529 = VECTOR('',#5530,1.);
#5530 = DIRECTION('',(0.,0.,-1.));
#5531 = PCURVE('',#956,#5532);
#5532 = DEFINITIONAL_REPRESENTATION('',(#5533),#5537);
#5533 = LINE('',#5534,#5535);
#5534 = CARTESIAN_POINT('',(3.14159265359,-5.));
#5535 = VECTOR('',#5536,1.);
#5536 = DIRECTION('',(-0.,1.));
#5537 = ( GEOMETRIC_REPRESENTATION_CONTEXT(2) 
PARAMETRIC_REPRESENTATION_CONTEXT() REPRESENTATION_CONTEXT('2D SPACE',''
  ) );
#5538 = PCURVE('',#983,#5539);
#5539 = DEFINITIONAL_REPRESENTATION('',(#5540),#5544);
#5540 = LINE('',#5541,#5542);
#5541 = CARTESIAN_POINT('',(0.,-5.));
#5542 = VECTOR('',#5543,1.);
#5543 = DIRECTION('',(-0.,1.));
#5544 = ( GEOMETRIC_REPRESENTATION_CONTEXT(2) 
PARAMETRIC_REPRESENTATION_CONTEXT() REPRESENTATION_CONTEXT('2D SPACE',''
  ) );
#5545 = ORIENTED_EDGE('',*,*,#935,.F.);
#5546 = ADVANCED_FACE('',(#5547),#1013,.F.);
#5547 = FACE_BOUND('',#5548,.F.);
#5548 = EDGE_LOOP('',(#5549,#5572,#5598,#5599));
#5549 = ORIENTED_EDGE('',*,*,#5550,.T.);
#5550 = EDGE_CURVE('',#969,#5551,#5553,.T.);
#5551 = VERTEX_POINT('',#5552);
#5552 = CARTESIAN_POINT('',(-6.875,-54.575,1.5));
#5553 = SURFACE_CURVE('',#5554,(#5558,#5565),.PCURVE_S1.);
#5554 = LINE('',#5555,#5556);
#5555 = CARTESIAN_POINT('',(-6.875,-54.575,-5.));
#5556 = VECTOR('',#5557,1.);
#5557 = DIRECTION('',(0.,0.,1.));
#5558 = PCURVE('',#1013,#5559);
#5559 = DEFINITIONAL_REPRESENTATION('',(#5560),#5564);
#5560 = LINE('',#5561,#5562);
#5561 = CARTESIAN_POINT('',(0.,5.));
#5562 = VECTOR('',#5563,1.);
#5563 = DIRECTION('',(0.,-1.));
#5564 = ( GEOMETRIC_REPRESENTATION_CONTEXT(2) 
PARAMETRIC_REPRESENTATION_CONTEXT() REPRESENTATION_CONTEXT('2D SPACE',''
  ) );
#5565 = PCURVE('',#983,#5566);
#5566 = DEFINITIONAL_REPRESENTATION('',(#5567),#5571);
#5567 = LINE('',#5568,#5569);
#5568 = CARTESIAN_POINT('',(38.75,5.));
#5569 = VECTOR('',#5570,1.);
#5570 = DIRECTION('',(0.,-1.));
#5571 = ( GEOMETRIC_REPRESENTATION_CONTEXT(2) 
PARAMETRIC_REPRESENTATION_CONTEXT() REPRESENTATION_CONTEXT('2D SPACE',''
  ) );
#5572 = ORIENTED_EDGE('',*,*,#5573,.T.);
#5573 = EDGE_CURVE('',#5551,#5428,#5574,.T.);
#5574 = SURFACE_CURVE('',#5575,(#5580,#5587),.PCURVE_S1.);
#5575 = CIRCLE('',#5576,0.625);
#5576 = AXIS2_PLACEMENT_3D('',#5577,#5578,#5579);
#5577 = CARTESIAN_POINT('',(-7.5,-54.575,1.5));
#5578 = DIRECTION('',(0.,-0.,-1.));
#5579 = DIRECTION('',(1.,-1.110223024625E-16,0.));
#5580 = PCURVE('',#1013,#5581);
#5581 = DEFINITIONAL_REPRESENTATION('',(#5582),#5586);
#5582 = LINE('',#5583,#5584);
#5583 = CARTESIAN_POINT('',(0.,-1.5));
#5584 = VECTOR('',#5585,1.);
#5585 = DIRECTION('',(1.,0.));
#5586 = ( GEOMETRIC_REPRESENTATION_CONTEXT(2) 
PARAMETRIC_REPRESENTATION_CONTEXT() REPRESENTATION_CONTEXT('2D SPACE',''
  ) );
#5587 = PCURVE('',#4464,#5588);
#5588 = DEFINITIONAL_REPRESENTATION('',(#5589),#5597);
#5589 = ( BOUNDED_CURVE() B_SPLINE_CURVE(2,(#5590,#5591,#5592,#5593,
#5594,#5595,#5596),.UNSPECIFIED.,.T.,.F.) B_SPLINE_CURVE_WITH_KNOTS((1,2
    ,2,2,2,1),(-2.094395102393,0.,2.094395102393,4.188790204786,
6.28318530718,8.377580409573),.UNSPECIFIED.) CURVE() 
GEOMETRIC_REPRESENTATION_ITEM() RATIONAL_B_SPLINE_CURVE((1.,0.5,1.,0.5,
1.,0.5,1.)) REPRESENTATION_ITEM('') );
#5590 = CARTESIAN_POINT('',(68.325,-39.575));
#5591 = CARTESIAN_POINT('',(68.325,-40.65753175473));
#5592 = CARTESIAN_POINT('',(67.3875,-40.11626587736));
#5593 = CARTESIAN_POINT('',(66.45,-39.575));
#5594 = CARTESIAN_POINT('',(67.3875,-39.03373412263));
#5595 = CARTESIAN_POINT('',(68.325,-38.49246824526));
#5596 = CARTESIAN_POINT('',(68.325,-39.575));
#5597 = ( GEOMETRIC_REPRESENTATION_CONTEXT(2) 
PARAMETRIC_REPRESENTATION_CONTEXT() REPRESENTATION_CONTEXT('2D SPACE',''
  ) );
#5598 = ORIENTED_EDGE('',*,*,#5427,.F.);
#5599 = ORIENTED_EDGE('',*,*,#994,.F.);
#5600 = ADVANCED_FACE('',(#5601),#983,.F.);
#5601 = FACE_BOUND('',#5602,.F.);
#5602 = EDGE_LOOP('',(#5603,#5604,#5623,#5624));
#5603 = ORIENTED_EDGE('',*,*,#5525,.F.);
#5604 = ORIENTED_EDGE('',*,*,#5605,.F.);
#5605 = EDGE_CURVE('',#5551,#5498,#5606,.T.);
#5606 = SURFACE_CURVE('',#5607,(#5611,#5617),.PCURVE_S1.);
#5607 = LINE('',#5608,#5609);
#5608 = CARTESIAN_POINT('',(-6.875,-15.4125,1.5));
#5609 = VECTOR('',#5610,1.);
#5610 = DIRECTION('',(1.110223024625E-16,1.,-0.));
#5611 = PCURVE('',#983,#5612);
#5612 = DEFINITIONAL_REPRESENTATION('',(#5613),#5616);
#5613 = B_SPLINE_CURVE_WITH_KNOTS('',1,(#5614,#5615),.UNSPECIFIED.,.F.,
  .F.,(2,2),(-39.1625,-0.4125),.PIECEWISE_BEZIER_KNOTS.);
#5614 = CARTESIAN_POINT('',(38.75,-1.5));
#5615 = CARTESIAN_POINT('',(0.,-1.5));
#5616 = ( GEOMETRIC_REPRESENTATION_CONTEXT(2) 
PARAMETRIC_REPRESENTATION_CONTEXT() REPRESENTATION_CONTEXT('2D SPACE',''
  ) );
#5617 = PCURVE('',#4464,#5618);
#5618 = DEFINITIONAL_REPRESENTATION('',(#5619),#5622);
#5619 = B_SPLINE_CURVE_WITH_KNOTS('',1,(#5620,#5621),.UNSPECIFIED.,.F.,
  .F.,(2,2),(-39.1625,-0.4125),.PIECEWISE_BEZIER_KNOTS.);
#5620 = CARTESIAN_POINT('',(68.325,-39.575));
#5621 = CARTESIAN_POINT('',(68.325,-0.825));
#5622 = ( GEOMETRIC_REPRESENTATION_CONTEXT(2) 
PARAMETRIC_REPRESENTATION_CONTEXT() REPRESENTATION_CONTEXT('2D SPACE',''
  ) );
#5623 = ORIENTED_EDGE('',*,*,#5550,.F.);
#5624 = ORIENTED_EDGE('',*,*,#968,.T.);
#5625 = ADVANCED_FACE('',(#5626),#1044,.F.);
#5626 = FACE_BOUND('',#5627,.F.);
#5627 = EDGE_LOOP('',(#5628,#5651,#5672,#5693));
#5628 = ORIENTED_EDGE('',*,*,#5629,.T.);
#5629 = EDGE_CURVE('',#1030,#5630,#5632,.T.);
#5630 = VERTEX_POINT('',#5631);
#5631 = CARTESIAN_POINT('',(-4.375,-54.575,1.5));
#5632 = SURFACE_CURVE('',#5633,(#5637,#5644),.PCURVE_S1.);
#5633 = LINE('',#5634,#5635);
#5634 = CARTESIAN_POINT('',(-4.375,-54.575,-5.));
#5635 = VECTOR('',#5636,1.);
#5636 = DIRECTION('',(0.,0.,1.));
#5637 = PCURVE('',#1044,#5638);
#5638 = DEFINITIONAL_REPRESENTATION('',(#5639),#5643);
#5639 = LINE('',#5640,#5641);
#5640 = CARTESIAN_POINT('',(0.,5.));
#5641 = VECTOR('',#5642,1.);
#5642 = DIRECTION('',(0.,-1.));
#5643 = ( GEOMETRIC_REPRESENTATION_CONTEXT(2) 
PARAMETRIC_REPRESENTATION_CONTEXT() REPRESENTATION_CONTEXT('2D SPACE',''
  ) );
#5644 = PCURVE('',#1133,#5645);
#5645 = DEFINITIONAL_REPRESENTATION('',(#5646),#5650);
#5646 = LINE('',#5647,#5648);
#5647 = CARTESIAN_POINT('',(3.14159265359,5.));
#5648 = VECTOR('',#5649,1.);
#5649 = DIRECTION('',(0.,-1.));
#5650 = ( GEOMETRIC_REPRESENTATION_CONTEXT(2) 
PARAMETRIC_REPRESENTATION_CONTEXT() REPRESENTATION_CONTEXT('2D SPACE',''
  ) );
#5651 = ORIENTED_EDGE('',*,*,#5652,.F.);
#5652 = EDGE_CURVE('',#5653,#5630,#5655,.T.);
#5653 = VERTEX_POINT('',#5654);
#5654 = CARTESIAN_POINT('',(-4.375,-15.825,1.5));
#5655 = SURFACE_CURVE('',#5656,(#5660,#5666),.PCURVE_S1.);
#5656 = LINE('',#5657,#5658);
#5657 = CARTESIAN_POINT('',(-4.375,-34.7875,1.5));
#5658 = VECTOR('',#5659,1.);
#5659 = DIRECTION('',(-1.110223024625E-16,-1.,0.));
#5660 = PCURVE('',#1044,#5661);
#5661 = DEFINITIONAL_REPRESENTATION('',(#5662),#5665);
#5662 = B_SPLINE_CURVE_WITH_KNOTS('',1,(#5663,#5664),.UNSPECIFIED.,.F.,
  .F.,(2,2),(-18.9625,19.7875),.PIECEWISE_BEZIER_KNOTS.);
#5663 = CARTESIAN_POINT('',(38.75,-1.5));
#5664 = CARTESIAN_POINT('',(0.,-1.5));
#5665 = ( GEOMETRIC_REPRESENTATION_CONTEXT(2) 
PARAMETRIC_REPRESENTATION_CONTEXT() REPRESENTATION_CONTEXT('2D SPACE',''
  ) );
#5666 = PCURVE('',#4464,#5667);
#5667 = DEFINITIONAL_REPRESENTATION('',(#5668),#5671);
#5668 = B_SPLINE_CURVE_WITH_KNOTS('',1,(#5669,#5670),.UNSPECIFIED.,.F.,
  .F.,(2,2),(-18.9625,19.7875),.PIECEWISE_BEZIER_KNOTS.);
#5669 = CARTESIAN_POINT('',(70.825,-0.825));
#5670 = CARTESIAN_POINT('',(70.825,-39.575));
#5671 = ( GEOMETRIC_REPRESENTATION_CONTEXT(2) 
PARAMETRIC_REPRESENTATION_CONTEXT() REPRESENTATION_CONTEXT('2D SPACE',''
  ) );
#5672 = ORIENTED_EDGE('',*,*,#5673,.T.);
#5673 = EDGE_CURVE('',#5653,#1028,#5674,.T.);
#5674 = SURFACE_CURVE('',#5675,(#5679,#5686),.PCURVE_S1.);
#5675 = LINE('',#5676,#5677);
#5676 = CARTESIAN_POINT('',(-4.375,-15.825,5.));
#5677 = VECTOR('',#5678,1.);
#5678 = DIRECTION('',(0.,0.,-1.));
#5679 = PCURVE('',#1044,#5680);
#5680 = DEFINITIONAL_REPRESENTATION('',(#5681),#5685);
#5681 = LINE('',#5682,#5683);
#5682 = CARTESIAN_POINT('',(38.75,-5.));
#5683 = VECTOR('',#5684,1.);
#5684 = DIRECTION('',(0.,1.));
#5685 = ( GEOMETRIC_REPRESENTATION_CONTEXT(2) 
PARAMETRIC_REPRESENTATION_CONTEXT() REPRESENTATION_CONTEXT('2D SPACE',''
  ) );
#5686 = PCURVE('',#1076,#5687);
#5687 = DEFINITIONAL_REPRESENTATION('',(#5688),#5692);
#5688 = LINE('',#5689,#5690);
#5689 = CARTESIAN_POINT('',(0.,-5.));
#5690 = VECTOR('',#5691,1.);
#5691 = DIRECTION('',(-0.,1.));
#5692 = ( GEOMETRIC_REPRESENTATION_CONTEXT(2) 
PARAMETRIC_REPRESENTATION_CONTEXT() REPRESENTATION_CONTEXT('2D SPACE',''
  ) );
#5693 = ORIENTED_EDGE('',*,*,#1027,.T.);
#5694 = ADVANCED_FACE('',(#5695),#1076,.F.);
#5695 = FACE_BOUND('',#5696,.F.);
#5696 = EDGE_LOOP('',(#5697,#5698,#5726,#5747));
#5697 = ORIENTED_EDGE('',*,*,#5673,.F.);
#5698 = ORIENTED_EDGE('',*,*,#5699,.T.);
#5699 = EDGE_CURVE('',#5653,#5700,#5702,.T.);
#5700 = VERTEX_POINT('',#5701);
#5701 = CARTESIAN_POINT('',(-3.125,-15.825,1.5));
#5702 = SURFACE_CURVE('',#5703,(#5708,#5715),.PCURVE_S1.);
#5703 = CIRCLE('',#5704,0.625);
#5704 = AXIS2_PLACEMENT_3D('',#5705,#5706,#5707);
#5705 = CARTESIAN_POINT('',(-3.75,-15.825,1.5));
#5706 = DIRECTION('',(0.,0.,-1.));
#5707 = DIRECTION('',(-1.,1.110223024625E-16,0.));
#5708 = PCURVE('',#1076,#5709);
#5709 = DEFINITIONAL_REPRESENTATION('',(#5710),#5714);
#5710 = LINE('',#5711,#5712);
#5711 = CARTESIAN_POINT('',(0.,-1.5));
#5712 = VECTOR('',#5713,1.);
#5713 = DIRECTION('',(1.,0.));
#5714 = ( GEOMETRIC_REPRESENTATION_CONTEXT(2) 
PARAMETRIC_REPRESENTATION_CONTEXT() REPRESENTATION_CONTEXT('2D SPACE',''
  ) );
#5715 = PCURVE('',#4464,#5716);
#5716 = DEFINITIONAL_REPRESENTATION('',(#5717),#5725);
#5717 = ( BOUNDED_CURVE() B_SPLINE_CURVE(2,(#5718,#5719,#5720,#5721,
#5722,#5723,#5724),.UNSPECIFIED.,.T.,.F.) B_SPLINE_CURVE_WITH_KNOTS((1,2
    ,2,2,2,1),(-2.094395102393,0.,2.094395102393,4.188790204786,
6.28318530718,8.377580409573),.UNSPECIFIED.) CURVE() 
GEOMETRIC_REPRESENTATION_ITEM() RATIONAL_B_SPLINE_CURVE((1.,0.5,1.,0.5,
1.,0.5,1.)) REPRESENTATION_ITEM('') );
#5718 = CARTESIAN_POINT('',(70.825,-0.825));
#5719 = CARTESIAN_POINT('',(70.825,0.257531754731));
#5720 = CARTESIAN_POINT('',(71.7625,-0.283734122635));
#5721 = CARTESIAN_POINT('',(72.7,-0.825));
#5722 = CARTESIAN_POINT('',(71.7625,-1.366265877365));
#5723 = CARTESIAN_POINT('',(70.825,-1.907531754731));
#5724 = CARTESIAN_POINT('',(70.825,-0.825));
#5725 = ( GEOMETRIC_REPRESENTATION_CONTEXT(2) 
PARAMETRIC_REPRESENTATION_CONTEXT() REPRESENTATION_CONTEXT('2D SPACE',''
  ) );
#5726 = ORIENTED_EDGE('',*,*,#5727,.T.);
#5727 = EDGE_CURVE('',#5700,#1056,#5728,.T.);
#5728 = SURFACE_CURVE('',#5729,(#5733,#5740),.PCURVE_S1.);
#5729 = LINE('',#5730,#5731);
#5730 = CARTESIAN_POINT('',(-3.125,-15.825,5.));
#5731 = VECTOR('',#5732,1.);
#5732 = DIRECTION('',(0.,0.,-1.));
#5733 = PCURVE('',#1076,#5734);
#5734 = DEFINITIONAL_REPRESENTATION('',(#5735),#5739);
#5735 = LINE('',#5736,#5737);
#5736 = CARTESIAN_POINT('',(3.14159265359,-5.));
#5737 = VECTOR('',#5738,1.);
#5738 = DIRECTION('',(-0.,1.));
#5739 = ( GEOMETRIC_REPRESENTATION_CONTEXT(2) 
PARAMETRIC_REPRESENTATION_CONTEXT() REPRESENTATION_CONTEXT('2D SPACE',''
  ) );
#5740 = PCURVE('',#1103,#5741);
#5741 = DEFINITIONAL_REPRESENTATION('',(#5742),#5746);
#5742 = LINE('',#5743,#5744);
#5743 = CARTESIAN_POINT('',(0.,-5.));
#5744 = VECTOR('',#5745,1.);
#5745 = DIRECTION('',(-0.,1.));
#5746 = ( GEOMETRIC_REPRESENTATION_CONTEXT(2) 
PARAMETRIC_REPRESENTATION_CONTEXT() REPRESENTATION_CONTEXT('2D SPACE',''
  ) );
#5747 = ORIENTED_EDGE('',*,*,#1055,.F.);
#5748 = ADVANCED_FACE('',(#5749),#1133,.F.);
#5749 = FACE_BOUND('',#5750,.F.);
#5750 = EDGE_LOOP('',(#5751,#5774,#5800,#5801));
#5751 = ORIENTED_EDGE('',*,*,#5752,.T.);
#5752 = EDGE_CURVE('',#1089,#5753,#5755,.T.);
#5753 = VERTEX_POINT('',#5754);
#5754 = CARTESIAN_POINT('',(-3.125,-54.575,1.5));
#5755 = SURFACE_CURVE('',#5756,(#5760,#5767),.PCURVE_S1.);
#5756 = LINE('',#5757,#5758);
#5757 = CARTESIAN_POINT('',(-3.125,-54.575,-5.));
#5758 = VECTOR('',#5759,1.);
#5759 = DIRECTION('',(0.,0.,1.));
#5760 = PCURVE('',#1133,#5761);
#5761 = DEFINITIONAL_REPRESENTATION('',(#5762),#5766);
#5762 = LINE('',#5763,#5764);
#5763 = CARTESIAN_POINT('',(0.,5.));
#5764 = VECTOR('',#5765,1.);
#5765 = DIRECTION('',(0.,-1.));
#5766 = ( GEOMETRIC_REPRESENTATION_CONTEXT(2) 
PARAMETRIC_REPRESENTATION_CONTEXT() REPRESENTATION_CONTEXT('2D SPACE',''
  ) );
#5767 = PCURVE('',#1103,#5768);
#5768 = DEFINITIONAL_REPRESENTATION('',(#5769),#5773);
#5769 = LINE('',#5770,#5771);
#5770 = CARTESIAN_POINT('',(38.75,5.));
#5771 = VECTOR('',#5772,1.);
#5772 = DIRECTION('',(0.,-1.));
#5773 = ( GEOMETRIC_REPRESENTATION_CONTEXT(2) 
PARAMETRIC_REPRESENTATION_CONTEXT() REPRESENTATION_CONTEXT('2D SPACE',''
  ) );
#5774 = ORIENTED_EDGE('',*,*,#5775,.T.);
#5775 = EDGE_CURVE('',#5753,#5630,#5776,.T.);
#5776 = SURFACE_CURVE('',#5777,(#5782,#5789),.PCURVE_S1.);
#5777 = CIRCLE('',#5778,0.625);
#5778 = AXIS2_PLACEMENT_3D('',#5779,#5780,#5781);
#5779 = CARTESIAN_POINT('',(-3.75,-54.575,1.5));
#5780 = DIRECTION('',(0.,-0.,-1.));
#5781 = DIRECTION('',(1.,-1.110223024625E-16,0.));
#5782 = PCURVE('',#1133,#5783);
#5783 = DEFINITIONAL_REPRESENTATION('',(#5784),#5788);
#5784 = LINE('',#5785,#5786);
#5785 = CARTESIAN_POINT('',(0.,-1.5));
#5786 = VECTOR('',#5787,1.);
#5787 = DIRECTION('',(1.,0.));
#5788 = ( GEOMETRIC_REPRESENTATION_CONTEXT(2) 
PARAMETRIC_REPRESENTATION_CONTEXT() REPRESENTATION_CONTEXT('2D SPACE',''
  ) );
#5789 = PCURVE('',#4464,#5790);
#5790 = DEFINITIONAL_REPRESENTATION('',(#5791),#5799);
#5791 = ( BOUNDED_CURVE() B_SPLINE_CURVE(2,(#5792,#5793,#5794,#5795,
#5796,#5797,#5798),.UNSPECIFIED.,.T.,.F.) B_SPLINE_CURVE_WITH_KNOTS((1,2
    ,2,2,2,1),(-2.094395102393,0.,2.094395102393,4.188790204786,
6.28318530718,8.377580409573),.UNSPECIFIED.) CURVE() 
GEOMETRIC_REPRESENTATION_ITEM() RATIONAL_B_SPLINE_CURVE((1.,0.5,1.,0.5,
1.,0.5,1.)) REPRESENTATION_ITEM('') );
#5792 = CARTESIAN_POINT('',(72.075,-39.575));
#5793 = CARTESIAN_POINT('',(72.075,-40.65753175473));
#5794 = CARTESIAN_POINT('',(71.1375,-40.11626587736));
#5795 = CARTESIAN_POINT('',(70.2,-39.575));
#5796 = CARTESIAN_POINT('',(71.1375,-39.03373412263));
#5797 = CARTESIAN_POINT('',(72.075,-38.49246824526));
#5798 = CARTESIAN_POINT('',(72.075,-39.575));
#5799 = ( GEOMETRIC_REPRESENTATION_CONTEXT(2) 
PARAMETRIC_REPRESENTATION_CONTEXT() REPRESENTATION_CONTEXT('2D SPACE',''
  ) );
#5800 = ORIENTED_EDGE('',*,*,#5629,.F.);
#5801 = ORIENTED_EDGE('',*,*,#1114,.F.);
#5802 = ADVANCED_FACE('',(#5803),#1103,.F.);
#5803 = FACE_BOUND('',#5804,.F.);
#5804 = EDGE_LOOP('',(#5805,#5806,#5825,#5826));
#5805 = ORIENTED_EDGE('',*,*,#5727,.F.);
#5806 = ORIENTED_EDGE('',*,*,#5807,.F.);
#5807 = EDGE_CURVE('',#5753,#5700,#5808,.T.);
#5808 = SURFACE_CURVE('',#5809,(#5813,#5819),.PCURVE_S1.);
#5809 = LINE('',#5810,#5811);
#5810 = CARTESIAN_POINT('',(-3.125,-15.4125,1.5));
#5811 = VECTOR('',#5812,1.);
#5812 = DIRECTION('',(1.110223024625E-16,1.,-0.));
#5813 = PCURVE('',#1103,#5814);
#5814 = DEFINITIONAL_REPRESENTATION('',(#5815),#5818);
#5815 = B_SPLINE_CURVE_WITH_KNOTS('',1,(#5816,#5817),.UNSPECIFIED.,.F.,
  .F.,(2,2),(-39.1625,-0.4125),.PIECEWISE_BEZIER_KNOTS.);
#5816 = CARTESIAN_POINT('',(38.75,-1.5));
#5817 = CARTESIAN_POINT('',(0.,-1.5));
#5818 = ( GEOMETRIC_REPRESENTATION_CONTEXT(2) 
PARAMETRIC_REPRESENTATION_CONTEXT() REPRESENTATION_CONTEXT('2D SPACE',''
  ) );
#5819 = PCURVE('',#4464,#5820);
#5820 = DEFINITIONAL_REPRESENTATION('',(#5821),#5824);
#5821 = B_SPLINE_CURVE_WITH_KNOTS('',1,(#5822,#5823),.UNSPECIFIED.,.F.,
  .F.,(2,2),(-39.1625,-0.4125),.PIECEWISE_BEZIER_KNOTS.);
#5822 = CARTESIAN_POINT('',(72.075,-39.575));
#5823 = CARTESIAN_POINT('',(72.075,-0.825));
#5824 = ( GEOMETRIC_REPRESENTATION_CONTEXT(2) 
PARAMETRIC_REPRESENTATION_CONTEXT() REPRESENTATION_CONTEXT('2D SPACE',''
  ) );
#5825 = ORIENTED_EDGE('',*,*,#5752,.F.);
#5826 = ORIENTED_EDGE('',*,*,#1088,.T.);
#5827 = ADVANCED_FACE('',(#5828),#1164,.F.);
#5828 = FACE_BOUND('',#5829,.F.);
#5829 = EDGE_LOOP('',(#5830,#5853,#5874,#5895));
#5830 = ORIENTED_EDGE('',*,*,#5831,.T.);
#5831 = EDGE_CURVE('',#1150,#5832,#5834,.T.);
#5832 = VERTEX_POINT('',#5833);
#5833 = CARTESIAN_POINT('',(-54.575,-10.625,1.5));
#5834 = SURFACE_CURVE('',#5835,(#5839,#5846),.PCURVE_S1.);
#5835 = LINE('',#5836,#5837);
#5836 = CARTESIAN_POINT('',(-54.575,-10.625,-5.));
#5837 = VECTOR('',#5838,1.);
#5838 = DIRECTION('',(0.,0.,1.));
#5839 = PCURVE('',#1164,#5840);
#5840 = DEFINITIONAL_REPRESENTATION('',(#5841),#5845);
#5841 = LINE('',#5842,#5843);
#5842 = CARTESIAN_POINT('',(0.,5.));
#5843 = VECTOR('',#5844,1.);
#5844 = DIRECTION('',(0.,-1.));
#5845 = ( GEOMETRIC_REPRESENTATION_CONTEXT(2) 
PARAMETRIC_REPRESENTATION_CONTEXT() REPRESENTATION_CONTEXT('2D SPACE',''
  ) );
#5846 = PCURVE('',#1253,#5847);
#5847 = DEFINITIONAL_REPRESENTATION('',(#5848),#5852);
#5848 = LINE('',#5849,#5850);
#5849 = CARTESIAN_POINT('',(3.14159265359,5.));
#5850 = VECTOR('',#5851,1.);
#5851 = DIRECTION('',(0.,-1.));
#5852 = ( GEOMETRIC_REPRESENTATION_CONTEXT(2) 
PARAMETRIC_REPRESENTATION_CONTEXT() REPRESENTATION_CONTEXT('2D SPACE',''
  ) );
#5853 = ORIENTED_EDGE('',*,*,#5854,.F.);
#5854 = EDGE_CURVE('',#5855,#5832,#5857,.T.);
#5855 = VERTEX_POINT('',#5856);
#5856 = CARTESIAN_POINT('',(-15.825,-10.625,1.5));
#5857 = SURFACE_CURVE('',#5858,(#5862,#5868),.PCURVE_S1.);
#5858 = LINE('',#5859,#5860);
#5859 = CARTESIAN_POINT('',(-64.8875,-10.625,1.5));
#5860 = VECTOR('',#5861,1.);
#5861 = DIRECTION('',(-1.,0.,0.));
#5862 = PCURVE('',#1164,#5863);
#5863 = DEFINITIONAL_REPRESENTATION('',(#5864),#5867);
#5864 = B_SPLINE_CURVE_WITH_KNOTS('',1,(#5865,#5866),.UNSPECIFIED.,.F.,
  .F.,(2,2),(-49.0625,-10.3125),.PIECEWISE_BEZIER_KNOTS.);
#5865 = CARTESIAN_POINT('',(38.75,-1.5));
#5866 = CARTESIAN_POINT('',(0.,-1.5));
#5867 = ( GEOMETRIC_REPRESENTATION_CONTEXT(2) 
PARAMETRIC_REPRESENTATION_CONTEXT() REPRESENTATION_CONTEXT('2D SPACE',''
  ) );
#5868 = PCURVE('',#4464,#5869);
#5869 = DEFINITIONAL_REPRESENTATION('',(#5870),#5873);
#5870 = B_SPLINE_CURVE_WITH_KNOTS('',1,(#5871,#5872),.UNSPECIFIED.,.F.,
  .F.,(2,2),(-49.0625,-10.3125),.PIECEWISE_BEZIER_KNOTS.);
#5871 = CARTESIAN_POINT('',(59.375,4.375));
#5872 = CARTESIAN_POINT('',(20.625,4.375));
#5873 = ( GEOMETRIC_REPRESENTATION_CONTEXT(2) 
PARAMETRIC_REPRESENTATION_CONTEXT() REPRESENTATION_CONTEXT('2D SPACE',''
  ) );
#5874 = ORIENTED_EDGE('',*,*,#5875,.T.);
#5875 = EDGE_CURVE('',#5855,#1148,#5876,.T.);
#5876 = SURFACE_CURVE('',#5877,(#5881,#5888),.PCURVE_S1.);
#5877 = LINE('',#5878,#5879);
#5878 = CARTESIAN_POINT('',(-15.825,-10.625,5.));
#5879 = VECTOR('',#5880,1.);
#5880 = DIRECTION('',(0.,0.,-1.));
#5881 = PCURVE('',#1164,#5882);
#5882 = DEFINITIONAL_REPRESENTATION('',(#5883),#5887);
#5883 = LINE('',#5884,#5885);
#5884 = CARTESIAN_POINT('',(38.75,-5.));
#5885 = VECTOR('',#5886,1.);
#5886 = DIRECTION('',(0.,1.));
#5887 = ( GEOMETRIC_REPRESENTATION_CONTEXT(2) 
PARAMETRIC_REPRESENTATION_CONTEXT() REPRESENTATION_CONTEXT('2D SPACE',''
  ) );
#5888 = PCURVE('',#1196,#5889);
#5889 = DEFINITIONAL_REPRESENTATION('',(#5890),#5894);
#5890 = LINE('',#5891,#5892);
#5891 = CARTESIAN_POINT('',(0.,-5.));
#5892 = VECTOR('',#5893,1.);
#5893 = DIRECTION('',(-0.,1.));
#5894 = ( GEOMETRIC_REPRESENTATION_CONTEXT(2) 
PARAMETRIC_REPRESENTATION_CONTEXT() REPRESENTATION_CONTEXT('2D SPACE',''
  ) );
#5895 = ORIENTED_EDGE('',*,*,#1147,.T.);
#5896 = ADVANCED_FACE('',(#5897),#1196,.F.);
#5897 = FACE_BOUND('',#5898,.F.);
#5898 = EDGE_LOOP('',(#5899,#5900,#5928,#5949));
#5899 = ORIENTED_EDGE('',*,*,#5875,.F.);
#5900 = ORIENTED_EDGE('',*,*,#5901,.T.);
#5901 = EDGE_CURVE('',#5855,#5902,#5904,.T.);
#5902 = VERTEX_POINT('',#5903);
#5903 = CARTESIAN_POINT('',(-15.825,-11.875,1.5));
#5904 = SURFACE_CURVE('',#5905,(#5910,#5917),.PCURVE_S1.);
#5905 = CIRCLE('',#5906,0.625);
#5906 = AXIS2_PLACEMENT_3D('',#5907,#5908,#5909);
#5907 = CARTESIAN_POINT('',(-15.825,-11.25,1.5));
#5908 = DIRECTION('',(0.,0.,-1.));
#5909 = DIRECTION('',(0.,1.,0.));
#5910 = PCURVE('',#1196,#5911);
#5911 = DEFINITIONAL_REPRESENTATION('',(#5912),#5916);
#5912 = LINE('',#5913,#5914);
#5913 = CARTESIAN_POINT('',(0.,-1.5));
#5914 = VECTOR('',#5915,1.);
#5915 = DIRECTION('',(1.,0.));
#5916 = ( GEOMETRIC_REPRESENTATION_CONTEXT(2) 
PARAMETRIC_REPRESENTATION_CONTEXT() REPRESENTATION_CONTEXT('2D SPACE',''
  ) );
#5917 = PCURVE('',#4464,#5918);
#5918 = DEFINITIONAL_REPRESENTATION('',(#5919),#5927);
#5919 = ( BOUNDED_CURVE() B_SPLINE_CURVE(2,(#5920,#5921,#5922,#5923,
#5924,#5925,#5926),.UNSPECIFIED.,.T.,.F.) B_SPLINE_CURVE_WITH_KNOTS((1,2
    ,2,2,2,1),(-2.094395102393,0.,2.094395102393,4.188790204786,
6.28318530718,8.377580409573),.UNSPECIFIED.) CURVE() 
GEOMETRIC_REPRESENTATION_ITEM() RATIONAL_B_SPLINE_CURVE((1.,0.5,1.,0.5,
1.,0.5,1.)) REPRESENTATION_ITEM('') );
#5920 = CARTESIAN_POINT('',(59.375,4.375));
#5921 = CARTESIAN_POINT('',(60.457531754731,4.375));
#5922 = CARTESIAN_POINT('',(59.916265877365,3.4375));
#5923 = CARTESIAN_POINT('',(59.375,2.5));
#5924 = CARTESIAN_POINT('',(58.833734122635,3.4375));
#5925 = CARTESIAN_POINT('',(58.292468245269,4.375));
#5926 = CARTESIAN_POINT('',(59.375,4.375));
#5927 = ( GEOMETRIC_REPRESENTATION_CONTEXT(2) 
PARAMETRIC_REPRESENTATION_CONTEXT() REPRESENTATION_CONTEXT('2D SPACE',''
  ) );
#5928 = ORIENTED_EDGE('',*,*,#5929,.T.);
#5929 = EDGE_CURVE('',#5902,#1176,#5930,.T.);
#5930 = SURFACE_CURVE('',#5931,(#5935,#5942),.PCURVE_S1.);
#5931 = LINE('',#5932,#5933);
#5932 = CARTESIAN_POINT('',(-15.825,-11.875,5.));
#5933 = VECTOR('',#5934,1.);
#5934 = DIRECTION('',(0.,0.,-1.));
#5935 = PCURVE('',#1196,#5936);
#5936 = DEFINITIONAL_REPRESENTATION('',(#5937),#5941);
#5937 = LINE('',#5938,#5939);
#5938 = CARTESIAN_POINT('',(3.14159265359,-5.));
#5939 = VECTOR('',#5940,1.);
#5940 = DIRECTION('',(-0.,1.));
#5941 = ( GEOMETRIC_REPRESENTATION_CONTEXT(2) 
PARAMETRIC_REPRESENTATION_CONTEXT() REPRESENTATION_CONTEXT('2D SPACE',''
  ) );
#5942 = PCURVE('',#1223,#5943);
#5943 = DEFINITIONAL_REPRESENTATION('',(#5944),#5948);
#5944 = LINE('',#5945,#5946);
#5945 = CARTESIAN_POINT('',(0.,-5.));
#5946 = VECTOR('',#5947,1.);
#5947 = DIRECTION('',(0.,1.));
#5948 = ( GEOMETRIC_REPRESENTATION_CONTEXT(2) 
PARAMETRIC_REPRESENTATION_CONTEXT() REPRESENTATION_CONTEXT('2D SPACE',''
  ) );
#5949 = ORIENTED_EDGE('',*,*,#1175,.F.);
#5950 = ADVANCED_FACE('',(#5951),#1253,.F.);
#5951 = FACE_BOUND('',#5952,.F.);
#5952 = EDGE_LOOP('',(#5953,#5976,#6002,#6003));
#5953 = ORIENTED_EDGE('',*,*,#5954,.T.);
#5954 = EDGE_CURVE('',#1209,#5955,#5957,.T.);
#5955 = VERTEX_POINT('',#5956);
#5956 = CARTESIAN_POINT('',(-54.575,-11.875,1.5));
#5957 = SURFACE_CURVE('',#5958,(#5962,#5969),.PCURVE_S1.);
#5958 = LINE('',#5959,#5960);
#5959 = CARTESIAN_POINT('',(-54.575,-11.875,-5.));
#5960 = VECTOR('',#5961,1.);
#5961 = DIRECTION('',(0.,0.,1.));
#5962 = PCURVE('',#1253,#5963);
#5963 = DEFINITIONAL_REPRESENTATION('',(#5964),#5968);
#5964 = LINE('',#5965,#5966);
#5965 = CARTESIAN_POINT('',(0.,5.));
#5966 = VECTOR('',#5967,1.);
#5967 = DIRECTION('',(0.,-1.));
#5968 = ( GEOMETRIC_REPRESENTATION_CONTEXT(2) 
PARAMETRIC_REPRESENTATION_CONTEXT() REPRESENTATION_CONTEXT('2D SPACE',''
  ) );
#5969 = PCURVE('',#1223,#5970);
#5970 = DEFINITIONAL_REPRESENTATION('',(#5971),#5975);
#5971 = LINE('',#5972,#5973);
#5972 = CARTESIAN_POINT('',(38.75,5.));
#5973 = VECTOR('',#5974,1.);
#5974 = DIRECTION('',(0.,-1.));
#5975 = ( GEOMETRIC_REPRESENTATION_CONTEXT(2) 
PARAMETRIC_REPRESENTATION_CONTEXT() REPRESENTATION_CONTEXT('2D SPACE',''
  ) );
#5976 = ORIENTED_EDGE('',*,*,#5977,.T.);
#5977 = EDGE_CURVE('',#5955,#5832,#5978,.T.);
#5978 = SURFACE_CURVE('',#5979,(#5984,#5991),.PCURVE_S1.);
#5979 = CIRCLE('',#5980,0.625);
#5980 = AXIS2_PLACEMENT_3D('',#5981,#5982,#5983);
#5981 = CARTESIAN_POINT('',(-54.575,-11.25,1.5));
#5982 = DIRECTION('',(0.,-0.,-1.));
#5983 = DIRECTION('',(0.,-1.,0.));
#5984 = PCURVE('',#1253,#5985);
#5985 = DEFINITIONAL_REPRESENTATION('',(#5986),#5990);
#5986 = LINE('',#5987,#5988);
#5987 = CARTESIAN_POINT('',(0.,-1.5));
#5988 = VECTOR('',#5989,1.);
#5989 = DIRECTION('',(1.,0.));
#5990 = ( GEOMETRIC_REPRESENTATION_CONTEXT(2) 
PARAMETRIC_REPRESENTATION_CONTEXT() REPRESENTATION_CONTEXT('2D SPACE',''
  ) );
#5991 = PCURVE('',#4464,#5992);
#5992 = DEFINITIONAL_REPRESENTATION('',(#5993),#6001);
#5993 = ( BOUNDED_CURVE() B_SPLINE_CURVE(2,(#5994,#5995,#5996,#5997,
#5998,#5999,#6000),.UNSPECIFIED.,.T.,.F.) B_SPLINE_CURVE_WITH_KNOTS((1,2
    ,2,2,2,1),(-2.094395102393,0.,2.094395102393,4.188790204786,
6.28318530718,8.377580409573),.UNSPECIFIED.) CURVE() 
GEOMETRIC_REPRESENTATION_ITEM() RATIONAL_B_SPLINE_CURVE((1.,0.5,1.,0.5,
1.,0.5,1.)) REPRESENTATION_ITEM('') );
#5994 = CARTESIAN_POINT('',(20.625,3.125));
#5995 = CARTESIAN_POINT('',(19.542468245269,3.125));
#5996 = CARTESIAN_POINT('',(20.083734122635,4.0625));
#5997 = CARTESIAN_POINT('',(20.625,5.));
#5998 = CARTESIAN_POINT('',(21.166265877365,4.0625));
#5999 = CARTESIAN_POINT('',(21.707531754731,3.125));
#6000 = CARTESIAN_POINT('',(20.625,3.125));
#6001 = ( GEOMETRIC_REPRESENTATION_CONTEXT(2) 
PARAMETRIC_REPRESENTATION_CONTEXT() REPRESENTATION_CONTEXT('2D SPACE',''
  ) );
#6002 = ORIENTED_EDGE('',*,*,#5831,.F.);
#6003 = ORIENTED_EDGE('',*,*,#1234,.F.);
#6004 = ADVANCED_FACE('',(#6005),#1223,.F.);
#6005 = FACE_BOUND('',#6006,.F.);
#6006 = EDGE_LOOP('',(#6007,#6008,#6027,#6028));
#6007 = ORIENTED_EDGE('',*,*,#5929,.F.);
#6008 = ORIENTED_EDGE('',*,*,#6009,.F.);
#6009 = EDGE_CURVE('',#5955,#5902,#6010,.T.);
#6010 = SURFACE_CURVE('',#6011,(#6015,#6021),.PCURVE_S1.);
#6011 = LINE('',#6012,#6013);
#6012 = CARTESIAN_POINT('',(-45.5125,-11.875,1.5));
#6013 = VECTOR('',#6014,1.);
#6014 = DIRECTION('',(1.,0.,-0.));
#6015 = PCURVE('',#1223,#6016);
#6016 = DEFINITIONAL_REPRESENTATION('',(#6017),#6020);
#6017 = B_SPLINE_CURVE_WITH_KNOTS('',1,(#6018,#6019),.UNSPECIFIED.,.F.,
  .F.,(2,2),(-9.0625,29.6875),.PIECEWISE_BEZIER_KNOTS.);
#6018 = CARTESIAN_POINT('',(38.75,-1.5));
#6019 = CARTESIAN_POINT('',(0.,-1.5));
#6020 = ( GEOMETRIC_REPRESENTATION_CONTEXT(2) 
PARAMETRIC_REPRESENTATION_CONTEXT() REPRESENTATION_CONTEXT('2D SPACE',''
  ) );
#6021 = PCURVE('',#4464,#6022);
#6022 = DEFINITIONAL_REPRESENTATION('',(#6023),#6026);
#6023 = B_SPLINE_CURVE_WITH_KNOTS('',1,(#6024,#6025),.UNSPECIFIED.,.F.,
  .F.,(2,2),(-9.0625,29.6875),.PIECEWISE_BEZIER_KNOTS.);
#6024 = CARTESIAN_POINT('',(20.625,3.125));
#6025 = CARTESIAN_POINT('',(59.375,3.125));
#6026 = ( GEOMETRIC_REPRESENTATION_CONTEXT(2) 
PARAMETRIC_REPRESENTATION_CONTEXT() REPRESENTATION_CONTEXT('2D SPACE',''
  ) );
#6027 = ORIENTED_EDGE('',*,*,#5954,.F.);
#6028 = ORIENTED_EDGE('',*,*,#1208,.T.);
#6029 = ADVANCED_FACE('',(#6030),#1284,.F.);
#6030 = FACE_BOUND('',#6031,.F.);
#6031 = EDGE_LOOP('',(#6032,#6055,#6076,#6097));
#6032 = ORIENTED_EDGE('',*,*,#6033,.T.);
#6033 = EDGE_CURVE('',#1270,#6034,#6036,.T.);
#6034 = VERTEX_POINT('',#6035);
#6035 = CARTESIAN_POINT('',(-54.575,-6.875,1.5));
#6036 = SURFACE_CURVE('',#6037,(#6041,#6048),.PCURVE_S1.);
#6037 = LINE('',#6038,#6039);
#6038 = CARTESIAN_POINT('',(-54.575,-6.875,-5.));
#6039 = VECTOR('',#6040,1.);
#6040 = DIRECTION('',(0.,0.,1.));
#6041 = PCURVE('',#1284,#6042);
#6042 = DEFINITIONAL_REPRESENTATION('',(#6043),#6047);
#6043 = LINE('',#6044,#6045);
#6044 = CARTESIAN_POINT('',(0.,5.));
#6045 = VECTOR('',#6046,1.);
#6046 = DIRECTION('',(0.,-1.));
#6047 = ( GEOMETRIC_REPRESENTATION_CONTEXT(2) 
PARAMETRIC_REPRESENTATION_CONTEXT() REPRESENTATION_CONTEXT('2D SPACE',''
  ) );
#6048 = PCURVE('',#1373,#6049);
#6049 = DEFINITIONAL_REPRESENTATION('',(#6050),#6054);
#6050 = LINE('',#6051,#6052);
#6051 = CARTESIAN_POINT('',(3.14159265359,5.));
#6052 = VECTOR('',#6053,1.);
#6053 = DIRECTION('',(0.,-1.));
#6054 = ( GEOMETRIC_REPRESENTATION_CONTEXT(2) 
PARAMETRIC_REPRESENTATION_CONTEXT() REPRESENTATION_CONTEXT('2D SPACE',''
  ) );
#6055 = ORIENTED_EDGE('',*,*,#6056,.F.);
#6056 = EDGE_CURVE('',#6057,#6034,#6059,.T.);
#6057 = VERTEX_POINT('',#6058);
#6058 = CARTESIAN_POINT('',(-15.825,-6.875,1.5));
#6059 = SURFACE_CURVE('',#6060,(#6064,#6070),.PCURVE_S1.);
#6060 = LINE('',#6061,#6062);
#6061 = CARTESIAN_POINT('',(-64.8875,-6.875,1.5));
#6062 = VECTOR('',#6063,1.);
#6063 = DIRECTION('',(-1.,0.,0.));
#6064 = PCURVE('',#1284,#6065);
#6065 = DEFINITIONAL_REPRESENTATION('',(#6066),#6069);
#6066 = B_SPLINE_CURVE_WITH_KNOTS('',1,(#6067,#6068),.UNSPECIFIED.,.F.,
  .F.,(2,2),(-49.0625,-10.3125),.PIECEWISE_BEZIER_KNOTS.);
#6067 = CARTESIAN_POINT('',(38.75,-1.5));
#6068 = CARTESIAN_POINT('',(0.,-1.5));
#6069 = ( GEOMETRIC_REPRESENTATION_CONTEXT(2) 
PARAMETRIC_REPRESENTATION_CONTEXT() REPRESENTATION_CONTEXT('2D SPACE',''
  ) );
#6070 = PCURVE('',#4464,#6071);
#6071 = DEFINITIONAL_REPRESENTATION('',(#6072),#6075);
#6072 = B_SPLINE_CURVE_WITH_KNOTS('',1,(#6073,#6074),.UNSPECIFIED.,.F.,
  .F.,(2,2),(-49.0625,-10.3125),.PIECEWISE_BEZIER_KNOTS.);
#6073 = CARTESIAN_POINT('',(59.375,8.125));
#6074 = CARTESIAN_POINT('',(20.625,8.125));
#6075 = ( GEOMETRIC_REPRESENTATION_CONTEXT(2) 
PARAMETRIC_REPRESENTATION_CONTEXT() REPRESENTATION_CONTEXT('2D SPACE',''
  ) );
#6076 = ORIENTED_EDGE('',*,*,#6077,.T.);
#6077 = EDGE_CURVE('',#6057,#1268,#6078,.T.);
#6078 = SURFACE_CURVE('',#6079,(#6083,#6090),.PCURVE_S1.);
#6079 = LINE('',#6080,#6081);
#6080 = CARTESIAN_POINT('',(-15.825,-6.875,5.));
#6081 = VECTOR('',#6082,1.);
#6082 = DIRECTION('',(0.,0.,-1.));
#6083 = PCURVE('',#1284,#6084);
#6084 = DEFINITIONAL_REPRESENTATION('',(#6085),#6089);
#6085 = LINE('',#6086,#6087);
#6086 = CARTESIAN_POINT('',(38.75,-5.));
#6087 = VECTOR('',#6088,1.);
#6088 = DIRECTION('',(0.,1.));
#6089 = ( GEOMETRIC_REPRESENTATION_CONTEXT(2) 
PARAMETRIC_REPRESENTATION_CONTEXT() REPRESENTATION_CONTEXT('2D SPACE',''
  ) );
#6090 = PCURVE('',#1316,#6091);
#6091 = DEFINITIONAL_REPRESENTATION('',(#6092),#6096);
#6092 = LINE('',#6093,#6094);
#6093 = CARTESIAN_POINT('',(0.,-5.));
#6094 = VECTOR('',#6095,1.);
#6095 = DIRECTION('',(-0.,1.));
#6096 = ( GEOMETRIC_REPRESENTATION_CONTEXT(2) 
PARAMETRIC_REPRESENTATION_CONTEXT() REPRESENTATION_CONTEXT('2D SPACE',''
  ) );
#6097 = ORIENTED_EDGE('',*,*,#1267,.T.);
#6098 = ADVANCED_FACE('',(#6099),#1316,.F.);
#6099 = FACE_BOUND('',#6100,.F.);
#6100 = EDGE_LOOP('',(#6101,#6102,#6130,#6151));
#6101 = ORIENTED_EDGE('',*,*,#6077,.F.);
#6102 = ORIENTED_EDGE('',*,*,#6103,.T.);
#6103 = EDGE_CURVE('',#6057,#6104,#6106,.T.);
#6104 = VERTEX_POINT('',#6105);
#6105 = CARTESIAN_POINT('',(-15.825,-8.125,1.5));
#6106 = SURFACE_CURVE('',#6107,(#6112,#6119),.PCURVE_S1.);
#6107 = CIRCLE('',#6108,0.625);
#6108 = AXIS2_PLACEMENT_3D('',#6109,#6110,#6111);
#6109 = CARTESIAN_POINT('',(-15.825,-7.5,1.5));
#6110 = DIRECTION('',(0.,0.,-1.));
#6111 = DIRECTION('',(0.,1.,0.));
#6112 = PCURVE('',#1316,#6113);
#6113 = DEFINITIONAL_REPRESENTATION('',(#6114),#6118);
#6114 = LINE('',#6115,#6116);
#6115 = CARTESIAN_POINT('',(0.,-1.5));
#6116 = VECTOR('',#6117,1.);
#6117 = DIRECTION('',(1.,0.));
#6118 = ( GEOMETRIC_REPRESENTATION_CONTEXT(2) 
PARAMETRIC_REPRESENTATION_CONTEXT() REPRESENTATION_CONTEXT('2D SPACE',''
  ) );
#6119 = PCURVE('',#4464,#6120);
#6120 = DEFINITIONAL_REPRESENTATION('',(#6121),#6129);
#6121 = ( BOUNDED_CURVE() B_SPLINE_CURVE(2,(#6122,#6123,#6124,#6125,
#6126,#6127,#6128),.UNSPECIFIED.,.T.,.F.) B_SPLINE_CURVE_WITH_KNOTS((1,2
    ,2,2,2,1),(-2.094395102393,0.,2.094395102393,4.188790204786,
6.28318530718,8.377580409573),.UNSPECIFIED.) CURVE() 
GEOMETRIC_REPRESENTATION_ITEM() RATIONAL_B_SPLINE_CURVE((1.,0.5,1.,0.5,
1.,0.5,1.)) REPRESENTATION_ITEM('') );
#6122 = CARTESIAN_POINT('',(59.375,8.125));
#6123 = CARTESIAN_POINT('',(60.457531754731,8.125));
#6124 = CARTESIAN_POINT('',(59.916265877365,7.1875));
#6125 = CARTESIAN_POINT('',(59.375,6.25));
#6126 = CARTESIAN_POINT('',(58.833734122635,7.1875));
#6127 = CARTESIAN_POINT('',(58.292468245269,8.125));
#6128 = CARTESIAN_POINT('',(59.375,8.125));
#6129 = ( GEOMETRIC_REPRESENTATION_CONTEXT(2) 
PARAMETRIC_REPRESENTATION_CONTEXT() REPRESENTATION_CONTEXT('2D SPACE',''
  ) );
#6130 = ORIENTED_EDGE('',*,*,#6131,.T.);
#6131 = EDGE_CURVE('',#6104,#1296,#6132,.T.);
#6132 = SURFACE_CURVE('',#6133,(#6137,#6144),.PCURVE_S1.);
#6133 = LINE('',#6134,#6135);
#6134 = CARTESIAN_POINT('',(-15.825,-8.125,5.));
#6135 = VECTOR('',#6136,1.);
#6136 = DIRECTION('',(0.,0.,-1.));
#6137 = PCURVE('',#1316,#6138);
#6138 = DEFINITIONAL_REPRESENTATION('',(#6139),#6143);
#6139 = LINE('',#6140,#6141);
#6140 = CARTESIAN_POINT('',(3.14159265359,-5.));
#6141 = VECTOR('',#6142,1.);
#6142 = DIRECTION('',(-0.,1.));
#6143 = ( GEOMETRIC_REPRESENTATION_CONTEXT(2) 
PARAMETRIC_REPRESENTATION_CONTEXT() REPRESENTATION_CONTEXT('2D SPACE',''
  ) );
#6144 = PCURVE('',#1343,#6145);
#6145 = DEFINITIONAL_REPRESENTATION('',(#6146),#6150);
#6146 = LINE('',#6147,#6148);
#6147 = CARTESIAN_POINT('',(0.,-5.));
#6148 = VECTOR('',#6149,1.);
#6149 = DIRECTION('',(0.,1.));
#6150 = ( GEOMETRIC_REPRESENTATION_CONTEXT(2) 
PARAMETRIC_REPRESENTATION_CONTEXT() REPRESENTATION_CONTEXT('2D SPACE',''
  ) );
#6151 = ORIENTED_EDGE('',*,*,#1295,.F.);
#6152 = ADVANCED_FACE('',(#6153),#1373,.F.);
#6153 = FACE_BOUND('',#6154,.F.);
#6154 = EDGE_LOOP('',(#6155,#6178,#6204,#6205));
#6155 = ORIENTED_EDGE('',*,*,#6156,.T.);
#6156 = EDGE_CURVE('',#1329,#6157,#6159,.T.);
#6157 = VERTEX_POINT('',#6158);
#6158 = CARTESIAN_POINT('',(-54.575,-8.125,1.5));
#6159 = SURFACE_CURVE('',#6160,(#6164,#6171),.PCURVE_S1.);
#6160 = LINE('',#6161,#6162);
#6161 = CARTESIAN_POINT('',(-54.575,-8.125,-5.));
#6162 = VECTOR('',#6163,1.);
#6163 = DIRECTION('',(0.,0.,1.));
#6164 = PCURVE('',#1373,#6165);
#6165 = DEFINITIONAL_REPRESENTATION('',(#6166),#6170);
#6166 = LINE('',#6167,#6168);
#6167 = CARTESIAN_POINT('',(0.,5.));
#6168 = VECTOR('',#6169,1.);
#6169 = DIRECTION('',(0.,-1.));
#6170 = ( GEOMETRIC_REPRESENTATION_CONTEXT(2) 
PARAMETRIC_REPRESENTATION_CONTEXT() REPRESENTATION_CONTEXT('2D SPACE',''
  ) );
#6171 = PCURVE('',#1343,#6172);
#6172 = DEFINITIONAL_REPRESENTATION('',(#6173),#6177);
#6173 = LINE('',#6174,#6175);
#6174 = CARTESIAN_POINT('',(38.75,5.));
#6175 = VECTOR('',#6176,1.);
#6176 = DIRECTION('',(0.,-1.));
#6177 = ( GEOMETRIC_REPRESENTATION_CONTEXT(2) 
PARAMETRIC_REPRESENTATION_CONTEXT() REPRESENTATION_CONTEXT('2D SPACE',''
  ) );
#6178 = ORIENTED_EDGE('',*,*,#6179,.T.);
#6179 = EDGE_CURVE('',#6157,#6034,#6180,.T.);
#6180 = SURFACE_CURVE('',#6181,(#6186,#6193),.PCURVE_S1.);
#6181 = CIRCLE('',#6182,0.625);
#6182 = AXIS2_PLACEMENT_3D('',#6183,#6184,#6185);
#6183 = CARTESIAN_POINT('',(-54.575,-7.5,1.5));
#6184 = DIRECTION('',(0.,-0.,-1.));
#6185 = DIRECTION('',(0.,-1.,0.));
#6186 = PCURVE('',#1373,#6187);
#6187 = DEFINITIONAL_REPRESENTATION('',(#6188),#6192);
#6188 = LINE('',#6189,#6190);
#6189 = CARTESIAN_POINT('',(0.,-1.5));
#6190 = VECTOR('',#6191,1.);
#6191 = DIRECTION('',(1.,0.));
#6192 = ( GEOMETRIC_REPRESENTATION_CONTEXT(2) 
PARAMETRIC_REPRESENTATION_CONTEXT() REPRESENTATION_CONTEXT('2D SPACE',''
  ) );
#6193 = PCURVE('',#4464,#6194);
#6194 = DEFINITIONAL_REPRESENTATION('',(#6195),#6203);
#6195 = ( BOUNDED_CURVE() B_SPLINE_CURVE(2,(#6196,#6197,#6198,#6199,
#6200,#6201,#6202),.UNSPECIFIED.,.T.,.F.) B_SPLINE_CURVE_WITH_KNOTS((1,2
    ,2,2,2,1),(-2.094395102393,0.,2.094395102393,4.188790204786,
6.28318530718,8.377580409573),.UNSPECIFIED.) CURVE() 
GEOMETRIC_REPRESENTATION_ITEM() RATIONAL_B_SPLINE_CURVE((1.,0.5,1.,0.5,
1.,0.5,1.)) REPRESENTATION_ITEM('') );
#6196 = CARTESIAN_POINT('',(20.625,6.875));
#6197 = CARTESIAN_POINT('',(19.542468245269,6.875));
#6198 = CARTESIAN_POINT('',(20.083734122635,7.8125));
#6199 = CARTESIAN_POINT('',(20.625,8.75));
#6200 = CARTESIAN_POINT('',(21.166265877365,7.8125));
#6201 = CARTESIAN_POINT('',(21.707531754731,6.875));
#6202 = CARTESIAN_POINT('',(20.625,6.875));
#6203 = ( GEOMETRIC_REPRESENTATION_CONTEXT(2) 
PARAMETRIC_REPRESENTATION_CONTEXT() REPRESENTATION_CONTEXT('2D SPACE',''
  ) );
#6204 = ORIENTED_EDGE('',*,*,#6033,.F.);
#6205 = ORIENTED_EDGE('',*,*,#1354,.F.);
#6206 = ADVANCED_FACE('',(#6207),#1343,.F.);
#6207 = FACE_BOUND('',#6208,.F.);
#6208 = EDGE_LOOP('',(#6209,#6210,#6229,#6230));
#6209 = ORIENTED_EDGE('',*,*,#6131,.F.);
#6210 = ORIENTED_EDGE('',*,*,#6211,.F.);
#6211 = EDGE_CURVE('',#6157,#6104,#6212,.T.);
#6212 = SURFACE_CURVE('',#6213,(#6217,#6223),.PCURVE_S1.);
#6213 = LINE('',#6214,#6215);
#6214 = CARTESIAN_POINT('',(-45.5125,-8.125,1.5));
#6215 = VECTOR('',#6216,1.);
#6216 = DIRECTION('',(1.,0.,-0.));
#6217 = PCURVE('',#1343,#6218);
#6218 = DEFINITIONAL_REPRESENTATION('',(#6219),#6222);
#6219 = B_SPLINE_CURVE_WITH_KNOTS('',1,(#6220,#6221),.UNSPECIFIED.,.F.,
  .F.,(2,2),(-9.0625,29.6875),.PIECEWISE_BEZIER_KNOTS.);
#6220 = CARTESIAN_POINT('',(38.75,-1.5));
#6221 = CARTESIAN_POINT('',(0.,-1.5));
#6222 = ( GEOMETRIC_REPRESENTATION_CONTEXT(2) 
PARAMETRIC_REPRESENTATION_CONTEXT() REPRESENTATION_CONTEXT('2D SPACE',''
  ) );
#6223 = PCURVE('',#4464,#6224);
#6224 = DEFINITIONAL_REPRESENTATION('',(#6225),#6228);
#6225 = B_SPLINE_CURVE_WITH_KNOTS('',1,(#6226,#6227),.UNSPECIFIED.,.F.,
  .F.,(2,2),(-9.0625,29.6875),.PIECEWISE_BEZIER_KNOTS.);
#6226 = CARTESIAN_POINT('',(20.625,6.875));
#6227 = CARTESIAN_POINT('',(59.375,6.875));
#6228 = ( GEOMETRIC_REPRESENTATION_CONTEXT(2) 
PARAMETRIC_REPRESENTATION_CONTEXT() REPRESENTATION_CONTEXT('2D SPACE',''
  ) );
#6229 = ORIENTED_EDGE('',*,*,#6156,.F.);
#6230 = ORIENTED_EDGE('',*,*,#1328,.T.);
#6231 = ADVANCED_FACE('',(#6232),#1404,.F.);
#6232 = FACE_BOUND('',#6233,.F.);
#6233 = EDGE_LOOP('',(#6234,#6257,#6278,#6299));
#6234 = ORIENTED_EDGE('',*,*,#6235,.T.);
#6235 = EDGE_CURVE('',#1390,#6236,#6238,.T.);
#6236 = VERTEX_POINT('',#6237);
#6237 = CARTESIAN_POINT('',(-54.575,-3.125,1.5));
#6238 = SURFACE_CURVE('',#6239,(#6243,#6250),.PCURVE_S1.);
#6239 = LINE('',#6240,#6241);
#6240 = CARTESIAN_POINT('',(-54.575,-3.125,-5.));
#6241 = VECTOR('',#6242,1.);
#6242 = DIRECTION('',(0.,0.,1.));
#6243 = PCURVE('',#1404,#6244);
#6244 = DEFINITIONAL_REPRESENTATION('',(#6245),#6249);
#6245 = LINE('',#6246,#6247);
#6246 = CARTESIAN_POINT('',(0.,5.));
#6247 = VECTOR('',#6248,1.);
#6248 = DIRECTION('',(0.,-1.));
#6249 = ( GEOMETRIC_REPRESENTATION_CONTEXT(2) 
PARAMETRIC_REPRESENTATION_CONTEXT() REPRESENTATION_CONTEXT('2D SPACE',''
  ) );
#6250 = PCURVE('',#1493,#6251);
#6251 = DEFINITIONAL_REPRESENTATION('',(#6252),#6256);
#6252 = LINE('',#6253,#6254);
#6253 = CARTESIAN_POINT('',(3.14159265359,5.));
#6254 = VECTOR('',#6255,1.);
#6255 = DIRECTION('',(0.,-1.));
#6256 = ( GEOMETRIC_REPRESENTATION_CONTEXT(2) 
PARAMETRIC_REPRESENTATION_CONTEXT() REPRESENTATION_CONTEXT('2D SPACE',''
  ) );
#6257 = ORIENTED_EDGE('',*,*,#6258,.F.);
#6258 = EDGE_CURVE('',#6259,#6236,#6261,.T.);
#6259 = VERTEX_POINT('',#6260);
#6260 = CARTESIAN_POINT('',(-15.825,-3.125,1.5));
#6261 = SURFACE_CURVE('',#6262,(#6266,#6272),.PCURVE_S1.);
#6262 = LINE('',#6263,#6264);
#6263 = CARTESIAN_POINT('',(-64.8875,-3.125,1.5));
#6264 = VECTOR('',#6265,1.);
#6265 = DIRECTION('',(-1.,0.,0.));
#6266 = PCURVE('',#1404,#6267);
#6267 = DEFINITIONAL_REPRESENTATION('',(#6268),#6271);
#6268 = B_SPLINE_CURVE_WITH_KNOTS('',1,(#6269,#6270),.UNSPECIFIED.,.F.,
  .F.,(2,2),(-49.0625,-10.3125),.PIECEWISE_BEZIER_KNOTS.);
#6269 = CARTESIAN_POINT('',(38.75,-1.5));
#6270 = CARTESIAN_POINT('',(0.,-1.5));
#6271 = ( GEOMETRIC_REPRESENTATION_CONTEXT(2) 
PARAMETRIC_REPRESENTATION_CONTEXT() REPRESENTATION_CONTEXT('2D SPACE',''
  ) );
#6272 = PCURVE('',#4464,#6273);
#6273 = DEFINITIONAL_REPRESENTATION('',(#6274),#6277);
#6274 = B_SPLINE_CURVE_WITH_KNOTS('',1,(#6275,#6276),.UNSPECIFIED.,.F.,
  .F.,(2,2),(-49.0625,-10.3125),.PIECEWISE_BEZIER_KNOTS.);
#6275 = CARTESIAN_POINT('',(59.375,11.875));
#6276 = CARTESIAN_POINT('',(20.625,11.875));
#6277 = ( GEOMETRIC_REPRESENTATION_CONTEXT(2) 
PARAMETRIC_REPRESENTATION_CONTEXT() REPRESENTATION_CONTEXT('2D SPACE',''
  ) );
#6278 = ORIENTED_EDGE('',*,*,#6279,.T.);
#6279 = EDGE_CURVE('',#6259,#1388,#6280,.T.);
#6280 = SURFACE_CURVE('',#6281,(#6285,#6292),.PCURVE_S1.);
#6281 = LINE('',#6282,#6283);
#6282 = CARTESIAN_POINT('',(-15.825,-3.125,5.));
#6283 = VECTOR('',#6284,1.);
#6284 = DIRECTION('',(0.,0.,-1.));
#6285 = PCURVE('',#1404,#6286);
#6286 = DEFINITIONAL_REPRESENTATION('',(#6287),#6291);
#6287 = LINE('',#6288,#6289);
#6288 = CARTESIAN_POINT('',(38.75,-5.));
#6289 = VECTOR('',#6290,1.);
#6290 = DIRECTION('',(0.,1.));
#6291 = ( GEOMETRIC_REPRESENTATION_CONTEXT(2) 
PARAMETRIC_REPRESENTATION_CONTEXT() REPRESENTATION_CONTEXT('2D SPACE',''
  ) );
#6292 = PCURVE('',#1436,#6293);
#6293 = DEFINITIONAL_REPRESENTATION('',(#6294),#6298);
#6294 = LINE('',#6295,#6296);
#6295 = CARTESIAN_POINT('',(0.,-5.));
#6296 = VECTOR('',#6297,1.);
#6297 = DIRECTION('',(-0.,1.));
#6298 = ( GEOMETRIC_REPRESENTATION_CONTEXT(2) 
PARAMETRIC_REPRESENTATION_CONTEXT() REPRESENTATION_CONTEXT('2D SPACE',''
  ) );
#6299 = ORIENTED_EDGE('',*,*,#1387,.T.);
#6300 = ADVANCED_FACE('',(#6301),#1436,.F.);
#6301 = FACE_BOUND('',#6302,.F.);
#6302 = EDGE_LOOP('',(#6303,#6304,#6332,#6353));
#6303 = ORIENTED_EDGE('',*,*,#6279,.F.);
#6304 = ORIENTED_EDGE('',*,*,#6305,.T.);
#6305 = EDGE_CURVE('',#6259,#6306,#6308,.T.);
#6306 = VERTEX_POINT('',#6307);
#6307 = CARTESIAN_POINT('',(-15.825,-4.375,1.5));
#6308 = SURFACE_CURVE('',#6309,(#6314,#6321),.PCURVE_S1.);
#6309 = CIRCLE('',#6310,0.625);
#6310 = AXIS2_PLACEMENT_3D('',#6311,#6312,#6313);
#6311 = CARTESIAN_POINT('',(-15.825,-3.75,1.5));
#6312 = DIRECTION('',(0.,0.,-1.));
#6313 = DIRECTION('',(0.,1.,0.));
#6314 = PCURVE('',#1436,#6315);
#6315 = DEFINITIONAL_REPRESENTATION('',(#6316),#6320);
#6316 = LINE('',#6317,#6318);
#6317 = CARTESIAN_POINT('',(0.,-1.5));
#6318 = VECTOR('',#6319,1.);
#6319 = DIRECTION('',(1.,0.));
#6320 = ( GEOMETRIC_REPRESENTATION_CONTEXT(2) 
PARAMETRIC_REPRESENTATION_CONTEXT() REPRESENTATION_CONTEXT('2D SPACE',''
  ) );
#6321 = PCURVE('',#4464,#6322);
#6322 = DEFINITIONAL_REPRESENTATION('',(#6323),#6331);
#6323 = ( BOUNDED_CURVE() B_SPLINE_CURVE(2,(#6324,#6325,#6326,#6327,
#6328,#6329,#6330),.UNSPECIFIED.,.T.,.F.) B_SPLINE_CURVE_WITH_KNOTS((1,2
    ,2,2,2,1),(-2.094395102393,0.,2.094395102393,4.188790204786,
6.28318530718,8.377580409573),.UNSPECIFIED.) CURVE() 
GEOMETRIC_REPRESENTATION_ITEM() RATIONAL_B_SPLINE_CURVE((1.,0.5,1.,0.5,
1.,0.5,1.)) REPRESENTATION_ITEM('') );
#6324 = CARTESIAN_POINT('',(59.375,11.875));
#6325 = CARTESIAN_POINT('',(60.457531754731,11.875));
#6326 = CARTESIAN_POINT('',(59.916265877365,10.9375));
#6327 = CARTESIAN_POINT('',(59.375,10.));
#6328 = CARTESIAN_POINT('',(58.833734122635,10.9375));
#6329 = CARTESIAN_POINT('',(58.292468245269,11.875));
#6330 = CARTESIAN_POINT('',(59.375,11.875));
#6331 = ( GEOMETRIC_REPRESENTATION_CONTEXT(2) 
PARAMETRIC_REPRESENTATION_CONTEXT() REPRESENTATION_CONTEXT('2D SPACE',''
  ) );
#6332 = ORIENTED_EDGE('',*,*,#6333,.T.);
#6333 = EDGE_CURVE('',#6306,#1416,#6334,.T.);
#6334 = SURFACE_CURVE('',#6335,(#6339,#6346),.PCURVE_S1.);
#6335 = LINE('',#6336,#6337);
#6336 = CARTESIAN_POINT('',(-15.825,-4.375,5.));
#6337 = VECTOR('',#6338,1.);
#6338 = DIRECTION('',(0.,0.,-1.));
#6339 = PCURVE('',#1436,#6340);
#6340 = DEFINITIONAL_REPRESENTATION('',(#6341),#6345);
#6341 = LINE('',#6342,#6343);
#6342 = CARTESIAN_POINT('',(3.14159265359,-5.));
#6343 = VECTOR('',#6344,1.);
#6344 = DIRECTION('',(-0.,1.));
#6345 = ( GEOMETRIC_REPRESENTATION_CONTEXT(2) 
PARAMETRIC_REPRESENTATION_CONTEXT() REPRESENTATION_CONTEXT('2D SPACE',''
  ) );
#6346 = PCURVE('',#1463,#6347);
#6347 = DEFINITIONAL_REPRESENTATION('',(#6348),#6352);
#6348 = LINE('',#6349,#6350);
#6349 = CARTESIAN_POINT('',(0.,-5.));
#6350 = VECTOR('',#6351,1.);
#6351 = DIRECTION('',(0.,1.));
#6352 = ( GEOMETRIC_REPRESENTATION_CONTEXT(2) 
PARAMETRIC_REPRESENTATION_CONTEXT() REPRESENTATION_CONTEXT('2D SPACE',''
  ) );
#6353 = ORIENTED_EDGE('',*,*,#1415,.F.);
#6354 = ADVANCED_FACE('',(#6355),#1493,.F.);
#6355 = FACE_BOUND('',#6356,.F.);
#6356 = EDGE_LOOP('',(#6357,#6380,#6406,#6407));
#6357 = ORIENTED_EDGE('',*,*,#6358,.T.);
#6358 = EDGE_CURVE('',#1449,#6359,#6361,.T.);
#6359 = VERTEX_POINT('',#6360);
#6360 = CARTESIAN_POINT('',(-54.575,-4.375,1.5));
#6361 = SURFACE_CURVE('',#6362,(#6366,#6373),.PCURVE_S1.);
#6362 = LINE('',#6363,#6364);
#6363 = CARTESIAN_POINT('',(-54.575,-4.375,-5.));
#6364 = VECTOR('',#6365,1.);
#6365 = DIRECTION('',(0.,0.,1.));
#6366 = PCURVE('',#1493,#6367);
#6367 = DEFINITIONAL_REPRESENTATION('',(#6368),#6372);
#6368 = LINE('',#6369,#6370);
#6369 = CARTESIAN_POINT('',(0.,5.));
#6370 = VECTOR('',#6371,1.);
#6371 = DIRECTION('',(0.,-1.));
#6372 = ( GEOMETRIC_REPRESENTATION_CONTEXT(2) 
PARAMETRIC_REPRESENTATION_CONTEXT() REPRESENTATION_CONTEXT('2D SPACE',''
  ) );
#6373 = PCURVE('',#1463,#6374);
#6374 = DEFINITIONAL_REPRESENTATION('',(#6375),#6379);
#6375 = LINE('',#6376,#6377);
#6376 = CARTESIAN_POINT('',(38.75,5.));
#6377 = VECTOR('',#6378,1.);
#6378 = DIRECTION('',(0.,-1.));
#6379 = ( GEOMETRIC_REPRESENTATION_CONTEXT(2) 
PARAMETRIC_REPRESENTATION_CONTEXT() REPRESENTATION_CONTEXT('2D SPACE',''
  ) );
#6380 = ORIENTED_EDGE('',*,*,#6381,.T.);
#6381 = EDGE_CURVE('',#6359,#6236,#6382,.T.);
#6382 = SURFACE_CURVE('',#6383,(#6388,#6395),.PCURVE_S1.);
#6383 = CIRCLE('',#6384,0.625);
#6384 = AXIS2_PLACEMENT_3D('',#6385,#6386,#6387);
#6385 = CARTESIAN_POINT('',(-54.575,-3.75,1.5));
#6386 = DIRECTION('',(0.,-0.,-1.));
#6387 = DIRECTION('',(0.,-1.,0.));
#6388 = PCURVE('',#1493,#6389);
#6389 = DEFINITIONAL_REPRESENTATION('',(#6390),#6394);
#6390 = LINE('',#6391,#6392);
#6391 = CARTESIAN_POINT('',(0.,-1.5));
#6392 = VECTOR('',#6393,1.);
#6393 = DIRECTION('',(1.,0.));
#6394 = ( GEOMETRIC_REPRESENTATION_CONTEXT(2) 
PARAMETRIC_REPRESENTATION_CONTEXT() REPRESENTATION_CONTEXT('2D SPACE',''
  ) );
#6395 = PCURVE('',#4464,#6396);
#6396 = DEFINITIONAL_REPRESENTATION('',(#6397),#6405);
#6397 = ( BOUNDED_CURVE() B_SPLINE_CURVE(2,(#6398,#6399,#6400,#6401,
#6402,#6403,#6404),.UNSPECIFIED.,.T.,.F.) B_SPLINE_CURVE_WITH_KNOTS((1,2
    ,2,2,2,1),(-2.094395102393,0.,2.094395102393,4.188790204786,
6.28318530718,8.377580409573),.UNSPECIFIED.) CURVE() 
GEOMETRIC_REPRESENTATION_ITEM() RATIONAL_B_SPLINE_CURVE((1.,0.5,1.,0.5,
1.,0.5,1.)) REPRESENTATION_ITEM('') );
#6398 = CARTESIAN_POINT('',(20.625,10.625));
#6399 = CARTESIAN_POINT('',(19.542468245269,10.625));
#6400 = CARTESIAN_POINT('',(20.083734122635,11.5625));
#6401 = CARTESIAN_POINT('',(20.625,12.5));
#6402 = CARTESIAN_POINT('',(21.166265877365,11.5625));
#6403 = CARTESIAN_POINT('',(21.707531754731,10.625));
#6404 = CARTESIAN_POINT('',(20.625,10.625));
#6405 = ( GEOMETRIC_REPRESENTATION_CONTEXT(2) 
PARAMETRIC_REPRESENTATION_CONTEXT() REPRESENTATION_CONTEXT('2D SPACE',''
  ) );
#6406 = ORIENTED_EDGE('',*,*,#6235,.F.);
#6407 = ORIENTED_EDGE('',*,*,#1474,.F.);
#6408 = ADVANCED_FACE('',(#6409),#1463,.F.);
#6409 = FACE_BOUND('',#6410,.F.);
#6410 = EDGE_LOOP('',(#6411,#6412,#6431,#6432));
#6411 = ORIENTED_EDGE('',*,*,#6333,.F.);
#6412 = ORIENTED_EDGE('',*,*,#6413,.F.);
#6413 = EDGE_CURVE('',#6359,#6306,#6414,.T.);
#6414 = SURFACE_CURVE('',#6415,(#6419,#6425),.PCURVE_S1.);
#6415 = LINE('',#6416,#6417);
#6416 = CARTESIAN_POINT('',(-45.5125,-4.375,1.5));
#6417 = VECTOR('',#6418,1.);
#6418 = DIRECTION('',(1.,0.,-0.));
#6419 = PCURVE('',#1463,#6420);
#6420 = DEFINITIONAL_REPRESENTATION('',(#6421),#6424);
#6421 = B_SPLINE_CURVE_WITH_KNOTS('',1,(#6422,#6423),.UNSPECIFIED.,.F.,
  .F.,(2,2),(-9.0625,29.6875),.PIECEWISE_BEZIER_KNOTS.);
#6422 = CARTESIAN_POINT('',(38.75,-1.5));
#6423 = CARTESIAN_POINT('',(0.,-1.5));
#6424 = ( GEOMETRIC_REPRESENTATION_CONTEXT(2) 
PARAMETRIC_REPRESENTATION_CONTEXT() REPRESENTATION_CONTEXT('2D SPACE',''
  ) );
#6425 = PCURVE('',#4464,#6426);
#6426 = DEFINITIONAL_REPRESENTATION('',(#6427),#6430);
#6427 = B_SPLINE_CURVE_WITH_KNOTS('',1,(#6428,#6429),.UNSPECIFIED.,.F.,
  .F.,(2,2),(-9.0625,29.6875),.PIECEWISE_BEZIER_KNOTS.);
#6428 = CARTESIAN_POINT('',(20.625,10.625));
#6429 = CARTESIAN_POINT('',(59.375,10.625));
#6430 = ( GEOMETRIC_REPRESENTATION_CONTEXT(2) 
PARAMETRIC_REPRESENTATION_CONTEXT() REPRESENTATION_CONTEXT('2D SPACE',''
  ) );
#6431 = ORIENTED_EDGE('',*,*,#6358,.F.);
#6432 = ORIENTED_EDGE('',*,*,#1448,.T.);
#6433 = ADVANCED_FACE('',(#6434),#1524,.F.);
#6434 = FACE_BOUND('',#6435,.F.);
#6435 = EDGE_LOOP('',(#6436,#6459,#6480,#6501));
#6436 = ORIENTED_EDGE('',*,*,#6437,.T.);
#6437 = EDGE_CURVE('',#1510,#6438,#6440,.T.);
#6438 = VERTEX_POINT('',#6439);
#6439 = CARTESIAN_POINT('',(-0.625,-54.575,1.5));
#6440 = SURFACE_CURVE('',#6441,(#6445,#6452),.PCURVE_S1.);
#6441 = LINE('',#6442,#6443);
#6442 = CARTESIAN_POINT('',(-0.625,-54.575,-5.));
#6443 = VECTOR('',#6444,1.);
#6444 = DIRECTION('',(0.,0.,1.));
#6445 = PCURVE('',#1524,#6446);
#6446 = DEFINITIONAL_REPRESENTATION('',(#6447),#6451);
#6447 = LINE('',#6448,#6449);
#6448 = CARTESIAN_POINT('',(0.,5.));
#6449 = VECTOR('',#6450,1.);
#6450 = DIRECTION('',(0.,-1.));
#6451 = ( GEOMETRIC_REPRESENTATION_CONTEXT(2) 
PARAMETRIC_REPRESENTATION_CONTEXT() REPRESENTATION_CONTEXT('2D SPACE',''
  ) );
#6452 = PCURVE('',#1613,#6453);
#6453 = DEFINITIONAL_REPRESENTATION('',(#6454),#6458);
#6454 = LINE('',#6455,#6456);
#6455 = CARTESIAN_POINT('',(3.14159265359,5.));
#6456 = VECTOR('',#6457,1.);
#6457 = DIRECTION('',(0.,-1.));
#6458 = ( GEOMETRIC_REPRESENTATION_CONTEXT(2) 
PARAMETRIC_REPRESENTATION_CONTEXT() REPRESENTATION_CONTEXT('2D SPACE',''
  ) );
#6459 = ORIENTED_EDGE('',*,*,#6460,.F.);
#6460 = EDGE_CURVE('',#6461,#6438,#6463,.T.);
#6461 = VERTEX_POINT('',#6462);
#6462 = CARTESIAN_POINT('',(-0.625,-15.825,1.5));
#6463 = SURFACE_CURVE('',#6464,(#6468,#6474),.PCURVE_S1.);
#6464 = LINE('',#6465,#6466);
#6465 = CARTESIAN_POINT('',(-0.625,-34.7875,1.5));
#6466 = VECTOR('',#6467,1.);
#6467 = DIRECTION('',(-1.110223024625E-16,-1.,0.));
#6468 = PCURVE('',#1524,#6469);
#6469 = DEFINITIONAL_REPRESENTATION('',(#6470),#6473);
#6470 = B_SPLINE_CURVE_WITH_KNOTS('',1,(#6471,#6472),.UNSPECIFIED.,.F.,
  .F.,(2,2),(-18.9625,19.7875),.PIECEWISE_BEZIER_KNOTS.);
#6471 = CARTESIAN_POINT('',(38.75,-1.5));
#6472 = CARTESIAN_POINT('',(0.,-1.5));
#6473 = ( GEOMETRIC_REPRESENTATION_CONTEXT(2) 
PARAMETRIC_REPRESENTATION_CONTEXT() REPRESENTATION_CONTEXT('2D SPACE',''
  ) );
#6474 = PCURVE('',#4464,#6475);
#6475 = DEFINITIONAL_REPRESENTATION('',(#6476),#6479);
#6476 = B_SPLINE_CURVE_WITH_KNOTS('',1,(#6477,#6478),.UNSPECIFIED.,.F.,
  .F.,(2,2),(-18.9625,19.7875),.PIECEWISE_BEZIER_KNOTS.);
#6477 = CARTESIAN_POINT('',(74.575,-0.825));
#6478 = CARTESIAN_POINT('',(74.575,-39.575));
#6479 = ( GEOMETRIC_REPRESENTATION_CONTEXT(2) 
PARAMETRIC_REPRESENTATION_CONTEXT() REPRESENTATION_CONTEXT('2D SPACE',''
  ) );
#6480 = ORIENTED_EDGE('',*,*,#6481,.T.);
#6481 = EDGE_CURVE('',#6461,#1508,#6482,.T.);
#6482 = SURFACE_CURVE('',#6483,(#6487,#6494),.PCURVE_S1.);
#6483 = LINE('',#6484,#6485);
#6484 = CARTESIAN_POINT('',(-0.625,-15.825,5.));
#6485 = VECTOR('',#6486,1.);
#6486 = DIRECTION('',(0.,0.,-1.));
#6487 = PCURVE('',#1524,#6488);
#6488 = DEFINITIONAL_REPRESENTATION('',(#6489),#6493);
#6489 = LINE('',#6490,#6491);
#6490 = CARTESIAN_POINT('',(38.75,-5.));
#6491 = VECTOR('',#6492,1.);
#6492 = DIRECTION('',(0.,1.));
#6493 = ( GEOMETRIC_REPRESENTATION_CONTEXT(2) 
PARAMETRIC_REPRESENTATION_CONTEXT() REPRESENTATION_CONTEXT('2D SPACE',''
  ) );
#6494 = PCURVE('',#1556,#6495);
#6495 = DEFINITIONAL_REPRESENTATION('',(#6496),#6500);
#6496 = LINE('',#6497,#6498);
#6497 = CARTESIAN_POINT('',(0.,-5.));
#6498 = VECTOR('',#6499,1.);
#6499 = DIRECTION('',(-0.,1.));
#6500 = ( GEOMETRIC_REPRESENTATION_CONTEXT(2) 
PARAMETRIC_REPRESENTATION_CONTEXT() REPRESENTATION_CONTEXT('2D SPACE',''
  ) );
#6501 = ORIENTED_EDGE('',*,*,#1507,.T.);
#6502 = ADVANCED_FACE('',(#6503),#1556,.F.);
#6503 = FACE_BOUND('',#6504,.F.);
#6504 = EDGE_LOOP('',(#6505,#6506,#6534,#6555));
#6505 = ORIENTED_EDGE('',*,*,#6481,.F.);
#6506 = ORIENTED_EDGE('',*,*,#6507,.T.);
#6507 = EDGE_CURVE('',#6461,#6508,#6510,.T.);
#6508 = VERTEX_POINT('',#6509);
#6509 = CARTESIAN_POINT('',(0.625,-15.825,1.5));
#6510 = SURFACE_CURVE('',#6511,(#6516,#6523),.PCURVE_S1.);
#6511 = CIRCLE('',#6512,0.625);
#6512 = AXIS2_PLACEMENT_3D('',#6513,#6514,#6515);
#6513 = CARTESIAN_POINT('',(2.206568261442E-15,-15.825,1.5));
#6514 = DIRECTION('',(0.,0.,-1.));
#6515 = DIRECTION('',(-1.,1.110223024625E-16,0.));
#6516 = PCURVE('',#1556,#6517);
#6517 = DEFINITIONAL_REPRESENTATION('',(#6518),#6522);
#6518 = LINE('',#6519,#6520);
#6519 = CARTESIAN_POINT('',(0.,-1.5));
#6520 = VECTOR('',#6521,1.);
#6521 = DIRECTION('',(1.,0.));
#6522 = ( GEOMETRIC_REPRESENTATION_CONTEXT(2) 
PARAMETRIC_REPRESENTATION_CONTEXT() REPRESENTATION_CONTEXT('2D SPACE',''
  ) );
#6523 = PCURVE('',#4464,#6524);
#6524 = DEFINITIONAL_REPRESENTATION('',(#6525),#6533);
#6525 = ( BOUNDED_CURVE() B_SPLINE_CURVE(2,(#6526,#6527,#6528,#6529,
#6530,#6531,#6532),.UNSPECIFIED.,.T.,.F.) B_SPLINE_CURVE_WITH_KNOTS((1,2
    ,2,2,2,1),(-2.094395102393,0.,2.094395102393,4.188790204786,
6.28318530718,8.377580409573),.UNSPECIFIED.) CURVE() 
GEOMETRIC_REPRESENTATION_ITEM() RATIONAL_B_SPLINE_CURVE((1.,0.5,1.,0.5,
1.,0.5,1.)) REPRESENTATION_ITEM('') );
#6526 = CARTESIAN_POINT('',(74.575,-0.825));
#6527 = CARTESIAN_POINT('',(74.575,0.257531754731));
#6528 = CARTESIAN_POINT('',(75.5125,-0.283734122635));
#6529 = CARTESIAN_POINT('',(76.45,-0.825));
#6530 = CARTESIAN_POINT('',(75.5125,-1.366265877365));
#6531 = CARTESIAN_POINT('',(74.575,-1.907531754731));
#6532 = CARTESIAN_POINT('',(74.575,-0.825));
#6533 = ( GEOMETRIC_REPRESENTATION_CONTEXT(2) 
PARAMETRIC_REPRESENTATION_CONTEXT() REPRESENTATION_CONTEXT('2D SPACE',''
  ) );
#6534 = ORIENTED_EDGE('',*,*,#6535,.T.);
#6535 = EDGE_CURVE('',#6508,#1536,#6536,.T.);
#6536 = SURFACE_CURVE('',#6537,(#6541,#6548),.PCURVE_S1.);
#6537 = LINE('',#6538,#6539);
#6538 = CARTESIAN_POINT('',(0.625,-15.825,5.));
#6539 = VECTOR('',#6540,1.);
#6540 = DIRECTION('',(0.,0.,-1.));
#6541 = PCURVE('',#1556,#6542);
#6542 = DEFINITIONAL_REPRESENTATION('',(#6543),#6547);
#6543 = LINE('',#6544,#6545);
#6544 = CARTESIAN_POINT('',(3.14159265359,-5.));
#6545 = VECTOR('',#6546,1.);
#6546 = DIRECTION('',(-0.,1.));
#6547 = ( GEOMETRIC_REPRESENTATION_CONTEXT(2) 
PARAMETRIC_REPRESENTATION_CONTEXT() REPRESENTATION_CONTEXT('2D SPACE',''
  ) );
#6548 = PCURVE('',#1583,#6549);
#6549 = DEFINITIONAL_REPRESENTATION('',(#6550),#6554);
#6550 = LINE('',#6551,#6552);
#6551 = CARTESIAN_POINT('',(0.,-5.));
#6552 = VECTOR('',#6553,1.);
#6553 = DIRECTION('',(-0.,1.));
#6554 = ( GEOMETRIC_REPRESENTATION_CONTEXT(2) 
PARAMETRIC_REPRESENTATION_CONTEXT() REPRESENTATION_CONTEXT('2D SPACE',''
  ) );
#6555 = ORIENTED_EDGE('',*,*,#1535,.F.);
#6556 = ADVANCED_FACE('',(#6557),#1613,.F.);
#6557 = FACE_BOUND('',#6558,.F.);
#6558 = EDGE_LOOP('',(#6559,#6582,#6608,#6609));
#6559 = ORIENTED_EDGE('',*,*,#6560,.T.);
#6560 = EDGE_CURVE('',#1569,#6561,#6563,.T.);
#6561 = VERTEX_POINT('',#6562);
#6562 = CARTESIAN_POINT('',(0.625,-54.575,1.5));
#6563 = SURFACE_CURVE('',#6564,(#6568,#6575),.PCURVE_S1.);
#6564 = LINE('',#6565,#6566);
#6565 = CARTESIAN_POINT('',(0.625,-54.575,-5.));
#6566 = VECTOR('',#6567,1.);
#6567 = DIRECTION('',(0.,0.,1.));
#6568 = PCURVE('',#1613,#6569);
#6569 = DEFINITIONAL_REPRESENTATION('',(#6570),#6574);
#6570 = LINE('',#6571,#6572);
#6571 = CARTESIAN_POINT('',(0.,5.));
#6572 = VECTOR('',#6573,1.);
#6573 = DIRECTION('',(0.,-1.));
#6574 = ( GEOMETRIC_REPRESENTATION_CONTEXT(2) 
PARAMETRIC_REPRESENTATION_CONTEXT() REPRESENTATION_CONTEXT('2D SPACE',''
  ) );
#6575 = PCURVE('',#1583,#6576);
#6576 = DEFINITIONAL_REPRESENTATION('',(#6577),#6581);
#6577 = LINE('',#6578,#6579);
#6578 = CARTESIAN_POINT('',(38.75,5.));
#6579 = VECTOR('',#6580,1.);
#6580 = DIRECTION('',(0.,-1.));
#6581 = ( GEOMETRIC_REPRESENTATION_CONTEXT(2) 
PARAMETRIC_REPRESENTATION_CONTEXT() REPRESENTATION_CONTEXT('2D SPACE',''
  ) );
#6582 = ORIENTED_EDGE('',*,*,#6583,.T.);
#6583 = EDGE_CURVE('',#6561,#6438,#6584,.T.);
#6584 = SURFACE_CURVE('',#6585,(#6590,#6597),.PCURVE_S1.);
#6585 = CIRCLE('',#6586,0.625);
#6586 = AXIS2_PLACEMENT_3D('',#6587,#6588,#6589);
#6587 = CARTESIAN_POINT('',(-2.206568261442E-15,-54.575,1.5));
#6588 = DIRECTION('',(0.,-0.,-1.));
#6589 = DIRECTION('',(1.,-1.110223024625E-16,0.));
#6590 = PCURVE('',#1613,#6591);
#6591 = DEFINITIONAL_REPRESENTATION('',(#6592),#6596);
#6592 = LINE('',#6593,#6594);
#6593 = CARTESIAN_POINT('',(0.,-1.5));
#6594 = VECTOR('',#6595,1.);
#6595 = DIRECTION('',(1.,0.));
#6596 = ( GEOMETRIC_REPRESENTATION_CONTEXT(2) 
PARAMETRIC_REPRESENTATION_CONTEXT() REPRESENTATION_CONTEXT('2D SPACE',''
  ) );
#6597 = PCURVE('',#4464,#6598);
#6598 = DEFINITIONAL_REPRESENTATION('',(#6599),#6607);
#6599 = ( BOUNDED_CURVE() B_SPLINE_CURVE(2,(#6600,#6601,#6602,#6603,
#6604,#6605,#6606),.UNSPECIFIED.,.T.,.F.) B_SPLINE_CURVE_WITH_KNOTS((1,2
    ,2,2,2,1),(-2.094395102393,0.,2.094395102393,4.188790204786,
6.28318530718,8.377580409573),.UNSPECIFIED.) CURVE() 
GEOMETRIC_REPRESENTATION_ITEM() RATIONAL_B_SPLINE_CURVE((1.,0.5,1.,0.5,
1.,0.5,1.)) REPRESENTATION_ITEM('') );
#6600 = CARTESIAN_POINT('',(75.825,-39.575));
#6601 = CARTESIAN_POINT('',(75.825,-40.65753175473));
#6602 = CARTESIAN_POINT('',(74.8875,-40.11626587736));
#6603 = CARTESIAN_POINT('',(73.95,-39.575));
#6604 = CARTESIAN_POINT('',(74.8875,-39.03373412263));
#6605 = CARTESIAN_POINT('',(75.825,-38.49246824526));
#6606 = CARTESIAN_POINT('',(75.825,-39.575));
#6607 = ( GEOMETRIC_REPRESENTATION_CONTEXT(2) 
PARAMETRIC_REPRESENTATION_CONTEXT() REPRESENTATION_CONTEXT('2D SPACE',''
  ) );
#6608 = ORIENTED_EDGE('',*,*,#6437,.F.);
#6609 = ORIENTED_EDGE('',*,*,#1594,.F.);
#6610 = ADVANCED_FACE('',(#6611),#1583,.F.);
#6611 = FACE_BOUND('',#6612,.F.);
#6612 = EDGE_LOOP('',(#6613,#6614,#6633,#6634));
#6613 = ORIENTED_EDGE('',*,*,#6535,.F.);
#6614 = ORIENTED_EDGE('',*,*,#6615,.F.);
#6615 = EDGE_CURVE('',#6561,#6508,#6616,.T.);
#6616 = SURFACE_CURVE('',#6617,(#6621,#6627),.PCURVE_S1.);
#6617 = LINE('',#6618,#6619);
#6618 = CARTESIAN_POINT('',(0.625,-15.4125,1.5));
#6619 = VECTOR('',#6620,1.);
#6620 = DIRECTION('',(1.110223024625E-16,1.,-0.));
#6621 = PCURVE('',#1583,#6622);
#6622 = DEFINITIONAL_REPRESENTATION('',(#6623),#6626);
#6623 = B_SPLINE_CURVE_WITH_KNOTS('',1,(#6624,#6625),.UNSPECIFIED.,.F.,
  .F.,(2,2),(-39.1625,-0.4125),.PIECEWISE_BEZIER_KNOTS.);
#6624 = CARTESIAN_POINT('',(38.75,-1.5));
#6625 = CARTESIAN_POINT('',(0.,-1.5));
#6626 = ( GEOMETRIC_REPRESENTATION_CONTEXT(2) 
PARAMETRIC_REPRESENTATION_CONTEXT() REPRESENTATION_CONTEXT('2D SPACE',''
  ) );
#6627 = PCURVE('',#4464,#6628);
#6628 = DEFINITIONAL_REPRESENTATION('',(#6629),#6632);
#6629 = B_SPLINE_CURVE_WITH_KNOTS('',1,(#6630,#6631),.UNSPECIFIED.,.F.,
  .F.,(2,2),(-39.1625,-0.4125),.PIECEWISE_BEZIER_KNOTS.);
#6630 = CARTESIAN_POINT('',(75.825,-39.575));
#6631 = CARTESIAN_POINT('',(75.825,-0.825));
#6632 = ( GEOMETRIC_REPRESENTATION_CONTEXT(2) 
PARAMETRIC_REPRESENTATION_CONTEXT() REPRESENTATION_CONTEXT('2D SPACE',''
  ) );
#6633 = ORIENTED_EDGE('',*,*,#6560,.F.);
#6634 = ORIENTED_EDGE('',*,*,#1568,.T.);
#6635 = ADVANCED_FACE('',(#6636),#1644,.F.);
#6636 = FACE_BOUND('',#6637,.F.);
#6637 = EDGE_LOOP('',(#6638,#6661,#6682,#6703));
#6638 = ORIENTED_EDGE('',*,*,#6639,.T.);
#6639 = EDGE_CURVE('',#1630,#6640,#6642,.T.);
#6640 = VERTEX_POINT('',#6641);
#6641 = CARTESIAN_POINT('',(3.125,-54.575,1.5));
#6642 = SURFACE_CURVE('',#6643,(#6647,#6654),.PCURVE_S1.);
#6643 = LINE('',#6644,#6645);
#6644 = CARTESIAN_POINT('',(3.125,-54.575,-5.));
#6645 = VECTOR('',#6646,1.);
#6646 = DIRECTION('',(0.,0.,1.));
#6647 = PCURVE('',#1644,#6648);
#6648 = DEFINITIONAL_REPRESENTATION('',(#6649),#6653);
#6649 = LINE('',#6650,#6651);
#6650 = CARTESIAN_POINT('',(0.,5.));
#6651 = VECTOR('',#6652,1.);
#6652 = DIRECTION('',(0.,-1.));
#6653 = ( GEOMETRIC_REPRESENTATION_CONTEXT(2) 
PARAMETRIC_REPRESENTATION_CONTEXT() REPRESENTATION_CONTEXT('2D SPACE',''
  ) );
#6654 = PCURVE('',#1733,#6655);
#6655 = DEFINITIONAL_REPRESENTATION('',(#6656),#6660);
#6656 = LINE('',#6657,#6658);
#6657 = CARTESIAN_POINT('',(3.14159265359,5.));
#6658 = VECTOR('',#6659,1.);
#6659 = DIRECTION('',(0.,-1.));
#6660 = ( GEOMETRIC_REPRESENTATION_CONTEXT(2) 
PARAMETRIC_REPRESENTATION_CONTEXT() REPRESENTATION_CONTEXT('2D SPACE',''
  ) );
#6661 = ORIENTED_EDGE('',*,*,#6662,.F.);
#6662 = EDGE_CURVE('',#6663,#6640,#6665,.T.);
#6663 = VERTEX_POINT('',#6664);
#6664 = CARTESIAN_POINT('',(3.125,-15.825,1.5));
#6665 = SURFACE_CURVE('',#6666,(#6670,#6676),.PCURVE_S1.);
#6666 = LINE('',#6667,#6668);
#6667 = CARTESIAN_POINT('',(3.125,-34.7875,1.5));
#6668 = VECTOR('',#6669,1.);
#6669 = DIRECTION('',(-1.110223024625E-16,-1.,0.));
#6670 = PCURVE('',#1644,#6671);
#6671 = DEFINITIONAL_REPRESENTATION('',(#6672),#6675);
#6672 = B_SPLINE_CURVE_WITH_KNOTS('',1,(#6673,#6674),.UNSPECIFIED.,.F.,
  .F.,(2,2),(-18.9625,19.7875),.PIECEWISE_BEZIER_KNOTS.);
#6673 = CARTESIAN_POINT('',(38.75,-1.5));
#6674 = CARTESIAN_POINT('',(0.,-1.5));
#6675 = ( GEOMETRIC_REPRESENTATION_CONTEXT(2) 
PARAMETRIC_REPRESENTATION_CONTEXT() REPRESENTATION_CONTEXT('2D SPACE',''
  ) );
#6676 = PCURVE('',#4464,#6677);
#6677 = DEFINITIONAL_REPRESENTATION('',(#6678),#6681);
#6678 = B_SPLINE_CURVE_WITH_KNOTS('',1,(#6679,#6680),.UNSPECIFIED.,.F.,
  .F.,(2,2),(-18.9625,19.7875),.PIECEWISE_BEZIER_KNOTS.);
#6679 = CARTESIAN_POINT('',(78.325,-0.825));
#6680 = CARTESIAN_POINT('',(78.325,-39.575));
#6681 = ( GEOMETRIC_REPRESENTATION_CONTEXT(2) 
PARAMETRIC_REPRESENTATION_CONTEXT() REPRESENTATION_CONTEXT('2D SPACE',''
  ) );
#6682 = ORIENTED_EDGE('',*,*,#6683,.T.);
#6683 = EDGE_CURVE('',#6663,#1628,#6684,.T.);
#6684 = SURFACE_CURVE('',#6685,(#6689,#6696),.PCURVE_S1.);
#6685 = LINE('',#6686,#6687);
#6686 = CARTESIAN_POINT('',(3.125,-15.825,5.));
#6687 = VECTOR('',#6688,1.);
#6688 = DIRECTION('',(0.,0.,-1.));
#6689 = PCURVE('',#1644,#6690);
#6690 = DEFINITIONAL_REPRESENTATION('',(#6691),#6695);
#6691 = LINE('',#6692,#6693);
#6692 = CARTESIAN_POINT('',(38.75,-5.));
#6693 = VECTOR('',#6694,1.);
#6694 = DIRECTION('',(0.,1.));
#6695 = ( GEOMETRIC_REPRESENTATION_CONTEXT(2) 
PARAMETRIC_REPRESENTATION_CONTEXT() REPRESENTATION_CONTEXT('2D SPACE',''
  ) );
#6696 = PCURVE('',#1676,#6697);
#6697 = DEFINITIONAL_REPRESENTATION('',(#6698),#6702);
#6698 = LINE('',#6699,#6700);
#6699 = CARTESIAN_POINT('',(0.,-5.));
#6700 = VECTOR('',#6701,1.);
#6701 = DIRECTION('',(-0.,1.));
#6702 = ( GEOMETRIC_REPRESENTATION_CONTEXT(2) 
PARAMETRIC_REPRESENTATION_CONTEXT() REPRESENTATION_CONTEXT('2D SPACE',''
  ) );
#6703 = ORIENTED_EDGE('',*,*,#1627,.T.);
#6704 = ADVANCED_FACE('',(#6705),#1676,.F.);
#6705 = FACE_BOUND('',#6706,.F.);
#6706 = EDGE_LOOP('',(#6707,#6708,#6736,#6757));
#6707 = ORIENTED_EDGE('',*,*,#6683,.F.);
#6708 = ORIENTED_EDGE('',*,*,#6709,.T.);
#6709 = EDGE_CURVE('',#6663,#6710,#6712,.T.);
#6710 = VERTEX_POINT('',#6711);
#6711 = CARTESIAN_POINT('',(4.375,-15.825,1.5));
#6712 = SURFACE_CURVE('',#6713,(#6718,#6725),.PCURVE_S1.);
#6713 = CIRCLE('',#6714,0.625);
#6714 = AXIS2_PLACEMENT_3D('',#6715,#6716,#6717);
#6715 = CARTESIAN_POINT('',(3.75,-15.825,1.5));
#6716 = DIRECTION('',(0.,0.,-1.));
#6717 = DIRECTION('',(-1.,1.110223024625E-16,0.));
#6718 = PCURVE('',#1676,#6719);
#6719 = DEFINITIONAL_REPRESENTATION('',(#6720),#6724);
#6720 = LINE('',#6721,#6722);
#6721 = CARTESIAN_POINT('',(0.,-1.5));
#6722 = VECTOR('',#6723,1.);
#6723 = DIRECTION('',(1.,0.));
#6724 = ( GEOMETRIC_REPRESENTATION_CONTEXT(2) 
PARAMETRIC_REPRESENTATION_CONTEXT() REPRESENTATION_CONTEXT('2D SPACE',''
  ) );
#6725 = PCURVE('',#4464,#6726);
#6726 = DEFINITIONAL_REPRESENTATION('',(#6727),#6735);
#6727 = ( BOUNDED_CURVE() B_SPLINE_CURVE(2,(#6728,#6729,#6730,#6731,
#6732,#6733,#6734),.UNSPECIFIED.,.T.,.F.) B_SPLINE_CURVE_WITH_KNOTS((1,2
    ,2,2,2,1),(-2.094395102393,0.,2.094395102393,4.188790204786,
6.28318530718,8.377580409573),.UNSPECIFIED.) CURVE() 
GEOMETRIC_REPRESENTATION_ITEM() RATIONAL_B_SPLINE_CURVE((1.,0.5,1.,0.5,
1.,0.5,1.)) REPRESENTATION_ITEM('') );
#6728 = CARTESIAN_POINT('',(78.325,-0.825));
#6729 = CARTESIAN_POINT('',(78.325,0.257531754731));
#6730 = CARTESIAN_POINT('',(79.2625,-0.283734122635));
#6731 = CARTESIAN_POINT('',(80.2,-0.825));
#6732 = CARTESIAN_POINT('',(79.2625,-1.366265877365));
#6733 = CARTESIAN_POINT('',(78.325,-1.907531754731));
#6734 = CARTESIAN_POINT('',(78.325,-0.825));
#6735 = ( GEOMETRIC_REPRESENTATION_CONTEXT(2) 
PARAMETRIC_REPRESENTATION_CONTEXT() REPRESENTATION_CONTEXT('2D SPACE',''
  ) );
#6736 = ORIENTED_EDGE('',*,*,#6737,.T.);
#6737 = EDGE_CURVE('',#6710,#1656,#6738,.T.);
#6738 = SURFACE_CURVE('',#6739,(#6743,#6750),.PCURVE_S1.);
#6739 = LINE('',#6740,#6741);
#6740 = CARTESIAN_POINT('',(4.375,-15.825,5.));
#6741 = VECTOR('',#6742,1.);
#6742 = DIRECTION('',(0.,0.,-1.));
#6743 = PCURVE('',#1676,#6744);
#6744 = DEFINITIONAL_REPRESENTATION('',(#6745),#6749);
#6745 = LINE('',#6746,#6747);
#6746 = CARTESIAN_POINT('',(3.14159265359,-5.));
#6747 = VECTOR('',#6748,1.);
#6748 = DIRECTION('',(-0.,1.));
#6749 = ( GEOMETRIC_REPRESENTATION_CONTEXT(2) 
PARAMETRIC_REPRESENTATION_CONTEXT() REPRESENTATION_CONTEXT('2D SPACE',''
  ) );
#6750 = PCURVE('',#1703,#6751);
#6751 = DEFINITIONAL_REPRESENTATION('',(#6752),#6756);
#6752 = LINE('',#6753,#6754);
#6753 = CARTESIAN_POINT('',(0.,-5.));
#6754 = VECTOR('',#6755,1.);
#6755 = DIRECTION('',(-0.,1.));
#6756 = ( GEOMETRIC_REPRESENTATION_CONTEXT(2) 
PARAMETRIC_REPRESENTATION_CONTEXT() REPRESENTATION_CONTEXT('2D SPACE',''
  ) );
#6757 = ORIENTED_EDGE('',*,*,#1655,.F.);
#6758 = ADVANCED_FACE('',(#6759),#1733,.F.);
#6759 = FACE_BOUND('',#6760,.F.);
#6760 = EDGE_LOOP('',(#6761,#6784,#6810,#6811));
#6761 = ORIENTED_EDGE('',*,*,#6762,.T.);
#6762 = EDGE_CURVE('',#1689,#6763,#6765,.T.);
#6763 = VERTEX_POINT('',#6764);
#6764 = CARTESIAN_POINT('',(4.375,-54.575,1.5));
#6765 = SURFACE_CURVE('',#6766,(#6770,#6777),.PCURVE_S1.);
#6766 = LINE('',#6767,#6768);
#6767 = CARTESIAN_POINT('',(4.375,-54.575,-5.));
#6768 = VECTOR('',#6769,1.);
#6769 = DIRECTION('',(0.,0.,1.));
#6770 = PCURVE('',#1733,#6771);
#6771 = DEFINITIONAL_REPRESENTATION('',(#6772),#6776);
#6772 = LINE('',#6773,#6774);
#6773 = CARTESIAN_POINT('',(0.,5.));
#6774 = VECTOR('',#6775,1.);
#6775 = DIRECTION('',(0.,-1.));
#6776 = ( GEOMETRIC_REPRESENTATION_CONTEXT(2) 
PARAMETRIC_REPRESENTATION_CONTEXT() REPRESENTATION_CONTEXT('2D SPACE',''
  ) );
#6777 = PCURVE('',#1703,#6778);
#6778 = DEFINITIONAL_REPRESENTATION('',(#6779),#6783);
#6779 = LINE('',#6780,#6781);
#6780 = CARTESIAN_POINT('',(38.75,5.));
#6781 = VECTOR('',#6782,1.);
#6782 = DIRECTION('',(0.,-1.));
#6783 = ( GEOMETRIC_REPRESENTATION_CONTEXT(2) 
PARAMETRIC_REPRESENTATION_CONTEXT() REPRESENTATION_CONTEXT('2D SPACE',''
  ) );
#6784 = ORIENTED_EDGE('',*,*,#6785,.T.);
#6785 = EDGE_CURVE('',#6763,#6640,#6786,.T.);
#6786 = SURFACE_CURVE('',#6787,(#6792,#6799),.PCURVE_S1.);
#6787 = CIRCLE('',#6788,0.625);
#6788 = AXIS2_PLACEMENT_3D('',#6789,#6790,#6791);
#6789 = CARTESIAN_POINT('',(3.75,-54.575,1.5));
#6790 = DIRECTION('',(0.,-0.,-1.));
#6791 = DIRECTION('',(1.,-1.110223024625E-16,0.));
#6792 = PCURVE('',#1733,#6793);
#6793 = DEFINITIONAL_REPRESENTATION('',(#6794),#6798);
#6794 = LINE('',#6795,#6796);
#6795 = CARTESIAN_POINT('',(0.,-1.5));
#6796 = VECTOR('',#6797,1.);
#6797 = DIRECTION('',(1.,0.));
#6798 = ( GEOMETRIC_REPRESENTATION_CONTEXT(2) 
PARAMETRIC_REPRESENTATION_CONTEXT() REPRESENTATION_CONTEXT('2D SPACE',''
  ) );
#6799 = PCURVE('',#4464,#6800);
#6800 = DEFINITIONAL_REPRESENTATION('',(#6801),#6809);
#6801 = ( BOUNDED_CURVE() B_SPLINE_CURVE(2,(#6802,#6803,#6804,#6805,
#6806,#6807,#6808),.UNSPECIFIED.,.T.,.F.) B_SPLINE_CURVE_WITH_KNOTS((1,2
    ,2,2,2,1),(-2.094395102393,0.,2.094395102393,4.188790204786,
6.28318530718,8.377580409573),.UNSPECIFIED.) CURVE() 
GEOMETRIC_REPRESENTATION_ITEM() RATIONAL_B_SPLINE_CURVE((1.,0.5,1.,0.5,
1.,0.5,1.)) REPRESENTATION_ITEM('') );
#6802 = CARTESIAN_POINT('',(79.575,-39.575));
#6803 = CARTESIAN_POINT('',(79.575,-40.65753175473));
#6804 = CARTESIAN_POINT('',(78.6375,-40.11626587736));
#6805 = CARTESIAN_POINT('',(77.7,-39.575));
#6806 = CARTESIAN_POINT('',(78.6375,-39.03373412263));
#6807 = CARTESIAN_POINT('',(79.575,-38.49246824526));
#6808 = CARTESIAN_POINT('',(79.575,-39.575));
#6809 = ( GEOMETRIC_REPRESENTATION_CONTEXT(2) 
PARAMETRIC_REPRESENTATION_CONTEXT() REPRESENTATION_CONTEXT('2D SPACE',''
  ) );
#6810 = ORIENTED_EDGE('',*,*,#6639,.F.);
#6811 = ORIENTED_EDGE('',*,*,#1714,.F.);
#6812 = ADVANCED_FACE('',(#6813),#1703,.F.);
#6813 = FACE_BOUND('',#6814,.F.);
#6814 = EDGE_LOOP('',(#6815,#6816,#6835,#6836));
#6815 = ORIENTED_EDGE('',*,*,#6737,.F.);
#6816 = ORIENTED_EDGE('',*,*,#6817,.F.);
#6817 = EDGE_CURVE('',#6763,#6710,#6818,.T.);
#6818 = SURFACE_CURVE('',#6819,(#6823,#6829),.PCURVE_S1.);
#6819 = LINE('',#6820,#6821);
#6820 = CARTESIAN_POINT('',(4.375,-15.4125,1.5));
#6821 = VECTOR('',#6822,1.);
#6822 = DIRECTION('',(1.110223024625E-16,1.,-0.));
#6823 = PCURVE('',#1703,#6824);
#6824 = DEFINITIONAL_REPRESENTATION('',(#6825),#6828);
#6825 = B_SPLINE_CURVE_WITH_KNOTS('',1,(#6826,#6827),.UNSPECIFIED.,.F.,
  .F.,(2,2),(-39.1625,-0.4125),.PIECEWISE_BEZIER_KNOTS.);
#6826 = CARTESIAN_POINT('',(38.75,-1.5));
#6827 = CARTESIAN_POINT('',(0.,-1.5));
#6828 = ( GEOMETRIC_REPRESENTATION_CONTEXT(2) 
PARAMETRIC_REPRESENTATION_CONTEXT() REPRESENTATION_CONTEXT('2D SPACE',''
  ) );
#6829 = PCURVE('',#4464,#6830);
#6830 = DEFINITIONAL_REPRESENTATION('',(#6831),#6834);
#6831 = B_SPLINE_CURVE_WITH_KNOTS('',1,(#6832,#6833),.UNSPECIFIED.,.F.,
  .F.,(2,2),(-39.1625,-0.4125),.PIECEWISE_BEZIER_KNOTS.);
#6832 = CARTESIAN_POINT('',(79.575,-39.575));
#6833 = CARTESIAN_POINT('',(79.575,-0.825));
#6834 = ( GEOMETRIC_REPRESENTATION_CONTEXT(2) 
PARAMETRIC_REPRESENTATION_CONTEXT() REPRESENTATION_CONTEXT('2D SPACE',''
  ) );
#6835 = ORIENTED_EDGE('',*,*,#6762,.F.);
#6836 = ORIENTED_EDGE('',*,*,#1688,.T.);
#6837 = ADVANCED_FACE('',(#6838),#1764,.F.);
#6838 = FACE_BOUND('',#6839,.F.);
#6839 = EDGE_LOOP('',(#6840,#6863,#6884,#6905));
#6840 = ORIENTED_EDGE('',*,*,#6841,.T.);
#6841 = EDGE_CURVE('',#1750,#6842,#6844,.T.);
#6842 = VERTEX_POINT('',#6843);
#6843 = CARTESIAN_POINT('',(6.875,-54.575,1.5));
#6844 = SURFACE_CURVE('',#6845,(#6849,#6856),.PCURVE_S1.);
#6845 = LINE('',#6846,#6847);
#6846 = CARTESIAN_POINT('',(6.875,-54.575,-5.));
#6847 = VECTOR('',#6848,1.);
#6848 = DIRECTION('',(0.,0.,1.));
#6849 = PCURVE('',#1764,#6850);
#6850 = DEFINITIONAL_REPRESENTATION('',(#6851),#6855);
#6851 = LINE('',#6852,#6853);
#6852 = CARTESIAN_POINT('',(0.,5.));
#6853 = VECTOR('',#6854,1.);
#6854 = DIRECTION('',(0.,-1.));
#6855 = ( GEOMETRIC_REPRESENTATION_CONTEXT(2) 
PARAMETRIC_REPRESENTATION_CONTEXT() REPRESENTATION_CONTEXT('2D SPACE',''
  ) );
#6856 = PCURVE('',#1853,#6857);
#6857 = DEFINITIONAL_REPRESENTATION('',(#6858),#6862);
#6858 = LINE('',#6859,#6860);
#6859 = CARTESIAN_POINT('',(3.14159265359,5.));
#6860 = VECTOR('',#6861,1.);
#6861 = DIRECTION('',(0.,-1.));
#6862 = ( GEOMETRIC_REPRESENTATION_CONTEXT(2) 
PARAMETRIC_REPRESENTATION_CONTEXT() REPRESENTATION_CONTEXT('2D SPACE',''
  ) );
#6863 = ORIENTED_EDGE('',*,*,#6864,.F.);
#6864 = EDGE_CURVE('',#6865,#6842,#6867,.T.);
#6865 = VERTEX_POINT('',#6866);
#6866 = CARTESIAN_POINT('',(6.875,-15.825,1.5));
#6867 = SURFACE_CURVE('',#6868,(#6872,#6878),.PCURVE_S1.);
#6868 = LINE('',#6869,#6870);
#6869 = CARTESIAN_POINT('',(6.875,-34.7875,1.5));
#6870 = VECTOR('',#6871,1.);
#6871 = DIRECTION('',(-1.110223024625E-16,-1.,0.));
#6872 = PCURVE('',#1764,#6873);
#6873 = DEFINITIONAL_REPRESENTATION('',(#6874),#6877);
#6874 = B_SPLINE_CURVE_WITH_KNOTS('',1,(#6875,#6876),.UNSPECIFIED.,.F.,
  .F.,(2,2),(-18.9625,19.7875),.PIECEWISE_BEZIER_KNOTS.);
#6875 = CARTESIAN_POINT('',(38.75,-1.5));
#6876 = CARTESIAN_POINT('',(0.,-1.5));
#6877 = ( GEOMETRIC_REPRESENTATION_CONTEXT(2) 
PARAMETRIC_REPRESENTATION_CONTEXT() REPRESENTATION_CONTEXT('2D SPACE',''
  ) );
#6878 = PCURVE('',#4464,#6879);
#6879 = DEFINITIONAL_REPRESENTATION('',(#6880),#6883);
#6880 = B_SPLINE_CURVE_WITH_KNOTS('',1,(#6881,#6882),.UNSPECIFIED.,.F.,
  .F.,(2,2),(-18.9625,19.7875),.PIECEWISE_BEZIER_KNOTS.);
#6881 = CARTESIAN_POINT('',(82.075,-0.825));
#6882 = CARTESIAN_POINT('',(82.075,-39.575));
#6883 = ( GEOMETRIC_REPRESENTATION_CONTEXT(2) 
PARAMETRIC_REPRESENTATION_CONTEXT() REPRESENTATION_CONTEXT('2D SPACE',''
  ) );
#6884 = ORIENTED_EDGE('',*,*,#6885,.T.);
#6885 = EDGE_CURVE('',#6865,#1748,#6886,.T.);
#6886 = SURFACE_CURVE('',#6887,(#6891,#6898),.PCURVE_S1.);
#6887 = LINE('',#6888,#6889);
#6888 = CARTESIAN_POINT('',(6.875,-15.825,5.));
#6889 = VECTOR('',#6890,1.);
#6890 = DIRECTION('',(0.,0.,-1.));
#6891 = PCURVE('',#1764,#6892);
#6892 = DEFINITIONAL_REPRESENTATION('',(#6893),#6897);
#6893 = LINE('',#6894,#6895);
#6894 = CARTESIAN_POINT('',(38.75,-5.));
#6895 = VECTOR('',#6896,1.);
#6896 = DIRECTION('',(0.,1.));
#6897 = ( GEOMETRIC_REPRESENTATION_CONTEXT(2) 
PARAMETRIC_REPRESENTATION_CONTEXT() REPRESENTATION_CONTEXT('2D SPACE',''
  ) );
#6898 = PCURVE('',#1796,#6899);
#6899 = DEFINITIONAL_REPRESENTATION('',(#6900),#6904);
#6900 = LINE('',#6901,#6902);
#6901 = CARTESIAN_POINT('',(0.,-5.));
#6902 = VECTOR('',#6903,1.);
#6903 = DIRECTION('',(-0.,1.));
#6904 = ( GEOMETRIC_REPRESENTATION_CONTEXT(2) 
PARAMETRIC_REPRESENTATION_CONTEXT() REPRESENTATION_CONTEXT('2D SPACE',''
  ) );
#6905 = ORIENTED_EDGE('',*,*,#1747,.T.);
#6906 = ADVANCED_FACE('',(#6907),#1796,.F.);
#6907 = FACE_BOUND('',#6908,.F.);
#6908 = EDGE_LOOP('',(#6909,#6910,#6938,#6959));
#6909 = ORIENTED_EDGE('',*,*,#6885,.F.);
#6910 = ORIENTED_EDGE('',*,*,#6911,.T.);
#6911 = EDGE_CURVE('',#6865,#6912,#6914,.T.);
#6912 = VERTEX_POINT('',#6913);
#6913 = CARTESIAN_POINT('',(8.125,-15.825,1.5));
#6914 = SURFACE_CURVE('',#6915,(#6920,#6927),.PCURVE_S1.);
#6915 = CIRCLE('',#6916,0.625);
#6916 = AXIS2_PLACEMENT_3D('',#6917,#6918,#6919);
#6917 = CARTESIAN_POINT('',(7.5,-15.825,1.5));
#6918 = DIRECTION('',(0.,0.,-1.));
#6919 = DIRECTION('',(-1.,1.110223024625E-16,0.));
#6920 = PCURVE('',#1796,#6921);
#6921 = DEFINITIONAL_REPRESENTATION('',(#6922),#6926);
#6922 = LINE('',#6923,#6924);
#6923 = CARTESIAN_POINT('',(0.,-1.5));
#6924 = VECTOR('',#6925,1.);
#6925 = DIRECTION('',(1.,0.));
#6926 = ( GEOMETRIC_REPRESENTATION_CONTEXT(2) 
PARAMETRIC_REPRESENTATION_CONTEXT() REPRESENTATION_CONTEXT('2D SPACE',''
  ) );
#6927 = PCURVE('',#4464,#6928);
#6928 = DEFINITIONAL_REPRESENTATION('',(#6929),#6937);
#6929 = ( BOUNDED_CURVE() B_SPLINE_CURVE(2,(#6930,#6931,#6932,#6933,
#6934,#6935,#6936),.UNSPECIFIED.,.T.,.F.) B_SPLINE_CURVE_WITH_KNOTS((1,2
    ,2,2,2,1),(-2.094395102393,0.,2.094395102393,4.188790204786,
6.28318530718,8.377580409573),.UNSPECIFIED.) CURVE() 
GEOMETRIC_REPRESENTATION_ITEM() RATIONAL_B_SPLINE_CURVE((1.,0.5,1.,0.5,
1.,0.5,1.)) REPRESENTATION_ITEM('') );
#6930 = CARTESIAN_POINT('',(82.075,-0.825));
#6931 = CARTESIAN_POINT('',(82.075,0.257531754731));
#6932 = CARTESIAN_POINT('',(83.0125,-0.283734122635));
#6933 = CARTESIAN_POINT('',(83.95,-0.825));
#6934 = CARTESIAN_POINT('',(83.0125,-1.366265877365));
#6935 = CARTESIAN_POINT('',(82.075,-1.907531754731));
#6936 = CARTESIAN_POINT('',(82.075,-0.825));
#6937 = ( GEOMETRIC_REPRESENTATION_CONTEXT(2) 
PARAMETRIC_REPRESENTATION_CONTEXT() REPRESENTATION_CONTEXT('2D SPACE',''
  ) );
#6938 = ORIENTED_EDGE('',*,*,#6939,.T.);
#6939 = EDGE_CURVE('',#6912,#1776,#6940,.T.);
#6940 = SURFACE_CURVE('',#6941,(#6945,#6952),.PCURVE_S1.);
#6941 = LINE('',#6942,#6943);
#6942 = CARTESIAN_POINT('',(8.125,-15.825,5.));
#6943 = VECTOR('',#6944,1.);
#6944 = DIRECTION('',(0.,0.,-1.));
#6945 = PCURVE('',#1796,#6946);
#6946 = DEFINITIONAL_REPRESENTATION('',(#6947),#6951);
#6947 = LINE('',#6948,#6949);
#6948 = CARTESIAN_POINT('',(3.14159265359,-5.));
#6949 = VECTOR('',#6950,1.);
#6950 = DIRECTION('',(-0.,1.));
#6951 = ( GEOMETRIC_REPRESENTATION_CONTEXT(2) 
PARAMETRIC_REPRESENTATION_CONTEXT() REPRESENTATION_CONTEXT('2D SPACE',''
  ) );
#6952 = PCURVE('',#1823,#6953);
#6953 = DEFINITIONAL_REPRESENTATION('',(#6954),#6958);
#6954 = LINE('',#6955,#6956);
#6955 = CARTESIAN_POINT('',(0.,-5.));
#6956 = VECTOR('',#6957,1.);
#6957 = DIRECTION('',(-0.,1.));
#6958 = ( GEOMETRIC_REPRESENTATION_CONTEXT(2) 
PARAMETRIC_REPRESENTATION_CONTEXT() REPRESENTATION_CONTEXT('2D SPACE',''
  ) );
#6959 = ORIENTED_EDGE('',*,*,#1775,.F.);
#6960 = ADVANCED_FACE('',(#6961),#1853,.F.);
#6961 = FACE_BOUND('',#6962,.F.);
#6962 = EDGE_LOOP('',(#6963,#6986,#7012,#7013));
#6963 = ORIENTED_EDGE('',*,*,#6964,.T.);
#6964 = EDGE_CURVE('',#1809,#6965,#6967,.T.);
#6965 = VERTEX_POINT('',#6966);
#6966 = CARTESIAN_POINT('',(8.125,-54.575,1.5));
#6967 = SURFACE_CURVE('',#6968,(#6972,#6979),.PCURVE_S1.);
#6968 = LINE('',#6969,#6970);
#6969 = CARTESIAN_POINT('',(8.125,-54.575,-5.));
#6970 = VECTOR('',#6971,1.);
#6971 = DIRECTION('',(0.,0.,1.));
#6972 = PCURVE('',#1853,#6973);
#6973 = DEFINITIONAL_REPRESENTATION('',(#6974),#6978);
#6974 = LINE('',#6975,#6976);
#6975 = CARTESIAN_POINT('',(0.,5.));
#6976 = VECTOR('',#6977,1.);
#6977 = DIRECTION('',(0.,-1.));
#6978 = ( GEOMETRIC_REPRESENTATION_CONTEXT(2) 
PARAMETRIC_REPRESENTATION_CONTEXT() REPRESENTATION_CONTEXT('2D SPACE',''
  ) );
#6979 = PCURVE('',#1823,#6980);
#6980 = DEFINITIONAL_REPRESENTATION('',(#6981),#6985);
#6981 = LINE('',#6982,#6983);
#6982 = CARTESIAN_POINT('',(38.75,5.));
#6983 = VECTOR('',#6984,1.);
#6984 = DIRECTION('',(0.,-1.));
#6985 = ( GEOMETRIC_REPRESENTATION_CONTEXT(2) 
PARAMETRIC_REPRESENTATION_CONTEXT() REPRESENTATION_CONTEXT('2D SPACE',''
  ) );
#6986 = ORIENTED_EDGE('',*,*,#6987,.T.);
#6987 = EDGE_CURVE('',#6965,#6842,#6988,.T.);
#6988 = SURFACE_CURVE('',#6989,(#6994,#7001),.PCURVE_S1.);
#6989 = CIRCLE('',#6990,0.625);
#6990 = AXIS2_PLACEMENT_3D('',#6991,#6992,#6993);
#6991 = CARTESIAN_POINT('',(7.5,-54.575,1.5));
#6992 = DIRECTION('',(0.,-0.,-1.));
#6993 = DIRECTION('',(1.,-1.110223024625E-16,0.));
#6994 = PCURVE('',#1853,#6995);
#6995 = DEFINITIONAL_REPRESENTATION('',(#6996),#7000);
#6996 = LINE('',#6997,#6998);
#6997 = CARTESIAN_POINT('',(0.,-1.5));
#6998 = VECTOR('',#6999,1.);
#6999 = DIRECTION('',(1.,0.));
#7000 = ( GEOMETRIC_REPRESENTATION_CONTEXT(2) 
PARAMETRIC_REPRESENTATION_CONTEXT() REPRESENTATION_CONTEXT('2D SPACE',''
  ) );
#7001 = PCURVE('',#4464,#7002);
#7002 = DEFINITIONAL_REPRESENTATION('',(#7003),#7011);
#7003 = ( BOUNDED_CURVE() B_SPLINE_CURVE(2,(#7004,#7005,#7006,#7007,
#7008,#7009,#7010),.UNSPECIFIED.,.T.,.F.) B_SPLINE_CURVE_WITH_KNOTS((1,2
    ,2,2,2,1),(-2.094395102393,0.,2.094395102393,4.188790204786,
6.28318530718,8.377580409573),.UNSPECIFIED.) CURVE() 
GEOMETRIC_REPRESENTATION_ITEM() RATIONAL_B_SPLINE_CURVE((1.,0.5,1.,0.5,
1.,0.5,1.)) REPRESENTATION_ITEM('') );
#7004 = CARTESIAN_POINT('',(83.325,-39.575));
#7005 = CARTESIAN_POINT('',(83.325,-40.65753175473));
#7006 = CARTESIAN_POINT('',(82.3875,-40.11626587736));
#7007 = CARTESIAN_POINT('',(81.45,-39.575));
#7008 = CARTESIAN_POINT('',(82.3875,-39.03373412263));
#7009 = CARTESIAN_POINT('',(83.325,-38.49246824526));
#7010 = CARTESIAN_POINT('',(83.325,-39.575));
#7011 = ( GEOMETRIC_REPRESENTATION_CONTEXT(2) 
PARAMETRIC_REPRESENTATION_CONTEXT() REPRESENTATION_CONTEXT('2D SPACE',''
  ) );
#7012 = ORIENTED_EDGE('',*,*,#6841,.F.);
#7013 = ORIENTED_EDGE('',*,*,#1834,.F.);
#7014 = ADVANCED_FACE('',(#7015),#1823,.F.);
#7015 = FACE_BOUND('',#7016,.F.);
#7016 = EDGE_LOOP('',(#7017,#7018,#7037,#7038));
#7017 = ORIENTED_EDGE('',*,*,#6939,.F.);
#7018 = ORIENTED_EDGE('',*,*,#7019,.F.);
#7019 = EDGE_CURVE('',#6965,#6912,#7020,.T.);
#7020 = SURFACE_CURVE('',#7021,(#7025,#7031),.PCURVE_S1.);
#7021 = LINE('',#7022,#7023);
#7022 = CARTESIAN_POINT('',(8.125,-15.4125,1.5));
#7023 = VECTOR('',#7024,1.);
#7024 = DIRECTION('',(1.110223024625E-16,1.,-0.));
#7025 = PCURVE('',#1823,#7026);
#7026 = DEFINITIONAL_REPRESENTATION('',(#7027),#7030);
#7027 = B_SPLINE_CURVE_WITH_KNOTS('',1,(#7028,#7029),.UNSPECIFIED.,.F.,
  .F.,(2,2),(-39.1625,-0.4125),.PIECEWISE_BEZIER_KNOTS.);
#7028 = CARTESIAN_POINT('',(38.75,-1.5));
#7029 = CARTESIAN_POINT('',(0.,-1.5));
#7030 = ( GEOMETRIC_REPRESENTATION_CONTEXT(2) 
PARAMETRIC_REPRESENTATION_CONTEXT() REPRESENTATION_CONTEXT('2D SPACE',''
  ) );
#7031 = PCURVE('',#4464,#7032);
#7032 = DEFINITIONAL_REPRESENTATION('',(#7033),#7036);
#7033 = B_SPLINE_CURVE_WITH_KNOTS('',1,(#7034,#7035),.UNSPECIFIED.,.F.,
  .F.,(2,2),(-39.1625,-0.4125),.PIECEWISE_BEZIER_KNOTS.);
#7034 = CARTESIAN_POINT('',(83.325,-39.575));
#7035 = CARTESIAN_POINT('',(83.325,-0.825));
#7036 = ( GEOMETRIC_REPRESENTATION_CONTEXT(2) 
PARAMETRIC_REPRESENTATION_CONTEXT() REPRESENTATION_CONTEXT('2D SPACE',''
  ) );
#7037 = ORIENTED_EDGE('',*,*,#6964,.F.);
#7038 = ORIENTED_EDGE('',*,*,#1808,.T.);
#7039 = ADVANCED_FACE('',(#7040),#1884,.F.);
#7040 = FACE_BOUND('',#7041,.F.);
#7041 = EDGE_LOOP('',(#7042,#7065,#7086,#7107));
#7042 = ORIENTED_EDGE('',*,*,#7043,.T.);
#7043 = EDGE_CURVE('',#1870,#7044,#7046,.T.);
#7044 = VERTEX_POINT('',#7045);
#7045 = CARTESIAN_POINT('',(10.625,-54.575,1.5));
#7046 = SURFACE_CURVE('',#7047,(#7051,#7058),.PCURVE_S1.);
#7047 = LINE('',#7048,#7049);
#7048 = CARTESIAN_POINT('',(10.625,-54.575,-5.));
#7049 = VECTOR('',#7050,1.);
#7050 = DIRECTION('',(0.,0.,1.));
#7051 = PCURVE('',#1884,#7052);
#7052 = DEFINITIONAL_REPRESENTATION('',(#7053),#7057);
#7053 = LINE('',#7054,#7055);
#7054 = CARTESIAN_POINT('',(0.,5.));
#7055 = VECTOR('',#7056,1.);
#7056 = DIRECTION('',(0.,-1.));
#7057 = ( GEOMETRIC_REPRESENTATION_CONTEXT(2) 
PARAMETRIC_REPRESENTATION_CONTEXT() REPRESENTATION_CONTEXT('2D SPACE',''
  ) );
#7058 = PCURVE('',#1973,#7059);
#7059 = DEFINITIONAL_REPRESENTATION('',(#7060),#7064);
#7060 = LINE('',#7061,#7062);
#7061 = CARTESIAN_POINT('',(3.14159265359,5.));
#7062 = VECTOR('',#7063,1.);
#7063 = DIRECTION('',(0.,-1.));
#7064 = ( GEOMETRIC_REPRESENTATION_CONTEXT(2) 
PARAMETRIC_REPRESENTATION_CONTEXT() REPRESENTATION_CONTEXT('2D SPACE',''
  ) );
#7065 = ORIENTED_EDGE('',*,*,#7066,.F.);
#7066 = EDGE_CURVE('',#7067,#7044,#7069,.T.);
#7067 = VERTEX_POINT('',#7068);
#7068 = CARTESIAN_POINT('',(10.625,-15.825,1.5));
#7069 = SURFACE_CURVE('',#7070,(#7074,#7080),.PCURVE_S1.);
#7070 = LINE('',#7071,#7072);
#7071 = CARTESIAN_POINT('',(10.625,-34.7875,1.5));
#7072 = VECTOR('',#7073,1.);
#7073 = DIRECTION('',(-1.110223024625E-16,-1.,0.));
#7074 = PCURVE('',#1884,#7075);
#7075 = DEFINITIONAL_REPRESENTATION('',(#7076),#7079);
#7076 = B_SPLINE_CURVE_WITH_KNOTS('',1,(#7077,#7078),.UNSPECIFIED.,.F.,
  .F.,(2,2),(-18.9625,19.7875),.PIECEWISE_BEZIER_KNOTS.);
#7077 = CARTESIAN_POINT('',(38.75,-1.5));
#7078 = CARTESIAN_POINT('',(0.,-1.5));
#7079 = ( GEOMETRIC_REPRESENTATION_CONTEXT(2) 
PARAMETRIC_REPRESENTATION_CONTEXT() REPRESENTATION_CONTEXT('2D SPACE',''
  ) );
#7080 = PCURVE('',#4464,#7081);
#7081 = DEFINITIONAL_REPRESENTATION('',(#7082),#7085);
#7082 = B_SPLINE_CURVE_WITH_KNOTS('',1,(#7083,#7084),.UNSPECIFIED.,.F.,
  .F.,(2,2),(-18.9625,19.7875),.PIECEWISE_BEZIER_KNOTS.);
#7083 = CARTESIAN_POINT('',(85.825,-0.825));
#7084 = CARTESIAN_POINT('',(85.825,-39.575));
#7085 = ( GEOMETRIC_REPRESENTATION_CONTEXT(2) 
PARAMETRIC_REPRESENTATION_CONTEXT() REPRESENTATION_CONTEXT('2D SPACE',''
  ) );
#7086 = ORIENTED_EDGE('',*,*,#7087,.T.);
#7087 = EDGE_CURVE('',#7067,#1868,#7088,.T.);
#7088 = SURFACE_CURVE('',#7089,(#7093,#7100),.PCURVE_S1.);
#7089 = LINE('',#7090,#7091);
#7090 = CARTESIAN_POINT('',(10.625,-15.825,5.));
#7091 = VECTOR('',#7092,1.);
#7092 = DIRECTION('',(0.,0.,-1.));
#7093 = PCURVE('',#1884,#7094);
#7094 = DEFINITIONAL_REPRESENTATION('',(#7095),#7099);
#7095 = LINE('',#7096,#7097);
#7096 = CARTESIAN_POINT('',(38.75,-5.));
#7097 = VECTOR('',#7098,1.);
#7098 = DIRECTION('',(0.,1.));
#7099 = ( GEOMETRIC_REPRESENTATION_CONTEXT(2) 
PARAMETRIC_REPRESENTATION_CONTEXT() REPRESENTATION_CONTEXT('2D SPACE',''
  ) );
#7100 = PCURVE('',#1916,#7101);
#7101 = DEFINITIONAL_REPRESENTATION('',(#7102),#7106);
#7102 = LINE('',#7103,#7104);
#7103 = CARTESIAN_POINT('',(0.,-5.));
#7104 = VECTOR('',#7105,1.);
#7105 = DIRECTION('',(-0.,1.));
#7106 = ( GEOMETRIC_REPRESENTATION_CONTEXT(2) 
PARAMETRIC_REPRESENTATION_CONTEXT() REPRESENTATION_CONTEXT('2D SPACE',''
  ) );
#7107 = ORIENTED_EDGE('',*,*,#1867,.T.);
#7108 = ADVANCED_FACE('',(#7109),#1916,.F.);
#7109 = FACE_BOUND('',#7110,.F.);
#7110 = EDGE_LOOP('',(#7111,#7112,#7140,#7161));
#7111 = ORIENTED_EDGE('',*,*,#7087,.F.);
#7112 = ORIENTED_EDGE('',*,*,#7113,.T.);
#7113 = EDGE_CURVE('',#7067,#7114,#7116,.T.);
#7114 = VERTEX_POINT('',#7115);
#7115 = CARTESIAN_POINT('',(11.875,-15.825,1.5));
#7116 = SURFACE_CURVE('',#7117,(#7122,#7129),.PCURVE_S1.);
#7117 = CIRCLE('',#7118,0.625);
#7118 = AXIS2_PLACEMENT_3D('',#7119,#7120,#7121);
#7119 = CARTESIAN_POINT('',(11.25,-15.825,1.5));
#7120 = DIRECTION('',(0.,0.,-1.));
#7121 = DIRECTION('',(-1.,1.110223024625E-16,0.));
#7122 = PCURVE('',#1916,#7123);
#7123 = DEFINITIONAL_REPRESENTATION('',(#7124),#7128);
#7124 = LINE('',#7125,#7126);
#7125 = CARTESIAN_POINT('',(0.,-1.5));
#7126 = VECTOR('',#7127,1.);
#7127 = DIRECTION('',(1.,0.));
#7128 = ( GEOMETRIC_REPRESENTATION_CONTEXT(2) 
PARAMETRIC_REPRESENTATION_CONTEXT() REPRESENTATION_CONTEXT('2D SPACE',''
  ) );
#7129 = PCURVE('',#4464,#7130);
#7130 = DEFINITIONAL_REPRESENTATION('',(#7131),#7139);
#7131 = ( BOUNDED_CURVE() B_SPLINE_CURVE(2,(#7132,#7133,#7134,#7135,
#7136,#7137,#7138),.UNSPECIFIED.,.T.,.F.) B_SPLINE_CURVE_WITH_KNOTS((1,2
    ,2,2,2,1),(-2.094395102393,0.,2.094395102393,4.188790204786,
6.28318530718,8.377580409573),.UNSPECIFIED.) CURVE() 
GEOMETRIC_REPRESENTATION_ITEM() RATIONAL_B_SPLINE_CURVE((1.,0.5,1.,0.5,
1.,0.5,1.)) REPRESENTATION_ITEM('') );
#7132 = CARTESIAN_POINT('',(85.825,-0.825));
#7133 = CARTESIAN_POINT('',(85.825,0.257531754731));
#7134 = CARTESIAN_POINT('',(86.7625,-0.283734122635));
#7135 = CARTESIAN_POINT('',(87.7,-0.825));
#7136 = CARTESIAN_POINT('',(86.7625,-1.366265877365));
#7137 = CARTESIAN_POINT('',(85.825,-1.907531754731));
#7138 = CARTESIAN_POINT('',(85.825,-0.825));
#7139 = ( GEOMETRIC_REPRESENTATION_CONTEXT(2) 
PARAMETRIC_REPRESENTATION_CONTEXT() REPRESENTATION_CONTEXT('2D SPACE',''
  ) );
#7140 = ORIENTED_EDGE('',*,*,#7141,.T.);
#7141 = EDGE_CURVE('',#7114,#1896,#7142,.T.);
#7142 = SURFACE_CURVE('',#7143,(#7147,#7154),.PCURVE_S1.);
#7143 = LINE('',#7144,#7145);
#7144 = CARTESIAN_POINT('',(11.875,-15.825,5.));
#7145 = VECTOR('',#7146,1.);
#7146 = DIRECTION('',(0.,0.,-1.));
#7147 = PCURVE('',#1916,#7148);
#7148 = DEFINITIONAL_REPRESENTATION('',(#7149),#7153);
#7149 = LINE('',#7150,#7151);
#7150 = CARTESIAN_POINT('',(3.14159265359,-5.));
#7151 = VECTOR('',#7152,1.);
#7152 = DIRECTION('',(-0.,1.));
#7153 = ( GEOMETRIC_REPRESENTATION_CONTEXT(2) 
PARAMETRIC_REPRESENTATION_CONTEXT() REPRESENTATION_CONTEXT('2D SPACE',''
  ) );
#7154 = PCURVE('',#1943,#7155);
#7155 = DEFINITIONAL_REPRESENTATION('',(#7156),#7160);
#7156 = LINE('',#7157,#7158);
#7157 = CARTESIAN_POINT('',(0.,-5.));
#7158 = VECTOR('',#7159,1.);
#7159 = DIRECTION('',(-0.,1.));
#7160 = ( GEOMETRIC_REPRESENTATION_CONTEXT(2) 
PARAMETRIC_REPRESENTATION_CONTEXT() REPRESENTATION_CONTEXT('2D SPACE',''
  ) );
#7161 = ORIENTED_EDGE('',*,*,#1895,.F.);
#7162 = ADVANCED_FACE('',(#7163),#1973,.F.);
#7163 = FACE_BOUND('',#7164,.F.);
#7164 = EDGE_LOOP('',(#7165,#7188,#7214,#7215));
#7165 = ORIENTED_EDGE('',*,*,#7166,.T.);
#7166 = EDGE_CURVE('',#1929,#7167,#7169,.T.);
#7167 = VERTEX_POINT('',#7168);
#7168 = CARTESIAN_POINT('',(11.875,-54.575,1.5));
#7169 = SURFACE_CURVE('',#7170,(#7174,#7181),.PCURVE_S1.);
#7170 = LINE('',#7171,#7172);
#7171 = CARTESIAN_POINT('',(11.875,-54.575,-5.));
#7172 = VECTOR('',#7173,1.);
#7173 = DIRECTION('',(0.,0.,1.));
#7174 = PCURVE('',#1973,#7175);
#7175 = DEFINITIONAL_REPRESENTATION('',(#7176),#7180);
#7176 = LINE('',#7177,#7178);
#7177 = CARTESIAN_POINT('',(0.,5.));
#7178 = VECTOR('',#7179,1.);
#7179 = DIRECTION('',(0.,-1.));
#7180 = ( GEOMETRIC_REPRESENTATION_CONTEXT(2) 
PARAMETRIC_REPRESENTATION_CONTEXT() REPRESENTATION_CONTEXT('2D SPACE',''
  ) );
#7181 = PCURVE('',#1943,#7182);
#7182 = DEFINITIONAL_REPRESENTATION('',(#7183),#7187);
#7183 = LINE('',#7184,#7185);
#7184 = CARTESIAN_POINT('',(38.75,5.));
#7185 = VECTOR('',#7186,1.);
#7186 = DIRECTION('',(0.,-1.));
#7187 = ( GEOMETRIC_REPRESENTATION_CONTEXT(2) 
PARAMETRIC_REPRESENTATION_CONTEXT() REPRESENTATION_CONTEXT('2D SPACE',''
  ) );
#7188 = ORIENTED_EDGE('',*,*,#7189,.T.);
#7189 = EDGE_CURVE('',#7167,#7044,#7190,.T.);
#7190 = SURFACE_CURVE('',#7191,(#7196,#7203),.PCURVE_S1.);
#7191 = CIRCLE('',#7192,0.625);
#7192 = AXIS2_PLACEMENT_3D('',#7193,#7194,#7195);
#7193 = CARTESIAN_POINT('',(11.25,-54.575,1.5));
#7194 = DIRECTION('',(0.,-0.,-1.));
#7195 = DIRECTION('',(1.,-1.110223024625E-16,0.));
#7196 = PCURVE('',#1973,#7197);
#7197 = DEFINITIONAL_REPRESENTATION('',(#7198),#7202);
#7198 = LINE('',#7199,#7200);
#7199 = CARTESIAN_POINT('',(0.,-1.5));
#7200 = VECTOR('',#7201,1.);
#7201 = DIRECTION('',(1.,0.));
#7202 = ( GEOMETRIC_REPRESENTATION_CONTEXT(2) 
PARAMETRIC_REPRESENTATION_CONTEXT() REPRESENTATION_CONTEXT('2D SPACE',''
  ) );
#7203 = PCURVE('',#4464,#7204);
#7204 = DEFINITIONAL_REPRESENTATION('',(#7205),#7213);
#7205 = ( BOUNDED_CURVE() B_SPLINE_CURVE(2,(#7206,#7207,#7208,#7209,
#7210,#7211,#7212),.UNSPECIFIED.,.T.,.F.) B_SPLINE_CURVE_WITH_KNOTS((1,2
    ,2,2,2,1),(-2.094395102393,0.,2.094395102393,4.188790204786,
6.28318530718,8.377580409573),.UNSPECIFIED.) CURVE() 
GEOMETRIC_REPRESENTATION_ITEM() RATIONAL_B_SPLINE_CURVE((1.,0.5,1.,0.5,
1.,0.5,1.)) REPRESENTATION_ITEM('') );
#7206 = CARTESIAN_POINT('',(87.075,-39.575));
#7207 = CARTESIAN_POINT('',(87.075,-40.65753175473));
#7208 = CARTESIAN_POINT('',(86.1375,-40.11626587736));
#7209 = CARTESIAN_POINT('',(85.2,-39.575));
#7210 = CARTESIAN_POINT('',(86.1375,-39.03373412263));
#7211 = CARTESIAN_POINT('',(87.075,-38.49246824526));
#7212 = CARTESIAN_POINT('',(87.075,-39.575));
#7213 = ( GEOMETRIC_REPRESENTATION_CONTEXT(2) 
PARAMETRIC_REPRESENTATION_CONTEXT() REPRESENTATION_CONTEXT('2D SPACE',''
  ) );
#7214 = ORIENTED_EDGE('',*,*,#7043,.F.);
#7215 = ORIENTED_EDGE('',*,*,#1954,.F.);
#7216 = ADVANCED_FACE('',(#7217),#1943,.F.);
#7217 = FACE_BOUND('',#7218,.F.);
#7218 = EDGE_LOOP('',(#7219,#7220,#7239,#7240));
#7219 = ORIENTED_EDGE('',*,*,#7141,.F.);
#7220 = ORIENTED_EDGE('',*,*,#7221,.F.);
#7221 = EDGE_CURVE('',#7167,#7114,#7222,.T.);
#7222 = SURFACE_CURVE('',#7223,(#7227,#7233),.PCURVE_S1.);
#7223 = LINE('',#7224,#7225);
#7224 = CARTESIAN_POINT('',(11.875,-15.4125,1.5));
#7225 = VECTOR('',#7226,1.);
#7226 = DIRECTION('',(1.110223024625E-16,1.,-0.));
#7227 = PCURVE('',#1943,#7228);
#7228 = DEFINITIONAL_REPRESENTATION('',(#7229),#7232);
#7229 = B_SPLINE_CURVE_WITH_KNOTS('',1,(#7230,#7231),.UNSPECIFIED.,.F.,
  .F.,(2,2),(-39.1625,-0.4125),.PIECEWISE_BEZIER_KNOTS.);
#7230 = CARTESIAN_POINT('',(38.75,-1.5));
#7231 = CARTESIAN_POINT('',(0.,-1.5));
#7232 = ( GEOMETRIC_REPRESENTATION_CONTEXT(2) 
PARAMETRIC_REPRESENTATION_CONTEXT() REPRESENTATION_CONTEXT('2D SPACE',''
  ) );
#7233 = PCURVE('',#4464,#7234);
#7234 = DEFINITIONAL_REPRESENTATION('',(#7235),#7238);
#7235 = B_SPLINE_CURVE_WITH_KNOTS('',1,(#7236,#7237),.UNSPECIFIED.,.F.,
  .F.,(2,2),(-39.1625,-0.4125),.PIECEWISE_BEZIER_KNOTS.);
#7236 = CARTESIAN_POINT('',(87.075,-39.575));
#7237 = CARTESIAN_POINT('',(87.075,-0.825));
#7238 = ( GEOMETRIC_REPRESENTATION_CONTEXT(2) 
PARAMETRIC_REPRESENTATION_CONTEXT() REPRESENTATION_CONTEXT('2D SPACE',''
  ) );
#7239 = ORIENTED_EDGE('',*,*,#7166,.F.);
#7240 = ORIENTED_EDGE('',*,*,#1928,.T.);
#7241 = ADVANCED_FACE('',(#7242),#2004,.F.);
#7242 = FACE_BOUND('',#7243,.F.);
#7243 = EDGE_LOOP('',(#7244,#7267,#7288,#7309));
#7244 = ORIENTED_EDGE('',*,*,#7245,.T.);
#7245 = EDGE_CURVE('',#1990,#7246,#7248,.T.);
#7246 = VERTEX_POINT('',#7247);
#7247 = CARTESIAN_POINT('',(15.825,-10.625,1.5));
#7248 = SURFACE_CURVE('',#7249,(#7253,#7260),.PCURVE_S1.);
#7249 = LINE('',#7250,#7251);
#7250 = CARTESIAN_POINT('',(15.825,-10.625,-5.));
#7251 = VECTOR('',#7252,1.);
#7252 = DIRECTION('',(0.,0.,1.));
#7253 = PCURVE('',#2004,#7254);
#7254 = DEFINITIONAL_REPRESENTATION('',(#7255),#7259);
#7255 = LINE('',#7256,#7257);
#7256 = CARTESIAN_POINT('',(0.,5.));
#7257 = VECTOR('',#7258,1.);
#7258 = DIRECTION('',(0.,-1.));
#7259 = ( GEOMETRIC_REPRESENTATION_CONTEXT(2) 
PARAMETRIC_REPRESENTATION_CONTEXT() REPRESENTATION_CONTEXT('2D SPACE',''
  ) );
#7260 = PCURVE('',#2093,#7261);
#7261 = DEFINITIONAL_REPRESENTATION('',(#7262),#7266);
#7262 = LINE('',#7263,#7264);
#7263 = CARTESIAN_POINT('',(3.14159265359,5.));
#7264 = VECTOR('',#7265,1.);
#7265 = DIRECTION('',(0.,-1.));
#7266 = ( GEOMETRIC_REPRESENTATION_CONTEXT(2) 
PARAMETRIC_REPRESENTATION_CONTEXT() REPRESENTATION_CONTEXT('2D SPACE',''
  ) );
#7267 = ORIENTED_EDGE('',*,*,#7268,.F.);
#7268 = EDGE_CURVE('',#7269,#7246,#7271,.T.);
#7269 = VERTEX_POINT('',#7270);
#7270 = CARTESIAN_POINT('',(54.575,-10.625,1.5));
#7271 = SURFACE_CURVE('',#7272,(#7276,#7282),.PCURVE_S1.);
#7272 = LINE('',#7273,#7274);
#7273 = CARTESIAN_POINT('',(-29.6875,-10.625,1.5));
#7274 = VECTOR('',#7275,1.);
#7275 = DIRECTION('',(-1.,0.,0.));
#7276 = PCURVE('',#2004,#7277);
#7277 = DEFINITIONAL_REPRESENTATION('',(#7278),#7281);
#7278 = B_SPLINE_CURVE_WITH_KNOTS('',1,(#7279,#7280),.UNSPECIFIED.,.F.,
  .F.,(2,2),(-84.2625,-45.5125),.PIECEWISE_BEZIER_KNOTS.);
#7279 = CARTESIAN_POINT('',(38.75,-1.5));
#7280 = CARTESIAN_POINT('',(0.,-1.5));
#7281 = ( GEOMETRIC_REPRESENTATION_CONTEXT(2) 
PARAMETRIC_REPRESENTATION_CONTEXT() REPRESENTATION_CONTEXT('2D SPACE',''
  ) );
#7282 = PCURVE('',#4464,#7283);
#7283 = DEFINITIONAL_REPRESENTATION('',(#7284),#7287);
#7284 = B_SPLINE_CURVE_WITH_KNOTS('',1,(#7285,#7286),.UNSPECIFIED.,.F.,
  .F.,(2,2),(-84.2625,-45.5125),.PIECEWISE_BEZIER_KNOTS.);
#7285 = CARTESIAN_POINT('',(129.775,4.375));
#7286 = CARTESIAN_POINT('',(91.025,4.375));
#7287 = ( GEOMETRIC_REPRESENTATION_CONTEXT(2) 
PARAMETRIC_REPRESENTATION_CONTEXT() REPRESENTATION_CONTEXT('2D SPACE',''
  ) );
#7288 = ORIENTED_EDGE('',*,*,#7289,.T.);
#7289 = EDGE_CURVE('',#7269,#1988,#7290,.T.);
#7290 = SURFACE_CURVE('',#7291,(#7295,#7302),.PCURVE_S1.);
#7291 = LINE('',#7292,#7293);
#7292 = CARTESIAN_POINT('',(54.575,-10.625,5.));
#7293 = VECTOR('',#7294,1.);
#7294 = DIRECTION('',(0.,0.,-1.));
#7295 = PCURVE('',#2004,#7296);
#7296 = DEFINITIONAL_REPRESENTATION('',(#7297),#7301);
#7297 = LINE('',#7298,#7299);
#7298 = CARTESIAN_POINT('',(38.75,-5.));
#7299 = VECTOR('',#7300,1.);
#7300 = DIRECTION('',(0.,1.));
#7301 = ( GEOMETRIC_REPRESENTATION_CONTEXT(2) 
PARAMETRIC_REPRESENTATION_CONTEXT() REPRESENTATION_CONTEXT('2D SPACE',''
  ) );
#7302 = PCURVE('',#2036,#7303);
#7303 = DEFINITIONAL_REPRESENTATION('',(#7304),#7308);
#7304 = LINE('',#7305,#7306);
#7305 = CARTESIAN_POINT('',(0.,-5.));
#7306 = VECTOR('',#7307,1.);
#7307 = DIRECTION('',(-0.,1.));
#7308 = ( GEOMETRIC_REPRESENTATION_CONTEXT(2) 
PARAMETRIC_REPRESENTATION_CONTEXT() REPRESENTATION_CONTEXT('2D SPACE',''
  ) );
#7309 = ORIENTED_EDGE('',*,*,#1987,.T.);
#7310 = ADVANCED_FACE('',(#7311),#2036,.F.);
#7311 = FACE_BOUND('',#7312,.F.);
#7312 = EDGE_LOOP('',(#7313,#7314,#7342,#7363));
#7313 = ORIENTED_EDGE('',*,*,#7289,.F.);
#7314 = ORIENTED_EDGE('',*,*,#7315,.T.);
#7315 = EDGE_CURVE('',#7269,#7316,#7318,.T.);
#7316 = VERTEX_POINT('',#7317);
#7317 = CARTESIAN_POINT('',(54.575,-11.875,1.5));
#7318 = SURFACE_CURVE('',#7319,(#7324,#7331),.PCURVE_S1.);
#7319 = CIRCLE('',#7320,0.625);
#7320 = AXIS2_PLACEMENT_3D('',#7321,#7322,#7323);
#7321 = CARTESIAN_POINT('',(54.575,-11.25,1.5));
#7322 = DIRECTION('',(0.,0.,-1.));
#7323 = DIRECTION('',(0.,1.,0.));
#7324 = PCURVE('',#2036,#7325);
#7325 = DEFINITIONAL_REPRESENTATION('',(#7326),#7330);
#7326 = LINE('',#7327,#7328);
#7327 = CARTESIAN_POINT('',(0.,-1.5));
#7328 = VECTOR('',#7329,1.);
#7329 = DIRECTION('',(1.,0.));
#7330 = ( GEOMETRIC_REPRESENTATION_CONTEXT(2) 
PARAMETRIC_REPRESENTATION_CONTEXT() REPRESENTATION_CONTEXT('2D SPACE',''
  ) );
#7331 = PCURVE('',#4464,#7332);
#7332 = DEFINITIONAL_REPRESENTATION('',(#7333),#7341);
#7333 = ( BOUNDED_CURVE() B_SPLINE_CURVE(2,(#7334,#7335,#7336,#7337,
#7338,#7339,#7340),.UNSPECIFIED.,.T.,.F.) B_SPLINE_CURVE_WITH_KNOTS((1,2
    ,2,2,2,1),(-2.094395102393,0.,2.094395102393,4.188790204786,
6.28318530718,8.377580409573),.UNSPECIFIED.) CURVE() 
GEOMETRIC_REPRESENTATION_ITEM() RATIONAL_B_SPLINE_CURVE((1.,0.5,1.,0.5,
1.,0.5,1.)) REPRESENTATION_ITEM('') );
#7334 = CARTESIAN_POINT('',(129.775,4.375));
#7335 = CARTESIAN_POINT('',(130.85753175473,4.375));
#7336 = CARTESIAN_POINT('',(130.31626587736,3.4375));
#7337 = CARTESIAN_POINT('',(129.775,2.5));
#7338 = CARTESIAN_POINT('',(129.23373412263,3.4375));
#7339 = CARTESIAN_POINT('',(128.69246824526,4.375));
#7340 = CARTESIAN_POINT('',(129.775,4.375));
#7341 = ( GEOMETRIC_REPRESENTATION_CONTEXT(2) 
PARAMETRIC_REPRESENTATION_CONTEXT() REPRESENTATION_CONTEXT('2D SPACE',''
  ) );
#7342 = ORIENTED_EDGE('',*,*,#7343,.T.);
#7343 = EDGE_CURVE('',#7316,#2016,#7344,.T.);
#7344 = SURFACE_CURVE('',#7345,(#7349,#7356),.PCURVE_S1.);
#7345 = LINE('',#7346,#7347);
#7346 = CARTESIAN_POINT('',(54.575,-11.875,5.));
#7347 = VECTOR('',#7348,1.);
#7348 = DIRECTION('',(0.,0.,-1.));
#7349 = PCURVE('',#2036,#7350);
#7350 = DEFINITIONAL_REPRESENTATION('',(#7351),#7355);
#7351 = LINE('',#7352,#7353);
#7352 = CARTESIAN_POINT('',(3.14159265359,-5.));
#7353 = VECTOR('',#7354,1.);
#7354 = DIRECTION('',(-0.,1.));
#7355 = ( GEOMETRIC_REPRESENTATION_CONTEXT(2) 
PARAMETRIC_REPRESENTATION_CONTEXT() REPRESENTATION_CONTEXT('2D SPACE',''
  ) );
#7356 = PCURVE('',#2063,#7357);
#7357 = DEFINITIONAL_REPRESENTATION('',(#7358),#7362);
#7358 = LINE('',#7359,#7360);
#7359 = CARTESIAN_POINT('',(0.,-5.));
#7360 = VECTOR('',#7361,1.);
#7361 = DIRECTION('',(0.,1.));
#7362 = ( GEOMETRIC_REPRESENTATION_CONTEXT(2) 
PARAMETRIC_REPRESENTATION_CONTEXT() REPRESENTATION_CONTEXT('2D SPACE',''
  ) );
#7363 = ORIENTED_EDGE('',*,*,#2015,.F.);
#7364 = ADVANCED_FACE('',(#7365),#2093,.F.);
#7365 = FACE_BOUND('',#7366,.F.);
#7366 = EDGE_LOOP('',(#7367,#7390,#7416,#7417));
#7367 = ORIENTED_EDGE('',*,*,#7368,.T.);
#7368 = EDGE_CURVE('',#2049,#7369,#7371,.T.);
#7369 = VERTEX_POINT('',#7370);
#7370 = CARTESIAN_POINT('',(15.825,-11.875,1.5));
#7371 = SURFACE_CURVE('',#7372,(#7376,#7383),.PCURVE_S1.);
#7372 = LINE('',#7373,#7374);
#7373 = CARTESIAN_POINT('',(15.825,-11.875,-5.));
#7374 = VECTOR('',#7375,1.);
#7375 = DIRECTION('',(0.,0.,1.));
#7376 = PCURVE('',#2093,#7377);
#7377 = DEFINITIONAL_REPRESENTATION('',(#7378),#7382);
#7378 = LINE('',#7379,#7380);
#7379 = CARTESIAN_POINT('',(0.,5.));
#7380 = VECTOR('',#7381,1.);
#7381 = DIRECTION('',(0.,-1.));
#7382 = ( GEOMETRIC_REPRESENTATION_CONTEXT(2) 
PARAMETRIC_REPRESENTATION_CONTEXT() REPRESENTATION_CONTEXT('2D SPACE',''
  ) );
#7383 = PCURVE('',#2063,#7384);
#7384 = DEFINITIONAL_REPRESENTATION('',(#7385),#7389);
#7385 = LINE('',#7386,#7387);
#7386 = CARTESIAN_POINT('',(38.75,5.));
#7387 = VECTOR('',#7388,1.);
#7388 = DIRECTION('',(0.,-1.));
#7389 = ( GEOMETRIC_REPRESENTATION_CONTEXT(2) 
PARAMETRIC_REPRESENTATION_CONTEXT() REPRESENTATION_CONTEXT('2D SPACE',''
  ) );
#7390 = ORIENTED_EDGE('',*,*,#7391,.T.);
#7391 = EDGE_CURVE('',#7369,#7246,#7392,.T.);
#7392 = SURFACE_CURVE('',#7393,(#7398,#7405),.PCURVE_S1.);
#7393 = CIRCLE('',#7394,0.625);
#7394 = AXIS2_PLACEMENT_3D('',#7395,#7396,#7397);
#7395 = CARTESIAN_POINT('',(15.825,-11.25,1.5));
#7396 = DIRECTION('',(0.,-0.,-1.));
#7397 = DIRECTION('',(0.,-1.,0.));
#7398 = PCURVE('',#2093,#7399);
#7399 = DEFINITIONAL_REPRESENTATION('',(#7400),#7404);
#7400 = LINE('',#7401,#7402);
#7401 = CARTESIAN_POINT('',(0.,-1.5));
#7402 = VECTOR('',#7403,1.);
#7403 = DIRECTION('',(1.,0.));
#7404 = ( GEOMETRIC_REPRESENTATION_CONTEXT(2) 
PARAMETRIC_REPRESENTATION_CONTEXT() REPRESENTATION_CONTEXT('2D SPACE',''
  ) );
#7405 = PCURVE('',#4464,#7406);
#7406 = DEFINITIONAL_REPRESENTATION('',(#7407),#7415);
#7407 = ( BOUNDED_CURVE() B_SPLINE_CURVE(2,(#7408,#7409,#7410,#7411,
#7412,#7413,#7414),.UNSPECIFIED.,.T.,.F.) B_SPLINE_CURVE_WITH_KNOTS((1,2
    ,2,2,2,1),(-2.094395102393,0.,2.094395102393,4.188790204786,
6.28318530718,8.377580409573),.UNSPECIFIED.) CURVE() 
GEOMETRIC_REPRESENTATION_ITEM() RATIONAL_B_SPLINE_CURVE((1.,0.5,1.,0.5,
1.,0.5,1.)) REPRESENTATION_ITEM('') );
#7408 = CARTESIAN_POINT('',(91.025,3.125));
#7409 = CARTESIAN_POINT('',(89.942468245269,3.125));
#7410 = CARTESIAN_POINT('',(90.483734122635,4.0625));
#7411 = CARTESIAN_POINT('',(91.025,5.));
#7412 = CARTESIAN_POINT('',(91.566265877365,4.0625));
#7413 = CARTESIAN_POINT('',(92.107531754731,3.125));
#7414 = CARTESIAN_POINT('',(91.025,3.125));
#7415 = ( GEOMETRIC_REPRESENTATION_CONTEXT(2) 
PARAMETRIC_REPRESENTATION_CONTEXT() REPRESENTATION_CONTEXT('2D SPACE',''
  ) );
#7416 = ORIENTED_EDGE('',*,*,#7245,.F.);
#7417 = ORIENTED_EDGE('',*,*,#2074,.F.);
#7418 = ADVANCED_FACE('',(#7419),#2063,.F.);
#7419 = FACE_BOUND('',#7420,.F.);
#7420 = EDGE_LOOP('',(#7421,#7422,#7441,#7442));
#7421 = ORIENTED_EDGE('',*,*,#7343,.F.);
#7422 = ORIENTED_EDGE('',*,*,#7423,.F.);
#7423 = EDGE_CURVE('',#7369,#7316,#7424,.T.);
#7424 = SURFACE_CURVE('',#7425,(#7429,#7435),.PCURVE_S1.);
#7425 = LINE('',#7426,#7427);
#7426 = CARTESIAN_POINT('',(-10.3125,-11.875,1.5));
#7427 = VECTOR('',#7428,1.);
#7428 = DIRECTION('',(1.,0.,-0.));
#7429 = PCURVE('',#2063,#7430);
#7430 = DEFINITIONAL_REPRESENTATION('',(#7431),#7434);
#7431 = B_SPLINE_CURVE_WITH_KNOTS('',1,(#7432,#7433),.UNSPECIFIED.,.F.,
  .F.,(2,2),(26.1375,64.8875),.PIECEWISE_BEZIER_KNOTS.);
#7432 = CARTESIAN_POINT('',(38.75,-1.5));
#7433 = CARTESIAN_POINT('',(0.,-1.5));
#7434 = ( GEOMETRIC_REPRESENTATION_CONTEXT(2) 
PARAMETRIC_REPRESENTATION_CONTEXT() REPRESENTATION_CONTEXT('2D SPACE',''
  ) );
#7435 = PCURVE('',#4464,#7436);
#7436 = DEFINITIONAL_REPRESENTATION('',(#7437),#7440);
#7437 = B_SPLINE_CURVE_WITH_KNOTS('',1,(#7438,#7439),.UNSPECIFIED.,.F.,
  .F.,(2,2),(26.1375,64.8875),.PIECEWISE_BEZIER_KNOTS.);
#7438 = CARTESIAN_POINT('',(91.025,3.125));
#7439 = CARTESIAN_POINT('',(129.775,3.125));
#7440 = ( GEOMETRIC_REPRESENTATION_CONTEXT(2) 
PARAMETRIC_REPRESENTATION_CONTEXT() REPRESENTATION_CONTEXT('2D SPACE',''
  ) );
#7441 = ORIENTED_EDGE('',*,*,#7368,.F.);
#7442 = ORIENTED_EDGE('',*,*,#2048,.T.);
#7443 = ADVANCED_FACE('',(#7444),#2124,.F.);
#7444 = FACE_BOUND('',#7445,.F.);
#7445 = EDGE_LOOP('',(#7446,#7469,#7490,#7511));
#7446 = ORIENTED_EDGE('',*,*,#7447,.T.);
#7447 = EDGE_CURVE('',#2110,#7448,#7450,.T.);
#7448 = VERTEX_POINT('',#7449);
#7449 = CARTESIAN_POINT('',(15.825,-6.875,1.5));
#7450 = SURFACE_CURVE('',#7451,(#7455,#7462),.PCURVE_S1.);
#7451 = LINE('',#7452,#7453);
#7452 = CARTESIAN_POINT('',(15.825,-6.875,-5.));
#7453 = VECTOR('',#7454,1.);
#7454 = DIRECTION('',(0.,0.,1.));
#7455 = PCURVE('',#2124,#7456);
#7456 = DEFINITIONAL_REPRESENTATION('',(#7457),#7461);
#7457 = LINE('',#7458,#7459);
#7458 = CARTESIAN_POINT('',(0.,5.));
#7459 = VECTOR('',#7460,1.);
#7460 = DIRECTION('',(0.,-1.));
#7461 = ( GEOMETRIC_REPRESENTATION_CONTEXT(2) 
PARAMETRIC_REPRESENTATION_CONTEXT() REPRESENTATION_CONTEXT('2D SPACE',''
  ) );
#7462 = PCURVE('',#2213,#7463);
#7463 = DEFINITIONAL_REPRESENTATION('',(#7464),#7468);
#7464 = LINE('',#7465,#7466);
#7465 = CARTESIAN_POINT('',(3.14159265359,5.));
#7466 = VECTOR('',#7467,1.);
#7467 = DIRECTION('',(0.,-1.));
#7468 = ( GEOMETRIC_REPRESENTATION_CONTEXT(2) 
PARAMETRIC_REPRESENTATION_CONTEXT() REPRESENTATION_CONTEXT('2D SPACE',''
  ) );
#7469 = ORIENTED_EDGE('',*,*,#7470,.F.);
#7470 = EDGE_CURVE('',#7471,#7448,#7473,.T.);
#7471 = VERTEX_POINT('',#7472);
#7472 = CARTESIAN_POINT('',(54.575,-6.875,1.5));
#7473 = SURFACE_CURVE('',#7474,(#7478,#7484),.PCURVE_S1.);
#7474 = LINE('',#7475,#7476);
#7475 = CARTESIAN_POINT('',(-29.6875,-6.875,1.5));
#7476 = VECTOR('',#7477,1.);
#7477 = DIRECTION('',(-1.,0.,0.));
#7478 = PCURVE('',#2124,#7479);
#7479 = DEFINITIONAL_REPRESENTATION('',(#7480),#7483);
#7480 = B_SPLINE_CURVE_WITH_KNOTS('',1,(#7481,#7482),.UNSPECIFIED.,.F.,
  .F.,(2,2),(-84.2625,-45.5125),.PIECEWISE_BEZIER_KNOTS.);
#7481 = CARTESIAN_POINT('',(38.75,-1.5));
#7482 = CARTESIAN_POINT('',(0.,-1.5));
#7483 = ( GEOMETRIC_REPRESENTATION_CONTEXT(2) 
PARAMETRIC_REPRESENTATION_CONTEXT() REPRESENTATION_CONTEXT('2D SPACE',''
  ) );
#7484 = PCURVE('',#4464,#7485);
#7485 = DEFINITIONAL_REPRESENTATION('',(#7486),#7489);
#7486 = B_SPLINE_CURVE_WITH_KNOTS('',1,(#7487,#7488),.UNSPECIFIED.,.F.,
  .F.,(2,2),(-84.2625,-45.5125),.PIECEWISE_BEZIER_KNOTS.);
#7487 = CARTESIAN_POINT('',(129.775,8.125));
#7488 = CARTESIAN_POINT('',(91.025,8.125));
#7489 = ( GEOMETRIC_REPRESENTATION_CONTEXT(2) 
PARAMETRIC_REPRESENTATION_CONTEXT() REPRESENTATION_CONTEXT('2D SPACE',''
  ) );
#7490 = ORIENTED_EDGE('',*,*,#7491,.T.);
#7491 = EDGE_CURVE('',#7471,#2108,#7492,.T.);
#7492 = SURFACE_CURVE('',#7493,(#7497,#7504),.PCURVE_S1.);
#7493 = LINE('',#7494,#7495);
#7494 = CARTESIAN_POINT('',(54.575,-6.875,5.));
#7495 = VECTOR('',#7496,1.);
#7496 = DIRECTION('',(0.,0.,-1.));
#7497 = PCURVE('',#2124,#7498);
#7498 = DEFINITIONAL_REPRESENTATION('',(#7499),#7503);
#7499 = LINE('',#7500,#7501);
#7500 = CARTESIAN_POINT('',(38.75,-5.));
#7501 = VECTOR('',#7502,1.);
#7502 = DIRECTION('',(0.,1.));
#7503 = ( GEOMETRIC_REPRESENTATION_CONTEXT(2) 
PARAMETRIC_REPRESENTATION_CONTEXT() REPRESENTATION_CONTEXT('2D SPACE',''
  ) );
#7504 = PCURVE('',#2156,#7505);
#7505 = DEFINITIONAL_REPRESENTATION('',(#7506),#7510);
#7506 = LINE('',#7507,#7508);
#7507 = CARTESIAN_POINT('',(0.,-5.));
#7508 = VECTOR('',#7509,1.);
#7509 = DIRECTION('',(-0.,1.));
#7510 = ( GEOMETRIC_REPRESENTATION_CONTEXT(2) 
PARAMETRIC_REPRESENTATION_CONTEXT() REPRESENTATION_CONTEXT('2D SPACE',''
  ) );
#7511 = ORIENTED_EDGE('',*,*,#2107,.T.);
#7512 = ADVANCED_FACE('',(#7513),#2156,.F.);
#7513 = FACE_BOUND('',#7514,.F.);
#7514 = EDGE_LOOP('',(#7515,#7516,#7544,#7565));
#7515 = ORIENTED_EDGE('',*,*,#7491,.F.);
#7516 = ORIENTED_EDGE('',*,*,#7517,.T.);
#7517 = EDGE_CURVE('',#7471,#7518,#7520,.T.);
#7518 = VERTEX_POINT('',#7519);
#7519 = CARTESIAN_POINT('',(54.575,-8.125,1.5));
#7520 = SURFACE_CURVE('',#7521,(#7526,#7533),.PCURVE_S1.);
#7521 = CIRCLE('',#7522,0.625);
#7522 = AXIS2_PLACEMENT_3D('',#7523,#7524,#7525);
#7523 = CARTESIAN_POINT('',(54.575,-7.5,1.5));
#7524 = DIRECTION('',(0.,0.,-1.));
#7525 = DIRECTION('',(0.,1.,0.));
#7526 = PCURVE('',#2156,#7527);
#7527 = DEFINITIONAL_REPRESENTATION('',(#7528),#7532);
#7528 = LINE('',#7529,#7530);
#7529 = CARTESIAN_POINT('',(0.,-1.5));
#7530 = VECTOR('',#7531,1.);
#7531 = DIRECTION('',(1.,0.));
#7532 = ( GEOMETRIC_REPRESENTATION_CONTEXT(2) 
PARAMETRIC_REPRESENTATION_CONTEXT() REPRESENTATION_CONTEXT('2D SPACE',''
  ) );
#7533 = PCURVE('',#4464,#7534);
#7534 = DEFINITIONAL_REPRESENTATION('',(#7535),#7543);
#7535 = ( BOUNDED_CURVE() B_SPLINE_CURVE(2,(#7536,#7537,#7538,#7539,
#7540,#7541,#7542),.UNSPECIFIED.,.T.,.F.) B_SPLINE_CURVE_WITH_KNOTS((1,2
    ,2,2,2,1),(-2.094395102393,0.,2.094395102393,4.188790204786,
6.28318530718,8.377580409573),.UNSPECIFIED.) CURVE() 
GEOMETRIC_REPRESENTATION_ITEM() RATIONAL_B_SPLINE_CURVE((1.,0.5,1.,0.5,
1.,0.5,1.)) REPRESENTATION_ITEM('') );
#7536 = CARTESIAN_POINT('',(129.775,8.125));
#7537 = CARTESIAN_POINT('',(130.85753175473,8.125));
#7538 = CARTESIAN_POINT('',(130.31626587736,7.1875));
#7539 = CARTESIAN_POINT('',(129.775,6.25));
#7540 = CARTESIAN_POINT('',(129.23373412263,7.1875));
#7541 = CARTESIAN_POINT('',(128.69246824526,8.125));
#7542 = CARTESIAN_POINT('',(129.775,8.125));
#7543 = ( GEOMETRIC_REPRESENTATION_CONTEXT(2) 
PARAMETRIC_REPRESENTATION_CONTEXT() REPRESENTATION_CONTEXT('2D SPACE',''
  ) );
#7544 = ORIENTED_EDGE('',*,*,#7545,.T.);
#7545 = EDGE_CURVE('',#7518,#2136,#7546,.T.);
#7546 = SURFACE_CURVE('',#7547,(#7551,#7558),.PCURVE_S1.);
#7547 = LINE('',#7548,#7549);
#7548 = CARTESIAN_POINT('',(54.575,-8.125,5.));
#7549 = VECTOR('',#7550,1.);
#7550 = DIRECTION('',(0.,0.,-1.));
#7551 = PCURVE('',#2156,#7552);
#7552 = DEFINITIONAL_REPRESENTATION('',(#7553),#7557);
#7553 = LINE('',#7554,#7555);
#7554 = CARTESIAN_POINT('',(3.14159265359,-5.));
#7555 = VECTOR('',#7556,1.);
#7556 = DIRECTION('',(-0.,1.));
#7557 = ( GEOMETRIC_REPRESENTATION_CONTEXT(2) 
PARAMETRIC_REPRESENTATION_CONTEXT() REPRESENTATION_CONTEXT('2D SPACE',''
  ) );
#7558 = PCURVE('',#2183,#7559);
#7559 = DEFINITIONAL_REPRESENTATION('',(#7560),#7564);
#7560 = LINE('',#7561,#7562);
#7561 = CARTESIAN_POINT('',(0.,-5.));
#7562 = VECTOR('',#7563,1.);
#7563 = DIRECTION('',(0.,1.));
#7564 = ( GEOMETRIC_REPRESENTATION_CONTEXT(2) 
PARAMETRIC_REPRESENTATION_CONTEXT() REPRESENTATION_CONTEXT('2D SPACE',''
  ) );
#7565 = ORIENTED_EDGE('',*,*,#2135,.F.);
#7566 = ADVANCED_FACE('',(#7567),#2213,.F.);
#7567 = FACE_BOUND('',#7568,.F.);
#7568 = EDGE_LOOP('',(#7569,#7592,#7618,#7619));
#7569 = ORIENTED_EDGE('',*,*,#7570,.T.);
#7570 = EDGE_CURVE('',#2169,#7571,#7573,.T.);
#7571 = VERTEX_POINT('',#7572);
#7572 = CARTESIAN_POINT('',(15.825,-8.125,1.5));
#7573 = SURFACE_CURVE('',#7574,(#7578,#7585),.PCURVE_S1.);
#7574 = LINE('',#7575,#7576);
#7575 = CARTESIAN_POINT('',(15.825,-8.125,-5.));
#7576 = VECTOR('',#7577,1.);
#7577 = DIRECTION('',(0.,0.,1.));
#7578 = PCURVE('',#2213,#7579);
#7579 = DEFINITIONAL_REPRESENTATION('',(#7580),#7584);
#7580 = LINE('',#7581,#7582);
#7581 = CARTESIAN_POINT('',(0.,5.));
#7582 = VECTOR('',#7583,1.);
#7583 = DIRECTION('',(0.,-1.));
#7584 = ( GEOMETRIC_REPRESENTATION_CONTEXT(2) 
PARAMETRIC_REPRESENTATION_CONTEXT() REPRESENTATION_CONTEXT('2D SPACE',''
  ) );
#7585 = PCURVE('',#2183,#7586);
#7586 = DEFINITIONAL_REPRESENTATION('',(#7587),#7591);
#7587 = LINE('',#7588,#7589);
#7588 = CARTESIAN_POINT('',(38.75,5.));
#7589 = VECTOR('',#7590,1.);
#7590 = DIRECTION('',(0.,-1.));
#7591 = ( GEOMETRIC_REPRESENTATION_CONTEXT(2) 
PARAMETRIC_REPRESENTATION_CONTEXT() REPRESENTATION_CONTEXT('2D SPACE',''
  ) );
#7592 = ORIENTED_EDGE('',*,*,#7593,.T.);
#7593 = EDGE_CURVE('',#7571,#7448,#7594,.T.);
#7594 = SURFACE_CURVE('',#7595,(#7600,#7607),.PCURVE_S1.);
#7595 = CIRCLE('',#7596,0.625);
#7596 = AXIS2_PLACEMENT_3D('',#7597,#7598,#7599);
#7597 = CARTESIAN_POINT('',(15.825,-7.5,1.5));
#7598 = DIRECTION('',(0.,-0.,-1.));
#7599 = DIRECTION('',(0.,-1.,0.));
#7600 = PCURVE('',#2213,#7601);
#7601 = DEFINITIONAL_REPRESENTATION('',(#7602),#7606);
#7602 = LINE('',#7603,#7604);
#7603 = CARTESIAN_POINT('',(0.,-1.5));
#7604 = VECTOR('',#7605,1.);
#7605 = DIRECTION('',(1.,0.));
#7606 = ( GEOMETRIC_REPRESENTATION_CONTEXT(2) 
PARAMETRIC_REPRESENTATION_CONTEXT() REPRESENTATION_CONTEXT('2D SPACE',''
  ) );
#7607 = PCURVE('',#4464,#7608);
#7608 = DEFINITIONAL_REPRESENTATION('',(#7609),#7617);
#7609 = ( BOUNDED_CURVE() B_SPLINE_CURVE(2,(#7610,#7611,#7612,#7613,
#7614,#7615,#7616),.UNSPECIFIED.,.T.,.F.) B_SPLINE_CURVE_WITH_KNOTS((1,2
    ,2,2,2,1),(-2.094395102393,0.,2.094395102393,4.188790204786,
6.28318530718,8.377580409573),.UNSPECIFIED.) CURVE() 
GEOMETRIC_REPRESENTATION_ITEM() RATIONAL_B_SPLINE_CURVE((1.,0.5,1.,0.5,
1.,0.5,1.)) REPRESENTATION_ITEM('') );
#7610 = CARTESIAN_POINT('',(91.025,6.875));
#7611 = CARTESIAN_POINT('',(89.942468245269,6.875));
#7612 = CARTESIAN_POINT('',(90.483734122635,7.8125));
#7613 = CARTESIAN_POINT('',(91.025,8.75));
#7614 = CARTESIAN_POINT('',(91.566265877365,7.8125));
#7615 = CARTESIAN_POINT('',(92.107531754731,6.875));
#7616 = CARTESIAN_POINT('',(91.025,6.875));
#7617 = ( GEOMETRIC_REPRESENTATION_CONTEXT(2) 
PARAMETRIC_REPRESENTATION_CONTEXT() REPRESENTATION_CONTEXT('2D SPACE',''
  ) );
#7618 = ORIENTED_EDGE('',*,*,#7447,.F.);
#7619 = ORIENTED_EDGE('',*,*,#2194,.F.);
#7620 = ADVANCED_FACE('',(#7621),#2183,.F.);
#7621 = FACE_BOUND('',#7622,.F.);
#7622 = EDGE_LOOP('',(#7623,#7624,#7643,#7644));
#7623 = ORIENTED_EDGE('',*,*,#7545,.F.);
#7624 = ORIENTED_EDGE('',*,*,#7625,.F.);
#7625 = EDGE_CURVE('',#7571,#7518,#7626,.T.);
#7626 = SURFACE_CURVE('',#7627,(#7631,#7637),.PCURVE_S1.);
#7627 = LINE('',#7628,#7629);
#7628 = CARTESIAN_POINT('',(-10.3125,-8.125,1.5));
#7629 = VECTOR('',#7630,1.);
#7630 = DIRECTION('',(1.,0.,-0.));
#7631 = PCURVE('',#2183,#7632);
#7632 = DEFINITIONAL_REPRESENTATION('',(#7633),#7636);
#7633 = B_SPLINE_CURVE_WITH_KNOTS('',1,(#7634,#7635),.UNSPECIFIED.,.F.,
  .F.,(2,2),(26.1375,64.8875),.PIECEWISE_BEZIER_KNOTS.);
#7634 = CARTESIAN_POINT('',(38.75,-1.5));
#7635 = CARTESIAN_POINT('',(0.,-1.5));
#7636 = ( GEOMETRIC_REPRESENTATION_CONTEXT(2) 
PARAMETRIC_REPRESENTATION_CONTEXT() REPRESENTATION_CONTEXT('2D SPACE',''
  ) );
#7637 = PCURVE('',#4464,#7638);
#7638 = DEFINITIONAL_REPRESENTATION('',(#7639),#7642);
#7639 = B_SPLINE_CURVE_WITH_KNOTS('',1,(#7640,#7641),.UNSPECIFIED.,.F.,
  .F.,(2,2),(26.1375,64.8875),.PIECEWISE_BEZIER_KNOTS.);
#7640 = CARTESIAN_POINT('',(91.025,6.875));
#7641 = CARTESIAN_POINT('',(129.775,6.875));
#7642 = ( GEOMETRIC_REPRESENTATION_CONTEXT(2) 
PARAMETRIC_REPRESENTATION_CONTEXT() REPRESENTATION_CONTEXT('2D SPACE',''
  ) );
#7643 = ORIENTED_EDGE('',*,*,#7570,.F.);
#7644 = ORIENTED_EDGE('',*,*,#2168,.T.);
#7645 = ADVANCED_FACE('',(#7646),#2244,.F.);
#7646 = FACE_BOUND('',#7647,.F.);
#7647 = EDGE_LOOP('',(#7648,#7671,#7692,#7713));
#7648 = ORIENTED_EDGE('',*,*,#7649,.T.);
#7649 = EDGE_CURVE('',#2230,#7650,#7652,.T.);
#7650 = VERTEX_POINT('',#7651);
#7651 = CARTESIAN_POINT('',(15.825,-3.125,1.5));
#7652 = SURFACE_CURVE('',#7653,(#7657,#7664),.PCURVE_S1.);
#7653 = LINE('',#7654,#7655);
#7654 = CARTESIAN_POINT('',(15.825,-3.125,-5.));
#7655 = VECTOR('',#7656,1.);
#7656 = DIRECTION('',(0.,0.,1.));
#7657 = PCURVE('',#2244,#7658);
#7658 = DEFINITIONAL_REPRESENTATION('',(#7659),#7663);
#7659 = LINE('',#7660,#7661);
#7660 = CARTESIAN_POINT('',(0.,5.));
#7661 = VECTOR('',#7662,1.);
#7662 = DIRECTION('',(0.,-1.));
#7663 = ( GEOMETRIC_REPRESENTATION_CONTEXT(2) 
PARAMETRIC_REPRESENTATION_CONTEXT() REPRESENTATION_CONTEXT('2D SPACE',''
  ) );
#7664 = PCURVE('',#2333,#7665);
#7665 = DEFINITIONAL_REPRESENTATION('',(#7666),#7670);
#7666 = LINE('',#7667,#7668);
#7667 = CARTESIAN_POINT('',(3.14159265359,5.));
#7668 = VECTOR('',#7669,1.);
#7669 = DIRECTION('',(0.,-1.));
#7670 = ( GEOMETRIC_REPRESENTATION_CONTEXT(2) 
PARAMETRIC_REPRESENTATION_CONTEXT() REPRESENTATION_CONTEXT('2D SPACE',''
  ) );
#7671 = ORIENTED_EDGE('',*,*,#7672,.F.);
#7672 = EDGE_CURVE('',#7673,#7650,#7675,.T.);
#7673 = VERTEX_POINT('',#7674);
#7674 = CARTESIAN_POINT('',(54.575,-3.125,1.5));
#7675 = SURFACE_CURVE('',#7676,(#7680,#7686),.PCURVE_S1.);
#7676 = LINE('',#7677,#7678);
#7677 = CARTESIAN_POINT('',(-29.6875,-3.125,1.5));
#7678 = VECTOR('',#7679,1.);
#7679 = DIRECTION('',(-1.,0.,0.));
#7680 = PCURVE('',#2244,#7681);
#7681 = DEFINITIONAL_REPRESENTATION('',(#7682),#7685);
#7682 = B_SPLINE_CURVE_WITH_KNOTS('',1,(#7683,#7684),.UNSPECIFIED.,.F.,
  .F.,(2,2),(-84.2625,-45.5125),.PIECEWISE_BEZIER_KNOTS.);
#7683 = CARTESIAN_POINT('',(38.75,-1.5));
#7684 = CARTESIAN_POINT('',(0.,-1.5));
#7685 = ( GEOMETRIC_REPRESENTATION_CONTEXT(2) 
PARAMETRIC_REPRESENTATION_CONTEXT() REPRESENTATION_CONTEXT('2D SPACE',''
  ) );
#7686 = PCURVE('',#4464,#7687);
#7687 = DEFINITIONAL_REPRESENTATION('',(#7688),#7691);
#7688 = B_SPLINE_CURVE_WITH_KNOTS('',1,(#7689,#7690),.UNSPECIFIED.,.F.,
  .F.,(2,2),(-84.2625,-45.5125),.PIECEWISE_BEZIER_KNOTS.);
#7689 = CARTESIAN_POINT('',(129.775,11.875));
#7690 = CARTESIAN_POINT('',(91.025,11.875));
#7691 = ( GEOMETRIC_REPRESENTATION_CONTEXT(2) 
PARAMETRIC_REPRESENTATION_CONTEXT() REPRESENTATION_CONTEXT('2D SPACE',''
  ) );
#7692 = ORIENTED_EDGE('',*,*,#7693,.T.);
#7693 = EDGE_CURVE('',#7673,#2228,#7694,.T.);
#7694 = SURFACE_CURVE('',#7695,(#7699,#7706),.PCURVE_S1.);
#7695 = LINE('',#7696,#7697);
#7696 = CARTESIAN_POINT('',(54.575,-3.125,5.));
#7697 = VECTOR('',#7698,1.);
#7698 = DIRECTION('',(0.,0.,-1.));
#7699 = PCURVE('',#2244,#7700);
#7700 = DEFINITIONAL_REPRESENTATION('',(#7701),#7705);
#7701 = LINE('',#7702,#7703);
#7702 = CARTESIAN_POINT('',(38.75,-5.));
#7703 = VECTOR('',#7704,1.);
#7704 = DIRECTION('',(0.,1.));
#7705 = ( GEOMETRIC_REPRESENTATION_CONTEXT(2) 
PARAMETRIC_REPRESENTATION_CONTEXT() REPRESENTATION_CONTEXT('2D SPACE',''
  ) );
#7706 = PCURVE('',#2276,#7707);
#7707 = DEFINITIONAL_REPRESENTATION('',(#7708),#7712);
#7708 = LINE('',#7709,#7710);
#7709 = CARTESIAN_POINT('',(0.,-5.));
#7710 = VECTOR('',#7711,1.);
#7711 = DIRECTION('',(-0.,1.));
#7712 = ( GEOMETRIC_REPRESENTATION_CONTEXT(2) 
PARAMETRIC_REPRESENTATION_CONTEXT() REPRESENTATION_CONTEXT('2D SPACE',''
  ) );
#7713 = ORIENTED_EDGE('',*,*,#2227,.T.);
#7714 = ADVANCED_FACE('',(#7715),#2276,.F.);
#7715 = FACE_BOUND('',#7716,.F.);
#7716 = EDGE_LOOP('',(#7717,#7718,#7746,#7767));
#7717 = ORIENTED_EDGE('',*,*,#7693,.F.);
#7718 = ORIENTED_EDGE('',*,*,#7719,.T.);
#7719 = EDGE_CURVE('',#7673,#7720,#7722,.T.);
#7720 = VERTEX_POINT('',#7721);
#7721 = CARTESIAN_POINT('',(54.575,-4.375,1.5));
#7722 = SURFACE_CURVE('',#7723,(#7728,#7735),.PCURVE_S1.);
#7723 = CIRCLE('',#7724,0.625);
#7724 = AXIS2_PLACEMENT_3D('',#7725,#7726,#7727);
#7725 = CARTESIAN_POINT('',(54.575,-3.75,1.5));
#7726 = DIRECTION('',(0.,0.,-1.));
#7727 = DIRECTION('',(0.,1.,0.));
#7728 = PCURVE('',#2276,#7729);
#7729 = DEFINITIONAL_REPRESENTATION('',(#7730),#7734);
#7730 = LINE('',#7731,#7732);
#7731 = CARTESIAN_POINT('',(0.,-1.5));
#7732 = VECTOR('',#7733,1.);
#7733 = DIRECTION('',(1.,0.));
#7734 = ( GEOMETRIC_REPRESENTATION_CONTEXT(2) 
PARAMETRIC_REPRESENTATION_CONTEXT() REPRESENTATION_CONTEXT('2D SPACE',''
  ) );
#7735 = PCURVE('',#4464,#7736);
#7736 = DEFINITIONAL_REPRESENTATION('',(#7737),#7745);
#7737 = ( BOUNDED_CURVE() B_SPLINE_CURVE(2,(#7738,#7739,#7740,#7741,
#7742,#7743,#7744),.UNSPECIFIED.,.T.,.F.) B_SPLINE_CURVE_WITH_KNOTS((1,2
    ,2,2,2,1),(-2.094395102393,0.,2.094395102393,4.188790204786,
6.28318530718,8.377580409573),.UNSPECIFIED.) CURVE() 
GEOMETRIC_REPRESENTATION_ITEM() RATIONAL_B_SPLINE_CURVE((1.,0.5,1.,0.5,
1.,0.5,1.)) REPRESENTATION_ITEM('') );
#7738 = CARTESIAN_POINT('',(129.775,11.875));
#7739 = CARTESIAN_POINT('',(130.85753175473,11.875));
#7740 = CARTESIAN_POINT('',(130.31626587736,10.9375));
#7741 = CARTESIAN_POINT('',(129.775,10.));
#7742 = CARTESIAN_POINT('',(129.23373412263,10.9375));
#7743 = CARTESIAN_POINT('',(128.69246824526,11.875));
#7744 = CARTESIAN_POINT('',(129.775,11.875));
#7745 = ( GEOMETRIC_REPRESENTATION_CONTEXT(2) 
PARAMETRIC_REPRESENTATION_CONTEXT() REPRESENTATION_CONTEXT('2D SPACE',''
  ) );
#7746 = ORIENTED_EDGE('',*,*,#7747,.T.);
#7747 = EDGE_CURVE('',#7720,#2256,#7748,.T.);
#7748 = SURFACE_CURVE('',#7749,(#7753,#7760),.PCURVE_S1.);
#7749 = LINE('',#7750,#7751);
#7750 = CARTESIAN_POINT('',(54.575,-4.375,5.));
#7751 = VECTOR('',#7752,1.);
#7752 = DIRECTION('',(0.,0.,-1.));
#7753 = PCURVE('',#2276,#7754);
#7754 = DEFINITIONAL_REPRESENTATION('',(#7755),#7759);
#7755 = LINE('',#7756,#7757);
#7756 = CARTESIAN_POINT('',(3.14159265359,-5.));
#7757 = VECTOR('',#7758,1.);
#7758 = DIRECTION('',(-0.,1.));
#7759 = ( GEOMETRIC_REPRESENTATION_CONTEXT(2) 
PARAMETRIC_REPRESENTATION_CONTEXT() REPRESENTATION_CONTEXT('2D SPACE',''
  ) );
#7760 = PCURVE('',#2303,#7761);
#7761 = DEFINITIONAL_REPRESENTATION('',(#7762),#7766);
#7762 = LINE('',#7763,#7764);
#7763 = CARTESIAN_POINT('',(0.,-5.));
#7764 = VECTOR('',#7765,1.);
#7765 = DIRECTION('',(0.,1.));
#7766 = ( GEOMETRIC_REPRESENTATION_CONTEXT(2) 
PARAMETRIC_REPRESENTATION_CONTEXT() REPRESENTATION_CONTEXT('2D SPACE',''
  ) );
#7767 = ORIENTED_EDGE('',*,*,#2255,.F.);
#7768 = ADVANCED_FACE('',(#7769),#2333,.F.);
#7769 = FACE_BOUND('',#7770,.F.);
#7770 = EDGE_LOOP('',(#7771,#7794,#7820,#7821));
#7771 = ORIENTED_EDGE('',*,*,#7772,.T.);
#7772 = EDGE_CURVE('',#2289,#7773,#7775,.T.);
#7773 = VERTEX_POINT('',#7774);
#7774 = CARTESIAN_POINT('',(15.825,-4.375,1.5));
#7775 = SURFACE_CURVE('',#7776,(#7780,#7787),.PCURVE_S1.);
#7776 = LINE('',#7777,#7778);
#7777 = CARTESIAN_POINT('',(15.825,-4.375,-5.));
#7778 = VECTOR('',#7779,1.);
#7779 = DIRECTION('',(0.,0.,1.));
#7780 = PCURVE('',#2333,#7781);
#7781 = DEFINITIONAL_REPRESENTATION('',(#7782),#7786);
#7782 = LINE('',#7783,#7784);
#7783 = CARTESIAN_POINT('',(0.,5.));
#7784 = VECTOR('',#7785,1.);
#7785 = DIRECTION('',(0.,-1.));
#7786 = ( GEOMETRIC_REPRESENTATION_CONTEXT(2) 
PARAMETRIC_REPRESENTATION_CONTEXT() REPRESENTATION_CONTEXT('2D SPACE',''
  ) );
#7787 = PCURVE('',#2303,#7788);
#7788 = DEFINITIONAL_REPRESENTATION('',(#7789),#7793);
#7789 = LINE('',#7790,#7791);
#7790 = CARTESIAN_POINT('',(38.75,5.));
#7791 = VECTOR('',#7792,1.);
#7792 = DIRECTION('',(0.,-1.));
#7793 = ( GEOMETRIC_REPRESENTATION_CONTEXT(2) 
PARAMETRIC_REPRESENTATION_CONTEXT() REPRESENTATION_CONTEXT('2D SPACE',''
  ) );
#7794 = ORIENTED_EDGE('',*,*,#7795,.T.);
#7795 = EDGE_CURVE('',#7773,#7650,#7796,.T.);
#7796 = SURFACE_CURVE('',#7797,(#7802,#7809),.PCURVE_S1.);
#7797 = CIRCLE('',#7798,0.625);
#7798 = AXIS2_PLACEMENT_3D('',#7799,#7800,#7801);
#7799 = CARTESIAN_POINT('',(15.825,-3.75,1.5));
#7800 = DIRECTION('',(0.,-0.,-1.));
#7801 = DIRECTION('',(0.,-1.,0.));
#7802 = PCURVE('',#2333,#7803);
#7803 = DEFINITIONAL_REPRESENTATION('',(#7804),#7808);
#7804 = LINE('',#7805,#7806);
#7805 = CARTESIAN_POINT('',(0.,-1.5));
#7806 = VECTOR('',#7807,1.);
#7807 = DIRECTION('',(1.,0.));
#7808 = ( GEOMETRIC_REPRESENTATION_CONTEXT(2) 
PARAMETRIC_REPRESENTATION_CONTEXT() REPRESENTATION_CONTEXT('2D SPACE',''
  ) );
#7809 = PCURVE('',#4464,#7810);
#7810 = DEFINITIONAL_REPRESENTATION('',(#7811),#7819);
#7811 = ( BOUNDED_CURVE() B_SPLINE_CURVE(2,(#7812,#7813,#7814,#7815,
#7816,#7817,#7818),.UNSPECIFIED.,.T.,.F.) B_SPLINE_CURVE_WITH_KNOTS((1,2
    ,2,2,2,1),(-2.094395102393,0.,2.094395102393,4.188790204786,
6.28318530718,8.377580409573),.UNSPECIFIED.) CURVE() 
GEOMETRIC_REPRESENTATION_ITEM() RATIONAL_B_SPLINE_CURVE((1.,0.5,1.,0.5,
1.,0.5,1.)) REPRESENTATION_ITEM('') );
#7812 = CARTESIAN_POINT('',(91.025,10.625));
#7813 = CARTESIAN_POINT('',(89.942468245269,10.625));
#7814 = CARTESIAN_POINT('',(90.483734122635,11.5625));
#7815 = CARTESIAN_POINT('',(91.025,12.5));
#7816 = CARTESIAN_POINT('',(91.566265877365,11.5625));
#7817 = CARTESIAN_POINT('',(92.107531754731,10.625));
#7818 = CARTESIAN_POINT('',(91.025,10.625));
#7819 = ( GEOMETRIC_REPRESENTATION_CONTEXT(2) 
PARAMETRIC_REPRESENTATION_CONTEXT() REPRESENTATION_CONTEXT('2D SPACE',''
  ) );
#7820 = ORIENTED_EDGE('',*,*,#7649,.F.);
#7821 = ORIENTED_EDGE('',*,*,#2314,.F.);
#7822 = ADVANCED_FACE('',(#7823),#2303,.F.);
#7823 = FACE_BOUND('',#7824,.F.);
#7824 = EDGE_LOOP('',(#7825,#7826,#7845,#7846));
#7825 = ORIENTED_EDGE('',*,*,#7747,.F.);
#7826 = ORIENTED_EDGE('',*,*,#7827,.F.);
#7827 = EDGE_CURVE('',#7773,#7720,#7828,.T.);
#7828 = SURFACE_CURVE('',#7829,(#7833,#7839),.PCURVE_S1.);
#7829 = LINE('',#7830,#7831);
#7830 = CARTESIAN_POINT('',(-10.3125,-4.375,1.5));
#7831 = VECTOR('',#7832,1.);
#7832 = DIRECTION('',(1.,0.,-0.));
#7833 = PCURVE('',#2303,#7834);
#7834 = DEFINITIONAL_REPRESENTATION('',(#7835),#7838);
#7835 = B_SPLINE_CURVE_WITH_KNOTS('',1,(#7836,#7837),.UNSPECIFIED.,.F.,
  .F.,(2,2),(26.1375,64.8875),.PIECEWISE_BEZIER_KNOTS.);
#7836 = CARTESIAN_POINT('',(38.75,-1.5));
#7837 = CARTESIAN_POINT('',(0.,-1.5));
#7838 = ( GEOMETRIC_REPRESENTATION_CONTEXT(2) 
PARAMETRIC_REPRESENTATION_CONTEXT() REPRESENTATION_CONTEXT('2D SPACE',''
  ) );
#7839 = PCURVE('',#4464,#7840);
#7840 = DEFINITIONAL_REPRESENTATION('',(#7841),#7844);
#7841 = B_SPLINE_CURVE_WITH_KNOTS('',1,(#7842,#7843),.UNSPECIFIED.,.F.,
  .F.,(2,2),(26.1375,64.8875),.PIECEWISE_BEZIER_KNOTS.);
#7842 = CARTESIAN_POINT('',(91.025,10.625));
#7843 = CARTESIAN_POINT('',(129.775,10.625));
#7844 = ( GEOMETRIC_REPRESENTATION_CONTEXT(2) 
PARAMETRIC_REPRESENTATION_CONTEXT() REPRESENTATION_CONTEXT('2D SPACE',''
  ) );
#7845 = ORIENTED_EDGE('',*,*,#7772,.F.);
#7846 = ORIENTED_EDGE('',*,*,#2288,.T.);
#7847 = ADVANCED_FACE('',(#7848),#2364,.F.);
#7848 = FACE_BOUND('',#7849,.F.);
#7849 = EDGE_LOOP('',(#7850,#7873,#7894,#7915));
#7850 = ORIENTED_EDGE('',*,*,#7851,.T.);
#7851 = EDGE_CURVE('',#2350,#7852,#7854,.T.);
#7852 = VERTEX_POINT('',#7853);
#7853 = CARTESIAN_POINT('',(-54.575,0.625,1.5));
#7854 = SURFACE_CURVE('',#7855,(#7859,#7866),.PCURVE_S1.);
#7855 = LINE('',#7856,#7857);
#7856 = CARTESIAN_POINT('',(-54.575,0.625,-5.));
#7857 = VECTOR('',#7858,1.);
#7858 = DIRECTION('',(0.,0.,1.));
#7859 = PCURVE('',#2364,#7860);
#7860 = DEFINITIONAL_REPRESENTATION('',(#7861),#7865);
#7861 = LINE('',#7862,#7863);
#7862 = CARTESIAN_POINT('',(0.,5.));
#7863 = VECTOR('',#7864,1.);
#7864 = DIRECTION('',(0.,-1.));
#7865 = ( GEOMETRIC_REPRESENTATION_CONTEXT(2) 
PARAMETRIC_REPRESENTATION_CONTEXT() REPRESENTATION_CONTEXT('2D SPACE',''
  ) );
#7866 = PCURVE('',#2453,#7867);
#7867 = DEFINITIONAL_REPRESENTATION('',(#7868),#7872);
#7868 = LINE('',#7869,#7870);
#7869 = CARTESIAN_POINT('',(3.14159265359,5.));
#7870 = VECTOR('',#7871,1.);
#7871 = DIRECTION('',(0.,-1.));
#7872 = ( GEOMETRIC_REPRESENTATION_CONTEXT(2) 
PARAMETRIC_REPRESENTATION_CONTEXT() REPRESENTATION_CONTEXT('2D SPACE',''
  ) );
#7873 = ORIENTED_EDGE('',*,*,#7874,.F.);
#7874 = EDGE_CURVE('',#7875,#7852,#7877,.T.);
#7875 = VERTEX_POINT('',#7876);
#7876 = CARTESIAN_POINT('',(-15.825,0.625,1.5));
#7877 = SURFACE_CURVE('',#7878,(#7882,#7888),.PCURVE_S1.);
#7878 = LINE('',#7879,#7880);
#7879 = CARTESIAN_POINT('',(-64.8875,0.625,1.5));
#7880 = VECTOR('',#7881,1.);
#7881 = DIRECTION('',(-1.,0.,0.));
#7882 = PCURVE('',#2364,#7883);
#7883 = DEFINITIONAL_REPRESENTATION('',(#7884),#7887);
#7884 = B_SPLINE_CURVE_WITH_KNOTS('',1,(#7885,#7886),.UNSPECIFIED.,.F.,
  .F.,(2,2),(-49.0625,-10.3125),.PIECEWISE_BEZIER_KNOTS.);
#7885 = CARTESIAN_POINT('',(38.75,-1.5));
#7886 = CARTESIAN_POINT('',(0.,-1.5));
#7887 = ( GEOMETRIC_REPRESENTATION_CONTEXT(2) 
PARAMETRIC_REPRESENTATION_CONTEXT() REPRESENTATION_CONTEXT('2D SPACE',''
  ) );
#7888 = PCURVE('',#4464,#7889);
#7889 = DEFINITIONAL_REPRESENTATION('',(#7890),#7893);
#7890 = B_SPLINE_CURVE_WITH_KNOTS('',1,(#7891,#7892),.UNSPECIFIED.,.F.,
  .F.,(2,2),(-49.0625,-10.3125),.PIECEWISE_BEZIER_KNOTS.);
#7891 = CARTESIAN_POINT('',(59.375,15.625));
#7892 = CARTESIAN_POINT('',(20.625,15.625));
#7893 = ( GEOMETRIC_REPRESENTATION_CONTEXT(2) 
PARAMETRIC_REPRESENTATION_CONTEXT() REPRESENTATION_CONTEXT('2D SPACE',''
  ) );
#7894 = ORIENTED_EDGE('',*,*,#7895,.T.);
#7895 = EDGE_CURVE('',#7875,#2348,#7896,.T.);
#7896 = SURFACE_CURVE('',#7897,(#7901,#7908),.PCURVE_S1.);
#7897 = LINE('',#7898,#7899);
#7898 = CARTESIAN_POINT('',(-15.825,0.625,5.));
#7899 = VECTOR('',#7900,1.);
#7900 = DIRECTION('',(0.,0.,-1.));
#7901 = PCURVE('',#2364,#7902);
#7902 = DEFINITIONAL_REPRESENTATION('',(#7903),#7907);
#7903 = LINE('',#7904,#7905);
#7904 = CARTESIAN_POINT('',(38.75,-5.));
#7905 = VECTOR('',#7906,1.);
#7906 = DIRECTION('',(0.,1.));
#7907 = ( GEOMETRIC_REPRESENTATION_CONTEXT(2) 
PARAMETRIC_REPRESENTATION_CONTEXT() REPRESENTATION_CONTEXT('2D SPACE',''
  ) );
#7908 = PCURVE('',#2396,#7909);
#7909 = DEFINITIONAL_REPRESENTATION('',(#7910),#7914);
#7910 = LINE('',#7911,#7912);
#7911 = CARTESIAN_POINT('',(0.,-5.));
#7912 = VECTOR('',#7913,1.);
#7913 = DIRECTION('',(-0.,1.));
#7914 = ( GEOMETRIC_REPRESENTATION_CONTEXT(2) 
PARAMETRIC_REPRESENTATION_CONTEXT() REPRESENTATION_CONTEXT('2D SPACE',''
  ) );
#7915 = ORIENTED_EDGE('',*,*,#2347,.T.);
#7916 = ADVANCED_FACE('',(#7917),#2396,.F.);
#7917 = FACE_BOUND('',#7918,.F.);
#7918 = EDGE_LOOP('',(#7919,#7920,#7948,#7969));
#7919 = ORIENTED_EDGE('',*,*,#7895,.F.);
#7920 = ORIENTED_EDGE('',*,*,#7921,.T.);
#7921 = EDGE_CURVE('',#7875,#7922,#7924,.T.);
#7922 = VERTEX_POINT('',#7923);
#7923 = CARTESIAN_POINT('',(-15.825,-0.625,1.5));
#7924 = SURFACE_CURVE('',#7925,(#7930,#7937),.PCURVE_S1.);
#7925 = CIRCLE('',#7926,0.625);
#7926 = AXIS2_PLACEMENT_3D('',#7927,#7928,#7929);
#7927 = CARTESIAN_POINT('',(-15.825,-5.551115123126E-17,1.5));
#7928 = DIRECTION('',(0.,0.,-1.));
#7929 = DIRECTION('',(0.,1.,0.));
#7930 = PCURVE('',#2396,#7931);
#7931 = DEFINITIONAL_REPRESENTATION('',(#7932),#7936);
#7932 = LINE('',#7933,#7934);
#7933 = CARTESIAN_POINT('',(0.,-1.5));
#7934 = VECTOR('',#7935,1.);
#7935 = DIRECTION('',(1.,0.));
#7936 = ( GEOMETRIC_REPRESENTATION_CONTEXT(2) 
PARAMETRIC_REPRESENTATION_CONTEXT() REPRESENTATION_CONTEXT('2D SPACE',''
  ) );
#7937 = PCURVE('',#4464,#7938);
#7938 = DEFINITIONAL_REPRESENTATION('',(#7939),#7947);
#7939 = ( BOUNDED_CURVE() B_SPLINE_CURVE(2,(#7940,#7941,#7942,#7943,
#7944,#7945,#7946),.UNSPECIFIED.,.T.,.F.) B_SPLINE_CURVE_WITH_KNOTS((1,2
    ,2,2,2,1),(-2.094395102393,0.,2.094395102393,4.188790204786,
6.28318530718,8.377580409573),.UNSPECIFIED.) CURVE() 
GEOMETRIC_REPRESENTATION_ITEM() RATIONAL_B_SPLINE_CURVE((1.,0.5,1.,0.5,
1.,0.5,1.)) REPRESENTATION_ITEM('') );
#7940 = CARTESIAN_POINT('',(59.375,15.625));
#7941 = CARTESIAN_POINT('',(60.457531754731,15.625));
#7942 = CARTESIAN_POINT('',(59.916265877365,14.6875));
#7943 = CARTESIAN_POINT('',(59.375,13.75));
#7944 = CARTESIAN_POINT('',(58.833734122635,14.6875));
#7945 = CARTESIAN_POINT('',(58.292468245269,15.625));
#7946 = CARTESIAN_POINT('',(59.375,15.625));
#7947 = ( GEOMETRIC_REPRESENTATION_CONTEXT(2) 
PARAMETRIC_REPRESENTATION_CONTEXT() REPRESENTATION_CONTEXT('2D SPACE',''
  ) );
#7948 = ORIENTED_EDGE('',*,*,#7949,.T.);
#7949 = EDGE_CURVE('',#7922,#2376,#7950,.T.);
#7950 = SURFACE_CURVE('',#7951,(#7955,#7962),.PCURVE_S1.);
#7951 = LINE('',#7952,#7953);
#7952 = CARTESIAN_POINT('',(-15.825,-0.625,5.));
#7953 = VECTOR('',#7954,1.);
#7954 = DIRECTION('',(0.,0.,-1.));
#7955 = PCURVE('',#2396,#7956);
#7956 = DEFINITIONAL_REPRESENTATION('',(#7957),#7961);
#7957 = LINE('',#7958,#7959);
#7958 = CARTESIAN_POINT('',(3.14159265359,-5.));
#7959 = VECTOR('',#7960,1.);
#7960 = DIRECTION('',(-0.,1.));
#7961 = ( GEOMETRIC_REPRESENTATION_CONTEXT(2) 
PARAMETRIC_REPRESENTATION_CONTEXT() REPRESENTATION_CONTEXT('2D SPACE',''
  ) );
#7962 = PCURVE('',#2423,#7963);
#7963 = DEFINITIONAL_REPRESENTATION('',(#7964),#7968);
#7964 = LINE('',#7965,#7966);
#7965 = CARTESIAN_POINT('',(0.,-5.));
#7966 = VECTOR('',#7967,1.);
#7967 = DIRECTION('',(0.,1.));
#7968 = ( GEOMETRIC_REPRESENTATION_CONTEXT(2) 
PARAMETRIC_REPRESENTATION_CONTEXT() REPRESENTATION_CONTEXT('2D SPACE',''
  ) );
#7969 = ORIENTED_EDGE('',*,*,#2375,.F.);
#7970 = ADVANCED_FACE('',(#7971),#2453,.F.);
#7971 = FACE_BOUND('',#7972,.F.);
#7972 = EDGE_LOOP('',(#7973,#7996,#8022,#8023));
#7973 = ORIENTED_EDGE('',*,*,#7974,.T.);
#7974 = EDGE_CURVE('',#2409,#7975,#7977,.T.);
#7975 = VERTEX_POINT('',#7976);
#7976 = CARTESIAN_POINT('',(-54.575,-0.625,1.5));
#7977 = SURFACE_CURVE('',#7978,(#7982,#7989),.PCURVE_S1.);
#7978 = LINE('',#7979,#7980);
#7979 = CARTESIAN_POINT('',(-54.575,-0.625,-5.));
#7980 = VECTOR('',#7981,1.);
#7981 = DIRECTION('',(0.,0.,1.));
#7982 = PCURVE('',#2453,#7983);
#7983 = DEFINITIONAL_REPRESENTATION('',(#7984),#7988);
#7984 = LINE('',#7985,#7986);
#7985 = CARTESIAN_POINT('',(0.,5.));
#7986 = VECTOR('',#7987,1.);
#7987 = DIRECTION('',(0.,-1.));
#7988 = ( GEOMETRIC_REPRESENTATION_CONTEXT(2) 
PARAMETRIC_REPRESENTATION_CONTEXT() REPRESENTATION_CONTEXT('2D SPACE',''
  ) );
#7989 = PCURVE('',#2423,#7990);
#7990 = DEFINITIONAL_REPRESENTATION('',(#7991),#7995);
#7991 = LINE('',#7992,#7993);
#7992 = CARTESIAN_POINT('',(38.75,5.));
#7993 = VECTOR('',#7994,1.);
#7994 = DIRECTION('',(0.,-1.));
#7995 = ( GEOMETRIC_REPRESENTATION_CONTEXT(2) 
PARAMETRIC_REPRESENTATION_CONTEXT() REPRESENTATION_CONTEXT('2D SPACE',''
  ) );
#7996 = ORIENTED_EDGE('',*,*,#7997,.T.);
#7997 = EDGE_CURVE('',#7975,#7852,#7998,.T.);
#7998 = SURFACE_CURVE('',#7999,(#8004,#8011),.PCURVE_S1.);
#7999 = CIRCLE('',#8000,0.625);
#8000 = AXIS2_PLACEMENT_3D('',#8001,#8002,#8003);
#8001 = CARTESIAN_POINT('',(-54.575,5.551115123126E-17,1.5));
#8002 = DIRECTION('',(0.,-0.,-1.));
#8003 = DIRECTION('',(0.,-1.,0.));
#8004 = PCURVE('',#2453,#8005);
#8005 = DEFINITIONAL_REPRESENTATION('',(#8006),#8010);
#8006 = LINE('',#8007,#8008);
#8007 = CARTESIAN_POINT('',(0.,-1.5));
#8008 = VECTOR('',#8009,1.);
#8009 = DIRECTION('',(1.,0.));
#8010 = ( GEOMETRIC_REPRESENTATION_CONTEXT(2) 
PARAMETRIC_REPRESENTATION_CONTEXT() REPRESENTATION_CONTEXT('2D SPACE',''
  ) );
#8011 = PCURVE('',#4464,#8012);
#8012 = DEFINITIONAL_REPRESENTATION('',(#8013),#8021);
#8013 = ( BOUNDED_CURVE() B_SPLINE_CURVE(2,(#8014,#8015,#8016,#8017,
#8018,#8019,#8020),.UNSPECIFIED.,.T.,.F.) B_SPLINE_CURVE_WITH_KNOTS((1,2
    ,2,2,2,1),(-2.094395102393,0.,2.094395102393,4.188790204786,
6.28318530718,8.377580409573),.UNSPECIFIED.) CURVE() 
GEOMETRIC_REPRESENTATION_ITEM() RATIONAL_B_SPLINE_CURVE((1.,0.5,1.,0.5,
1.,0.5,1.)) REPRESENTATION_ITEM('') );
#8014 = CARTESIAN_POINT('',(20.625,14.375));
#8015 = CARTESIAN_POINT('',(19.542468245269,14.375));
#8016 = CARTESIAN_POINT('',(20.083734122635,15.3125));
#8017 = CARTESIAN_POINT('',(20.625,16.25));
#8018 = CARTESIAN_POINT('',(21.166265877365,15.3125));
#8019 = CARTESIAN_POINT('',(21.707531754731,14.375));
#8020 = CARTESIAN_POINT('',(20.625,14.375));
#8021 = ( GEOMETRIC_REPRESENTATION_CONTEXT(2) 
PARAMETRIC_REPRESENTATION_CONTEXT() REPRESENTATION_CONTEXT('2D SPACE',''
  ) );
#8022 = ORIENTED_EDGE('',*,*,#7851,.F.);
#8023 = ORIENTED_EDGE('',*,*,#2434,.F.);
#8024 = ADVANCED_FACE('',(#8025),#2423,.F.);
#8025 = FACE_BOUND('',#8026,.F.);
#8026 = EDGE_LOOP('',(#8027,#8028,#8047,#8048));
#8027 = ORIENTED_EDGE('',*,*,#7949,.F.);
#8028 = ORIENTED_EDGE('',*,*,#8029,.F.);
#8029 = EDGE_CURVE('',#7975,#7922,#8030,.T.);
#8030 = SURFACE_CURVE('',#8031,(#8035,#8041),.PCURVE_S1.);
#8031 = LINE('',#8032,#8033);
#8032 = CARTESIAN_POINT('',(-45.5125,-0.625,1.5));
#8033 = VECTOR('',#8034,1.);
#8034 = DIRECTION('',(1.,0.,-0.));
#8035 = PCURVE('',#2423,#8036);
#8036 = DEFINITIONAL_REPRESENTATION('',(#8037),#8040);
#8037 = B_SPLINE_CURVE_WITH_KNOTS('',1,(#8038,#8039),.UNSPECIFIED.,.F.,
  .F.,(2,2),(-9.0625,29.6875),.PIECEWISE_BEZIER_KNOTS.);
#8038 = CARTESIAN_POINT('',(38.75,-1.5));
#8039 = CARTESIAN_POINT('',(0.,-1.5));
#8040 = ( GEOMETRIC_REPRESENTATION_CONTEXT(2) 
PARAMETRIC_REPRESENTATION_CONTEXT() REPRESENTATION_CONTEXT('2D SPACE',''
  ) );
#8041 = PCURVE('',#4464,#8042);
#8042 = DEFINITIONAL_REPRESENTATION('',(#8043),#8046);
#8043 = B_SPLINE_CURVE_WITH_KNOTS('',1,(#8044,#8045),.UNSPECIFIED.,.F.,
  .F.,(2,2),(-9.0625,29.6875),.PIECEWISE_BEZIER_KNOTS.);
#8044 = CARTESIAN_POINT('',(20.625,14.375));
#8045 = CARTESIAN_POINT('',(59.375,14.375));
#8046 = ( GEOMETRIC_REPRESENTATION_CONTEXT(2) 
PARAMETRIC_REPRESENTATION_CONTEXT() REPRESENTATION_CONTEXT('2D SPACE',''
  ) );
#8047 = ORIENTED_EDGE('',*,*,#7974,.F.);
#8048 = ORIENTED_EDGE('',*,*,#2408,.T.);
#8049 = ADVANCED_FACE('',(#8050),#2484,.F.);
#8050 = FACE_BOUND('',#8051,.F.);
#8051 = EDGE_LOOP('',(#8052,#8075,#8096,#8117));
#8052 = ORIENTED_EDGE('',*,*,#8053,.T.);
#8053 = EDGE_CURVE('',#2470,#8054,#8056,.T.);
#8054 = VERTEX_POINT('',#8055);
#8055 = CARTESIAN_POINT('',(-54.575,4.375,1.5));
#8056 = SURFACE_CURVE('',#8057,(#8061,#8068),.PCURVE_S1.);
#8057 = LINE('',#8058,#8059);
#8058 = CARTESIAN_POINT('',(-54.575,4.375,-5.));
#8059 = VECTOR('',#8060,1.);
#8060 = DIRECTION('',(0.,0.,1.));
#8061 = PCURVE('',#2484,#8062);
#8062 = DEFINITIONAL_REPRESENTATION('',(#8063),#8067);
#8063 = LINE('',#8064,#8065);
#8064 = CARTESIAN_POINT('',(0.,5.));
#8065 = VECTOR('',#8066,1.);
#8066 = DIRECTION('',(0.,-1.));
#8067 = ( GEOMETRIC_REPRESENTATION_CONTEXT(2) 
PARAMETRIC_REPRESENTATION_CONTEXT() REPRESENTATION_CONTEXT('2D SPACE',''
  ) );
#8068 = PCURVE('',#2573,#8069);
#8069 = DEFINITIONAL_REPRESENTATION('',(#8070),#8074);
#8070 = LINE('',#8071,#8072);
#8071 = CARTESIAN_POINT('',(3.14159265359,5.));
#8072 = VECTOR('',#8073,1.);
#8073 = DIRECTION('',(0.,-1.));
#8074 = ( GEOMETRIC_REPRESENTATION_CONTEXT(2) 
PARAMETRIC_REPRESENTATION_CONTEXT() REPRESENTATION_CONTEXT('2D SPACE',''
  ) );
#8075 = ORIENTED_EDGE('',*,*,#8076,.F.);
#8076 = EDGE_CURVE('',#8077,#8054,#8079,.T.);
#8077 = VERTEX_POINT('',#8078);
#8078 = CARTESIAN_POINT('',(-15.825,4.375,1.5));
#8079 = SURFACE_CURVE('',#8080,(#8084,#8090),.PCURVE_S1.);
#8080 = LINE('',#8081,#8082);
#8081 = CARTESIAN_POINT('',(-64.8875,4.375,1.5));
#8082 = VECTOR('',#8083,1.);
#8083 = DIRECTION('',(-1.,0.,0.));
#8084 = PCURVE('',#2484,#8085);
#8085 = DEFINITIONAL_REPRESENTATION('',(#8086),#8089);
#8086 = B_SPLINE_CURVE_WITH_KNOTS('',1,(#8087,#8088),.UNSPECIFIED.,.F.,
  .F.,(2,2),(-49.0625,-10.3125),.PIECEWISE_BEZIER_KNOTS.);
#8087 = CARTESIAN_POINT('',(38.75,-1.5));
#8088 = CARTESIAN_POINT('',(0.,-1.5));
#8089 = ( GEOMETRIC_REPRESENTATION_CONTEXT(2) 
PARAMETRIC_REPRESENTATION_CONTEXT() REPRESENTATION_CONTEXT('2D SPACE',''
  ) );
#8090 = PCURVE('',#4464,#8091);
#8091 = DEFINITIONAL_REPRESENTATION('',(#8092),#8095);
#8092 = B_SPLINE_CURVE_WITH_KNOTS('',1,(#8093,#8094),.UNSPECIFIED.,.F.,
  .F.,(2,2),(-49.0625,-10.3125),.PIECEWISE_BEZIER_KNOTS.);
#8093 = CARTESIAN_POINT('',(59.375,19.375));
#8094 = CARTESIAN_POINT('',(20.625,19.375));
#8095 = ( GEOMETRIC_REPRESENTATION_CONTEXT(2) 
PARAMETRIC_REPRESENTATION_CONTEXT() REPRESENTATION_CONTEXT('2D SPACE',''
  ) );
#8096 = ORIENTED_EDGE('',*,*,#8097,.T.);
#8097 = EDGE_CURVE('',#8077,#2468,#8098,.T.);
#8098 = SURFACE_CURVE('',#8099,(#8103,#8110),.PCURVE_S1.);
#8099 = LINE('',#8100,#8101);
#8100 = CARTESIAN_POINT('',(-15.825,4.375,5.));
#8101 = VECTOR('',#8102,1.);
#8102 = DIRECTION('',(0.,0.,-1.));
#8103 = PCURVE('',#2484,#8104);
#8104 = DEFINITIONAL_REPRESENTATION('',(#8105),#8109);
#8105 = LINE('',#8106,#8107);
#8106 = CARTESIAN_POINT('',(38.75,-5.));
#8107 = VECTOR('',#8108,1.);
#8108 = DIRECTION('',(0.,1.));
#8109 = ( GEOMETRIC_REPRESENTATION_CONTEXT(2) 
PARAMETRIC_REPRESENTATION_CONTEXT() REPRESENTATION_CONTEXT('2D SPACE',''
  ) );
#8110 = PCURVE('',#2516,#8111);
#8111 = DEFINITIONAL_REPRESENTATION('',(#8112),#8116);
#8112 = LINE('',#8113,#8114);
#8113 = CARTESIAN_POINT('',(0.,-5.));
#8114 = VECTOR('',#8115,1.);
#8115 = DIRECTION('',(-0.,1.));
#8116 = ( GEOMETRIC_REPRESENTATION_CONTEXT(2) 
PARAMETRIC_REPRESENTATION_CONTEXT() REPRESENTATION_CONTEXT('2D SPACE',''
  ) );
#8117 = ORIENTED_EDGE('',*,*,#2467,.T.);
#8118 = ADVANCED_FACE('',(#8119),#2516,.F.);
#8119 = FACE_BOUND('',#8120,.F.);
#8120 = EDGE_LOOP('',(#8121,#8122,#8150,#8171));
#8121 = ORIENTED_EDGE('',*,*,#8097,.F.);
#8122 = ORIENTED_EDGE('',*,*,#8123,.T.);
#8123 = EDGE_CURVE('',#8077,#8124,#8126,.T.);
#8124 = VERTEX_POINT('',#8125);
#8125 = CARTESIAN_POINT('',(-15.825,3.125,1.5));
#8126 = SURFACE_CURVE('',#8127,(#8132,#8139),.PCURVE_S1.);
#8127 = CIRCLE('',#8128,0.625);
#8128 = AXIS2_PLACEMENT_3D('',#8129,#8130,#8131);
#8129 = CARTESIAN_POINT('',(-15.825,3.75,1.5));
#8130 = DIRECTION('',(0.,0.,-1.));
#8131 = DIRECTION('',(0.,1.,0.));
#8132 = PCURVE('',#2516,#8133);
#8133 = DEFINITIONAL_REPRESENTATION('',(#8134),#8138);
#8134 = LINE('',#8135,#8136);
#8135 = CARTESIAN_POINT('',(0.,-1.5));
#8136 = VECTOR('',#8137,1.);
#8137 = DIRECTION('',(1.,0.));
#8138 = ( GEOMETRIC_REPRESENTATION_CONTEXT(2) 
PARAMETRIC_REPRESENTATION_CONTEXT() REPRESENTATION_CONTEXT('2D SPACE',''
  ) );
#8139 = PCURVE('',#4464,#8140);
#8140 = DEFINITIONAL_REPRESENTATION('',(#8141),#8149);
#8141 = ( BOUNDED_CURVE() B_SPLINE_CURVE(2,(#8142,#8143,#8144,#8145,
#8146,#8147,#8148),.UNSPECIFIED.,.T.,.F.) B_SPLINE_CURVE_WITH_KNOTS((1,2
    ,2,2,2,1),(-2.094395102393,0.,2.094395102393,4.188790204786,
6.28318530718,8.377580409573),.UNSPECIFIED.) CURVE() 
GEOMETRIC_REPRESENTATION_ITEM() RATIONAL_B_SPLINE_CURVE((1.,0.5,1.,0.5,
1.,0.5,1.)) REPRESENTATION_ITEM('') );
#8142 = CARTESIAN_POINT('',(59.375,19.375));
#8143 = CARTESIAN_POINT('',(60.457531754731,19.375));
#8144 = CARTESIAN_POINT('',(59.916265877365,18.4375));
#8145 = CARTESIAN_POINT('',(59.375,17.5));
#8146 = CARTESIAN_POINT('',(58.833734122635,18.4375));
#8147 = CARTESIAN_POINT('',(58.292468245269,19.375));
#8148 = CARTESIAN_POINT('',(59.375,19.375));
#8149 = ( GEOMETRIC_REPRESENTATION_CONTEXT(2) 
PARAMETRIC_REPRESENTATION_CONTEXT() REPRESENTATION_CONTEXT('2D SPACE',''
  ) );
#8150 = ORIENTED_EDGE('',*,*,#8151,.T.);
#8151 = EDGE_CURVE('',#8124,#2496,#8152,.T.);
#8152 = SURFACE_CURVE('',#8153,(#8157,#8164),.PCURVE_S1.);
#8153 = LINE('',#8154,#8155);
#8154 = CARTESIAN_POINT('',(-15.825,3.125,5.));
#8155 = VECTOR('',#8156,1.);
#8156 = DIRECTION('',(0.,0.,-1.));
#8157 = PCURVE('',#2516,#8158);
#8158 = DEFINITIONAL_REPRESENTATION('',(#8159),#8163);
#8159 = LINE('',#8160,#8161);
#8160 = CARTESIAN_POINT('',(3.14159265359,-5.));
#8161 = VECTOR('',#8162,1.);
#8162 = DIRECTION('',(-0.,1.));
#8163 = ( GEOMETRIC_REPRESENTATION_CONTEXT(2) 
PARAMETRIC_REPRESENTATION_CONTEXT() REPRESENTATION_CONTEXT('2D SPACE',''
  ) );
#8164 = PCURVE('',#2543,#8165);
#8165 = DEFINITIONAL_REPRESENTATION('',(#8166),#8170);
#8166 = LINE('',#8167,#8168);
#8167 = CARTESIAN_POINT('',(0.,-5.));
#8168 = VECTOR('',#8169,1.);
#8169 = DIRECTION('',(0.,1.));
#8170 = ( GEOMETRIC_REPRESENTATION_CONTEXT(2) 
PARAMETRIC_REPRESENTATION_CONTEXT() REPRESENTATION_CONTEXT('2D SPACE',''
  ) );
#8171 = ORIENTED_EDGE('',*,*,#2495,.F.);
#8172 = ADVANCED_FACE('',(#8173),#2573,.F.);
#8173 = FACE_BOUND('',#8174,.F.);
#8174 = EDGE_LOOP('',(#8175,#8198,#8224,#8225));
#8175 = ORIENTED_EDGE('',*,*,#8176,.T.);
#8176 = EDGE_CURVE('',#2529,#8177,#8179,.T.);
#8177 = VERTEX_POINT('',#8178);
#8178 = CARTESIAN_POINT('',(-54.575,3.125,1.5));
#8179 = SURFACE_CURVE('',#8180,(#8184,#8191),.PCURVE_S1.);
#8180 = LINE('',#8181,#8182);
#8181 = CARTESIAN_POINT('',(-54.575,3.125,-5.));
#8182 = VECTOR('',#8183,1.);
#8183 = DIRECTION('',(0.,0.,1.));
#8184 = PCURVE('',#2573,#8185);
#8185 = DEFINITIONAL_REPRESENTATION('',(#8186),#8190);
#8186 = LINE('',#8187,#8188);
#8187 = CARTESIAN_POINT('',(0.,5.));
#8188 = VECTOR('',#8189,1.);
#8189 = DIRECTION('',(0.,-1.));
#8190 = ( GEOMETRIC_REPRESENTATION_CONTEXT(2) 
PARAMETRIC_REPRESENTATION_CONTEXT() REPRESENTATION_CONTEXT('2D SPACE',''
  ) );
#8191 = PCURVE('',#2543,#8192);
#8192 = DEFINITIONAL_REPRESENTATION('',(#8193),#8197);
#8193 = LINE('',#8194,#8195);
#8194 = CARTESIAN_POINT('',(38.75,5.));
#8195 = VECTOR('',#8196,1.);
#8196 = DIRECTION('',(0.,-1.));
#8197 = ( GEOMETRIC_REPRESENTATION_CONTEXT(2) 
PARAMETRIC_REPRESENTATION_CONTEXT() REPRESENTATION_CONTEXT('2D SPACE',''
  ) );
#8198 = ORIENTED_EDGE('',*,*,#8199,.T.);
#8199 = EDGE_CURVE('',#8177,#8054,#8200,.T.);
#8200 = SURFACE_CURVE('',#8201,(#8206,#8213),.PCURVE_S1.);
#8201 = CIRCLE('',#8202,0.625);
#8202 = AXIS2_PLACEMENT_3D('',#8203,#8204,#8205);
#8203 = CARTESIAN_POINT('',(-54.575,3.75,1.5));
#8204 = DIRECTION('',(0.,-0.,-1.));
#8205 = DIRECTION('',(0.,-1.,0.));
#8206 = PCURVE('',#2573,#8207);
#8207 = DEFINITIONAL_REPRESENTATION('',(#8208),#8212);
#8208 = LINE('',#8209,#8210);
#8209 = CARTESIAN_POINT('',(0.,-1.5));
#8210 = VECTOR('',#8211,1.);
#8211 = DIRECTION('',(1.,0.));
#8212 = ( GEOMETRIC_REPRESENTATION_CONTEXT(2) 
PARAMETRIC_REPRESENTATION_CONTEXT() REPRESENTATION_CONTEXT('2D SPACE',''
  ) );
#8213 = PCURVE('',#4464,#8214);
#8214 = DEFINITIONAL_REPRESENTATION('',(#8215),#8223);
#8215 = ( BOUNDED_CURVE() B_SPLINE_CURVE(2,(#8216,#8217,#8218,#8219,
#8220,#8221,#8222),.UNSPECIFIED.,.T.,.F.) B_SPLINE_CURVE_WITH_KNOTS((1,2
    ,2,2,2,1),(-2.094395102393,0.,2.094395102393,4.188790204786,
6.28318530718,8.377580409573),.UNSPECIFIED.) CURVE() 
GEOMETRIC_REPRESENTATION_ITEM() RATIONAL_B_SPLINE_CURVE((1.,0.5,1.,0.5,
1.,0.5,1.)) REPRESENTATION_ITEM('') );
#8216 = CARTESIAN_POINT('',(20.625,18.125));
#8217 = CARTESIAN_POINT('',(19.542468245269,18.125));
#8218 = CARTESIAN_POINT('',(20.083734122635,19.0625));
#8219 = CARTESIAN_POINT('',(20.625,20.));
#8220 = CARTESIAN_POINT('',(21.166265877365,19.0625));
#8221 = CARTESIAN_POINT('',(21.707531754731,18.125));
#8222 = CARTESIAN_POINT('',(20.625,18.125));
#8223 = ( GEOMETRIC_REPRESENTATION_CONTEXT(2) 
PARAMETRIC_REPRESENTATION_CONTEXT() REPRESENTATION_CONTEXT('2D SPACE',''
  ) );
#8224 = ORIENTED_EDGE('',*,*,#8053,.F.);
#8225 = ORIENTED_EDGE('',*,*,#2554,.F.);
#8226 = ADVANCED_FACE('',(#8227),#2543,.F.);
#8227 = FACE_BOUND('',#8228,.F.);
#8228 = EDGE_LOOP('',(#8229,#8230,#8249,#8250));
#8229 = ORIENTED_EDGE('',*,*,#8151,.F.);
#8230 = ORIENTED_EDGE('',*,*,#8231,.F.);
#8231 = EDGE_CURVE('',#8177,#8124,#8232,.T.);
#8232 = SURFACE_CURVE('',#8233,(#8237,#8243),.PCURVE_S1.);
#8233 = LINE('',#8234,#8235);
#8234 = CARTESIAN_POINT('',(-45.5125,3.125,1.5));
#8235 = VECTOR('',#8236,1.);
#8236 = DIRECTION('',(1.,0.,-0.));
#8237 = PCURVE('',#2543,#8238);
#8238 = DEFINITIONAL_REPRESENTATION('',(#8239),#8242);
#8239 = B_SPLINE_CURVE_WITH_KNOTS('',1,(#8240,#8241),.UNSPECIFIED.,.F.,
  .F.,(2,2),(-9.0625,29.6875),.PIECEWISE_BEZIER_KNOTS.);
#8240 = CARTESIAN_POINT('',(38.75,-1.5));
#8241 = CARTESIAN_POINT('',(0.,-1.5));
#8242 = ( GEOMETRIC_REPRESENTATION_CONTEXT(2) 
PARAMETRIC_REPRESENTATION_CONTEXT() REPRESENTATION_CONTEXT('2D SPACE',''
  ) );
#8243 = PCURVE('',#4464,#8244);
#8244 = DEFINITIONAL_REPRESENTATION('',(#8245),#8248);
#8245 = B_SPLINE_CURVE_WITH_KNOTS('',1,(#8246,#8247),.UNSPECIFIED.,.F.,
  .F.,(2,2),(-9.0625,29.6875),.PIECEWISE_BEZIER_KNOTS.);
#8246 = CARTESIAN_POINT('',(20.625,18.125));
#8247 = CARTESIAN_POINT('',(59.375,18.125));
#8248 = ( GEOMETRIC_REPRESENTATION_CONTEXT(2) 
PARAMETRIC_REPRESENTATION_CONTEXT() REPRESENTATION_CONTEXT('2D SPACE',''
  ) );
#8249 = ORIENTED_EDGE('',*,*,#8176,.F.);
#8250 = ORIENTED_EDGE('',*,*,#2528,.T.);
#8251 = ADVANCED_FACE('',(#8252),#2604,.F.);
#8252 = FACE_BOUND('',#8253,.F.);
#8253 = EDGE_LOOP('',(#8254,#8277,#8298,#8319));
#8254 = ORIENTED_EDGE('',*,*,#8255,.T.);
#8255 = EDGE_CURVE('',#2590,#8256,#8258,.T.);
#8256 = VERTEX_POINT('',#8257);
#8257 = CARTESIAN_POINT('',(-54.575,8.125,1.5));
#8258 = SURFACE_CURVE('',#8259,(#8263,#8270),.PCURVE_S1.);
#8259 = LINE('',#8260,#8261);
#8260 = CARTESIAN_POINT('',(-54.575,8.125,-5.));
#8261 = VECTOR('',#8262,1.);
#8262 = DIRECTION('',(0.,0.,1.));
#8263 = PCURVE('',#2604,#8264);
#8264 = DEFINITIONAL_REPRESENTATION('',(#8265),#8269);
#8265 = LINE('',#8266,#8267);
#8266 = CARTESIAN_POINT('',(0.,5.));
#8267 = VECTOR('',#8268,1.);
#8268 = DIRECTION('',(0.,-1.));
#8269 = ( GEOMETRIC_REPRESENTATION_CONTEXT(2) 
PARAMETRIC_REPRESENTATION_CONTEXT() REPRESENTATION_CONTEXT('2D SPACE',''
  ) );
#8270 = PCURVE('',#2693,#8271);
#8271 = DEFINITIONAL_REPRESENTATION('',(#8272),#8276);
#8272 = LINE('',#8273,#8274);
#8273 = CARTESIAN_POINT('',(3.14159265359,5.));
#8274 = VECTOR('',#8275,1.);
#8275 = DIRECTION('',(0.,-1.));
#8276 = ( GEOMETRIC_REPRESENTATION_CONTEXT(2) 
PARAMETRIC_REPRESENTATION_CONTEXT() REPRESENTATION_CONTEXT('2D SPACE',''
  ) );
#8277 = ORIENTED_EDGE('',*,*,#8278,.F.);
#8278 = EDGE_CURVE('',#8279,#8256,#8281,.T.);
#8279 = VERTEX_POINT('',#8280);
#8280 = CARTESIAN_POINT('',(-15.825,8.125,1.5));
#8281 = SURFACE_CURVE('',#8282,(#8286,#8292),.PCURVE_S1.);
#8282 = LINE('',#8283,#8284);
#8283 = CARTESIAN_POINT('',(-64.8875,8.125,1.5));
#8284 = VECTOR('',#8285,1.);
#8285 = DIRECTION('',(-1.,0.,0.));
#8286 = PCURVE('',#2604,#8287);
#8287 = DEFINITIONAL_REPRESENTATION('',(#8288),#8291);
#8288 = B_SPLINE_CURVE_WITH_KNOTS('',1,(#8289,#8290),.UNSPECIFIED.,.F.,
  .F.,(2,2),(-49.0625,-10.3125),.PIECEWISE_BEZIER_KNOTS.);
#8289 = CARTESIAN_POINT('',(38.75,-1.5));
#8290 = CARTESIAN_POINT('',(0.,-1.5));
#8291 = ( GEOMETRIC_REPRESENTATION_CONTEXT(2) 
PARAMETRIC_REPRESENTATION_CONTEXT() REPRESENTATION_CONTEXT('2D SPACE',''
  ) );
#8292 = PCURVE('',#4464,#8293);
#8293 = DEFINITIONAL_REPRESENTATION('',(#8294),#8297);
#8294 = B_SPLINE_CURVE_WITH_KNOTS('',1,(#8295,#8296),.UNSPECIFIED.,.F.,
  .F.,(2,2),(-49.0625,-10.3125),.PIECEWISE_BEZIER_KNOTS.);
#8295 = CARTESIAN_POINT('',(59.375,23.125));
#8296 = CARTESIAN_POINT('',(20.625,23.125));
#8297 = ( GEOMETRIC_REPRESENTATION_CONTEXT(2) 
PARAMETRIC_REPRESENTATION_CONTEXT() REPRESENTATION_CONTEXT('2D SPACE',''
  ) );
#8298 = ORIENTED_EDGE('',*,*,#8299,.T.);
#8299 = EDGE_CURVE('',#8279,#2588,#8300,.T.);
#8300 = SURFACE_CURVE('',#8301,(#8305,#8312),.PCURVE_S1.);
#8301 = LINE('',#8302,#8303);
#8302 = CARTESIAN_POINT('',(-15.825,8.125,5.));
#8303 = VECTOR('',#8304,1.);
#8304 = DIRECTION('',(0.,0.,-1.));
#8305 = PCURVE('',#2604,#8306);
#8306 = DEFINITIONAL_REPRESENTATION('',(#8307),#8311);
#8307 = LINE('',#8308,#8309);
#8308 = CARTESIAN_POINT('',(38.75,-5.));
#8309 = VECTOR('',#8310,1.);
#8310 = DIRECTION('',(0.,1.));
#8311 = ( GEOMETRIC_REPRESENTATION_CONTEXT(2) 
PARAMETRIC_REPRESENTATION_CONTEXT() REPRESENTATION_CONTEXT('2D SPACE',''
  ) );
#8312 = PCURVE('',#2636,#8313);
#8313 = DEFINITIONAL_REPRESENTATION('',(#8314),#8318);
#8314 = LINE('',#8315,#8316);
#8315 = CARTESIAN_POINT('',(0.,-5.));
#8316 = VECTOR('',#8317,1.);
#8317 = DIRECTION('',(-0.,1.));
#8318 = ( GEOMETRIC_REPRESENTATION_CONTEXT(2) 
PARAMETRIC_REPRESENTATION_CONTEXT() REPRESENTATION_CONTEXT('2D SPACE',''
  ) );
#8319 = ORIENTED_EDGE('',*,*,#2587,.T.);
#8320 = ADVANCED_FACE('',(#8321),#2636,.F.);
#8321 = FACE_BOUND('',#8322,.F.);
#8322 = EDGE_LOOP('',(#8323,#8324,#8352,#8373));
#8323 = ORIENTED_EDGE('',*,*,#8299,.F.);
#8324 = ORIENTED_EDGE('',*,*,#8325,.T.);
#8325 = EDGE_CURVE('',#8279,#8326,#8328,.T.);
#8326 = VERTEX_POINT('',#8327);
#8327 = CARTESIAN_POINT('',(-15.825,6.875,1.5));
#8328 = SURFACE_CURVE('',#8329,(#8334,#8341),.PCURVE_S1.);
#8329 = CIRCLE('',#8330,0.625);
#8330 = AXIS2_PLACEMENT_3D('',#8331,#8332,#8333);
#8331 = CARTESIAN_POINT('',(-15.825,7.5,1.5));
#8332 = DIRECTION('',(0.,0.,-1.));
#8333 = DIRECTION('',(0.,1.,0.));
#8334 = PCURVE('',#2636,#8335);
#8335 = DEFINITIONAL_REPRESENTATION('',(#8336),#8340);
#8336 = LINE('',#8337,#8338);
#8337 = CARTESIAN_POINT('',(0.,-1.5));
#8338 = VECTOR('',#8339,1.);
#8339 = DIRECTION('',(1.,0.));
#8340 = ( GEOMETRIC_REPRESENTATION_CONTEXT(2) 
PARAMETRIC_REPRESENTATION_CONTEXT() REPRESENTATION_CONTEXT('2D SPACE',''
  ) );
#8341 = PCURVE('',#4464,#8342);
#8342 = DEFINITIONAL_REPRESENTATION('',(#8343),#8351);
#8343 = ( BOUNDED_CURVE() B_SPLINE_CURVE(2,(#8344,#8345,#8346,#8347,
#8348,#8349,#8350),.UNSPECIFIED.,.T.,.F.) B_SPLINE_CURVE_WITH_KNOTS((1,2
    ,2,2,2,1),(-2.094395102393,0.,2.094395102393,4.188790204786,
6.28318530718,8.377580409573),.UNSPECIFIED.) CURVE() 
GEOMETRIC_REPRESENTATION_ITEM() RATIONAL_B_SPLINE_CURVE((1.,0.5,1.,0.5,
1.,0.5,1.)) REPRESENTATION_ITEM('') );
#8344 = CARTESIAN_POINT('',(59.375,23.125));
#8345 = CARTESIAN_POINT('',(60.457531754731,23.125));
#8346 = CARTESIAN_POINT('',(59.916265877365,22.1875));
#8347 = CARTESIAN_POINT('',(59.375,21.25));
#8348 = CARTESIAN_POINT('',(58.833734122635,22.1875));
#8349 = CARTESIAN_POINT('',(58.292468245269,23.125));
#8350 = CARTESIAN_POINT('',(59.375,23.125));
#8351 = ( GEOMETRIC_REPRESENTATION_CONTEXT(2) 
PARAMETRIC_REPRESENTATION_CONTEXT() REPRESENTATION_CONTEXT('2D SPACE',''
  ) );
#8352 = ORIENTED_EDGE('',*,*,#8353,.T.);
#8353 = EDGE_CURVE('',#8326,#2616,#8354,.T.);
#8354 = SURFACE_CURVE('',#8355,(#8359,#8366),.PCURVE_S1.);
#8355 = LINE('',#8356,#8357);
#8356 = CARTESIAN_POINT('',(-15.825,6.875,5.));
#8357 = VECTOR('',#8358,1.);
#8358 = DIRECTION('',(0.,0.,-1.));
#8359 = PCURVE('',#2636,#8360);
#8360 = DEFINITIONAL_REPRESENTATION('',(#8361),#8365);
#8361 = LINE('',#8362,#8363);
#8362 = CARTESIAN_POINT('',(3.14159265359,-5.));
#8363 = VECTOR('',#8364,1.);
#8364 = DIRECTION('',(-0.,1.));
#8365 = ( GEOMETRIC_REPRESENTATION_CONTEXT(2) 
PARAMETRIC_REPRESENTATION_CONTEXT() REPRESENTATION_CONTEXT('2D SPACE',''
  ) );
#8366 = PCURVE('',#2663,#8367);
#8367 = DEFINITIONAL_REPRESENTATION('',(#8368),#8372);
#8368 = LINE('',#8369,#8370);
#8369 = CARTESIAN_POINT('',(0.,-5.));
#8370 = VECTOR('',#8371,1.);
#8371 = DIRECTION('',(0.,1.));
#8372 = ( GEOMETRIC_REPRESENTATION_CONTEXT(2) 
PARAMETRIC_REPRESENTATION_CONTEXT() REPRESENTATION_CONTEXT('2D SPACE',''
  ) );
#8373 = ORIENTED_EDGE('',*,*,#2615,.F.);
#8374 = ADVANCED_FACE('',(#8375),#2693,.F.);
#8375 = FACE_BOUND('',#8376,.F.);
#8376 = EDGE_LOOP('',(#8377,#8400,#8426,#8427));
#8377 = ORIENTED_EDGE('',*,*,#8378,.T.);
#8378 = EDGE_CURVE('',#2649,#8379,#8381,.T.);
#8379 = VERTEX_POINT('',#8380);
#8380 = CARTESIAN_POINT('',(-54.575,6.875,1.5));
#8381 = SURFACE_CURVE('',#8382,(#8386,#8393),.PCURVE_S1.);
#8382 = LINE('',#8383,#8384);
#8383 = CARTESIAN_POINT('',(-54.575,6.875,-5.));
#8384 = VECTOR('',#8385,1.);
#8385 = DIRECTION('',(0.,0.,1.));
#8386 = PCURVE('',#2693,#8387);
#8387 = DEFINITIONAL_REPRESENTATION('',(#8388),#8392);
#8388 = LINE('',#8389,#8390);
#8389 = CARTESIAN_POINT('',(0.,5.));
#8390 = VECTOR('',#8391,1.);
#8391 = DIRECTION('',(0.,-1.));
#8392 = ( GEOMETRIC_REPRESENTATION_CONTEXT(2) 
PARAMETRIC_REPRESENTATION_CONTEXT() REPRESENTATION_CONTEXT('2D SPACE',''
  ) );
#8393 = PCURVE('',#2663,#8394);
#8394 = DEFINITIONAL_REPRESENTATION('',(#8395),#8399);
#8395 = LINE('',#8396,#8397);
#8396 = CARTESIAN_POINT('',(38.75,5.));
#8397 = VECTOR('',#8398,1.);
#8398 = DIRECTION('',(0.,-1.));
#8399 = ( GEOMETRIC_REPRESENTATION_CONTEXT(2) 
PARAMETRIC_REPRESENTATION_CONTEXT() REPRESENTATION_CONTEXT('2D SPACE',''
  ) );
#8400 = ORIENTED_EDGE('',*,*,#8401,.T.);
#8401 = EDGE_CURVE('',#8379,#8256,#8402,.T.);
#8402 = SURFACE_CURVE('',#8403,(#8408,#8415),.PCURVE_S1.);
#8403 = CIRCLE('',#8404,0.625);
#8404 = AXIS2_PLACEMENT_3D('',#8405,#8406,#8407);
#8405 = CARTESIAN_POINT('',(-54.575,7.5,1.5));
#8406 = DIRECTION('',(0.,-0.,-1.));
#8407 = DIRECTION('',(0.,-1.,0.));
#8408 = PCURVE('',#2693,#8409);
#8409 = DEFINITIONAL_REPRESENTATION('',(#8410),#8414);
#8410 = LINE('',#8411,#8412);
#8411 = CARTESIAN_POINT('',(0.,-1.5));
#8412 = VECTOR('',#8413,1.);
#8413 = DIRECTION('',(1.,0.));
#8414 = ( GEOMETRIC_REPRESENTATION_CONTEXT(2) 
PARAMETRIC_REPRESENTATION_CONTEXT() REPRESENTATION_CONTEXT('2D SPACE',''
  ) );
#8415 = PCURVE('',#4464,#8416);
#8416 = DEFINITIONAL_REPRESENTATION('',(#8417),#8425);
#8417 = ( BOUNDED_CURVE() B_SPLINE_CURVE(2,(#8418,#8419,#8420,#8421,
#8422,#8423,#8424),.UNSPECIFIED.,.T.,.F.) B_SPLINE_CURVE_WITH_KNOTS((1,2
    ,2,2,2,1),(-2.094395102393,0.,2.094395102393,4.188790204786,
6.28318530718,8.377580409573),.UNSPECIFIED.) CURVE() 
GEOMETRIC_REPRESENTATION_ITEM() RATIONAL_B_SPLINE_CURVE((1.,0.5,1.,0.5,
1.,0.5,1.)) REPRESENTATION_ITEM('') );
#8418 = CARTESIAN_POINT('',(20.625,21.875));
#8419 = CARTESIAN_POINT('',(19.542468245269,21.875));
#8420 = CARTESIAN_POINT('',(20.083734122635,22.8125));
#8421 = CARTESIAN_POINT('',(20.625,23.75));
#8422 = CARTESIAN_POINT('',(21.166265877365,22.8125));
#8423 = CARTESIAN_POINT('',(21.707531754731,21.875));
#8424 = CARTESIAN_POINT('',(20.625,21.875));
#8425 = ( GEOMETRIC_REPRESENTATION_CONTEXT(2) 
PARAMETRIC_REPRESENTATION_CONTEXT() REPRESENTATION_CONTEXT('2D SPACE',''
  ) );
#8426 = ORIENTED_EDGE('',*,*,#8255,.F.);
#8427 = ORIENTED_EDGE('',*,*,#2674,.F.);
#8428 = ADVANCED_FACE('',(#8429),#2663,.F.);
#8429 = FACE_BOUND('',#8430,.F.);
#8430 = EDGE_LOOP('',(#8431,#8432,#8451,#8452));
#8431 = ORIENTED_EDGE('',*,*,#8353,.F.);
#8432 = ORIENTED_EDGE('',*,*,#8433,.F.);
#8433 = EDGE_CURVE('',#8379,#8326,#8434,.T.);
#8434 = SURFACE_CURVE('',#8435,(#8439,#8445),.PCURVE_S1.);
#8435 = LINE('',#8436,#8437);
#8436 = CARTESIAN_POINT('',(-45.5125,6.875,1.5));
#8437 = VECTOR('',#8438,1.);
#8438 = DIRECTION('',(1.,0.,-0.));
#8439 = PCURVE('',#2663,#8440);
#8440 = DEFINITIONAL_REPRESENTATION('',(#8441),#8444);
#8441 = B_SPLINE_CURVE_WITH_KNOTS('',1,(#8442,#8443),.UNSPECIFIED.,.F.,
  .F.,(2,2),(-9.0625,29.6875),.PIECEWISE_BEZIER_KNOTS.);
#8442 = CARTESIAN_POINT('',(38.75,-1.5));
#8443 = CARTESIAN_POINT('',(0.,-1.5));
#8444 = ( GEOMETRIC_REPRESENTATION_CONTEXT(2) 
PARAMETRIC_REPRESENTATION_CONTEXT() REPRESENTATION_CONTEXT('2D SPACE',''
  ) );
#8445 = PCURVE('',#4464,#8446);
#8446 = DEFINITIONAL_REPRESENTATION('',(#8447),#8450);
#8447 = B_SPLINE_CURVE_WITH_KNOTS('',1,(#8448,#8449),.UNSPECIFIED.,.F.,
  .F.,(2,2),(-9.0625,29.6875),.PIECEWISE_BEZIER_KNOTS.);
#8448 = CARTESIAN_POINT('',(20.625,21.875));
#8449 = CARTESIAN_POINT('',(59.375,21.875));
#8450 = ( GEOMETRIC_REPRESENTATION_CONTEXT(2) 
PARAMETRIC_REPRESENTATION_CONTEXT() REPRESENTATION_CONTEXT('2D SPACE',''
  ) );
#8451 = ORIENTED_EDGE('',*,*,#8378,.F.);
#8452 = ORIENTED_EDGE('',*,*,#2648,.T.);
#8453 = ADVANCED_FACE('',(#8454),#2724,.F.);
#8454 = FACE_BOUND('',#8455,.F.);
#8455 = EDGE_LOOP('',(#8456,#8479,#8500,#8521));
#8456 = ORIENTED_EDGE('',*,*,#8457,.T.);
#8457 = EDGE_CURVE('',#2710,#8458,#8460,.T.);
#8458 = VERTEX_POINT('',#8459);
#8459 = CARTESIAN_POINT('',(-54.575,11.875,1.5));
#8460 = SURFACE_CURVE('',#8461,(#8465,#8472),.PCURVE_S1.);
#8461 = LINE('',#8462,#8463);
#8462 = CARTESIAN_POINT('',(-54.575,11.875,-5.));
#8463 = VECTOR('',#8464,1.);
#8464 = DIRECTION('',(0.,0.,1.));
#8465 = PCURVE('',#2724,#8466);
#8466 = DEFINITIONAL_REPRESENTATION('',(#8467),#8471);
#8467 = LINE('',#8468,#8469);
#8468 = CARTESIAN_POINT('',(0.,5.));
#8469 = VECTOR('',#8470,1.);
#8470 = DIRECTION('',(0.,-1.));
#8471 = ( GEOMETRIC_REPRESENTATION_CONTEXT(2) 
PARAMETRIC_REPRESENTATION_CONTEXT() REPRESENTATION_CONTEXT('2D SPACE',''
  ) );
#8472 = PCURVE('',#2813,#8473);
#8473 = DEFINITIONAL_REPRESENTATION('',(#8474),#8478);
#8474 = LINE('',#8475,#8476);
#8475 = CARTESIAN_POINT('',(3.14159265359,5.));
#8476 = VECTOR('',#8477,1.);
#8477 = DIRECTION('',(0.,-1.));
#8478 = ( GEOMETRIC_REPRESENTATION_CONTEXT(2) 
PARAMETRIC_REPRESENTATION_CONTEXT() REPRESENTATION_CONTEXT('2D SPACE',''
  ) );
#8479 = ORIENTED_EDGE('',*,*,#8480,.F.);
#8480 = EDGE_CURVE('',#8481,#8458,#8483,.T.);
#8481 = VERTEX_POINT('',#8482);
#8482 = CARTESIAN_POINT('',(-15.825,11.875,1.5));
#8483 = SURFACE_CURVE('',#8484,(#8488,#8494),.PCURVE_S1.);
#8484 = LINE('',#8485,#8486);
#8485 = CARTESIAN_POINT('',(-64.8875,11.875,1.5));
#8486 = VECTOR('',#8487,1.);
#8487 = DIRECTION('',(-1.,0.,0.));
#8488 = PCURVE('',#2724,#8489);
#8489 = DEFINITIONAL_REPRESENTATION('',(#8490),#8493);
#8490 = B_SPLINE_CURVE_WITH_KNOTS('',1,(#8491,#8492),.UNSPECIFIED.,.F.,
  .F.,(2,2),(-49.0625,-10.3125),.PIECEWISE_BEZIER_KNOTS.);
#8491 = CARTESIAN_POINT('',(38.75,-1.5));
#8492 = CARTESIAN_POINT('',(0.,-1.5));
#8493 = ( GEOMETRIC_REPRESENTATION_CONTEXT(2) 
PARAMETRIC_REPRESENTATION_CONTEXT() REPRESENTATION_CONTEXT('2D SPACE',''
  ) );
#8494 = PCURVE('',#4464,#8495);
#8495 = DEFINITIONAL_REPRESENTATION('',(#8496),#8499);
#8496 = B_SPLINE_CURVE_WITH_KNOTS('',1,(#8497,#8498),.UNSPECIFIED.,.F.,
  .F.,(2,2),(-49.0625,-10.3125),.PIECEWISE_BEZIER_KNOTS.);
#8497 = CARTESIAN_POINT('',(59.375,26.875));
#8498 = CARTESIAN_POINT('',(20.625,26.875));
#8499 = ( GEOMETRIC_REPRESENTATION_CONTEXT(2) 
PARAMETRIC_REPRESENTATION_CONTEXT() REPRESENTATION_CONTEXT('2D SPACE',''
  ) );
#8500 = ORIENTED_EDGE('',*,*,#8501,.T.);
#8501 = EDGE_CURVE('',#8481,#2708,#8502,.T.);
#8502 = SURFACE_CURVE('',#8503,(#8507,#8514),.PCURVE_S1.);
#8503 = LINE('',#8504,#8505);
#8504 = CARTESIAN_POINT('',(-15.825,11.875,5.));
#8505 = VECTOR('',#8506,1.);
#8506 = DIRECTION('',(0.,0.,-1.));
#8507 = PCURVE('',#2724,#8508);
#8508 = DEFINITIONAL_REPRESENTATION('',(#8509),#8513);
#8509 = LINE('',#8510,#8511);
#8510 = CARTESIAN_POINT('',(38.75,-5.));
#8511 = VECTOR('',#8512,1.);
#8512 = DIRECTION('',(0.,1.));
#8513 = ( GEOMETRIC_REPRESENTATION_CONTEXT(2) 
PARAMETRIC_REPRESENTATION_CONTEXT() REPRESENTATION_CONTEXT('2D SPACE',''
  ) );
#8514 = PCURVE('',#2756,#8515);
#8515 = DEFINITIONAL_REPRESENTATION('',(#8516),#8520);
#8516 = LINE('',#8517,#8518);
#8517 = CARTESIAN_POINT('',(0.,-5.));
#8518 = VECTOR('',#8519,1.);
#8519 = DIRECTION('',(-0.,1.));
#8520 = ( GEOMETRIC_REPRESENTATION_CONTEXT(2) 
PARAMETRIC_REPRESENTATION_CONTEXT() REPRESENTATION_CONTEXT('2D SPACE',''
  ) );
#8521 = ORIENTED_EDGE('',*,*,#2707,.T.);
#8522 = ADVANCED_FACE('',(#8523),#2756,.F.);
#8523 = FACE_BOUND('',#8524,.F.);
#8524 = EDGE_LOOP('',(#8525,#8526,#8554,#8575));
#8525 = ORIENTED_EDGE('',*,*,#8501,.F.);
#8526 = ORIENTED_EDGE('',*,*,#8527,.T.);
#8527 = EDGE_CURVE('',#8481,#8528,#8530,.T.);
#8528 = VERTEX_POINT('',#8529);
#8529 = CARTESIAN_POINT('',(-15.825,10.625,1.5));
#8530 = SURFACE_CURVE('',#8531,(#8536,#8543),.PCURVE_S1.);
#8531 = CIRCLE('',#8532,0.625);
#8532 = AXIS2_PLACEMENT_3D('',#8533,#8534,#8535);
#8533 = CARTESIAN_POINT('',(-15.825,11.25,1.5));
#8534 = DIRECTION('',(0.,0.,-1.));
#8535 = DIRECTION('',(0.,1.,0.));
#8536 = PCURVE('',#2756,#8537);
#8537 = DEFINITIONAL_REPRESENTATION('',(#8538),#8542);
#8538 = LINE('',#8539,#8540);
#8539 = CARTESIAN_POINT('',(0.,-1.5));
#8540 = VECTOR('',#8541,1.);
#8541 = DIRECTION('',(1.,0.));
#8542 = ( GEOMETRIC_REPRESENTATION_CONTEXT(2) 
PARAMETRIC_REPRESENTATION_CONTEXT() REPRESENTATION_CONTEXT('2D SPACE',''
  ) );
#8543 = PCURVE('',#4464,#8544);
#8544 = DEFINITIONAL_REPRESENTATION('',(#8545),#8553);
#8545 = ( BOUNDED_CURVE() B_SPLINE_CURVE(2,(#8546,#8547,#8548,#8549,
#8550,#8551,#8552),.UNSPECIFIED.,.T.,.F.) B_SPLINE_CURVE_WITH_KNOTS((1,2
    ,2,2,2,1),(-2.094395102393,0.,2.094395102393,4.188790204786,
6.28318530718,8.377580409573),.UNSPECIFIED.) CURVE() 
GEOMETRIC_REPRESENTATION_ITEM() RATIONAL_B_SPLINE_CURVE((1.,0.5,1.,0.5,
1.,0.5,1.)) REPRESENTATION_ITEM('') );
#8546 = CARTESIAN_POINT('',(59.375,26.875));
#8547 = CARTESIAN_POINT('',(60.457531754731,26.875));
#8548 = CARTESIAN_POINT('',(59.916265877365,25.9375));
#8549 = CARTESIAN_POINT('',(59.375,25.));
#8550 = CARTESIAN_POINT('',(58.833734122635,25.9375));
#8551 = CARTESIAN_POINT('',(58.292468245269,26.875));
#8552 = CARTESIAN_POINT('',(59.375,26.875));
#8553 = ( GEOMETRIC_REPRESENTATION_CONTEXT(2) 
PARAMETRIC_REPRESENTATION_CONTEXT() REPRESENTATION_CONTEXT('2D SPACE',''
  ) );
#8554 = ORIENTED_EDGE('',*,*,#8555,.T.);
#8555 = EDGE_CURVE('',#8528,#2736,#8556,.T.);
#8556 = SURFACE_CURVE('',#8557,(#8561,#8568),.PCURVE_S1.);
#8557 = LINE('',#8558,#8559);
#8558 = CARTESIAN_POINT('',(-15.825,10.625,5.));
#8559 = VECTOR('',#8560,1.);
#8560 = DIRECTION('',(0.,0.,-1.));
#8561 = PCURVE('',#2756,#8562);
#8562 = DEFINITIONAL_REPRESENTATION('',(#8563),#8567);
#8563 = LINE('',#8564,#8565);
#8564 = CARTESIAN_POINT('',(3.14159265359,-5.));
#8565 = VECTOR('',#8566,1.);
#8566 = DIRECTION('',(-0.,1.));
#8567 = ( GEOMETRIC_REPRESENTATION_CONTEXT(2) 
PARAMETRIC_REPRESENTATION_CONTEXT() REPRESENTATION_CONTEXT('2D SPACE',''
  ) );
#8568 = PCURVE('',#2783,#8569);
#8569 = DEFINITIONAL_REPRESENTATION('',(#8570),#8574);
#8570 = LINE('',#8571,#8572);
#8571 = CARTESIAN_POINT('',(0.,-5.));
#8572 = VECTOR('',#8573,1.);
#8573 = DIRECTION('',(0.,1.));
#8574 = ( GEOMETRIC_REPRESENTATION_CONTEXT(2) 
PARAMETRIC_REPRESENTATION_CONTEXT() REPRESENTATION_CONTEXT('2D SPACE',''
  ) );
#8575 = ORIENTED_EDGE('',*,*,#2735,.F.);
#8576 = ADVANCED_FACE('',(#8577),#2813,.F.);
#8577 = FACE_BOUND('',#8578,.F.);
#8578 = EDGE_LOOP('',(#8579,#8602,#8628,#8629));
#8579 = ORIENTED_EDGE('',*,*,#8580,.T.);
#8580 = EDGE_CURVE('',#2769,#8581,#8583,.T.);
#8581 = VERTEX_POINT('',#8582);
#8582 = CARTESIAN_POINT('',(-54.575,10.625,1.5));
#8583 = SURFACE_CURVE('',#8584,(#8588,#8595),.PCURVE_S1.);
#8584 = LINE('',#8585,#8586);
#8585 = CARTESIAN_POINT('',(-54.575,10.625,-5.));
#8586 = VECTOR('',#8587,1.);
#8587 = DIRECTION('',(0.,0.,1.));
#8588 = PCURVE('',#2813,#8589);
#8589 = DEFINITIONAL_REPRESENTATION('',(#8590),#8594);
#8590 = LINE('',#8591,#8592);
#8591 = CARTESIAN_POINT('',(0.,5.));
#8592 = VECTOR('',#8593,1.);
#8593 = DIRECTION('',(0.,-1.));
#8594 = ( GEOMETRIC_REPRESENTATION_CONTEXT(2) 
PARAMETRIC_REPRESENTATION_CONTEXT() REPRESENTATION_CONTEXT('2D SPACE',''
  ) );
#8595 = PCURVE('',#2783,#8596);
#8596 = DEFINITIONAL_REPRESENTATION('',(#8597),#8601);
#8597 = LINE('',#8598,#8599);
#8598 = CARTESIAN_POINT('',(38.75,5.));
#8599 = VECTOR('',#8600,1.);
#8600 = DIRECTION('',(0.,-1.));
#8601 = ( GEOMETRIC_REPRESENTATION_CONTEXT(2) 
PARAMETRIC_REPRESENTATION_CONTEXT() REPRESENTATION_CONTEXT('2D SPACE',''
  ) );
#8602 = ORIENTED_EDGE('',*,*,#8603,.T.);
#8603 = EDGE_CURVE('',#8581,#8458,#8604,.T.);
#8604 = SURFACE_CURVE('',#8605,(#8610,#8617),.PCURVE_S1.);
#8605 = CIRCLE('',#8606,0.625);
#8606 = AXIS2_PLACEMENT_3D('',#8607,#8608,#8609);
#8607 = CARTESIAN_POINT('',(-54.575,11.25,1.5));
#8608 = DIRECTION('',(0.,-0.,-1.));
#8609 = DIRECTION('',(0.,-1.,0.));
#8610 = PCURVE('',#2813,#8611);
#8611 = DEFINITIONAL_REPRESENTATION('',(#8612),#8616);
#8612 = LINE('',#8613,#8614);
#8613 = CARTESIAN_POINT('',(0.,-1.5));
#8614 = VECTOR('',#8615,1.);
#8615 = DIRECTION('',(1.,0.));
#8616 = ( GEOMETRIC_REPRESENTATION_CONTEXT(2) 
PARAMETRIC_REPRESENTATION_CONTEXT() REPRESENTATION_CONTEXT('2D SPACE',''
  ) );
#8617 = PCURVE('',#4464,#8618);
#8618 = DEFINITIONAL_REPRESENTATION('',(#8619),#8627);
#8619 = ( BOUNDED_CURVE() B_SPLINE_CURVE(2,(#8620,#8621,#8622,#8623,
#8624,#8625,#8626),.UNSPECIFIED.,.T.,.F.) B_SPLINE_CURVE_WITH_KNOTS((1,2
    ,2,2,2,1),(-2.094395102393,0.,2.094395102393,4.188790204786,
6.28318530718,8.377580409573),.UNSPECIFIED.) CURVE() 
GEOMETRIC_REPRESENTATION_ITEM() RATIONAL_B_SPLINE_CURVE((1.,0.5,1.,0.5,
1.,0.5,1.)) REPRESENTATION_ITEM('') );
#8620 = CARTESIAN_POINT('',(20.625,25.625));
#8621 = CARTESIAN_POINT('',(19.542468245269,25.625));
#8622 = CARTESIAN_POINT('',(20.083734122635,26.5625));
#8623 = CARTESIAN_POINT('',(20.625,27.5));
#8624 = CARTESIAN_POINT('',(21.166265877365,26.5625));
#8625 = CARTESIAN_POINT('',(21.707531754731,25.625));
#8626 = CARTESIAN_POINT('',(20.625,25.625));
#8627 = ( GEOMETRIC_REPRESENTATION_CONTEXT(2) 
PARAMETRIC_REPRESENTATION_CONTEXT() REPRESENTATION_CONTEXT('2D SPACE',''
  ) );
#8628 = ORIENTED_EDGE('',*,*,#8457,.F.);
#8629 = ORIENTED_EDGE('',*,*,#2794,.F.);
#8630 = ADVANCED_FACE('',(#8631),#2783,.F.);
#8631 = FACE_BOUND('',#8632,.F.);
#8632 = EDGE_LOOP('',(#8633,#8634,#8653,#8654));
#8633 = ORIENTED_EDGE('',*,*,#8555,.F.);
#8634 = ORIENTED_EDGE('',*,*,#8635,.F.);
#8635 = EDGE_CURVE('',#8581,#8528,#8636,.T.);
#8636 = SURFACE_CURVE('',#8637,(#8641,#8647),.PCURVE_S1.);
#8637 = LINE('',#8638,#8639);
#8638 = CARTESIAN_POINT('',(-45.5125,10.625,1.5));
#8639 = VECTOR('',#8640,1.);
#8640 = DIRECTION('',(1.,0.,-0.));
#8641 = PCURVE('',#2783,#8642);
#8642 = DEFINITIONAL_REPRESENTATION('',(#8643),#8646);
#8643 = B_SPLINE_CURVE_WITH_KNOTS('',1,(#8644,#8645),.UNSPECIFIED.,.F.,
  .F.,(2,2),(-9.0625,29.6875),.PIECEWISE_BEZIER_KNOTS.);
#8644 = CARTESIAN_POINT('',(38.75,-1.5));
#8645 = CARTESIAN_POINT('',(0.,-1.5));
#8646 = ( GEOMETRIC_REPRESENTATION_CONTEXT(2) 
PARAMETRIC_REPRESENTATION_CONTEXT() REPRESENTATION_CONTEXT('2D SPACE',''
  ) );
#8647 = PCURVE('',#4464,#8648);
#8648 = DEFINITIONAL_REPRESENTATION('',(#8649),#8652);
#8649 = B_SPLINE_CURVE_WITH_KNOTS('',1,(#8650,#8651),.UNSPECIFIED.,.F.,
  .F.,(2,2),(-9.0625,29.6875),.PIECEWISE_BEZIER_KNOTS.);
#8650 = CARTESIAN_POINT('',(20.625,25.625));
#8651 = CARTESIAN_POINT('',(59.375,25.625));
#8652 = ( GEOMETRIC_REPRESENTATION_CONTEXT(2) 
PARAMETRIC_REPRESENTATION_CONTEXT() REPRESENTATION_CONTEXT('2D SPACE',''
  ) );
#8653 = ORIENTED_EDGE('',*,*,#8580,.F.);
#8654 = ORIENTED_EDGE('',*,*,#2768,.T.);
#8655 = ADVANCED_FACE('',(#8656),#2844,.F.);
#8656 = FACE_BOUND('',#8657,.F.);
#8657 = EDGE_LOOP('',(#8658,#8681,#8702,#8723));
#8658 = ORIENTED_EDGE('',*,*,#8659,.T.);
#8659 = EDGE_CURVE('',#2830,#8660,#8662,.T.);
#8660 = VERTEX_POINT('',#8661);
#8661 = CARTESIAN_POINT('',(-11.875,15.825,1.5));
#8662 = SURFACE_CURVE('',#8663,(#8667,#8674),.PCURVE_S1.);
#8663 = LINE('',#8664,#8665);
#8664 = CARTESIAN_POINT('',(-11.875,15.825,-5.));
#8665 = VECTOR('',#8666,1.);
#8666 = DIRECTION('',(0.,0.,1.));
#8667 = PCURVE('',#2844,#8668);
#8668 = DEFINITIONAL_REPRESENTATION('',(#8669),#8673);
#8669 = LINE('',#8670,#8671);
#8670 = CARTESIAN_POINT('',(0.,5.));
#8671 = VECTOR('',#8672,1.);
#8672 = DIRECTION('',(0.,-1.));
#8673 = ( GEOMETRIC_REPRESENTATION_CONTEXT(2) 
PARAMETRIC_REPRESENTATION_CONTEXT() REPRESENTATION_CONTEXT('2D SPACE',''
  ) );
#8674 = PCURVE('',#2933,#8675);
#8675 = DEFINITIONAL_REPRESENTATION('',(#8676),#8680);
#8676 = LINE('',#8677,#8678);
#8677 = CARTESIAN_POINT('',(3.14159265359,5.));
#8678 = VECTOR('',#8679,1.);
#8679 = DIRECTION('',(0.,-1.));
#8680 = ( GEOMETRIC_REPRESENTATION_CONTEXT(2) 
PARAMETRIC_REPRESENTATION_CONTEXT() REPRESENTATION_CONTEXT('2D SPACE',''
  ) );
#8681 = ORIENTED_EDGE('',*,*,#8682,.F.);
#8682 = EDGE_CURVE('',#8683,#8660,#8685,.T.);
#8683 = VERTEX_POINT('',#8684);
#8684 = CARTESIAN_POINT('',(-11.875,54.575,1.5));
#8685 = SURFACE_CURVE('',#8686,(#8690,#8696),.PCURVE_S1.);
#8686 = LINE('',#8687,#8688);
#8687 = CARTESIAN_POINT('',(-11.875,0.4125,1.5));
#8688 = VECTOR('',#8689,1.);
#8689 = DIRECTION('',(-1.110223024625E-16,-1.,0.));
#8690 = PCURVE('',#2844,#8691);
#8691 = DEFINITIONAL_REPRESENTATION('',(#8692),#8695);
#8692 = B_SPLINE_CURVE_WITH_KNOTS('',1,(#8693,#8694),.UNSPECIFIED.,.F.,
  .F.,(2,2),(-54.1625,-15.4125),.PIECEWISE_BEZIER_KNOTS.);
#8693 = CARTESIAN_POINT('',(38.75,-1.5));
#8694 = CARTESIAN_POINT('',(0.,-1.5));
#8695 = ( GEOMETRIC_REPRESENTATION_CONTEXT(2) 
PARAMETRIC_REPRESENTATION_CONTEXT() REPRESENTATION_CONTEXT('2D SPACE',''
  ) );
#8696 = PCURVE('',#4464,#8697);
#8697 = DEFINITIONAL_REPRESENTATION('',(#8698),#8701);
#8698 = B_SPLINE_CURVE_WITH_KNOTS('',1,(#8699,#8700),.UNSPECIFIED.,.F.,
  .F.,(2,2),(-54.1625,-15.4125),.PIECEWISE_BEZIER_KNOTS.);
#8699 = CARTESIAN_POINT('',(63.325,69.575));
#8700 = CARTESIAN_POINT('',(63.325,30.825));
#8701 = ( GEOMETRIC_REPRESENTATION_CONTEXT(2) 
PARAMETRIC_REPRESENTATION_CONTEXT() REPRESENTATION_CONTEXT('2D SPACE',''
  ) );
#8702 = ORIENTED_EDGE('',*,*,#8703,.T.);
#8703 = EDGE_CURVE('',#8683,#2828,#8704,.T.);
#8704 = SURFACE_CURVE('',#8705,(#8709,#8716),.PCURVE_S1.);
#8705 = LINE('',#8706,#8707);
#8706 = CARTESIAN_POINT('',(-11.875,54.575,5.));
#8707 = VECTOR('',#8708,1.);
#8708 = DIRECTION('',(0.,0.,-1.));
#8709 = PCURVE('',#2844,#8710);
#8710 = DEFINITIONAL_REPRESENTATION('',(#8711),#8715);
#8711 = LINE('',#8712,#8713);
#8712 = CARTESIAN_POINT('',(38.75,-5.));
#8713 = VECTOR('',#8714,1.);
#8714 = DIRECTION('',(0.,1.));
#8715 = ( GEOMETRIC_REPRESENTATION_CONTEXT(2) 
PARAMETRIC_REPRESENTATION_CONTEXT() REPRESENTATION_CONTEXT('2D SPACE',''
  ) );
#8716 = PCURVE('',#2876,#8717);
#8717 = DEFINITIONAL_REPRESENTATION('',(#8718),#8722);
#8718 = LINE('',#8719,#8720);
#8719 = CARTESIAN_POINT('',(0.,-5.));
#8720 = VECTOR('',#8721,1.);
#8721 = DIRECTION('',(-0.,1.));
#8722 = ( GEOMETRIC_REPRESENTATION_CONTEXT(2) 
PARAMETRIC_REPRESENTATION_CONTEXT() REPRESENTATION_CONTEXT('2D SPACE',''
  ) );
#8723 = ORIENTED_EDGE('',*,*,#2827,.T.);
#8724 = ADVANCED_FACE('',(#8725),#2876,.F.);
#8725 = FACE_BOUND('',#8726,.F.);
#8726 = EDGE_LOOP('',(#8727,#8728,#8756,#8777));
#8727 = ORIENTED_EDGE('',*,*,#8703,.F.);
#8728 = ORIENTED_EDGE('',*,*,#8729,.T.);
#8729 = EDGE_CURVE('',#8683,#8730,#8732,.T.);
#8730 = VERTEX_POINT('',#8731);
#8731 = CARTESIAN_POINT('',(-10.625,54.575,1.5));
#8732 = SURFACE_CURVE('',#8733,(#8738,#8745),.PCURVE_S1.);
#8733 = CIRCLE('',#8734,0.625);
#8734 = AXIS2_PLACEMENT_3D('',#8735,#8736,#8737);
#8735 = CARTESIAN_POINT('',(-11.25,54.575,1.5));
#8736 = DIRECTION('',(0.,0.,-1.));
#8737 = DIRECTION('',(-1.,1.110223024625E-16,0.));
#8738 = PCURVE('',#2876,#8739);
#8739 = DEFINITIONAL_REPRESENTATION('',(#8740),#8744);
#8740 = LINE('',#8741,#8742);
#8741 = CARTESIAN_POINT('',(0.,-1.5));
#8742 = VECTOR('',#8743,1.);
#8743 = DIRECTION('',(1.,0.));
#8744 = ( GEOMETRIC_REPRESENTATION_CONTEXT(2) 
PARAMETRIC_REPRESENTATION_CONTEXT() REPRESENTATION_CONTEXT('2D SPACE',''
  ) );
#8745 = PCURVE('',#4464,#8746);
#8746 = DEFINITIONAL_REPRESENTATION('',(#8747),#8755);
#8747 = ( BOUNDED_CURVE() B_SPLINE_CURVE(2,(#8748,#8749,#8750,#8751,
#8752,#8753,#8754),.UNSPECIFIED.,.T.,.F.) B_SPLINE_CURVE_WITH_KNOTS((1,2
    ,2,2,2,1),(-2.094395102393,0.,2.094395102393,4.188790204786,
6.28318530718,8.377580409573),.UNSPECIFIED.) CURVE() 
GEOMETRIC_REPRESENTATION_ITEM() RATIONAL_B_SPLINE_CURVE((1.,0.5,1.,0.5,
1.,0.5,1.)) REPRESENTATION_ITEM('') );
#8748 = CARTESIAN_POINT('',(63.325,69.575));
#8749 = CARTESIAN_POINT('',(63.325,70.657531754731));
#8750 = CARTESIAN_POINT('',(64.2625,70.116265877365));
#8751 = CARTESIAN_POINT('',(65.2,69.575));
#8752 = CARTESIAN_POINT('',(64.2625,69.033734122635));
#8753 = CARTESIAN_POINT('',(63.325,68.492468245269));
#8754 = CARTESIAN_POINT('',(63.325,69.575));
#8755 = ( GEOMETRIC_REPRESENTATION_CONTEXT(2) 
PARAMETRIC_REPRESENTATION_CONTEXT() REPRESENTATION_CONTEXT('2D SPACE',''
  ) );
#8756 = ORIENTED_EDGE('',*,*,#8757,.T.);
#8757 = EDGE_CURVE('',#8730,#2856,#8758,.T.);
#8758 = SURFACE_CURVE('',#8759,(#8763,#8770),.PCURVE_S1.);
#8759 = LINE('',#8760,#8761);
#8760 = CARTESIAN_POINT('',(-10.625,54.575,5.));
#8761 = VECTOR('',#8762,1.);
#8762 = DIRECTION('',(0.,0.,-1.));
#8763 = PCURVE('',#2876,#8764);
#8764 = DEFINITIONAL_REPRESENTATION('',(#8765),#8769);
#8765 = LINE('',#8766,#8767);
#8766 = CARTESIAN_POINT('',(3.14159265359,-5.));
#8767 = VECTOR('',#8768,1.);
#8768 = DIRECTION('',(-0.,1.));
#8769 = ( GEOMETRIC_REPRESENTATION_CONTEXT(2) 
PARAMETRIC_REPRESENTATION_CONTEXT() REPRESENTATION_CONTEXT('2D SPACE',''
  ) );
#8770 = PCURVE('',#2903,#8771);
#8771 = DEFINITIONAL_REPRESENTATION('',(#8772),#8776);
#8772 = LINE('',#8773,#8774);
#8773 = CARTESIAN_POINT('',(0.,-5.));
#8774 = VECTOR('',#8775,1.);
#8775 = DIRECTION('',(-0.,1.));
#8776 = ( GEOMETRIC_REPRESENTATION_CONTEXT(2) 
PARAMETRIC_REPRESENTATION_CONTEXT() REPRESENTATION_CONTEXT('2D SPACE',''
  ) );
#8777 = ORIENTED_EDGE('',*,*,#2855,.F.);
#8778 = ADVANCED_FACE('',(#8779),#2933,.F.);
#8779 = FACE_BOUND('',#8780,.F.);
#8780 = EDGE_LOOP('',(#8781,#8804,#8830,#8831));
#8781 = ORIENTED_EDGE('',*,*,#8782,.T.);
#8782 = EDGE_CURVE('',#2889,#8783,#8785,.T.);
#8783 = VERTEX_POINT('',#8784);
#8784 = CARTESIAN_POINT('',(-10.625,15.825,1.5));
#8785 = SURFACE_CURVE('',#8786,(#8790,#8797),.PCURVE_S1.);
#8786 = LINE('',#8787,#8788);
#8787 = CARTESIAN_POINT('',(-10.625,15.825,-5.));
#8788 = VECTOR('',#8789,1.);
#8789 = DIRECTION('',(0.,0.,1.));
#8790 = PCURVE('',#2933,#8791);
#8791 = DEFINITIONAL_REPRESENTATION('',(#8792),#8796);
#8792 = LINE('',#8793,#8794);
#8793 = CARTESIAN_POINT('',(0.,5.));
#8794 = VECTOR('',#8795,1.);
#8795 = DIRECTION('',(0.,-1.));
#8796 = ( GEOMETRIC_REPRESENTATION_CONTEXT(2) 
PARAMETRIC_REPRESENTATION_CONTEXT() REPRESENTATION_CONTEXT('2D SPACE',''
  ) );
#8797 = PCURVE('',#2903,#8798);
#8798 = DEFINITIONAL_REPRESENTATION('',(#8799),#8803);
#8799 = LINE('',#8800,#8801);
#8800 = CARTESIAN_POINT('',(38.75,5.));
#8801 = VECTOR('',#8802,1.);
#8802 = DIRECTION('',(0.,-1.));
#8803 = ( GEOMETRIC_REPRESENTATION_CONTEXT(2) 
PARAMETRIC_REPRESENTATION_CONTEXT() REPRESENTATION_CONTEXT('2D SPACE',''
  ) );
#8804 = ORIENTED_EDGE('',*,*,#8805,.T.);
#8805 = EDGE_CURVE('',#8783,#8660,#8806,.T.);
#8806 = SURFACE_CURVE('',#8807,(#8812,#8819),.PCURVE_S1.);
#8807 = CIRCLE('',#8808,0.625);
#8808 = AXIS2_PLACEMENT_3D('',#8809,#8810,#8811);
#8809 = CARTESIAN_POINT('',(-11.25,15.825,1.5));
#8810 = DIRECTION('',(0.,-0.,-1.));
#8811 = DIRECTION('',(1.,-1.110223024625E-16,0.));
#8812 = PCURVE('',#2933,#8813);
#8813 = DEFINITIONAL_REPRESENTATION('',(#8814),#8818);
#8814 = LINE('',#8815,#8816);
#8815 = CARTESIAN_POINT('',(0.,-1.5));
#8816 = VECTOR('',#8817,1.);
#8817 = DIRECTION('',(1.,0.));
#8818 = ( GEOMETRIC_REPRESENTATION_CONTEXT(2) 
PARAMETRIC_REPRESENTATION_CONTEXT() REPRESENTATION_CONTEXT('2D SPACE',''
  ) );
#8819 = PCURVE('',#4464,#8820);
#8820 = DEFINITIONAL_REPRESENTATION('',(#8821),#8829);
#8821 = ( BOUNDED_CURVE() B_SPLINE_CURVE(2,(#8822,#8823,#8824,#8825,
#8826,#8827,#8828),.UNSPECIFIED.,.T.,.F.) B_SPLINE_CURVE_WITH_KNOTS((1,2
    ,2,2,2,1),(-2.094395102393,0.,2.094395102393,4.188790204786,
6.28318530718,8.377580409573),.UNSPECIFIED.) CURVE() 
GEOMETRIC_REPRESENTATION_ITEM() RATIONAL_B_SPLINE_CURVE((1.,0.5,1.,0.5,
1.,0.5,1.)) REPRESENTATION_ITEM('') );
#8822 = CARTESIAN_POINT('',(64.575,30.825));
#8823 = CARTESIAN_POINT('',(64.575,29.742468245269));
#8824 = CARTESIAN_POINT('',(63.6375,30.283734122635));
#8825 = CARTESIAN_POINT('',(62.7,30.825));
#8826 = CARTESIAN_POINT('',(63.6375,31.366265877365));
#8827 = CARTESIAN_POINT('',(64.575,31.907531754731));
#8828 = CARTESIAN_POINT('',(64.575,30.825));
#8829 = ( GEOMETRIC_REPRESENTATION_CONTEXT(2) 
PARAMETRIC_REPRESENTATION_CONTEXT() REPRESENTATION_CONTEXT('2D SPACE',''
  ) );
#8830 = ORIENTED_EDGE('',*,*,#8659,.F.);
#8831 = ORIENTED_EDGE('',*,*,#2914,.F.);
#8832 = ADVANCED_FACE('',(#8833),#2903,.F.);
#8833 = FACE_BOUND('',#8834,.F.);
#8834 = EDGE_LOOP('',(#8835,#8836,#8855,#8856));
#8835 = ORIENTED_EDGE('',*,*,#8757,.F.);
#8836 = ORIENTED_EDGE('',*,*,#8837,.F.);
#8837 = EDGE_CURVE('',#8783,#8730,#8838,.T.);
#8838 = SURFACE_CURVE('',#8839,(#8843,#8849),.PCURVE_S1.);
#8839 = LINE('',#8840,#8841);
#8840 = CARTESIAN_POINT('',(-10.625,19.7875,1.5));
#8841 = VECTOR('',#8842,1.);
#8842 = DIRECTION('',(1.110223024625E-16,1.,-0.));
#8843 = PCURVE('',#2903,#8844);
#8844 = DEFINITIONAL_REPRESENTATION('',(#8845),#8848);
#8845 = B_SPLINE_CURVE_WITH_KNOTS('',1,(#8846,#8847),.UNSPECIFIED.,.F.,
  .F.,(2,2),(-3.9625,34.7875),.PIECEWISE_BEZIER_KNOTS.);
#8846 = CARTESIAN_POINT('',(38.75,-1.5));
#8847 = CARTESIAN_POINT('',(0.,-1.5));
#8848 = ( GEOMETRIC_REPRESENTATION_CONTEXT(2) 
PARAMETRIC_REPRESENTATION_CONTEXT() REPRESENTATION_CONTEXT('2D SPACE',''
  ) );
#8849 = PCURVE('',#4464,#8850);
#8850 = DEFINITIONAL_REPRESENTATION('',(#8851),#8854);
#8851 = B_SPLINE_CURVE_WITH_KNOTS('',1,(#8852,#8853),.UNSPECIFIED.,.F.,
  .F.,(2,2),(-3.9625,34.7875),.PIECEWISE_BEZIER_KNOTS.);
#8852 = CARTESIAN_POINT('',(64.575,30.825));
#8853 = CARTESIAN_POINT('',(64.575,69.575));
#8854 = ( GEOMETRIC_REPRESENTATION_CONTEXT(2) 
PARAMETRIC_REPRESENTATION_CONTEXT() REPRESENTATION_CONTEXT('2D SPACE',''
  ) );
#8855 = ORIENTED_EDGE('',*,*,#8782,.F.);
#8856 = ORIENTED_EDGE('',*,*,#2888,.T.);
#8857 = ADVANCED_FACE('',(#8858),#2964,.F.);
#8858 = FACE_BOUND('',#8859,.F.);
#8859 = EDGE_LOOP('',(#8860,#8883,#8904,#8925));
#8860 = ORIENTED_EDGE('',*,*,#8861,.T.);
#8861 = EDGE_CURVE('',#2950,#8862,#8864,.T.);
#8862 = VERTEX_POINT('',#8863);
#8863 = CARTESIAN_POINT('',(-8.125,15.825,1.5));
#8864 = SURFACE_CURVE('',#8865,(#8869,#8876),.PCURVE_S1.);
#8865 = LINE('',#8866,#8867);
#8866 = CARTESIAN_POINT('',(-8.125,15.825,-5.));
#8867 = VECTOR('',#8868,1.);
#8868 = DIRECTION('',(0.,0.,1.));
#8869 = PCURVE('',#2964,#8870);
#8870 = DEFINITIONAL_REPRESENTATION('',(#8871),#8875);
#8871 = LINE('',#8872,#8873);
#8872 = CARTESIAN_POINT('',(0.,5.));
#8873 = VECTOR('',#8874,1.);
#8874 = DIRECTION('',(0.,-1.));
#8875 = ( GEOMETRIC_REPRESENTATION_CONTEXT(2) 
PARAMETRIC_REPRESENTATION_CONTEXT() REPRESENTATION_CONTEXT('2D SPACE',''
  ) );
#8876 = PCURVE('',#3053,#8877);
#8877 = DEFINITIONAL_REPRESENTATION('',(#8878),#8882);
#8878 = LINE('',#8879,#8880);
#8879 = CARTESIAN_POINT('',(3.14159265359,5.));
#8880 = VECTOR('',#8881,1.);
#8881 = DIRECTION('',(0.,-1.));
#8882 = ( GEOMETRIC_REPRESENTATION_CONTEXT(2) 
PARAMETRIC_REPRESENTATION_CONTEXT() REPRESENTATION_CONTEXT('2D SPACE',''
  ) );
#8883 = ORIENTED_EDGE('',*,*,#8884,.F.);
#8884 = EDGE_CURVE('',#8885,#8862,#8887,.T.);
#8885 = VERTEX_POINT('',#8886);
#8886 = CARTESIAN_POINT('',(-8.125,54.575,1.5));
#8887 = SURFACE_CURVE('',#8888,(#8892,#8898),.PCURVE_S1.);
#8888 = LINE('',#8889,#8890);
#8889 = CARTESIAN_POINT('',(-8.125,0.4125,1.5));
#8890 = VECTOR('',#8891,1.);
#8891 = DIRECTION('',(-1.110223024625E-16,-1.,0.));
#8892 = PCURVE('',#2964,#8893);
#8893 = DEFINITIONAL_REPRESENTATION('',(#8894),#8897);
#8894 = B_SPLINE_CURVE_WITH_KNOTS('',1,(#8895,#8896),.UNSPECIFIED.,.F.,
  .F.,(2,2),(-54.1625,-15.4125),.PIECEWISE_BEZIER_KNOTS.);
#8895 = CARTESIAN_POINT('',(38.75,-1.5));
#8896 = CARTESIAN_POINT('',(0.,-1.5));
#8897 = ( GEOMETRIC_REPRESENTATION_CONTEXT(2) 
PARAMETRIC_REPRESENTATION_CONTEXT() REPRESENTATION_CONTEXT('2D SPACE',''
  ) );
#8898 = PCURVE('',#4464,#8899);
#8899 = DEFINITIONAL_REPRESENTATION('',(#8900),#8903);
#8900 = B_SPLINE_CURVE_WITH_KNOTS('',1,(#8901,#8902),.UNSPECIFIED.,.F.,
  .F.,(2,2),(-54.1625,-15.4125),.PIECEWISE_BEZIER_KNOTS.);
#8901 = CARTESIAN_POINT('',(67.075,69.575));
#8902 = CARTESIAN_POINT('',(67.075,30.825));
#8903 = ( GEOMETRIC_REPRESENTATION_CONTEXT(2) 
PARAMETRIC_REPRESENTATION_CONTEXT() REPRESENTATION_CONTEXT('2D SPACE',''
  ) );
#8904 = ORIENTED_EDGE('',*,*,#8905,.T.);
#8905 = EDGE_CURVE('',#8885,#2948,#8906,.T.);
#8906 = SURFACE_CURVE('',#8907,(#8911,#8918),.PCURVE_S1.);
#8907 = LINE('',#8908,#8909);
#8908 = CARTESIAN_POINT('',(-8.125,54.575,5.));
#8909 = VECTOR('',#8910,1.);
#8910 = DIRECTION('',(0.,0.,-1.));
#8911 = PCURVE('',#2964,#8912);
#8912 = DEFINITIONAL_REPRESENTATION('',(#8913),#8917);
#8913 = LINE('',#8914,#8915);
#8914 = CARTESIAN_POINT('',(38.75,-5.));
#8915 = VECTOR('',#8916,1.);
#8916 = DIRECTION('',(0.,1.));
#8917 = ( GEOMETRIC_REPRESENTATION_CONTEXT(2) 
PARAMETRIC_REPRESENTATION_CONTEXT() REPRESENTATION_CONTEXT('2D SPACE',''
  ) );
#8918 = PCURVE('',#2996,#8919);
#8919 = DEFINITIONAL_REPRESENTATION('',(#8920),#8924);
#8920 = LINE('',#8921,#8922);
#8921 = CARTESIAN_POINT('',(0.,-5.));
#8922 = VECTOR('',#8923,1.);
#8923 = DIRECTION('',(-0.,1.));
#8924 = ( GEOMETRIC_REPRESENTATION_CONTEXT(2) 
PARAMETRIC_REPRESENTATION_CONTEXT() REPRESENTATION_CONTEXT('2D SPACE',''
  ) );
#8925 = ORIENTED_EDGE('',*,*,#2947,.T.);
#8926 = ADVANCED_FACE('',(#8927),#2996,.F.);
#8927 = FACE_BOUND('',#8928,.F.);
#8928 = EDGE_LOOP('',(#8929,#8930,#8958,#8979));
#8929 = ORIENTED_EDGE('',*,*,#8905,.F.);
#8930 = ORIENTED_EDGE('',*,*,#8931,.T.);
#8931 = EDGE_CURVE('',#8885,#8932,#8934,.T.);
#8932 = VERTEX_POINT('',#8933);
#8933 = CARTESIAN_POINT('',(-6.875,54.575,1.5));
#8934 = SURFACE_CURVE('',#8935,(#8940,#8947),.PCURVE_S1.);
#8935 = CIRCLE('',#8936,0.625);
#8936 = AXIS2_PLACEMENT_3D('',#8937,#8938,#8939);
#8937 = CARTESIAN_POINT('',(-7.5,54.575,1.5));
#8938 = DIRECTION('',(0.,0.,-1.));
#8939 = DIRECTION('',(-1.,1.110223024625E-16,0.));
#8940 = PCURVE('',#2996,#8941);
#8941 = DEFINITIONAL_REPRESENTATION('',(#8942),#8946);
#8942 = LINE('',#8943,#8944);
#8943 = CARTESIAN_POINT('',(0.,-1.5));
#8944 = VECTOR('',#8945,1.);
#8945 = DIRECTION('',(1.,0.));
#8946 = ( GEOMETRIC_REPRESENTATION_CONTEXT(2) 
PARAMETRIC_REPRESENTATION_CONTEXT() REPRESENTATION_CONTEXT('2D SPACE',''
  ) );
#8947 = PCURVE('',#4464,#8948);
#8948 = DEFINITIONAL_REPRESENTATION('',(#8949),#8957);
#8949 = ( BOUNDED_CURVE() B_SPLINE_CURVE(2,(#8950,#8951,#8952,#8953,
#8954,#8955,#8956),.UNSPECIFIED.,.T.,.F.) B_SPLINE_CURVE_WITH_KNOTS((1,2
    ,2,2,2,1),(-2.094395102393,0.,2.094395102393,4.188790204786,
6.28318530718,8.377580409573),.UNSPECIFIED.) CURVE() 
GEOMETRIC_REPRESENTATION_ITEM() RATIONAL_B_SPLINE_CURVE((1.,0.5,1.,0.5,
1.,0.5,1.)) REPRESENTATION_ITEM('') );
#8950 = CARTESIAN_POINT('',(67.075,69.575));
#8951 = CARTESIAN_POINT('',(67.075,70.657531754731));
#8952 = CARTESIAN_POINT('',(68.0125,70.116265877365));
#8953 = CARTESIAN_POINT('',(68.95,69.575));
#8954 = CARTESIAN_POINT('',(68.0125,69.033734122635));
#8955 = CARTESIAN_POINT('',(67.075,68.492468245269));
#8956 = CARTESIAN_POINT('',(67.075,69.575));
#8957 = ( GEOMETRIC_REPRESENTATION_CONTEXT(2) 
PARAMETRIC_REPRESENTATION_CONTEXT() REPRESENTATION_CONTEXT('2D SPACE',''
  ) );
#8958 = ORIENTED_EDGE('',*,*,#8959,.T.);
#8959 = EDGE_CURVE('',#8932,#2976,#8960,.T.);
#8960 = SURFACE_CURVE('',#8961,(#8965,#8972),.PCURVE_S1.);
#8961 = LINE('',#8962,#8963);
#8962 = CARTESIAN_POINT('',(-6.875,54.575,5.));
#8963 = VECTOR('',#8964,1.);
#8964 = DIRECTION('',(0.,0.,-1.));
#8965 = PCURVE('',#2996,#8966);
#8966 = DEFINITIONAL_REPRESENTATION('',(#8967),#8971);
#8967 = LINE('',#8968,#8969);
#8968 = CARTESIAN_POINT('',(3.14159265359,-5.));
#8969 = VECTOR('',#8970,1.);
#8970 = DIRECTION('',(-0.,1.));
#8971 = ( GEOMETRIC_REPRESENTATION_CONTEXT(2) 
PARAMETRIC_REPRESENTATION_CONTEXT() REPRESENTATION_CONTEXT('2D SPACE',''
  ) );
#8972 = PCURVE('',#3023,#8973);
#8973 = DEFINITIONAL_REPRESENTATION('',(#8974),#8978);
#8974 = LINE('',#8975,#8976);
#8975 = CARTESIAN_POINT('',(0.,-5.));
#8976 = VECTOR('',#8977,1.);
#8977 = DIRECTION('',(-0.,1.));
#8978 = ( GEOMETRIC_REPRESENTATION_CONTEXT(2) 
PARAMETRIC_REPRESENTATION_CONTEXT() REPRESENTATION_CONTEXT('2D SPACE',''
  ) );
#8979 = ORIENTED_EDGE('',*,*,#2975,.F.);
#8980 = ADVANCED_FACE('',(#8981),#3053,.F.);
#8981 = FACE_BOUND('',#8982,.F.);
#8982 = EDGE_LOOP('',(#8983,#9006,#9032,#9033));
#8983 = ORIENTED_EDGE('',*,*,#8984,.T.);
#8984 = EDGE_CURVE('',#3009,#8985,#8987,.T.);
#8985 = VERTEX_POINT('',#8986);
#8986 = CARTESIAN_POINT('',(-6.875,15.825,1.5));
#8987 = SURFACE_CURVE('',#8988,(#8992,#8999),.PCURVE_S1.);
#8988 = LINE('',#8989,#8990);
#8989 = CARTESIAN_POINT('',(-6.875,15.825,-5.));
#8990 = VECTOR('',#8991,1.);
#8991 = DIRECTION('',(0.,0.,1.));
#8992 = PCURVE('',#3053,#8993);
#8993 = DEFINITIONAL_REPRESENTATION('',(#8994),#8998);
#8994 = LINE('',#8995,#8996);
#8995 = CARTESIAN_POINT('',(0.,5.));
#8996 = VECTOR('',#8997,1.);
#8997 = DIRECTION('',(0.,-1.));
#8998 = ( GEOMETRIC_REPRESENTATION_CONTEXT(2) 
PARAMETRIC_REPRESENTATION_CONTEXT() REPRESENTATION_CONTEXT('2D SPACE',''
  ) );
#8999 = PCURVE('',#3023,#9000);
#9000 = DEFINITIONAL_REPRESENTATION('',(#9001),#9005);
#9001 = LINE('',#9002,#9003);
#9002 = CARTESIAN_POINT('',(38.75,5.));
#9003 = VECTOR('',#9004,1.);
#9004 = DIRECTION('',(0.,-1.));
#9005 = ( GEOMETRIC_REPRESENTATION_CONTEXT(2) 
PARAMETRIC_REPRESENTATION_CONTEXT() REPRESENTATION_CONTEXT('2D SPACE',''
  ) );
#9006 = ORIENTED_EDGE('',*,*,#9007,.T.);
#9007 = EDGE_CURVE('',#8985,#8862,#9008,.T.);
#9008 = SURFACE_CURVE('',#9009,(#9014,#9021),.PCURVE_S1.);
#9009 = CIRCLE('',#9010,0.625);
#9010 = AXIS2_PLACEMENT_3D('',#9011,#9012,#9013);
#9011 = CARTESIAN_POINT('',(-7.5,15.825,1.5));
#9012 = DIRECTION('',(0.,-0.,-1.));
#9013 = DIRECTION('',(1.,-1.110223024625E-16,0.));
#9014 = PCURVE('',#3053,#9015);
#9015 = DEFINITIONAL_REPRESENTATION('',(#9016),#9020);
#9016 = LINE('',#9017,#9018);
#9017 = CARTESIAN_POINT('',(0.,-1.5));
#9018 = VECTOR('',#9019,1.);
#9019 = DIRECTION('',(1.,0.));
#9020 = ( GEOMETRIC_REPRESENTATION_CONTEXT(2) 
PARAMETRIC_REPRESENTATION_CONTEXT() REPRESENTATION_CONTEXT('2D SPACE',''
  ) );
#9021 = PCURVE('',#4464,#9022);
#9022 = DEFINITIONAL_REPRESENTATION('',(#9023),#9031);
#9023 = ( BOUNDED_CURVE() B_SPLINE_CURVE(2,(#9024,#9025,#9026,#9027,
#9028,#9029,#9030),.UNSPECIFIED.,.T.,.F.) B_SPLINE_CURVE_WITH_KNOTS((1,2
    ,2,2,2,1),(-2.094395102393,0.,2.094395102393,4.188790204786,
6.28318530718,8.377580409573),.UNSPECIFIED.) CURVE() 
GEOMETRIC_REPRESENTATION_ITEM() RATIONAL_B_SPLINE_CURVE((1.,0.5,1.,0.5,
1.,0.5,1.)) REPRESENTATION_ITEM('') );
#9024 = CARTESIAN_POINT('',(68.325,30.825));
#9025 = CARTESIAN_POINT('',(68.325,29.742468245269));
#9026 = CARTESIAN_POINT('',(67.3875,30.283734122635));
#9027 = CARTESIAN_POINT('',(66.45,30.825));
#9028 = CARTESIAN_POINT('',(67.3875,31.366265877365));
#9029 = CARTESIAN_POINT('',(68.325,31.907531754731));
#9030 = CARTESIAN_POINT('',(68.325,30.825));
#9031 = ( GEOMETRIC_REPRESENTATION_CONTEXT(2) 
PARAMETRIC_REPRESENTATION_CONTEXT() REPRESENTATION_CONTEXT('2D SPACE',''
  ) );
#9032 = ORIENTED_EDGE('',*,*,#8861,.F.);
#9033 = ORIENTED_EDGE('',*,*,#3034,.F.);
#9034 = ADVANCED_FACE('',(#9035),#3023,.F.);
#9035 = FACE_BOUND('',#9036,.F.);
#9036 = EDGE_LOOP('',(#9037,#9038,#9057,#9058));
#9037 = ORIENTED_EDGE('',*,*,#8959,.F.);
#9038 = ORIENTED_EDGE('',*,*,#9039,.F.);
#9039 = EDGE_CURVE('',#8985,#8932,#9040,.T.);
#9040 = SURFACE_CURVE('',#9041,(#9045,#9051),.PCURVE_S1.);
#9041 = LINE('',#9042,#9043);
#9042 = CARTESIAN_POINT('',(-6.875,19.7875,1.5));
#9043 = VECTOR('',#9044,1.);
#9044 = DIRECTION('',(1.110223024625E-16,1.,-0.));
#9045 = PCURVE('',#3023,#9046);
#9046 = DEFINITIONAL_REPRESENTATION('',(#9047),#9050);
#9047 = B_SPLINE_CURVE_WITH_KNOTS('',1,(#9048,#9049),.UNSPECIFIED.,.F.,
  .F.,(2,2),(-3.9625,34.7875),.PIECEWISE_BEZIER_KNOTS.);
#9048 = CARTESIAN_POINT('',(38.75,-1.5));
#9049 = CARTESIAN_POINT('',(0.,-1.5));
#9050 = ( GEOMETRIC_REPRESENTATION_CONTEXT(2) 
PARAMETRIC_REPRESENTATION_CONTEXT() REPRESENTATION_CONTEXT('2D SPACE',''
  ) );
#9051 = PCURVE('',#4464,#9052);
#9052 = DEFINITIONAL_REPRESENTATION('',(#9053),#9056);
#9053 = B_SPLINE_CURVE_WITH_KNOTS('',1,(#9054,#9055),.UNSPECIFIED.,.F.,
  .F.,(2,2),(-3.9625,34.7875),.PIECEWISE_BEZIER_KNOTS.);
#9054 = CARTESIAN_POINT('',(68.325,30.825));
#9055 = CARTESIAN_POINT('',(68.325,69.575));
#9056 = ( GEOMETRIC_REPRESENTATION_CONTEXT(2) 
PARAMETRIC_REPRESENTATION_CONTEXT() REPRESENTATION_CONTEXT('2D SPACE',''
  ) );
#9057 = ORIENTED_EDGE('',*,*,#8984,.F.);
#9058 = ORIENTED_EDGE('',*,*,#3008,.T.);
#9059 = ADVANCED_FACE('',(#9060),#3084,.F.);
#9060 = FACE_BOUND('',#9061,.F.);
#9061 = EDGE_LOOP('',(#9062,#9085,#9106,#9127));
#9062 = ORIENTED_EDGE('',*,*,#9063,.T.);
#9063 = EDGE_CURVE('',#3070,#9064,#9066,.T.);
#9064 = VERTEX_POINT('',#9065);
#9065 = CARTESIAN_POINT('',(-4.375,15.825,1.5));
#9066 = SURFACE_CURVE('',#9067,(#9071,#9078),.PCURVE_S1.);
#9067 = LINE('',#9068,#9069);
#9068 = CARTESIAN_POINT('',(-4.375,15.825,-5.));
#9069 = VECTOR('',#9070,1.);
#9070 = DIRECTION('',(0.,0.,1.));
#9071 = PCURVE('',#3084,#9072);
#9072 = DEFINITIONAL_REPRESENTATION('',(#9073),#9077);
#9073 = LINE('',#9074,#9075);
#9074 = CARTESIAN_POINT('',(0.,5.));
#9075 = VECTOR('',#9076,1.);
#9076 = DIRECTION('',(0.,-1.));
#9077 = ( GEOMETRIC_REPRESENTATION_CONTEXT(2) 
PARAMETRIC_REPRESENTATION_CONTEXT() REPRESENTATION_CONTEXT('2D SPACE',''
  ) );
#9078 = PCURVE('',#3173,#9079);
#9079 = DEFINITIONAL_REPRESENTATION('',(#9080),#9084);
#9080 = LINE('',#9081,#9082);
#9081 = CARTESIAN_POINT('',(3.14159265359,5.));
#9082 = VECTOR('',#9083,1.);
#9083 = DIRECTION('',(0.,-1.));
#9084 = ( GEOMETRIC_REPRESENTATION_CONTEXT(2) 
PARAMETRIC_REPRESENTATION_CONTEXT() REPRESENTATION_CONTEXT('2D SPACE',''
  ) );
#9085 = ORIENTED_EDGE('',*,*,#9086,.F.);
#9086 = EDGE_CURVE('',#9087,#9064,#9089,.T.);
#9087 = VERTEX_POINT('',#9088);
#9088 = CARTESIAN_POINT('',(-4.375,54.575,1.5));
#9089 = SURFACE_CURVE('',#9090,(#9094,#9100),.PCURVE_S1.);
#9090 = LINE('',#9091,#9092);
#9091 = CARTESIAN_POINT('',(-4.375,0.4125,1.5));
#9092 = VECTOR('',#9093,1.);
#9093 = DIRECTION('',(-1.110223024625E-16,-1.,0.));
#9094 = PCURVE('',#3084,#9095);
#9095 = DEFINITIONAL_REPRESENTATION('',(#9096),#9099);
#9096 = B_SPLINE_CURVE_WITH_KNOTS('',1,(#9097,#9098),.UNSPECIFIED.,.F.,
  .F.,(2,2),(-54.1625,-15.4125),.PIECEWISE_BEZIER_KNOTS.);
#9097 = CARTESIAN_POINT('',(38.75,-1.5));
#9098 = CARTESIAN_POINT('',(0.,-1.5));
#9099 = ( GEOMETRIC_REPRESENTATION_CONTEXT(2) 
PARAMETRIC_REPRESENTATION_CONTEXT() REPRESENTATION_CONTEXT('2D SPACE',''
  ) );
#9100 = PCURVE('',#4464,#9101);
#9101 = DEFINITIONAL_REPRESENTATION('',(#9102),#9105);
#9102 = B_SPLINE_CURVE_WITH_KNOTS('',1,(#9103,#9104),.UNSPECIFIED.,.F.,
  .F.,(2,2),(-54.1625,-15.4125),.PIECEWISE_BEZIER_KNOTS.);
#9103 = CARTESIAN_POINT('',(70.825,69.575));
#9104 = CARTESIAN_POINT('',(70.825,30.825));
#9105 = ( GEOMETRIC_REPRESENTATION_CONTEXT(2) 
PARAMETRIC_REPRESENTATION_CONTEXT() REPRESENTATION_CONTEXT('2D SPACE',''
  ) );
#9106 = ORIENTED_EDGE('',*,*,#9107,.T.);
#9107 = EDGE_CURVE('',#9087,#3068,#9108,.T.);
#9108 = SURFACE_CURVE('',#9109,(#9113,#9120),.PCURVE_S1.);
#9109 = LINE('',#9110,#9111);
#9110 = CARTESIAN_POINT('',(-4.375,54.575,5.));
#9111 = VECTOR('',#9112,1.);
#9112 = DIRECTION('',(0.,0.,-1.));
#9113 = PCURVE('',#3084,#9114);
#9114 = DEFINITIONAL_REPRESENTATION('',(#9115),#9119);
#9115 = LINE('',#9116,#9117);
#9116 = CARTESIAN_POINT('',(38.75,-5.));
#9117 = VECTOR('',#9118,1.);
#9118 = DIRECTION('',(0.,1.));
#9119 = ( GEOMETRIC_REPRESENTATION_CONTEXT(2) 
PARAMETRIC_REPRESENTATION_CONTEXT() REPRESENTATION_CONTEXT('2D SPACE',''
  ) );
#9120 = PCURVE('',#3116,#9121);
#9121 = DEFINITIONAL_REPRESENTATION('',(#9122),#9126);
#9122 = LINE('',#9123,#9124);
#9123 = CARTESIAN_POINT('',(0.,-5.));
#9124 = VECTOR('',#9125,1.);
#9125 = DIRECTION('',(-0.,1.));
#9126 = ( GEOMETRIC_REPRESENTATION_CONTEXT(2) 
PARAMETRIC_REPRESENTATION_CONTEXT() REPRESENTATION_CONTEXT('2D SPACE',''
  ) );
#9127 = ORIENTED_EDGE('',*,*,#3067,.T.);
#9128 = ADVANCED_FACE('',(#9129),#3116,.F.);
#9129 = FACE_BOUND('',#9130,.F.);
#9130 = EDGE_LOOP('',(#9131,#9132,#9160,#9181));
#9131 = ORIENTED_EDGE('',*,*,#9107,.F.);
#9132 = ORIENTED_EDGE('',*,*,#9133,.T.);
#9133 = EDGE_CURVE('',#9087,#9134,#9136,.T.);
#9134 = VERTEX_POINT('',#9135);
#9135 = CARTESIAN_POINT('',(-3.125,54.575,1.5));
#9136 = SURFACE_CURVE('',#9137,(#9142,#9149),.PCURVE_S1.);
#9137 = CIRCLE('',#9138,0.625);
#9138 = AXIS2_PLACEMENT_3D('',#9139,#9140,#9141);
#9139 = CARTESIAN_POINT('',(-3.75,54.575,1.5));
#9140 = DIRECTION('',(0.,0.,-1.));
#9141 = DIRECTION('',(-1.,1.110223024625E-16,0.));
#9142 = PCURVE('',#3116,#9143);
#9143 = DEFINITIONAL_REPRESENTATION('',(#9144),#9148);
#9144 = LINE('',#9145,#9146);
#9145 = CARTESIAN_POINT('',(0.,-1.5));
#9146 = VECTOR('',#9147,1.);
#9147 = DIRECTION('',(1.,0.));
#9148 = ( GEOMETRIC_REPRESENTATION_CONTEXT(2) 
PARAMETRIC_REPRESENTATION_CONTEXT() REPRESENTATION_CONTEXT('2D SPACE',''
  ) );
#9149 = PCURVE('',#4464,#9150);
#9150 = DEFINITIONAL_REPRESENTATION('',(#9151),#9159);
#9151 = ( BOUNDED_CURVE() B_SPLINE_CURVE(2,(#9152,#9153,#9154,#9155,
#9156,#9157,#9158),.UNSPECIFIED.,.T.,.F.) B_SPLINE_CURVE_WITH_KNOTS((1,2
    ,2,2,2,1),(-2.094395102393,0.,2.094395102393,4.188790204786,
6.28318530718,8.377580409573),.UNSPECIFIED.) CURVE() 
GEOMETRIC_REPRESENTATION_ITEM() RATIONAL_B_SPLINE_CURVE((1.,0.5,1.,0.5,
1.,0.5,1.)) REPRESENTATION_ITEM('') );
#9152 = CARTESIAN_POINT('',(70.825,69.575));
#9153 = CARTESIAN_POINT('',(70.825,70.657531754731));
#9154 = CARTESIAN_POINT('',(71.7625,70.116265877365));
#9155 = CARTESIAN_POINT('',(72.7,69.575));
#9156 = CARTESIAN_POINT('',(71.7625,69.033734122635));
#9157 = CARTESIAN_POINT('',(70.825,68.492468245269));
#9158 = CARTESIAN_POINT('',(70.825,69.575));
#9159 = ( GEOMETRIC_REPRESENTATION_CONTEXT(2) 
PARAMETRIC_REPRESENTATION_CONTEXT() REPRESENTATION_CONTEXT('2D SPACE',''
  ) );
#9160 = ORIENTED_EDGE('',*,*,#9161,.T.);
#9161 = EDGE_CURVE('',#9134,#3096,#9162,.T.);
#9162 = SURFACE_CURVE('',#9163,(#9167,#9174),.PCURVE_S1.);
#9163 = LINE('',#9164,#9165);
#9164 = CARTESIAN_POINT('',(-3.125,54.575,5.));
#9165 = VECTOR('',#9166,1.);
#9166 = DIRECTION('',(0.,0.,-1.));
#9167 = PCURVE('',#3116,#9168);
#9168 = DEFINITIONAL_REPRESENTATION('',(#9169),#9173);
#9169 = LINE('',#9170,#9171);
#9170 = CARTESIAN_POINT('',(3.14159265359,-5.));
#9171 = VECTOR('',#9172,1.);
#9172 = DIRECTION('',(-0.,1.));
#9173 = ( GEOMETRIC_REPRESENTATION_CONTEXT(2) 
PARAMETRIC_REPRESENTATION_CONTEXT() REPRESENTATION_CONTEXT('2D SPACE',''
  ) );
#9174 = PCURVE('',#3143,#9175);
#9175 = DEFINITIONAL_REPRESENTATION('',(#9176),#9180);
#9176 = LINE('',#9177,#9178);
#9177 = CARTESIAN_POINT('',(0.,-5.));
#9178 = VECTOR('',#9179,1.);
#9179 = DIRECTION('',(-0.,1.));
#9180 = ( GEOMETRIC_REPRESENTATION_CONTEXT(2) 
PARAMETRIC_REPRESENTATION_CONTEXT() REPRESENTATION_CONTEXT('2D SPACE',''
  ) );
#9181 = ORIENTED_EDGE('',*,*,#3095,.F.);
#9182 = ADVANCED_FACE('',(#9183),#3173,.F.);
#9183 = FACE_BOUND('',#9184,.F.);
#9184 = EDGE_LOOP('',(#9185,#9208,#9234,#9235));
#9185 = ORIENTED_EDGE('',*,*,#9186,.T.);
#9186 = EDGE_CURVE('',#3129,#9187,#9189,.T.);
#9187 = VERTEX_POINT('',#9188);
#9188 = CARTESIAN_POINT('',(-3.125,15.825,1.5));
#9189 = SURFACE_CURVE('',#9190,(#9194,#9201),.PCURVE_S1.);
#9190 = LINE('',#9191,#9192);
#9191 = CARTESIAN_POINT('',(-3.125,15.825,-5.));
#9192 = VECTOR('',#9193,1.);
#9193 = DIRECTION('',(0.,0.,1.));
#9194 = PCURVE('',#3173,#9195);
#9195 = DEFINITIONAL_REPRESENTATION('',(#9196),#9200);
#9196 = LINE('',#9197,#9198);
#9197 = CARTESIAN_POINT('',(0.,5.));
#9198 = VECTOR('',#9199,1.);
#9199 = DIRECTION('',(0.,-1.));
#9200 = ( GEOMETRIC_REPRESENTATION_CONTEXT(2) 
PARAMETRIC_REPRESENTATION_CONTEXT() REPRESENTATION_CONTEXT('2D SPACE',''
  ) );
#9201 = PCURVE('',#3143,#9202);
#9202 = DEFINITIONAL_REPRESENTATION('',(#9203),#9207);
#9203 = LINE('',#9204,#9205);
#9204 = CARTESIAN_POINT('',(38.75,5.));
#9205 = VECTOR('',#9206,1.);
#9206 = DIRECTION('',(0.,-1.));
#9207 = ( GEOMETRIC_REPRESENTATION_CONTEXT(2) 
PARAMETRIC_REPRESENTATION_CONTEXT() REPRESENTATION_CONTEXT('2D SPACE',''
  ) );
#9208 = ORIENTED_EDGE('',*,*,#9209,.T.);
#9209 = EDGE_CURVE('',#9187,#9064,#9210,.T.);
#9210 = SURFACE_CURVE('',#9211,(#9216,#9223),.PCURVE_S1.);
#9211 = CIRCLE('',#9212,0.625);
#9212 = AXIS2_PLACEMENT_3D('',#9213,#9214,#9215);
#9213 = CARTESIAN_POINT('',(-3.75,15.825,1.5));
#9214 = DIRECTION('',(0.,-0.,-1.));
#9215 = DIRECTION('',(1.,-1.110223024625E-16,0.));
#9216 = PCURVE('',#3173,#9217);
#9217 = DEFINITIONAL_REPRESENTATION('',(#9218),#9222);
#9218 = LINE('',#9219,#9220);
#9219 = CARTESIAN_POINT('',(0.,-1.5));
#9220 = VECTOR('',#9221,1.);
#9221 = DIRECTION('',(1.,0.));
#9222 = ( GEOMETRIC_REPRESENTATION_CONTEXT(2) 
PARAMETRIC_REPRESENTATION_CONTEXT() REPRESENTATION_CONTEXT('2D SPACE',''
  ) );
#9223 = PCURVE('',#4464,#9224);
#9224 = DEFINITIONAL_REPRESENTATION('',(#9225),#9233);
#9225 = ( BOUNDED_CURVE() B_SPLINE_CURVE(2,(#9226,#9227,#9228,#9229,
#9230,#9231,#9232),.UNSPECIFIED.,.T.,.F.) B_SPLINE_CURVE_WITH_KNOTS((1,2
    ,2,2,2,1),(-2.094395102393,0.,2.094395102393,4.188790204786,
6.28318530718,8.377580409573),.UNSPECIFIED.) CURVE() 
GEOMETRIC_REPRESENTATION_ITEM() RATIONAL_B_SPLINE_CURVE((1.,0.5,1.,0.5,
1.,0.5,1.)) REPRESENTATION_ITEM('') );
#9226 = CARTESIAN_POINT('',(72.075,30.825));
#9227 = CARTESIAN_POINT('',(72.075,29.742468245269));
#9228 = CARTESIAN_POINT('',(71.1375,30.283734122635));
#9229 = CARTESIAN_POINT('',(70.2,30.825));
#9230 = CARTESIAN_POINT('',(71.1375,31.366265877365));
#9231 = CARTESIAN_POINT('',(72.075,31.907531754731));
#9232 = CARTESIAN_POINT('',(72.075,30.825));
#9233 = ( GEOMETRIC_REPRESENTATION_CONTEXT(2) 
PARAMETRIC_REPRESENTATION_CONTEXT() REPRESENTATION_CONTEXT('2D SPACE',''
  ) );
#9234 = ORIENTED_EDGE('',*,*,#9063,.F.);
#9235 = ORIENTED_EDGE('',*,*,#3154,.F.);
#9236 = ADVANCED_FACE('',(#9237),#3143,.F.);
#9237 = FACE_BOUND('',#9238,.F.);
#9238 = EDGE_LOOP('',(#9239,#9240,#9259,#9260));
#9239 = ORIENTED_EDGE('',*,*,#9161,.F.);
#9240 = ORIENTED_EDGE('',*,*,#9241,.F.);
#9241 = EDGE_CURVE('',#9187,#9134,#9242,.T.);
#9242 = SURFACE_CURVE('',#9243,(#9247,#9253),.PCURVE_S1.);
#9243 = LINE('',#9244,#9245);
#9244 = CARTESIAN_POINT('',(-3.125,19.7875,1.5));
#9245 = VECTOR('',#9246,1.);
#9246 = DIRECTION('',(1.110223024625E-16,1.,-0.));
#9247 = PCURVE('',#3143,#9248);
#9248 = DEFINITIONAL_REPRESENTATION('',(#9249),#9252);
#9249 = B_SPLINE_CURVE_WITH_KNOTS('',1,(#9250,#9251),.UNSPECIFIED.,.F.,
  .F.,(2,2),(-3.9625,34.7875),.PIECEWISE_BEZIER_KNOTS.);
#9250 = CARTESIAN_POINT('',(38.75,-1.5));
#9251 = CARTESIAN_POINT('',(0.,-1.5));
#9252 = ( GEOMETRIC_REPRESENTATION_CONTEXT(2) 
PARAMETRIC_REPRESENTATION_CONTEXT() REPRESENTATION_CONTEXT('2D SPACE',''
  ) );
#9253 = PCURVE('',#4464,#9254);
#9254 = DEFINITIONAL_REPRESENTATION('',(#9255),#9258);
#9255 = B_SPLINE_CURVE_WITH_KNOTS('',1,(#9256,#9257),.UNSPECIFIED.,.F.,
  .F.,(2,2),(-3.9625,34.7875),.PIECEWISE_BEZIER_KNOTS.);
#9256 = CARTESIAN_POINT('',(72.075,30.825));
#9257 = CARTESIAN_POINT('',(72.075,69.575));
#9258 = ( GEOMETRIC_REPRESENTATION_CONTEXT(2) 
PARAMETRIC_REPRESENTATION_CONTEXT() REPRESENTATION_CONTEXT('2D SPACE',''
  ) );
#9259 = ORIENTED_EDGE('',*,*,#9186,.F.);
#9260 = ORIENTED_EDGE('',*,*,#3128,.T.);
#9261 = ADVANCED_FACE('',(#9262),#3252,.F.);
#9262 = FACE_BOUND('',#9263,.F.);
#9263 = EDGE_LOOP('',(#9264,#9287,#9308,#9329));
#9264 = ORIENTED_EDGE('',*,*,#9265,.T.);
#9265 = EDGE_CURVE('',#3238,#9266,#9268,.T.);
#9266 = VERTEX_POINT('',#9267);
#9267 = CARTESIAN_POINT('',(15.825,0.625,1.5));
#9268 = SURFACE_CURVE('',#9269,(#9273,#9280),.PCURVE_S1.);
#9269 = LINE('',#9270,#9271);
#9270 = CARTESIAN_POINT('',(15.825,0.625,-5.));
#9271 = VECTOR('',#9272,1.);
#9272 = DIRECTION('',(0.,0.,1.));
#9273 = PCURVE('',#3252,#9274);
#9274 = DEFINITIONAL_REPRESENTATION('',(#9275),#9279);
#9275 = LINE('',#9276,#9277);
#9276 = CARTESIAN_POINT('',(0.,5.));
#9277 = VECTOR('',#9278,1.);
#9278 = DIRECTION('',(0.,-1.));
#9279 = ( GEOMETRIC_REPRESENTATION_CONTEXT(2) 
PARAMETRIC_REPRESENTATION_CONTEXT() REPRESENTATION_CONTEXT('2D SPACE',''
  ) );
#9280 = PCURVE('',#3341,#9281);
#9281 = DEFINITIONAL_REPRESENTATION('',(#9282),#9286);
#9282 = LINE('',#9283,#9284);
#9283 = CARTESIAN_POINT('',(3.14159265359,5.));
#9284 = VECTOR('',#9285,1.);
#9285 = DIRECTION('',(0.,-1.));
#9286 = ( GEOMETRIC_REPRESENTATION_CONTEXT(2) 
PARAMETRIC_REPRESENTATION_CONTEXT() REPRESENTATION_CONTEXT('2D SPACE',''
  ) );
#9287 = ORIENTED_EDGE('',*,*,#9288,.F.);
#9288 = EDGE_CURVE('',#9289,#9266,#9291,.T.);
#9289 = VERTEX_POINT('',#9290);
#9290 = CARTESIAN_POINT('',(54.575,0.625,1.5));
#9291 = SURFACE_CURVE('',#9292,(#9296,#9302),.PCURVE_S1.);
#9292 = LINE('',#9293,#9294);
#9293 = CARTESIAN_POINT('',(-29.6875,0.625,1.5));
#9294 = VECTOR('',#9295,1.);
#9295 = DIRECTION('',(-1.,0.,0.));
#9296 = PCURVE('',#3252,#9297);
#9297 = DEFINITIONAL_REPRESENTATION('',(#9298),#9301);
#9298 = B_SPLINE_CURVE_WITH_KNOTS('',1,(#9299,#9300),.UNSPECIFIED.,.F.,
  .F.,(2,2),(-84.2625,-45.5125),.PIECEWISE_BEZIER_KNOTS.);
#9299 = CARTESIAN_POINT('',(38.75,-1.5));
#9300 = CARTESIAN_POINT('',(0.,-1.5));
#9301 = ( GEOMETRIC_REPRESENTATION_CONTEXT(2) 
PARAMETRIC_REPRESENTATION_CONTEXT() REPRESENTATION_CONTEXT('2D SPACE',''
  ) );
#9302 = PCURVE('',#4464,#9303);
#9303 = DEFINITIONAL_REPRESENTATION('',(#9304),#9307);
#9304 = B_SPLINE_CURVE_WITH_KNOTS('',1,(#9305,#9306),.UNSPECIFIED.,.F.,
  .F.,(2,2),(-84.2625,-45.5125),.PIECEWISE_BEZIER_KNOTS.);
#9305 = CARTESIAN_POINT('',(129.775,15.625));
#9306 = CARTESIAN_POINT('',(91.025,15.625));
#9307 = ( GEOMETRIC_REPRESENTATION_CONTEXT(2) 
PARAMETRIC_REPRESENTATION_CONTEXT() REPRESENTATION_CONTEXT('2D SPACE',''
  ) );
#9308 = ORIENTED_EDGE('',*,*,#9309,.T.);
#9309 = EDGE_CURVE('',#9289,#3236,#9310,.T.);
#9310 = SURFACE_CURVE('',#9311,(#9315,#9322),.PCURVE_S1.);
#9311 = LINE('',#9312,#9313);
#9312 = CARTESIAN_POINT('',(54.575,0.625,5.));
#9313 = VECTOR('',#9314,1.);
#9314 = DIRECTION('',(0.,0.,-1.));
#9315 = PCURVE('',#3252,#9316);
#9316 = DEFINITIONAL_REPRESENTATION('',(#9317),#9321);
#9317 = LINE('',#9318,#9319);
#9318 = CARTESIAN_POINT('',(38.75,-5.));
#9319 = VECTOR('',#9320,1.);
#9320 = DIRECTION('',(0.,1.));
#9321 = ( GEOMETRIC_REPRESENTATION_CONTEXT(2) 
PARAMETRIC_REPRESENTATION_CONTEXT() REPRESENTATION_CONTEXT('2D SPACE',''
  ) );
#9322 = PCURVE('',#3284,#9323);
#9323 = DEFINITIONAL_REPRESENTATION('',(#9324),#9328);
#9324 = LINE('',#9325,#9326);
#9325 = CARTESIAN_POINT('',(0.,-5.));
#9326 = VECTOR('',#9327,1.);
#9327 = DIRECTION('',(-0.,1.));
#9328 = ( GEOMETRIC_REPRESENTATION_CONTEXT(2) 
PARAMETRIC_REPRESENTATION_CONTEXT() REPRESENTATION_CONTEXT('2D SPACE',''
  ) );
#9329 = ORIENTED_EDGE('',*,*,#3235,.T.);
#9330 = ADVANCED_FACE('',(#9331),#3284,.F.);
#9331 = FACE_BOUND('',#9332,.F.);
#9332 = EDGE_LOOP('',(#9333,#9334,#9362,#9383));
#9333 = ORIENTED_EDGE('',*,*,#9309,.F.);
#9334 = ORIENTED_EDGE('',*,*,#9335,.T.);
#9335 = EDGE_CURVE('',#9289,#9336,#9338,.T.);
#9336 = VERTEX_POINT('',#9337);
#9337 = CARTESIAN_POINT('',(54.575,-0.625,1.5));
#9338 = SURFACE_CURVE('',#9339,(#9344,#9351),.PCURVE_S1.);
#9339 = CIRCLE('',#9340,0.625);
#9340 = AXIS2_PLACEMENT_3D('',#9341,#9342,#9343);
#9341 = CARTESIAN_POINT('',(54.575,-5.551115123126E-17,1.5));
#9342 = DIRECTION('',(0.,0.,-1.));
#9343 = DIRECTION('',(0.,1.,0.));
#9344 = PCURVE('',#3284,#9345);
#9345 = DEFINITIONAL_REPRESENTATION('',(#9346),#9350);
#9346 = LINE('',#9347,#9348);
#9347 = CARTESIAN_POINT('',(0.,-1.5));
#9348 = VECTOR('',#9349,1.);
#9349 = DIRECTION('',(1.,0.));
#9350 = ( GEOMETRIC_REPRESENTATION_CONTEXT(2) 
PARAMETRIC_REPRESENTATION_CONTEXT() REPRESENTATION_CONTEXT('2D SPACE',''
  ) );
#9351 = PCURVE('',#4464,#9352);
#9352 = DEFINITIONAL_REPRESENTATION('',(#9353),#9361);
#9353 = ( BOUNDED_CURVE() B_SPLINE_CURVE(2,(#9354,#9355,#9356,#9357,
#9358,#9359,#9360),.UNSPECIFIED.,.T.,.F.) B_SPLINE_CURVE_WITH_KNOTS((1,2
    ,2,2,2,1),(-2.094395102393,0.,2.094395102393,4.188790204786,
6.28318530718,8.377580409573),.UNSPECIFIED.) CURVE() 
GEOMETRIC_REPRESENTATION_ITEM() RATIONAL_B_SPLINE_CURVE((1.,0.5,1.,0.5,
1.,0.5,1.)) REPRESENTATION_ITEM('') );
#9354 = CARTESIAN_POINT('',(129.775,15.625));
#9355 = CARTESIAN_POINT('',(130.85753175473,15.625));
#9356 = CARTESIAN_POINT('',(130.31626587736,14.6875));
#9357 = CARTESIAN_POINT('',(129.775,13.75));
#9358 = CARTESIAN_POINT('',(129.23373412263,14.6875));
#9359 = CARTESIAN_POINT('',(128.69246824526,15.625));
#9360 = CARTESIAN_POINT('',(129.775,15.625));
#9361 = ( GEOMETRIC_REPRESENTATION_CONTEXT(2) 
PARAMETRIC_REPRESENTATION_CONTEXT() REPRESENTATION_CONTEXT('2D SPACE',''
  ) );
#9362 = ORIENTED_EDGE('',*,*,#9363,.T.);
#9363 = EDGE_CURVE('',#9336,#3264,#9364,.T.);
#9364 = SURFACE_CURVE('',#9365,(#9369,#9376),.PCURVE_S1.);
#9365 = LINE('',#9366,#9367);
#9366 = CARTESIAN_POINT('',(54.575,-0.625,5.));
#9367 = VECTOR('',#9368,1.);
#9368 = DIRECTION('',(0.,0.,-1.));
#9369 = PCURVE('',#3284,#9370);
#9370 = DEFINITIONAL_REPRESENTATION('',(#9371),#9375);
#9371 = LINE('',#9372,#9373);
#9372 = CARTESIAN_POINT('',(3.14159265359,-5.));
#9373 = VECTOR('',#9374,1.);
#9374 = DIRECTION('',(-0.,1.));
#9375 = ( GEOMETRIC_REPRESENTATION_CONTEXT(2) 
PARAMETRIC_REPRESENTATION_CONTEXT() REPRESENTATION_CONTEXT('2D SPACE',''
  ) );
#9376 = PCURVE('',#3311,#9377);
#9377 = DEFINITIONAL_REPRESENTATION('',(#9378),#9382);
#9378 = LINE('',#9379,#9380);
#9379 = CARTESIAN_POINT('',(0.,-5.));
#9380 = VECTOR('',#9381,1.);
#9381 = DIRECTION('',(0.,1.));
#9382 = ( GEOMETRIC_REPRESENTATION_CONTEXT(2) 
PARAMETRIC_REPRESENTATION_CONTEXT() REPRESENTATION_CONTEXT('2D SPACE',''
  ) );
#9383 = ORIENTED_EDGE('',*,*,#3263,.F.);
#9384 = ADVANCED_FACE('',(#9385),#3341,.F.);
#9385 = FACE_BOUND('',#9386,.F.);
#9386 = EDGE_LOOP('',(#9387,#9410,#9436,#9437));
#9387 = ORIENTED_EDGE('',*,*,#9388,.T.);
#9388 = EDGE_CURVE('',#3297,#9389,#9391,.T.);
#9389 = VERTEX_POINT('',#9390);
#9390 = CARTESIAN_POINT('',(15.825,-0.625,1.5));
#9391 = SURFACE_CURVE('',#9392,(#9396,#9403),.PCURVE_S1.);
#9392 = LINE('',#9393,#9394);
#9393 = CARTESIAN_POINT('',(15.825,-0.625,-5.));
#9394 = VECTOR('',#9395,1.);
#9395 = DIRECTION('',(0.,0.,1.));
#9396 = PCURVE('',#3341,#9397);
#9397 = DEFINITIONAL_REPRESENTATION('',(#9398),#9402);
#9398 = LINE('',#9399,#9400);
#9399 = CARTESIAN_POINT('',(0.,5.));
#9400 = VECTOR('',#9401,1.);
#9401 = DIRECTION('',(0.,-1.));
#9402 = ( GEOMETRIC_REPRESENTATION_CONTEXT(2) 
PARAMETRIC_REPRESENTATION_CONTEXT() REPRESENTATION_CONTEXT('2D SPACE',''
  ) );
#9403 = PCURVE('',#3311,#9404);
#9404 = DEFINITIONAL_REPRESENTATION('',(#9405),#9409);
#9405 = LINE('',#9406,#9407);
#9406 = CARTESIAN_POINT('',(38.75,5.));
#9407 = VECTOR('',#9408,1.);
#9408 = DIRECTION('',(0.,-1.));
#9409 = ( GEOMETRIC_REPRESENTATION_CONTEXT(2) 
PARAMETRIC_REPRESENTATION_CONTEXT() REPRESENTATION_CONTEXT('2D SPACE',''
  ) );
#9410 = ORIENTED_EDGE('',*,*,#9411,.T.);
#9411 = EDGE_CURVE('',#9389,#9266,#9412,.T.);
#9412 = SURFACE_CURVE('',#9413,(#9418,#9425),.PCURVE_S1.);
#9413 = CIRCLE('',#9414,0.625);
#9414 = AXIS2_PLACEMENT_3D('',#9415,#9416,#9417);
#9415 = CARTESIAN_POINT('',(15.825,5.551115123126E-17,1.5));
#9416 = DIRECTION('',(0.,-0.,-1.));
#9417 = DIRECTION('',(0.,-1.,0.));
#9418 = PCURVE('',#3341,#9419);
#9419 = DEFINITIONAL_REPRESENTATION('',(#9420),#9424);
#9420 = LINE('',#9421,#9422);
#9421 = CARTESIAN_POINT('',(0.,-1.5));
#9422 = VECTOR('',#9423,1.);
#9423 = DIRECTION('',(1.,0.));
#9424 = ( GEOMETRIC_REPRESENTATION_CONTEXT(2) 
PARAMETRIC_REPRESENTATION_CONTEXT() REPRESENTATION_CONTEXT('2D SPACE',''
  ) );
#9425 = PCURVE('',#4464,#9426);
#9426 = DEFINITIONAL_REPRESENTATION('',(#9427),#9435);
#9427 = ( BOUNDED_CURVE() B_SPLINE_CURVE(2,(#9428,#9429,#9430,#9431,
#9432,#9433,#9434),.UNSPECIFIED.,.T.,.F.) B_SPLINE_CURVE_WITH_KNOTS((1,2
    ,2,2,2,1),(-2.094395102393,0.,2.094395102393,4.188790204786,
6.28318530718,8.377580409573),.UNSPECIFIED.) CURVE() 
GEOMETRIC_REPRESENTATION_ITEM() RATIONAL_B_SPLINE_CURVE((1.,0.5,1.,0.5,
1.,0.5,1.)) REPRESENTATION_ITEM('') );
#9428 = CARTESIAN_POINT('',(91.025,14.375));
#9429 = CARTESIAN_POINT('',(89.942468245269,14.375));
#9430 = CARTESIAN_POINT('',(90.483734122635,15.3125));
#9431 = CARTESIAN_POINT('',(91.025,16.25));
#9432 = CARTESIAN_POINT('',(91.566265877365,15.3125));
#9433 = CARTESIAN_POINT('',(92.107531754731,14.375));
#9434 = CARTESIAN_POINT('',(91.025,14.375));
#9435 = ( GEOMETRIC_REPRESENTATION_CONTEXT(2) 
PARAMETRIC_REPRESENTATION_CONTEXT() REPRESENTATION_CONTEXT('2D SPACE',''
  ) );
#9436 = ORIENTED_EDGE('',*,*,#9265,.F.);
#9437 = ORIENTED_EDGE('',*,*,#3322,.F.);
#9438 = ADVANCED_FACE('',(#9439),#3311,.F.);
#9439 = FACE_BOUND('',#9440,.F.);
#9440 = EDGE_LOOP('',(#9441,#9442,#9461,#9462));
#9441 = ORIENTED_EDGE('',*,*,#9363,.F.);
#9442 = ORIENTED_EDGE('',*,*,#9443,.F.);
#9443 = EDGE_CURVE('',#9389,#9336,#9444,.T.);
#9444 = SURFACE_CURVE('',#9445,(#9449,#9455),.PCURVE_S1.);
#9445 = LINE('',#9446,#9447);
#9446 = CARTESIAN_POINT('',(-10.3125,-0.625,1.5));
#9447 = VECTOR('',#9448,1.);
#9448 = DIRECTION('',(1.,0.,-0.));
#9449 = PCURVE('',#3311,#9450);
#9450 = DEFINITIONAL_REPRESENTATION('',(#9451),#9454);
#9451 = B_SPLINE_CURVE_WITH_KNOTS('',1,(#9452,#9453),.UNSPECIFIED.,.F.,
  .F.,(2,2),(26.1375,64.8875),.PIECEWISE_BEZIER_KNOTS.);
#9452 = CARTESIAN_POINT('',(38.75,-1.5));
#9453 = CARTESIAN_POINT('',(0.,-1.5));
#9454 = ( GEOMETRIC_REPRESENTATION_CONTEXT(2) 
PARAMETRIC_REPRESENTATION_CONTEXT() REPRESENTATION_CONTEXT('2D SPACE',''
  ) );
#9455 = PCURVE('',#4464,#9456);
#9456 = DEFINITIONAL_REPRESENTATION('',(#9457),#9460);
#9457 = B_SPLINE_CURVE_WITH_KNOTS('',1,(#9458,#9459),.UNSPECIFIED.,.F.,
  .F.,(2,2),(26.1375,64.8875),.PIECEWISE_BEZIER_KNOTS.);
#9458 = CARTESIAN_POINT('',(91.025,14.375));
#9459 = CARTESIAN_POINT('',(129.775,14.375));
#9460 = ( GEOMETRIC_REPRESENTATION_CONTEXT(2) 
PARAMETRIC_REPRESENTATION_CONTEXT() REPRESENTATION_CONTEXT('2D SPACE',''
  ) );
#9461 = ORIENTED_EDGE('',*,*,#9388,.F.);
#9462 = ORIENTED_EDGE('',*,*,#3296,.T.);
#9463 = ADVANCED_FACE('',(#9464),#3372,.F.);
#9464 = FACE_BOUND('',#9465,.F.);
#9465 = EDGE_LOOP('',(#9466,#9489,#9510,#9531));
#9466 = ORIENTED_EDGE('',*,*,#9467,.T.);
#9467 = EDGE_CURVE('',#3358,#9468,#9470,.T.);
#9468 = VERTEX_POINT('',#9469);
#9469 = CARTESIAN_POINT('',(15.825,4.375,1.5));
#9470 = SURFACE_CURVE('',#9471,(#9475,#9482),.PCURVE_S1.);
#9471 = LINE('',#9472,#9473);
#9472 = CARTESIAN_POINT('',(15.825,4.375,-5.));
#9473 = VECTOR('',#9474,1.);
#9474 = DIRECTION('',(0.,0.,1.));
#9475 = PCURVE('',#3372,#9476);
#9476 = DEFINITIONAL_REPRESENTATION('',(#9477),#9481);
#9477 = LINE('',#9478,#9479);
#9478 = CARTESIAN_POINT('',(0.,5.));
#9479 = VECTOR('',#9480,1.);
#9480 = DIRECTION('',(0.,-1.));
#9481 = ( GEOMETRIC_REPRESENTATION_CONTEXT(2) 
PARAMETRIC_REPRESENTATION_CONTEXT() REPRESENTATION_CONTEXT('2D SPACE',''
  ) );
#9482 = PCURVE('',#3461,#9483);
#9483 = DEFINITIONAL_REPRESENTATION('',(#9484),#9488);
#9484 = LINE('',#9485,#9486);
#9485 = CARTESIAN_POINT('',(3.14159265359,5.));
#9486 = VECTOR('',#9487,1.);
#9487 = DIRECTION('',(0.,-1.));
#9488 = ( GEOMETRIC_REPRESENTATION_CONTEXT(2) 
PARAMETRIC_REPRESENTATION_CONTEXT() REPRESENTATION_CONTEXT('2D SPACE',''
  ) );
#9489 = ORIENTED_EDGE('',*,*,#9490,.F.);
#9490 = EDGE_CURVE('',#9491,#9468,#9493,.T.);
#9491 = VERTEX_POINT('',#9492);
#9492 = CARTESIAN_POINT('',(54.575,4.375,1.5));
#9493 = SURFACE_CURVE('',#9494,(#9498,#9504),.PCURVE_S1.);
#9494 = LINE('',#9495,#9496);
#9495 = CARTESIAN_POINT('',(-29.6875,4.375,1.5));
#9496 = VECTOR('',#9497,1.);
#9497 = DIRECTION('',(-1.,0.,0.));
#9498 = PCURVE('',#3372,#9499);
#9499 = DEFINITIONAL_REPRESENTATION('',(#9500),#9503);
#9500 = B_SPLINE_CURVE_WITH_KNOTS('',1,(#9501,#9502),.UNSPECIFIED.,.F.,
  .F.,(2,2),(-84.2625,-45.5125),.PIECEWISE_BEZIER_KNOTS.);
#9501 = CARTESIAN_POINT('',(38.75,-1.5));
#9502 = CARTESIAN_POINT('',(0.,-1.5));
#9503 = ( GEOMETRIC_REPRESENTATION_CONTEXT(2) 
PARAMETRIC_REPRESENTATION_CONTEXT() REPRESENTATION_CONTEXT('2D SPACE',''
  ) );
#9504 = PCURVE('',#4464,#9505);
#9505 = DEFINITIONAL_REPRESENTATION('',(#9506),#9509);
#9506 = B_SPLINE_CURVE_WITH_KNOTS('',1,(#9507,#9508),.UNSPECIFIED.,.F.,
  .F.,(2,2),(-84.2625,-45.5125),.PIECEWISE_BEZIER_KNOTS.);
#9507 = CARTESIAN_POINT('',(129.775,19.375));
#9508 = CARTESIAN_POINT('',(91.025,19.375));
#9509 = ( GEOMETRIC_REPRESENTATION_CONTEXT(2) 
PARAMETRIC_REPRESENTATION_CONTEXT() REPRESENTATION_CONTEXT('2D SPACE',''
  ) );
#9510 = ORIENTED_EDGE('',*,*,#9511,.T.);
#9511 = EDGE_CURVE('',#9491,#3356,#9512,.T.);
#9512 = SURFACE_CURVE('',#9513,(#9517,#9524),.PCURVE_S1.);
#9513 = LINE('',#9514,#9515);
#9514 = CARTESIAN_POINT('',(54.575,4.375,5.));
#9515 = VECTOR('',#9516,1.);
#9516 = DIRECTION('',(0.,0.,-1.));
#9517 = PCURVE('',#3372,#9518);
#9518 = DEFINITIONAL_REPRESENTATION('',(#9519),#9523);
#9519 = LINE('',#9520,#9521);
#9520 = CARTESIAN_POINT('',(38.75,-5.));
#9521 = VECTOR('',#9522,1.);
#9522 = DIRECTION('',(0.,1.));
#9523 = ( GEOMETRIC_REPRESENTATION_CONTEXT(2) 
PARAMETRIC_REPRESENTATION_CONTEXT() REPRESENTATION_CONTEXT('2D SPACE',''
  ) );
#9524 = PCURVE('',#3404,#9525);
#9525 = DEFINITIONAL_REPRESENTATION('',(#9526),#9530);
#9526 = LINE('',#9527,#9528);
#9527 = CARTESIAN_POINT('',(0.,-5.));
#9528 = VECTOR('',#9529,1.);
#9529 = DIRECTION('',(-0.,1.));
#9530 = ( GEOMETRIC_REPRESENTATION_CONTEXT(2) 
PARAMETRIC_REPRESENTATION_CONTEXT() REPRESENTATION_CONTEXT('2D SPACE',''
  ) );
#9531 = ORIENTED_EDGE('',*,*,#3355,.T.);
#9532 = ADVANCED_FACE('',(#9533),#3404,.F.);
#9533 = FACE_BOUND('',#9534,.F.);
#9534 = EDGE_LOOP('',(#9535,#9536,#9564,#9585));
#9535 = ORIENTED_EDGE('',*,*,#9511,.F.);
#9536 = ORIENTED_EDGE('',*,*,#9537,.T.);
#9537 = EDGE_CURVE('',#9491,#9538,#9540,.T.);
#9538 = VERTEX_POINT('',#9539);
#9539 = CARTESIAN_POINT('',(54.575,3.125,1.5));
#9540 = SURFACE_CURVE('',#9541,(#9546,#9553),.PCURVE_S1.);
#9541 = CIRCLE('',#9542,0.625);
#9542 = AXIS2_PLACEMENT_3D('',#9543,#9544,#9545);
#9543 = CARTESIAN_POINT('',(54.575,3.75,1.5));
#9544 = DIRECTION('',(0.,0.,-1.));
#9545 = DIRECTION('',(0.,1.,0.));
#9546 = PCURVE('',#3404,#9547);
#9547 = DEFINITIONAL_REPRESENTATION('',(#9548),#9552);
#9548 = LINE('',#9549,#9550);
#9549 = CARTESIAN_POINT('',(0.,-1.5));
#9550 = VECTOR('',#9551,1.);
#9551 = DIRECTION('',(1.,0.));
#9552 = ( GEOMETRIC_REPRESENTATION_CONTEXT(2) 
PARAMETRIC_REPRESENTATION_CONTEXT() REPRESENTATION_CONTEXT('2D SPACE',''
  ) );
#9553 = PCURVE('',#4464,#9554);
#9554 = DEFINITIONAL_REPRESENTATION('',(#9555),#9563);
#9555 = ( BOUNDED_CURVE() B_SPLINE_CURVE(2,(#9556,#9557,#9558,#9559,
#9560,#9561,#9562),.UNSPECIFIED.,.T.,.F.) B_SPLINE_CURVE_WITH_KNOTS((1,2
    ,2,2,2,1),(-2.094395102393,0.,2.094395102393,4.188790204786,
6.28318530718,8.377580409573),.UNSPECIFIED.) CURVE() 
GEOMETRIC_REPRESENTATION_ITEM() RATIONAL_B_SPLINE_CURVE((1.,0.5,1.,0.5,
1.,0.5,1.)) REPRESENTATION_ITEM('') );
#9556 = CARTESIAN_POINT('',(129.775,19.375));
#9557 = CARTESIAN_POINT('',(130.85753175473,19.375));
#9558 = CARTESIAN_POINT('',(130.31626587736,18.4375));
#9559 = CARTESIAN_POINT('',(129.775,17.5));
#9560 = CARTESIAN_POINT('',(129.23373412263,18.4375));
#9561 = CARTESIAN_POINT('',(128.69246824526,19.375));
#9562 = CARTESIAN_POINT('',(129.775,19.375));
#9563 = ( GEOMETRIC_REPRESENTATION_CONTEXT(2) 
PARAMETRIC_REPRESENTATION_CONTEXT() REPRESENTATION_CONTEXT('2D SPACE',''
  ) );
#9564 = ORIENTED_EDGE('',*,*,#9565,.T.);
#9565 = EDGE_CURVE('',#9538,#3384,#9566,.T.);
#9566 = SURFACE_CURVE('',#9567,(#9571,#9578),.PCURVE_S1.);
#9567 = LINE('',#9568,#9569);
#9568 = CARTESIAN_POINT('',(54.575,3.125,5.));
#9569 = VECTOR('',#9570,1.);
#9570 = DIRECTION('',(0.,0.,-1.));
#9571 = PCURVE('',#3404,#9572);
#9572 = DEFINITIONAL_REPRESENTATION('',(#9573),#9577);
#9573 = LINE('',#9574,#9575);
#9574 = CARTESIAN_POINT('',(3.14159265359,-5.));
#9575 = VECTOR('',#9576,1.);
#9576 = DIRECTION('',(-0.,1.));
#9577 = ( GEOMETRIC_REPRESENTATION_CONTEXT(2) 
PARAMETRIC_REPRESENTATION_CONTEXT() REPRESENTATION_CONTEXT('2D SPACE',''
  ) );
#9578 = PCURVE('',#3431,#9579);
#9579 = DEFINITIONAL_REPRESENTATION('',(#9580),#9584);
#9580 = LINE('',#9581,#9582);
#9581 = CARTESIAN_POINT('',(0.,-5.));
#9582 = VECTOR('',#9583,1.);
#9583 = DIRECTION('',(0.,1.));
#9584 = ( GEOMETRIC_REPRESENTATION_CONTEXT(2) 
PARAMETRIC_REPRESENTATION_CONTEXT() REPRESENTATION_CONTEXT('2D SPACE',''
  ) );
#9585 = ORIENTED_EDGE('',*,*,#3383,.F.);
#9586 = ADVANCED_FACE('',(#9587),#3461,.F.);
#9587 = FACE_BOUND('',#9588,.F.);
#9588 = EDGE_LOOP('',(#9589,#9612,#9638,#9639));
#9589 = ORIENTED_EDGE('',*,*,#9590,.T.);
#9590 = EDGE_CURVE('',#3417,#9591,#9593,.T.);
#9591 = VERTEX_POINT('',#9592);
#9592 = CARTESIAN_POINT('',(15.825,3.125,1.5));
#9593 = SURFACE_CURVE('',#9594,(#9598,#9605),.PCURVE_S1.);
#9594 = LINE('',#9595,#9596);
#9595 = CARTESIAN_POINT('',(15.825,3.125,-5.));
#9596 = VECTOR('',#9597,1.);
#9597 = DIRECTION('',(0.,0.,1.));
#9598 = PCURVE('',#3461,#9599);
#9599 = DEFINITIONAL_REPRESENTATION('',(#9600),#9604);
#9600 = LINE('',#9601,#9602);
#9601 = CARTESIAN_POINT('',(0.,5.));
#9602 = VECTOR('',#9603,1.);
#9603 = DIRECTION('',(0.,-1.));
#9604 = ( GEOMETRIC_REPRESENTATION_CONTEXT(2) 
PARAMETRIC_REPRESENTATION_CONTEXT() REPRESENTATION_CONTEXT('2D SPACE',''
  ) );
#9605 = PCURVE('',#3431,#9606);
#9606 = DEFINITIONAL_REPRESENTATION('',(#9607),#9611);
#9607 = LINE('',#9608,#9609);
#9608 = CARTESIAN_POINT('',(38.75,5.));
#9609 = VECTOR('',#9610,1.);
#9610 = DIRECTION('',(0.,-1.));
#9611 = ( GEOMETRIC_REPRESENTATION_CONTEXT(2) 
PARAMETRIC_REPRESENTATION_CONTEXT() REPRESENTATION_CONTEXT('2D SPACE',''
  ) );
#9612 = ORIENTED_EDGE('',*,*,#9613,.T.);
#9613 = EDGE_CURVE('',#9591,#9468,#9614,.T.);
#9614 = SURFACE_CURVE('',#9615,(#9620,#9627),.PCURVE_S1.);
#9615 = CIRCLE('',#9616,0.625);
#9616 = AXIS2_PLACEMENT_3D('',#9617,#9618,#9619);
#9617 = CARTESIAN_POINT('',(15.825,3.75,1.5));
#9618 = DIRECTION('',(0.,-0.,-1.));
#9619 = DIRECTION('',(0.,-1.,0.));
#9620 = PCURVE('',#3461,#9621);
#9621 = DEFINITIONAL_REPRESENTATION('',(#9622),#9626);
#9622 = LINE('',#9623,#9624);
#9623 = CARTESIAN_POINT('',(0.,-1.5));
#9624 = VECTOR('',#9625,1.);
#9625 = DIRECTION('',(1.,0.));
#9626 = ( GEOMETRIC_REPRESENTATION_CONTEXT(2) 
PARAMETRIC_REPRESENTATION_CONTEXT() REPRESENTATION_CONTEXT('2D SPACE',''
  ) );
#9627 = PCURVE('',#4464,#9628);
#9628 = DEFINITIONAL_REPRESENTATION('',(#9629),#9637);
#9629 = ( BOUNDED_CURVE() B_SPLINE_CURVE(2,(#9630,#9631,#9632,#9633,
#9634,#9635,#9636),.UNSPECIFIED.,.T.,.F.) B_SPLINE_CURVE_WITH_KNOTS((1,2
    ,2,2,2,1),(-2.094395102393,0.,2.094395102393,4.188790204786,
6.28318530718,8.377580409573),.UNSPECIFIED.) CURVE() 
GEOMETRIC_REPRESENTATION_ITEM() RATIONAL_B_SPLINE_CURVE((1.,0.5,1.,0.5,
1.,0.5,1.)) REPRESENTATION_ITEM('') );
#9630 = CARTESIAN_POINT('',(91.025,18.125));
#9631 = CARTESIAN_POINT('',(89.942468245269,18.125));
#9632 = CARTESIAN_POINT('',(90.483734122635,19.0625));
#9633 = CARTESIAN_POINT('',(91.025,20.));
#9634 = CARTESIAN_POINT('',(91.566265877365,19.0625));
#9635 = CARTESIAN_POINT('',(92.107531754731,18.125));
#9636 = CARTESIAN_POINT('',(91.025,18.125));
#9637 = ( GEOMETRIC_REPRESENTATION_CONTEXT(2) 
PARAMETRIC_REPRESENTATION_CONTEXT() REPRESENTATION_CONTEXT('2D SPACE',''
  ) );
#9638 = ORIENTED_EDGE('',*,*,#9467,.F.);
#9639 = ORIENTED_EDGE('',*,*,#3442,.F.);
#9640 = ADVANCED_FACE('',(#9641),#3431,.F.);
#9641 = FACE_BOUND('',#9642,.F.);
#9642 = EDGE_LOOP('',(#9643,#9644,#9663,#9664));
#9643 = ORIENTED_EDGE('',*,*,#9565,.F.);
#9644 = ORIENTED_EDGE('',*,*,#9645,.F.);
#9645 = EDGE_CURVE('',#9591,#9538,#9646,.T.);
#9646 = SURFACE_CURVE('',#9647,(#9651,#9657),.PCURVE_S1.);
#9647 = LINE('',#9648,#9649);
#9648 = CARTESIAN_POINT('',(-10.3125,3.125,1.5));
#9649 = VECTOR('',#9650,1.);
#9650 = DIRECTION('',(1.,0.,-0.));
#9651 = PCURVE('',#3431,#9652);
#9652 = DEFINITIONAL_REPRESENTATION('',(#9653),#9656);
#9653 = B_SPLINE_CURVE_WITH_KNOTS('',1,(#9654,#9655),.UNSPECIFIED.,.F.,
  .F.,(2,2),(26.1375,64.8875),.PIECEWISE_BEZIER_KNOTS.);
#9654 = CARTESIAN_POINT('',(38.75,-1.5));
#9655 = CARTESIAN_POINT('',(0.,-1.5));
#9656 = ( GEOMETRIC_REPRESENTATION_CONTEXT(2) 
PARAMETRIC_REPRESENTATION_CONTEXT() REPRESENTATION_CONTEXT('2D SPACE',''
  ) );
#9657 = PCURVE('',#4464,#9658);
#9658 = DEFINITIONAL_REPRESENTATION('',(#9659),#9662);
#9659 = B_SPLINE_CURVE_WITH_KNOTS('',1,(#9660,#9661),.UNSPECIFIED.,.F.,
  .F.,(2,2),(26.1375,64.8875),.PIECEWISE_BEZIER_KNOTS.);
#9660 = CARTESIAN_POINT('',(91.025,18.125));
#9661 = CARTESIAN_POINT('',(129.775,18.125));
#9662 = ( GEOMETRIC_REPRESENTATION_CONTEXT(2) 
PARAMETRIC_REPRESENTATION_CONTEXT() REPRESENTATION_CONTEXT('2D SPACE',''
  ) );
#9663 = ORIENTED_EDGE('',*,*,#9590,.F.);
#9664 = ORIENTED_EDGE('',*,*,#3416,.T.);
#9665 = ADVANCED_FACE('',(#9666),#3492,.F.);
#9666 = FACE_BOUND('',#9667,.F.);
#9667 = EDGE_LOOP('',(#9668,#9691,#9712,#9733));
#9668 = ORIENTED_EDGE('',*,*,#9669,.T.);
#9669 = EDGE_CURVE('',#3478,#9670,#9672,.T.);
#9670 = VERTEX_POINT('',#9671);
#9671 = CARTESIAN_POINT('',(15.825,8.125,1.5));
#9672 = SURFACE_CURVE('',#9673,(#9677,#9684),.PCURVE_S1.);
#9673 = LINE('',#9674,#9675);
#9674 = CARTESIAN_POINT('',(15.825,8.125,-5.));
#9675 = VECTOR('',#9676,1.);
#9676 = DIRECTION('',(0.,0.,1.));
#9677 = PCURVE('',#3492,#9678);
#9678 = DEFINITIONAL_REPRESENTATION('',(#9679),#9683);
#9679 = LINE('',#9680,#9681);
#9680 = CARTESIAN_POINT('',(0.,5.));
#9681 = VECTOR('',#9682,1.);
#9682 = DIRECTION('',(0.,-1.));
#9683 = ( GEOMETRIC_REPRESENTATION_CONTEXT(2) 
PARAMETRIC_REPRESENTATION_CONTEXT() REPRESENTATION_CONTEXT('2D SPACE',''
  ) );
#9684 = PCURVE('',#3581,#9685);
#9685 = DEFINITIONAL_REPRESENTATION('',(#9686),#9690);
#9686 = LINE('',#9687,#9688);
#9687 = CARTESIAN_POINT('',(3.14159265359,5.));
#9688 = VECTOR('',#9689,1.);
#9689 = DIRECTION('',(0.,-1.));
#9690 = ( GEOMETRIC_REPRESENTATION_CONTEXT(2) 
PARAMETRIC_REPRESENTATION_CONTEXT() REPRESENTATION_CONTEXT('2D SPACE',''
  ) );
#9691 = ORIENTED_EDGE('',*,*,#9692,.F.);
#9692 = EDGE_CURVE('',#9693,#9670,#9695,.T.);
#9693 = VERTEX_POINT('',#9694);
#9694 = CARTESIAN_POINT('',(54.575,8.125,1.5));
#9695 = SURFACE_CURVE('',#9696,(#9700,#9706),.PCURVE_S1.);
#9696 = LINE('',#9697,#9698);
#9697 = CARTESIAN_POINT('',(-29.6875,8.125,1.5));
#9698 = VECTOR('',#9699,1.);
#9699 = DIRECTION('',(-1.,0.,0.));
#9700 = PCURVE('',#3492,#9701);
#9701 = DEFINITIONAL_REPRESENTATION('',(#9702),#9705);
#9702 = B_SPLINE_CURVE_WITH_KNOTS('',1,(#9703,#9704),.UNSPECIFIED.,.F.,
  .F.,(2,2),(-84.2625,-45.5125),.PIECEWISE_BEZIER_KNOTS.);
#9703 = CARTESIAN_POINT('',(38.75,-1.5));
#9704 = CARTESIAN_POINT('',(0.,-1.5));
#9705 = ( GEOMETRIC_REPRESENTATION_CONTEXT(2) 
PARAMETRIC_REPRESENTATION_CONTEXT() REPRESENTATION_CONTEXT('2D SPACE',''
  ) );
#9706 = PCURVE('',#4464,#9707);
#9707 = DEFINITIONAL_REPRESENTATION('',(#9708),#9711);
#9708 = B_SPLINE_CURVE_WITH_KNOTS('',1,(#9709,#9710),.UNSPECIFIED.,.F.,
  .F.,(2,2),(-84.2625,-45.5125),.PIECEWISE_BEZIER_KNOTS.);
#9709 = CARTESIAN_POINT('',(129.775,23.125));
#9710 = CARTESIAN_POINT('',(91.025,23.125));
#9711 = ( GEOMETRIC_REPRESENTATION_CONTEXT(2) 
PARAMETRIC_REPRESENTATION_CONTEXT() REPRESENTATION_CONTEXT('2D SPACE',''
  ) );
#9712 = ORIENTED_EDGE('',*,*,#9713,.T.);
#9713 = EDGE_CURVE('',#9693,#3476,#9714,.T.);
#9714 = SURFACE_CURVE('',#9715,(#9719,#9726),.PCURVE_S1.);
#9715 = LINE('',#9716,#9717);
#9716 = CARTESIAN_POINT('',(54.575,8.125,5.));
#9717 = VECTOR('',#9718,1.);
#9718 = DIRECTION('',(0.,0.,-1.));
#9719 = PCURVE('',#3492,#9720);
#9720 = DEFINITIONAL_REPRESENTATION('',(#9721),#9725);
#9721 = LINE('',#9722,#9723);
#9722 = CARTESIAN_POINT('',(38.75,-5.));
#9723 = VECTOR('',#9724,1.);
#9724 = DIRECTION('',(0.,1.));
#9725 = ( GEOMETRIC_REPRESENTATION_CONTEXT(2) 
PARAMETRIC_REPRESENTATION_CONTEXT() REPRESENTATION_CONTEXT('2D SPACE',''
  ) );
#9726 = PCURVE('',#3524,#9727);
#9727 = DEFINITIONAL_REPRESENTATION('',(#9728),#9732);
#9728 = LINE('',#9729,#9730);
#9729 = CARTESIAN_POINT('',(0.,-5.));
#9730 = VECTOR('',#9731,1.);
#9731 = DIRECTION('',(-0.,1.));
#9732 = ( GEOMETRIC_REPRESENTATION_CONTEXT(2) 
PARAMETRIC_REPRESENTATION_CONTEXT() REPRESENTATION_CONTEXT('2D SPACE',''
  ) );
#9733 = ORIENTED_EDGE('',*,*,#3475,.T.);
#9734 = ADVANCED_FACE('',(#9735),#3524,.F.);
#9735 = FACE_BOUND('',#9736,.F.);
#9736 = EDGE_LOOP('',(#9737,#9738,#9766,#9787));
#9737 = ORIENTED_EDGE('',*,*,#9713,.F.);
#9738 = ORIENTED_EDGE('',*,*,#9739,.T.);
#9739 = EDGE_CURVE('',#9693,#9740,#9742,.T.);
#9740 = VERTEX_POINT('',#9741);
#9741 = CARTESIAN_POINT('',(54.575,6.875,1.5));
#9742 = SURFACE_CURVE('',#9743,(#9748,#9755),.PCURVE_S1.);
#9743 = CIRCLE('',#9744,0.625);
#9744 = AXIS2_PLACEMENT_3D('',#9745,#9746,#9747);
#9745 = CARTESIAN_POINT('',(54.575,7.5,1.5));
#9746 = DIRECTION('',(0.,0.,-1.));
#9747 = DIRECTION('',(0.,1.,0.));
#9748 = PCURVE('',#3524,#9749);
#9749 = DEFINITIONAL_REPRESENTATION('',(#9750),#9754);
#9750 = LINE('',#9751,#9752);
#9751 = CARTESIAN_POINT('',(0.,-1.5));
#9752 = VECTOR('',#9753,1.);
#9753 = DIRECTION('',(1.,0.));
#9754 = ( GEOMETRIC_REPRESENTATION_CONTEXT(2) 
PARAMETRIC_REPRESENTATION_CONTEXT() REPRESENTATION_CONTEXT('2D SPACE',''
  ) );
#9755 = PCURVE('',#4464,#9756);
#9756 = DEFINITIONAL_REPRESENTATION('',(#9757),#9765);
#9757 = ( BOUNDED_CURVE() B_SPLINE_CURVE(2,(#9758,#9759,#9760,#9761,
#9762,#9763,#9764),.UNSPECIFIED.,.T.,.F.) B_SPLINE_CURVE_WITH_KNOTS((1,2
    ,2,2,2,1),(-2.094395102393,0.,2.094395102393,4.188790204786,
6.28318530718,8.377580409573),.UNSPECIFIED.) CURVE() 
GEOMETRIC_REPRESENTATION_ITEM() RATIONAL_B_SPLINE_CURVE((1.,0.5,1.,0.5,
1.,0.5,1.)) REPRESENTATION_ITEM('') );
#9758 = CARTESIAN_POINT('',(129.775,23.125));
#9759 = CARTESIAN_POINT('',(130.85753175473,23.125));
#9760 = CARTESIAN_POINT('',(130.31626587736,22.1875));
#9761 = CARTESIAN_POINT('',(129.775,21.25));
#9762 = CARTESIAN_POINT('',(129.23373412263,22.1875));
#9763 = CARTESIAN_POINT('',(128.69246824526,23.125));
#9764 = CARTESIAN_POINT('',(129.775,23.125));
#9765 = ( GEOMETRIC_REPRESENTATION_CONTEXT(2) 
PARAMETRIC_REPRESENTATION_CONTEXT() REPRESENTATION_CONTEXT('2D SPACE',''
  ) );
#9766 = ORIENTED_EDGE('',*,*,#9767,.T.);
#9767 = EDGE_CURVE('',#9740,#3504,#9768,.T.);
#9768 = SURFACE_CURVE('',#9769,(#9773,#9780),.PCURVE_S1.);
#9769 = LINE('',#9770,#9771);
#9770 = CARTESIAN_POINT('',(54.575,6.875,5.));
#9771 = VECTOR('',#9772,1.);
#9772 = DIRECTION('',(0.,0.,-1.));
#9773 = PCURVE('',#3524,#9774);
#9774 = DEFINITIONAL_REPRESENTATION('',(#9775),#9779);
#9775 = LINE('',#9776,#9777);
#9776 = CARTESIAN_POINT('',(3.14159265359,-5.));
#9777 = VECTOR('',#9778,1.);
#9778 = DIRECTION('',(-0.,1.));
#9779 = ( GEOMETRIC_REPRESENTATION_CONTEXT(2) 
PARAMETRIC_REPRESENTATION_CONTEXT() REPRESENTATION_CONTEXT('2D SPACE',''
  ) );
#9780 = PCURVE('',#3551,#9781);
#9781 = DEFINITIONAL_REPRESENTATION('',(#9782),#9786);
#9782 = LINE('',#9783,#9784);
#9783 = CARTESIAN_POINT('',(0.,-5.));
#9784 = VECTOR('',#9785,1.);
#9785 = DIRECTION('',(0.,1.));
#9786 = ( GEOMETRIC_REPRESENTATION_CONTEXT(2) 
PARAMETRIC_REPRESENTATION_CONTEXT() REPRESENTATION_CONTEXT('2D SPACE',''
  ) );
#9787 = ORIENTED_EDGE('',*,*,#3503,.F.);
#9788 = ADVANCED_FACE('',(#9789),#3581,.F.);
#9789 = FACE_BOUND('',#9790,.F.);
#9790 = EDGE_LOOP('',(#9791,#9814,#9840,#9841));
#9791 = ORIENTED_EDGE('',*,*,#9792,.T.);
#9792 = EDGE_CURVE('',#3537,#9793,#9795,.T.);
#9793 = VERTEX_POINT('',#9794);
#9794 = CARTESIAN_POINT('',(15.825,6.875,1.5));
#9795 = SURFACE_CURVE('',#9796,(#9800,#9807),.PCURVE_S1.);
#9796 = LINE('',#9797,#9798);
#9797 = CARTESIAN_POINT('',(15.825,6.875,-5.));
#9798 = VECTOR('',#9799,1.);
#9799 = DIRECTION('',(0.,0.,1.));
#9800 = PCURVE('',#3581,#9801);
#9801 = DEFINITIONAL_REPRESENTATION('',(#9802),#9806);
#9802 = LINE('',#9803,#9804);
#9803 = CARTESIAN_POINT('',(0.,5.));
#9804 = VECTOR('',#9805,1.);
#9805 = DIRECTION('',(0.,-1.));
#9806 = ( GEOMETRIC_REPRESENTATION_CONTEXT(2) 
PARAMETRIC_REPRESENTATION_CONTEXT() REPRESENTATION_CONTEXT('2D SPACE',''
  ) );
#9807 = PCURVE('',#3551,#9808);
#9808 = DEFINITIONAL_REPRESENTATION('',(#9809),#9813);
#9809 = LINE('',#9810,#9811);
#9810 = CARTESIAN_POINT('',(38.75,5.));
#9811 = VECTOR('',#9812,1.);
#9812 = DIRECTION('',(0.,-1.));
#9813 = ( GEOMETRIC_REPRESENTATION_CONTEXT(2) 
PARAMETRIC_REPRESENTATION_CONTEXT() REPRESENTATION_CONTEXT('2D SPACE',''
  ) );
#9814 = ORIENTED_EDGE('',*,*,#9815,.T.);
#9815 = EDGE_CURVE('',#9793,#9670,#9816,.T.);
#9816 = SURFACE_CURVE('',#9817,(#9822,#9829),.PCURVE_S1.);
#9817 = CIRCLE('',#9818,0.625);
#9818 = AXIS2_PLACEMENT_3D('',#9819,#9820,#9821);
#9819 = CARTESIAN_POINT('',(15.825,7.5,1.5));
#9820 = DIRECTION('',(0.,-0.,-1.));
#9821 = DIRECTION('',(0.,-1.,0.));
#9822 = PCURVE('',#3581,#9823);
#9823 = DEFINITIONAL_REPRESENTATION('',(#9824),#9828);
#9824 = LINE('',#9825,#9826);
#9825 = CARTESIAN_POINT('',(0.,-1.5));
#9826 = VECTOR('',#9827,1.);
#9827 = DIRECTION('',(1.,0.));
#9828 = ( GEOMETRIC_REPRESENTATION_CONTEXT(2) 
PARAMETRIC_REPRESENTATION_CONTEXT() REPRESENTATION_CONTEXT('2D SPACE',''
  ) );
#9829 = PCURVE('',#4464,#9830);
#9830 = DEFINITIONAL_REPRESENTATION('',(#9831),#9839);
#9831 = ( BOUNDED_CURVE() B_SPLINE_CURVE(2,(#9832,#9833,#9834,#9835,
#9836,#9837,#9838),.UNSPECIFIED.,.T.,.F.) B_SPLINE_CURVE_WITH_KNOTS((1,2
    ,2,2,2,1),(-2.094395102393,0.,2.094395102393,4.188790204786,
6.28318530718,8.377580409573),.UNSPECIFIED.) CURVE() 
GEOMETRIC_REPRESENTATION_ITEM() RATIONAL_B_SPLINE_CURVE((1.,0.5,1.,0.5,
1.,0.5,1.)) REPRESENTATION_ITEM('') );
#9832 = CARTESIAN_POINT('',(91.025,21.875));
#9833 = CARTESIAN_POINT('',(89.942468245269,21.875));
#9834 = CARTESIAN_POINT('',(90.483734122635,22.8125));
#9835 = CARTESIAN_POINT('',(91.025,23.75));
#9836 = CARTESIAN_POINT('',(91.566265877365,22.8125));
#9837 = CARTESIAN_POINT('',(92.107531754731,21.875));
#9838 = CARTESIAN_POINT('',(91.025,21.875));
#9839 = ( GEOMETRIC_REPRESENTATION_CONTEXT(2) 
PARAMETRIC_REPRESENTATION_CONTEXT() REPRESENTATION_CONTEXT('2D SPACE',''
  ) );
#9840 = ORIENTED_EDGE('',*,*,#9669,.F.);
#9841 = ORIENTED_EDGE('',*,*,#3562,.F.);
#9842 = ADVANCED_FACE('',(#9843),#3551,.F.);
#9843 = FACE_BOUND('',#9844,.F.);
#9844 = EDGE_LOOP('',(#9845,#9846,#9865,#9866));
#9845 = ORIENTED_EDGE('',*,*,#9767,.F.);
#9846 = ORIENTED_EDGE('',*,*,#9847,.F.);
#9847 = EDGE_CURVE('',#9793,#9740,#9848,.T.);
#9848 = SURFACE_CURVE('',#9849,(#9853,#9859),.PCURVE_S1.);
#9849 = LINE('',#9850,#9851);
#9850 = CARTESIAN_POINT('',(-10.3125,6.875,1.5));
#9851 = VECTOR('',#9852,1.);
#9852 = DIRECTION('',(1.,0.,-0.));
#9853 = PCURVE('',#3551,#9854);
#9854 = DEFINITIONAL_REPRESENTATION('',(#9855),#9858);
#9855 = B_SPLINE_CURVE_WITH_KNOTS('',1,(#9856,#9857),.UNSPECIFIED.,.F.,
  .F.,(2,2),(26.1375,64.8875),.PIECEWISE_BEZIER_KNOTS.);
#9856 = CARTESIAN_POINT('',(38.75,-1.5));
#9857 = CARTESIAN_POINT('',(0.,-1.5));
#9858 = ( GEOMETRIC_REPRESENTATION_CONTEXT(2) 
PARAMETRIC_REPRESENTATION_CONTEXT() REPRESENTATION_CONTEXT('2D SPACE',''
  ) );
#9859 = PCURVE('',#4464,#9860);
#9860 = DEFINITIONAL_REPRESENTATION('',(#9861),#9864);
#9861 = B_SPLINE_CURVE_WITH_KNOTS('',1,(#9862,#9863),.UNSPECIFIED.,.F.,
  .F.,(2,2),(26.1375,64.8875),.PIECEWISE_BEZIER_KNOTS.);
#9862 = CARTESIAN_POINT('',(91.025,21.875));
#9863 = CARTESIAN_POINT('',(129.775,21.875));
#9864 = ( GEOMETRIC_REPRESENTATION_CONTEXT(2) 
PARAMETRIC_REPRESENTATION_CONTEXT() REPRESENTATION_CONTEXT('2D SPACE',''
  ) );
#9865 = ORIENTED_EDGE('',*,*,#9792,.F.);
#9866 = ORIENTED_EDGE('',*,*,#3536,.T.);
#9867 = ADVANCED_FACE('',(#9868),#3612,.F.);
#9868 = FACE_BOUND('',#9869,.F.);
#9869 = EDGE_LOOP('',(#9870,#9893,#9914,#9935));
#9870 = ORIENTED_EDGE('',*,*,#9871,.T.);
#9871 = EDGE_CURVE('',#3598,#9872,#9874,.T.);
#9872 = VERTEX_POINT('',#9873);
#9873 = CARTESIAN_POINT('',(15.825,11.875,1.5));
#9874 = SURFACE_CURVE('',#9875,(#9879,#9886),.PCURVE_S1.);
#9875 = LINE('',#9876,#9877);
#9876 = CARTESIAN_POINT('',(15.825,11.875,-5.));
#9877 = VECTOR('',#9878,1.);
#9878 = DIRECTION('',(0.,0.,1.));
#9879 = PCURVE('',#3612,#9880);
#9880 = DEFINITIONAL_REPRESENTATION('',(#9881),#9885);
#9881 = LINE('',#9882,#9883);
#9882 = CARTESIAN_POINT('',(0.,5.));
#9883 = VECTOR('',#9884,1.);
#9884 = DIRECTION('',(0.,-1.));
#9885 = ( GEOMETRIC_REPRESENTATION_CONTEXT(2) 
PARAMETRIC_REPRESENTATION_CONTEXT() REPRESENTATION_CONTEXT('2D SPACE',''
  ) );
#9886 = PCURVE('',#3701,#9887);
#9887 = DEFINITIONAL_REPRESENTATION('',(#9888),#9892);
#9888 = LINE('',#9889,#9890);
#9889 = CARTESIAN_POINT('',(3.14159265359,5.));
#9890 = VECTOR('',#9891,1.);
#9891 = DIRECTION('',(0.,-1.));
#9892 = ( GEOMETRIC_REPRESENTATION_CONTEXT(2) 
PARAMETRIC_REPRESENTATION_CONTEXT() REPRESENTATION_CONTEXT('2D SPACE',''
  ) );
#9893 = ORIENTED_EDGE('',*,*,#9894,.F.);
#9894 = EDGE_CURVE('',#9895,#9872,#9897,.T.);
#9895 = VERTEX_POINT('',#9896);
#9896 = CARTESIAN_POINT('',(54.575,11.875,1.5));
#9897 = SURFACE_CURVE('',#9898,(#9902,#9908),.PCURVE_S1.);
#9898 = LINE('',#9899,#9900);
#9899 = CARTESIAN_POINT('',(-29.6875,11.875,1.5));
#9900 = VECTOR('',#9901,1.);
#9901 = DIRECTION('',(-1.,0.,0.));
#9902 = PCURVE('',#3612,#9903);
#9903 = DEFINITIONAL_REPRESENTATION('',(#9904),#9907);
#9904 = B_SPLINE_CURVE_WITH_KNOTS('',1,(#9905,#9906),.UNSPECIFIED.,.F.,
  .F.,(2,2),(-84.2625,-45.5125),.PIECEWISE_BEZIER_KNOTS.);
#9905 = CARTESIAN_POINT('',(38.75,-1.5));
#9906 = CARTESIAN_POINT('',(0.,-1.5));
#9907 = ( GEOMETRIC_REPRESENTATION_CONTEXT(2) 
PARAMETRIC_REPRESENTATION_CONTEXT() REPRESENTATION_CONTEXT('2D SPACE',''
  ) );
#9908 = PCURVE('',#4464,#9909);
#9909 = DEFINITIONAL_REPRESENTATION('',(#9910),#9913);
#9910 = B_SPLINE_CURVE_WITH_KNOTS('',1,(#9911,#9912),.UNSPECIFIED.,.F.,
  .F.,(2,2),(-84.2625,-45.5125),.PIECEWISE_BEZIER_KNOTS.);
#9911 = CARTESIAN_POINT('',(129.775,26.875));
#9912 = CARTESIAN_POINT('',(91.025,26.875));
#9913 = ( GEOMETRIC_REPRESENTATION_CONTEXT(2) 
PARAMETRIC_REPRESENTATION_CONTEXT() REPRESENTATION_CONTEXT('2D SPACE',''
  ) );
#9914 = ORIENTED_EDGE('',*,*,#9915,.T.);
#9915 = EDGE_CURVE('',#9895,#3596,#9916,.T.);
#9916 = SURFACE_CURVE('',#9917,(#9921,#9928),.PCURVE_S1.);
#9917 = LINE('',#9918,#9919);
#9918 = CARTESIAN_POINT('',(54.575,11.875,5.));
#9919 = VECTOR('',#9920,1.);
#9920 = DIRECTION('',(0.,0.,-1.));
#9921 = PCURVE('',#3612,#9922);
#9922 = DEFINITIONAL_REPRESENTATION('',(#9923),#9927);
#9923 = LINE('',#9924,#9925);
#9924 = CARTESIAN_POINT('',(38.75,-5.));
#9925 = VECTOR('',#9926,1.);
#9926 = DIRECTION('',(0.,1.));
#9927 = ( GEOMETRIC_REPRESENTATION_CONTEXT(2) 
PARAMETRIC_REPRESENTATION_CONTEXT() REPRESENTATION_CONTEXT('2D SPACE',''
  ) );
#9928 = PCURVE('',#3644,#9929);
#9929 = DEFINITIONAL_REPRESENTATION('',(#9930),#9934);
#9930 = LINE('',#9931,#9932);
#9931 = CARTESIAN_POINT('',(0.,-5.));
#9932 = VECTOR('',#9933,1.);
#9933 = DIRECTION('',(-0.,1.));
#9934 = ( GEOMETRIC_REPRESENTATION_CONTEXT(2) 
PARAMETRIC_REPRESENTATION_CONTEXT() REPRESENTATION_CONTEXT('2D SPACE',''
  ) );
#9935 = ORIENTED_EDGE('',*,*,#3595,.T.);
#9936 = ADVANCED_FACE('',(#9937),#3644,.F.);
#9937 = FACE_BOUND('',#9938,.F.);
#9938 = EDGE_LOOP('',(#9939,#9940,#9968,#9989));
#9939 = ORIENTED_EDGE('',*,*,#9915,.F.);
#9940 = ORIENTED_EDGE('',*,*,#9941,.T.);
#9941 = EDGE_CURVE('',#9895,#9942,#9944,.T.);
#9942 = VERTEX_POINT('',#9943);
#9943 = CARTESIAN_POINT('',(54.575,10.625,1.5));
#9944 = SURFACE_CURVE('',#9945,(#9950,#9957),.PCURVE_S1.);
#9945 = CIRCLE('',#9946,0.625);
#9946 = AXIS2_PLACEMENT_3D('',#9947,#9948,#9949);
#9947 = CARTESIAN_POINT('',(54.575,11.25,1.5));
#9948 = DIRECTION('',(0.,0.,-1.));
#9949 = DIRECTION('',(0.,1.,0.));
#9950 = PCURVE('',#3644,#9951);
#9951 = DEFINITIONAL_REPRESENTATION('',(#9952),#9956);
#9952 = LINE('',#9953,#9954);
#9953 = CARTESIAN_POINT('',(0.,-1.5));
#9954 = VECTOR('',#9955,1.);
#9955 = DIRECTION('',(1.,0.));
#9956 = ( GEOMETRIC_REPRESENTATION_CONTEXT(2) 
PARAMETRIC_REPRESENTATION_CONTEXT() REPRESENTATION_CONTEXT('2D SPACE',''
  ) );
#9957 = PCURVE('',#4464,#9958);
#9958 = DEFINITIONAL_REPRESENTATION('',(#9959),#9967);
#9959 = ( BOUNDED_CURVE() B_SPLINE_CURVE(2,(#9960,#9961,#9962,#9963,
#9964,#9965,#9966),.UNSPECIFIED.,.T.,.F.) B_SPLINE_CURVE_WITH_KNOTS((1,2
    ,2,2,2,1),(-2.094395102393,0.,2.094395102393,4.188790204786,
6.28318530718,8.377580409573),.UNSPECIFIED.) CURVE() 
GEOMETRIC_REPRESENTATION_ITEM() RATIONAL_B_SPLINE_CURVE((1.,0.5,1.,0.5,
1.,0.5,1.)) REPRESENTATION_ITEM('') );
#9960 = CARTESIAN_POINT('',(129.775,26.875));
#9961 = CARTESIAN_POINT('',(130.85753175473,26.875));
#9962 = CARTESIAN_POINT('',(130.31626587736,25.9375));
#9963 = CARTESIAN_POINT('',(129.775,25.));
#9964 = CARTESIAN_POINT('',(129.23373412263,25.9375));
#9965 = CARTESIAN_POINT('',(128.69246824526,26.875));
#9966 = CARTESIAN_POINT('',(129.775,26.875));
#9967 = ( GEOMETRIC_REPRESENTATION_CONTEXT(2) 
PARAMETRIC_REPRESENTATION_CONTEXT() REPRESENTATION_CONTEXT('2D SPACE',''
  ) );
#9968 = ORIENTED_EDGE('',*,*,#9969,.T.);
#9969 = EDGE_CURVE('',#9942,#3624,#9970,.T.);
#9970 = SURFACE_CURVE('',#9971,(#9975,#9982),.PCURVE_S1.);
#9971 = LINE('',#9972,#9973);
#9972 = CARTESIAN_POINT('',(54.575,10.625,5.));
#9973 = VECTOR('',#9974,1.);
#9974 = DIRECTION('',(0.,0.,-1.));
#9975 = PCURVE('',#3644,#9976);
#9976 = DEFINITIONAL_REPRESENTATION('',(#9977),#9981);
#9977 = LINE('',#9978,#9979);
#9978 = CARTESIAN_POINT('',(3.14159265359,-5.));
#9979 = VECTOR('',#9980,1.);
#9980 = DIRECTION('',(-0.,1.));
#9981 = ( GEOMETRIC_REPRESENTATION_CONTEXT(2) 
PARAMETRIC_REPRESENTATION_CONTEXT() REPRESENTATION_CONTEXT('2D SPACE',''
  ) );
#9982 = PCURVE('',#3671,#9983);
#9983 = DEFINITIONAL_REPRESENTATION('',(#9984),#9988);
#9984 = LINE('',#9985,#9986);
#9985 = CARTESIAN_POINT('',(0.,-5.));
#9986 = VECTOR('',#9987,1.);
#9987 = DIRECTION('',(0.,1.));
#9988 = ( GEOMETRIC_REPRESENTATION_CONTEXT(2) 
PARAMETRIC_REPRESENTATION_CONTEXT() REPRESENTATION_CONTEXT('2D SPACE',''
  ) );
#9989 = ORIENTED_EDGE('',*,*,#3623,.F.);
#9990 = ADVANCED_FACE('',(#9991),#3701,.F.);
#9991 = FACE_BOUND('',#9992,.F.);
#9992 = EDGE_LOOP('',(#9993,#10016,#10042,#10043));
#9993 = ORIENTED_EDGE('',*,*,#9994,.T.);
#9994 = EDGE_CURVE('',#3657,#9995,#9997,.T.);
#9995 = VERTEX_POINT('',#9996);
#9996 = CARTESIAN_POINT('',(15.825,10.625,1.5));
#9997 = SURFACE_CURVE('',#9998,(#10002,#10009),.PCURVE_S1.);
#9998 = LINE('',#9999,#10000);
#9999 = CARTESIAN_POINT('',(15.825,10.625,-5.));
#10000 = VECTOR('',#10001,1.);
#10001 = DIRECTION('',(0.,0.,1.));
#10002 = PCURVE('',#3701,#10003);
#10003 = DEFINITIONAL_REPRESENTATION('',(#10004),#10008);
#10004 = LINE('',#10005,#10006);
#10005 = CARTESIAN_POINT('',(0.,5.));
#10006 = VECTOR('',#10007,1.);
#10007 = DIRECTION('',(0.,-1.));
#10008 = ( GEOMETRIC_REPRESENTATION_CONTEXT(2) 
PARAMETRIC_REPRESENTATION_CONTEXT() REPRESENTATION_CONTEXT('2D SPACE',''
  ) );
#10009 = PCURVE('',#3671,#10010);
#10010 = DEFINITIONAL_REPRESENTATION('',(#10011),#10015);
#10011 = LINE('',#10012,#10013);
#10012 = CARTESIAN_POINT('',(38.75,5.));
#10013 = VECTOR('',#10014,1.);
#10014 = DIRECTION('',(0.,-1.));
#10015 = ( GEOMETRIC_REPRESENTATION_CONTEXT(2) 
PARAMETRIC_REPRESENTATION_CONTEXT() REPRESENTATION_CONTEXT('2D SPACE',''
  ) );
#10016 = ORIENTED_EDGE('',*,*,#10017,.T.);
#10017 = EDGE_CURVE('',#9995,#9872,#10018,.T.);
#10018 = SURFACE_CURVE('',#10019,(#10024,#10031),.PCURVE_S1.);
#10019 = CIRCLE('',#10020,0.625);
#10020 = AXIS2_PLACEMENT_3D('',#10021,#10022,#10023);
#10021 = CARTESIAN_POINT('',(15.825,11.25,1.5));
#10022 = DIRECTION('',(0.,-0.,-1.));
#10023 = DIRECTION('',(0.,-1.,0.));
#10024 = PCURVE('',#3701,#10025);
#10025 = DEFINITIONAL_REPRESENTATION('',(#10026),#10030);
#10026 = LINE('',#10027,#10028);
#10027 = CARTESIAN_POINT('',(0.,-1.5));
#10028 = VECTOR('',#10029,1.);
#10029 = DIRECTION('',(1.,0.));
#10030 = ( GEOMETRIC_REPRESENTATION_CONTEXT(2) 
PARAMETRIC_REPRESENTATION_CONTEXT() REPRESENTATION_CONTEXT('2D SPACE',''
  ) );
#10031 = PCURVE('',#4464,#10032);
#10032 = DEFINITIONAL_REPRESENTATION('',(#10033),#10041);
#10033 = ( BOUNDED_CURVE() B_SPLINE_CURVE(2,(#10034,#10035,#10036,#10037
    ,#10038,#10039,#10040),.UNSPECIFIED.,.T.,.F.) 
B_SPLINE_CURVE_WITH_KNOTS((1,2,2,2,2,1),(-2.094395102393,0.,
    2.094395102393,4.188790204786,6.28318530718,8.377580409573),
.UNSPECIFIED.) CURVE() GEOMETRIC_REPRESENTATION_ITEM() 
RATIONAL_B_SPLINE_CURVE((1.,0.5,1.,0.5,1.,0.5,1.)) REPRESENTATION_ITEM(
  '') );
#10034 = CARTESIAN_POINT('',(91.025,25.625));
#10035 = CARTESIAN_POINT('',(89.942468245269,25.625));
#10036 = CARTESIAN_POINT('',(90.483734122635,26.5625));
#10037 = CARTESIAN_POINT('',(91.025,27.5));
#10038 = CARTESIAN_POINT('',(91.566265877365,26.5625));
#10039 = CARTESIAN_POINT('',(92.107531754731,25.625));
#10040 = CARTESIAN_POINT('',(91.025,25.625));
#10041 = ( GEOMETRIC_REPRESENTATION_CONTEXT(2) 
PARAMETRIC_REPRESENTATION_CONTEXT() REPRESENTATION_CONTEXT('2D SPACE',''
  ) );
#10042 = ORIENTED_EDGE('',*,*,#9871,.F.);
#10043 = ORIENTED_EDGE('',*,*,#3682,.F.);
#10044 = ADVANCED_FACE('',(#10045),#3671,.F.);
#10045 = FACE_BOUND('',#10046,.F.);
#10046 = EDGE_LOOP('',(#10047,#10048,#10067,#10068));
#10047 = ORIENTED_EDGE('',*,*,#9969,.F.);
#10048 = ORIENTED_EDGE('',*,*,#10049,.F.);
#10049 = EDGE_CURVE('',#9995,#9942,#10050,.T.);
#10050 = SURFACE_CURVE('',#10051,(#10055,#10061),.PCURVE_S1.);
#10051 = LINE('',#10052,#10053);
#10052 = CARTESIAN_POINT('',(-10.3125,10.625,1.5));
#10053 = VECTOR('',#10054,1.);
#10054 = DIRECTION('',(1.,0.,-0.));
#10055 = PCURVE('',#3671,#10056);
#10056 = DEFINITIONAL_REPRESENTATION('',(#10057),#10060);
#10057 = B_SPLINE_CURVE_WITH_KNOTS('',1,(#10058,#10059),.UNSPECIFIED.,
  .F.,.F.,(2,2),(26.1375,64.8875),.PIECEWISE_BEZIER_KNOTS.);
#10058 = CARTESIAN_POINT('',(38.75,-1.5));
#10059 = CARTESIAN_POINT('',(0.,-1.5));
#10060 = ( GEOMETRIC_REPRESENTATION_CONTEXT(2) 
PARAMETRIC_REPRESENTATION_CONTEXT() REPRESENTATION_CONTEXT('2D SPACE',''
  ) );
#10061 = PCURVE('',#4464,#10062);
#10062 = DEFINITIONAL_REPRESENTATION('',(#10063),#10066);
#10063 = B_SPLINE_CURVE_WITH_KNOTS('',1,(#10064,#10065),.UNSPECIFIED.,
  .F.,.F.,(2,2),(26.1375,64.8875),.PIECEWISE_BEZIER_KNOTS.);
#10064 = CARTESIAN_POINT('',(91.025,25.625));
#10065 = CARTESIAN_POINT('',(129.775,25.625));
#10066 = ( GEOMETRIC_REPRESENTATION_CONTEXT(2) 
PARAMETRIC_REPRESENTATION_CONTEXT() REPRESENTATION_CONTEXT('2D SPACE',''
  ) );
#10067 = ORIENTED_EDGE('',*,*,#9994,.F.);
#10068 = ORIENTED_EDGE('',*,*,#3656,.T.);
#10069 = ADVANCED_FACE('',(#10070),#3732,.F.);
#10070 = FACE_BOUND('',#10071,.F.);
#10071 = EDGE_LOOP('',(#10072,#10095,#10116,#10137));
#10072 = ORIENTED_EDGE('',*,*,#10073,.T.);
#10073 = EDGE_CURVE('',#3718,#10074,#10076,.T.);
#10074 = VERTEX_POINT('',#10075);
#10075 = CARTESIAN_POINT('',(-0.625,15.825,1.5));
#10076 = SURFACE_CURVE('',#10077,(#10081,#10088),.PCURVE_S1.);
#10077 = LINE('',#10078,#10079);
#10078 = CARTESIAN_POINT('',(-0.625,15.825,-5.));
#10079 = VECTOR('',#10080,1.);
#10080 = DIRECTION('',(0.,0.,1.));
#10081 = PCURVE('',#3732,#10082);
#10082 = DEFINITIONAL_REPRESENTATION('',(#10083),#10087);
#10083 = LINE('',#10084,#10085);
#10084 = CARTESIAN_POINT('',(0.,5.));
#10085 = VECTOR('',#10086,1.);
#10086 = DIRECTION('',(0.,-1.));
#10087 = ( GEOMETRIC_REPRESENTATION_CONTEXT(2) 
PARAMETRIC_REPRESENTATION_CONTEXT() REPRESENTATION_CONTEXT('2D SPACE',''
  ) );
#10088 = PCURVE('',#3821,#10089);
#10089 = DEFINITIONAL_REPRESENTATION('',(#10090),#10094);
#10090 = LINE('',#10091,#10092);
#10091 = CARTESIAN_POINT('',(3.14159265359,5.));
#10092 = VECTOR('',#10093,1.);
#10093 = DIRECTION('',(0.,-1.));
#10094 = ( GEOMETRIC_REPRESENTATION_CONTEXT(2) 
PARAMETRIC_REPRESENTATION_CONTEXT() REPRESENTATION_CONTEXT('2D SPACE',''
  ) );
#10095 = ORIENTED_EDGE('',*,*,#10096,.F.);
#10096 = EDGE_CURVE('',#10097,#10074,#10099,.T.);
#10097 = VERTEX_POINT('',#10098);
#10098 = CARTESIAN_POINT('',(-0.625,54.575,1.5));
#10099 = SURFACE_CURVE('',#10100,(#10104,#10110),.PCURVE_S1.);
#10100 = LINE('',#10101,#10102);
#10101 = CARTESIAN_POINT('',(-0.625,0.4125,1.5));
#10102 = VECTOR('',#10103,1.);
#10103 = DIRECTION('',(-1.110223024625E-16,-1.,0.));
#10104 = PCURVE('',#3732,#10105);
#10105 = DEFINITIONAL_REPRESENTATION('',(#10106),#10109);
#10106 = B_SPLINE_CURVE_WITH_KNOTS('',1,(#10107,#10108),.UNSPECIFIED.,
  .F.,.F.,(2,2),(-54.1625,-15.4125),.PIECEWISE_BEZIER_KNOTS.);
#10107 = CARTESIAN_POINT('',(38.75,-1.5));
#10108 = CARTESIAN_POINT('',(0.,-1.5));
#10109 = ( GEOMETRIC_REPRESENTATION_CONTEXT(2) 
PARAMETRIC_REPRESENTATION_CONTEXT() REPRESENTATION_CONTEXT('2D SPACE',''
  ) );
#10110 = PCURVE('',#4464,#10111);
#10111 = DEFINITIONAL_REPRESENTATION('',(#10112),#10115);
#10112 = B_SPLINE_CURVE_WITH_KNOTS('',1,(#10113,#10114),.UNSPECIFIED.,
  .F.,.F.,(2,2),(-54.1625,-15.4125),.PIECEWISE_BEZIER_KNOTS.);
#10113 = CARTESIAN_POINT('',(74.575,69.575));
#10114 = CARTESIAN_POINT('',(74.575,30.825));
#10115 = ( GEOMETRIC_REPRESENTATION_CONTEXT(2) 
PARAMETRIC_REPRESENTATION_CONTEXT() REPRESENTATION_CONTEXT('2D SPACE',''
  ) );
#10116 = ORIENTED_EDGE('',*,*,#10117,.T.);
#10117 = EDGE_CURVE('',#10097,#3716,#10118,.T.);
#10118 = SURFACE_CURVE('',#10119,(#10123,#10130),.PCURVE_S1.);
#10119 = LINE('',#10120,#10121);
#10120 = CARTESIAN_POINT('',(-0.625,54.575,5.));
#10121 = VECTOR('',#10122,1.);
#10122 = DIRECTION('',(0.,0.,-1.));
#10123 = PCURVE('',#3732,#10124);
#10124 = DEFINITIONAL_REPRESENTATION('',(#10125),#10129);
#10125 = LINE('',#10126,#10127);
#10126 = CARTESIAN_POINT('',(38.75,-5.));
#10127 = VECTOR('',#10128,1.);
#10128 = DIRECTION('',(0.,1.));
#10129 = ( GEOMETRIC_REPRESENTATION_CONTEXT(2) 
PARAMETRIC_REPRESENTATION_CONTEXT() REPRESENTATION_CONTEXT('2D SPACE',''
  ) );
#10130 = PCURVE('',#3764,#10131);
#10131 = DEFINITIONAL_REPRESENTATION('',(#10132),#10136);
#10132 = LINE('',#10133,#10134);
#10133 = CARTESIAN_POINT('',(0.,-5.));
#10134 = VECTOR('',#10135,1.);
#10135 = DIRECTION('',(-0.,1.));
#10136 = ( GEOMETRIC_REPRESENTATION_CONTEXT(2) 
PARAMETRIC_REPRESENTATION_CONTEXT() REPRESENTATION_CONTEXT('2D SPACE',''
  ) );
#10137 = ORIENTED_EDGE('',*,*,#3715,.T.);
#10138 = ADVANCED_FACE('',(#10139),#3764,.F.);
#10139 = FACE_BOUND('',#10140,.F.);
#10140 = EDGE_LOOP('',(#10141,#10142,#10170,#10191));
#10141 = ORIENTED_EDGE('',*,*,#10117,.F.);
#10142 = ORIENTED_EDGE('',*,*,#10143,.T.);
#10143 = EDGE_CURVE('',#10097,#10144,#10146,.T.);
#10144 = VERTEX_POINT('',#10145);
#10145 = CARTESIAN_POINT('',(0.625,54.575,1.5));
#10146 = SURFACE_CURVE('',#10147,(#10152,#10159),.PCURVE_S1.);
#10147 = CIRCLE('',#10148,0.625);
#10148 = AXIS2_PLACEMENT_3D('',#10149,#10150,#10151);
#10149 = CARTESIAN_POINT('',(2.206568261442E-15,54.575,1.5));
#10150 = DIRECTION('',(0.,0.,-1.));
#10151 = DIRECTION('',(-1.,1.110223024625E-16,0.));
#10152 = PCURVE('',#3764,#10153);
#10153 = DEFINITIONAL_REPRESENTATION('',(#10154),#10158);
#10154 = LINE('',#10155,#10156);
#10155 = CARTESIAN_POINT('',(0.,-1.5));
#10156 = VECTOR('',#10157,1.);
#10157 = DIRECTION('',(1.,0.));
#10158 = ( GEOMETRIC_REPRESENTATION_CONTEXT(2) 
PARAMETRIC_REPRESENTATION_CONTEXT() REPRESENTATION_CONTEXT('2D SPACE',''
  ) );
#10159 = PCURVE('',#4464,#10160);
#10160 = DEFINITIONAL_REPRESENTATION('',(#10161),#10169);
#10161 = ( BOUNDED_CURVE() B_SPLINE_CURVE(2,(#10162,#10163,#10164,#10165
    ,#10166,#10167,#10168),.UNSPECIFIED.,.T.,.F.) 
B_SPLINE_CURVE_WITH_KNOTS((1,2,2,2,2,1),(-2.094395102393,0.,
    2.094395102393,4.188790204786,6.28318530718,8.377580409573),
.UNSPECIFIED.) CURVE() GEOMETRIC_REPRESENTATION_ITEM() 
RATIONAL_B_SPLINE_CURVE((1.,0.5,1.,0.5,1.,0.5,1.)) REPRESENTATION_ITEM(
  '') );
#10162 = CARTESIAN_POINT('',(74.575,69.575));
#10163 = CARTESIAN_POINT('',(74.575,70.657531754731));
#10164 = CARTESIAN_POINT('',(75.5125,70.116265877365));
#10165 = CARTESIAN_POINT('',(76.45,69.575));
#10166 = CARTESIAN_POINT('',(75.5125,69.033734122635));
#10167 = CARTESIAN_POINT('',(74.575,68.492468245269));
#10168 = CARTESIAN_POINT('',(74.575,69.575));
#10169 = ( GEOMETRIC_REPRESENTATION_CONTEXT(2) 
PARAMETRIC_REPRESENTATION_CONTEXT() REPRESENTATION_CONTEXT('2D SPACE',''
  ) );
#10170 = ORIENTED_EDGE('',*,*,#10171,.T.);
#10171 = EDGE_CURVE('',#10144,#3744,#10172,.T.);
#10172 = SURFACE_CURVE('',#10173,(#10177,#10184),.PCURVE_S1.);
#10173 = LINE('',#10174,#10175);
#10174 = CARTESIAN_POINT('',(0.625,54.575,5.));
#10175 = VECTOR('',#10176,1.);
#10176 = DIRECTION('',(0.,0.,-1.));
#10177 = PCURVE('',#3764,#10178);
#10178 = DEFINITIONAL_REPRESENTATION('',(#10179),#10183);
#10179 = LINE('',#10180,#10181);
#10180 = CARTESIAN_POINT('',(3.14159265359,-5.));
#10181 = VECTOR('',#10182,1.);
#10182 = DIRECTION('',(-0.,1.));
#10183 = ( GEOMETRIC_REPRESENTATION_CONTEXT(2) 
PARAMETRIC_REPRESENTATION_CONTEXT() REPRESENTATION_CONTEXT('2D SPACE',''
  ) );
#10184 = PCURVE('',#3791,#10185);
#10185 = DEFINITIONAL_REPRESENTATION('',(#10186),#10190);
#10186 = LINE('',#10187,#10188);
#10187 = CARTESIAN_POINT('',(0.,-5.));
#10188 = VECTOR('',#10189,1.);
#10189 = DIRECTION('',(-0.,1.));
#10190 = ( GEOMETRIC_REPRESENTATION_CONTEXT(2) 
PARAMETRIC_REPRESENTATION_CONTEXT() REPRESENTATION_CONTEXT('2D SPACE',''
  ) );
#10191 = ORIENTED_EDGE('',*,*,#3743,.F.);
#10192 = ADVANCED_FACE('',(#10193),#3821,.F.);
#10193 = FACE_BOUND('',#10194,.F.);
#10194 = EDGE_LOOP('',(#10195,#10218,#10244,#10245));
#10195 = ORIENTED_EDGE('',*,*,#10196,.T.);
#10196 = EDGE_CURVE('',#3777,#10197,#10199,.T.);
#10197 = VERTEX_POINT('',#10198);
#10198 = CARTESIAN_POINT('',(0.625,15.825,1.5));
#10199 = SURFACE_CURVE('',#10200,(#10204,#10211),.PCURVE_S1.);
#10200 = LINE('',#10201,#10202);
#10201 = CARTESIAN_POINT('',(0.625,15.825,-5.));
#10202 = VECTOR('',#10203,1.);
#10203 = DIRECTION('',(0.,0.,1.));
#10204 = PCURVE('',#3821,#10205);
#10205 = DEFINITIONAL_REPRESENTATION('',(#10206),#10210);
#10206 = LINE('',#10207,#10208);
#10207 = CARTESIAN_POINT('',(0.,5.));
#10208 = VECTOR('',#10209,1.);
#10209 = DIRECTION('',(0.,-1.));
#10210 = ( GEOMETRIC_REPRESENTATION_CONTEXT(2) 
PARAMETRIC_REPRESENTATION_CONTEXT() REPRESENTATION_CONTEXT('2D SPACE',''
  ) );
#10211 = PCURVE('',#3791,#10212);
#10212 = DEFINITIONAL_REPRESENTATION('',(#10213),#10217);
#10213 = LINE('',#10214,#10215);
#10214 = CARTESIAN_POINT('',(38.75,5.));
#10215 = VECTOR('',#10216,1.);
#10216 = DIRECTION('',(0.,-1.));
#10217 = ( GEOMETRIC_REPRESENTATION_CONTEXT(2) 
PARAMETRIC_REPRESENTATION_CONTEXT() REPRESENTATION_CONTEXT('2D SPACE',''
  ) );
#10218 = ORIENTED_EDGE('',*,*,#10219,.T.);
#10219 = EDGE_CURVE('',#10197,#10074,#10220,.T.);
#10220 = SURFACE_CURVE('',#10221,(#10226,#10233),.PCURVE_S1.);
#10221 = CIRCLE('',#10222,0.625);
#10222 = AXIS2_PLACEMENT_3D('',#10223,#10224,#10225);
#10223 = CARTESIAN_POINT('',(-2.206568261442E-15,15.825,1.5));
#10224 = DIRECTION('',(0.,-0.,-1.));
#10225 = DIRECTION('',(1.,-1.110223024625E-16,0.));
#10226 = PCURVE('',#3821,#10227);
#10227 = DEFINITIONAL_REPRESENTATION('',(#10228),#10232);
#10228 = LINE('',#10229,#10230);
#10229 = CARTESIAN_POINT('',(0.,-1.5));
#10230 = VECTOR('',#10231,1.);
#10231 = DIRECTION('',(1.,0.));
#10232 = ( GEOMETRIC_REPRESENTATION_CONTEXT(2) 
PARAMETRIC_REPRESENTATION_CONTEXT() REPRESENTATION_CONTEXT('2D SPACE',''
  ) );
#10233 = PCURVE('',#4464,#10234);
#10234 = DEFINITIONAL_REPRESENTATION('',(#10235),#10243);
#10235 = ( BOUNDED_CURVE() B_SPLINE_CURVE(2,(#10236,#10237,#10238,#10239
    ,#10240,#10241,#10242),.UNSPECIFIED.,.T.,.F.) 
B_SPLINE_CURVE_WITH_KNOTS((1,2,2,2,2,1),(-2.094395102393,0.,
    2.094395102393,4.188790204786,6.28318530718,8.377580409573),
.UNSPECIFIED.) CURVE() GEOMETRIC_REPRESENTATION_ITEM() 
RATIONAL_B_SPLINE_CURVE((1.,0.5,1.,0.5,1.,0.5,1.)) REPRESENTATION_ITEM(
  '') );
#10236 = CARTESIAN_POINT('',(75.825,30.825));
#10237 = CARTESIAN_POINT('',(75.825,29.742468245269));
#10238 = CARTESIAN_POINT('',(74.8875,30.283734122635));
#10239 = CARTESIAN_POINT('',(73.95,30.825));
#10240 = CARTESIAN_POINT('',(74.8875,31.366265877365));
#10241 = CARTESIAN_POINT('',(75.825,31.907531754731));
#10242 = CARTESIAN_POINT('',(75.825,30.825));
#10243 = ( GEOMETRIC_REPRESENTATION_CONTEXT(2) 
PARAMETRIC_REPRESENTATION_CONTEXT() REPRESENTATION_CONTEXT('2D SPACE',''
  ) );
#10244 = ORIENTED_EDGE('',*,*,#10073,.F.);
#10245 = ORIENTED_EDGE('',*,*,#3802,.F.);
#10246 = ADVANCED_FACE('',(#10247),#3791,.F.);
#10247 = FACE_BOUND('',#10248,.F.);
#10248 = EDGE_LOOP('',(#10249,#10250,#10269,#10270));
#10249 = ORIENTED_EDGE('',*,*,#10171,.F.);
#10250 = ORIENTED_EDGE('',*,*,#10251,.F.);
#10251 = EDGE_CURVE('',#10197,#10144,#10252,.T.);
#10252 = SURFACE_CURVE('',#10253,(#10257,#10263),.PCURVE_S1.);
#10253 = LINE('',#10254,#10255);
#10254 = CARTESIAN_POINT('',(0.625,19.7875,1.5));
#10255 = VECTOR('',#10256,1.);
#10256 = DIRECTION('',(1.110223024625E-16,1.,-0.));
#10257 = PCURVE('',#3791,#10258);
#10258 = DEFINITIONAL_REPRESENTATION('',(#10259),#10262);
#10259 = B_SPLINE_CURVE_WITH_KNOTS('',1,(#10260,#10261),.UNSPECIFIED.,
  .F.,.F.,(2,2),(-3.9625,34.7875),.PIECEWISE_BEZIER_KNOTS.);
#10260 = CARTESIAN_POINT('',(38.75,-1.5));
#10261 = CARTESIAN_POINT('',(0.,-1.5));
#10262 = ( GEOMETRIC_REPRESENTATION_CONTEXT(2) 
PARAMETRIC_REPRESENTATION_CONTEXT() REPRESENTATION_CONTEXT('2D SPACE',''
  ) );
#10263 = PCURVE('',#4464,#10264);
#10264 = DEFINITIONAL_REPRESENTATION('',(#10265),#10268);
#10265 = B_SPLINE_CURVE_WITH_KNOTS('',1,(#10266,#10267),.UNSPECIFIED.,
  .F.,.F.,(2,2),(-3.9625,34.7875),.PIECEWISE_BEZIER_KNOTS.);
#10266 = CARTESIAN_POINT('',(75.825,30.825));
#10267 = CARTESIAN_POINT('',(75.825,69.575));
#10268 = ( GEOMETRIC_REPRESENTATION_CONTEXT(2) 
PARAMETRIC_REPRESENTATION_CONTEXT() REPRESENTATION_CONTEXT('2D SPACE',''
  ) );
#10269 = ORIENTED_EDGE('',*,*,#10196,.F.);
#10270 = ORIENTED_EDGE('',*,*,#3776,.T.);
#10271 = ADVANCED_FACE('',(#10272),#3852,.F.);
#10272 = FACE_BOUND('',#10273,.F.);
#10273 = EDGE_LOOP('',(#10274,#10297,#10318,#10339));
#10274 = ORIENTED_EDGE('',*,*,#10275,.T.);
#10275 = EDGE_CURVE('',#3838,#10276,#10278,.T.);
#10276 = VERTEX_POINT('',#10277);
#10277 = CARTESIAN_POINT('',(3.125,15.825,1.5));
#10278 = SURFACE_CURVE('',#10279,(#10283,#10290),.PCURVE_S1.);
#10279 = LINE('',#10280,#10281);
#10280 = CARTESIAN_POINT('',(3.125,15.825,-5.));
#10281 = VECTOR('',#10282,1.);
#10282 = DIRECTION('',(0.,0.,1.));
#10283 = PCURVE('',#3852,#10284);
#10284 = DEFINITIONAL_REPRESENTATION('',(#10285),#10289);
#10285 = LINE('',#10286,#10287);
#10286 = CARTESIAN_POINT('',(0.,5.));
#10287 = VECTOR('',#10288,1.);
#10288 = DIRECTION('',(0.,-1.));
#10289 = ( GEOMETRIC_REPRESENTATION_CONTEXT(2) 
PARAMETRIC_REPRESENTATION_CONTEXT() REPRESENTATION_CONTEXT('2D SPACE',''
  ) );
#10290 = PCURVE('',#3941,#10291);
#10291 = DEFINITIONAL_REPRESENTATION('',(#10292),#10296);
#10292 = LINE('',#10293,#10294);
#10293 = CARTESIAN_POINT('',(3.14159265359,5.));
#10294 = VECTOR('',#10295,1.);
#10295 = DIRECTION('',(0.,-1.));
#10296 = ( GEOMETRIC_REPRESENTATION_CONTEXT(2) 
PARAMETRIC_REPRESENTATION_CONTEXT() REPRESENTATION_CONTEXT('2D SPACE',''
  ) );
#10297 = ORIENTED_EDGE('',*,*,#10298,.F.);
#10298 = EDGE_CURVE('',#10299,#10276,#10301,.T.);
#10299 = VERTEX_POINT('',#10300);
#10300 = CARTESIAN_POINT('',(3.125,54.575,1.5));
#10301 = SURFACE_CURVE('',#10302,(#10306,#10312),.PCURVE_S1.);
#10302 = LINE('',#10303,#10304);
#10303 = CARTESIAN_POINT('',(3.125,0.4125,1.5));
#10304 = VECTOR('',#10305,1.);
#10305 = DIRECTION('',(-1.110223024625E-16,-1.,0.));
#10306 = PCURVE('',#3852,#10307);
#10307 = DEFINITIONAL_REPRESENTATION('',(#10308),#10311);
#10308 = B_SPLINE_CURVE_WITH_KNOTS('',1,(#10309,#10310),.UNSPECIFIED.,
  .F.,.F.,(2,2),(-54.1625,-15.4125),.PIECEWISE_BEZIER_KNOTS.);
#10309 = CARTESIAN_POINT('',(38.75,-1.5));
#10310 = CARTESIAN_POINT('',(0.,-1.5));
#10311 = ( GEOMETRIC_REPRESENTATION_CONTEXT(2) 
PARAMETRIC_REPRESENTATION_CONTEXT() REPRESENTATION_CONTEXT('2D SPACE',''
  ) );
#10312 = PCURVE('',#4464,#10313);
#10313 = DEFINITIONAL_REPRESENTATION('',(#10314),#10317);
#10314 = B_SPLINE_CURVE_WITH_KNOTS('',1,(#10315,#10316),.UNSPECIFIED.,
  .F.,.F.,(2,2),(-54.1625,-15.4125),.PIECEWISE_BEZIER_KNOTS.);
#10315 = CARTESIAN_POINT('',(78.325,69.575));
#10316 = CARTESIAN_POINT('',(78.325,30.825));
#10317 = ( GEOMETRIC_REPRESENTATION_CONTEXT(2) 
PARAMETRIC_REPRESENTATION_CONTEXT() REPRESENTATION_CONTEXT('2D SPACE',''
  ) );
#10318 = ORIENTED_EDGE('',*,*,#10319,.T.);
#10319 = EDGE_CURVE('',#10299,#3836,#10320,.T.);
#10320 = SURFACE_CURVE('',#10321,(#10325,#10332),.PCURVE_S1.);
#10321 = LINE('',#10322,#10323);
#10322 = CARTESIAN_POINT('',(3.125,54.575,5.));
#10323 = VECTOR('',#10324,1.);
#10324 = DIRECTION('',(0.,0.,-1.));
#10325 = PCURVE('',#3852,#10326);
#10326 = DEFINITIONAL_REPRESENTATION('',(#10327),#10331);
#10327 = LINE('',#10328,#10329);
#10328 = CARTESIAN_POINT('',(38.75,-5.));
#10329 = VECTOR('',#10330,1.);
#10330 = DIRECTION('',(0.,1.));
#10331 = ( GEOMETRIC_REPRESENTATION_CONTEXT(2) 
PARAMETRIC_REPRESENTATION_CONTEXT() REPRESENTATION_CONTEXT('2D SPACE',''
  ) );
#10332 = PCURVE('',#3884,#10333);
#10333 = DEFINITIONAL_REPRESENTATION('',(#10334),#10338);
#10334 = LINE('',#10335,#10336);
#10335 = CARTESIAN_POINT('',(0.,-5.));
#10336 = VECTOR('',#10337,1.);
#10337 = DIRECTION('',(-0.,1.));
#10338 = ( GEOMETRIC_REPRESENTATION_CONTEXT(2) 
PARAMETRIC_REPRESENTATION_CONTEXT() REPRESENTATION_CONTEXT('2D SPACE',''
  ) );
#10339 = ORIENTED_EDGE('',*,*,#3835,.T.);
#10340 = ADVANCED_FACE('',(#10341),#3884,.F.);
#10341 = FACE_BOUND('',#10342,.F.);
#10342 = EDGE_LOOP('',(#10343,#10344,#10372,#10393));
#10343 = ORIENTED_EDGE('',*,*,#10319,.F.);
#10344 = ORIENTED_EDGE('',*,*,#10345,.T.);
#10345 = EDGE_CURVE('',#10299,#10346,#10348,.T.);
#10346 = VERTEX_POINT('',#10347);
#10347 = CARTESIAN_POINT('',(4.375,54.575,1.5));
#10348 = SURFACE_CURVE('',#10349,(#10354,#10361),.PCURVE_S1.);
#10349 = CIRCLE('',#10350,0.625);
#10350 = AXIS2_PLACEMENT_3D('',#10351,#10352,#10353);
#10351 = CARTESIAN_POINT('',(3.75,54.575,1.5));
#10352 = DIRECTION('',(0.,0.,-1.));
#10353 = DIRECTION('',(-1.,1.110223024625E-16,0.));
#10354 = PCURVE('',#3884,#10355);
#10355 = DEFINITIONAL_REPRESENTATION('',(#10356),#10360);
#10356 = LINE('',#10357,#10358);
#10357 = CARTESIAN_POINT('',(0.,-1.5));
#10358 = VECTOR('',#10359,1.);
#10359 = DIRECTION('',(1.,0.));
#10360 = ( GEOMETRIC_REPRESENTATION_CONTEXT(2) 
PARAMETRIC_REPRESENTATION_CONTEXT() REPRESENTATION_CONTEXT('2D SPACE',''
  ) );
#10361 = PCURVE('',#4464,#10362);
#10362 = DEFINITIONAL_REPRESENTATION('',(#10363),#10371);
#10363 = ( BOUNDED_CURVE() B_SPLINE_CURVE(2,(#10364,#10365,#10366,#10367
    ,#10368,#10369,#10370),.UNSPECIFIED.,.T.,.F.) 
B_SPLINE_CURVE_WITH_KNOTS((1,2,2,2,2,1),(-2.094395102393,0.,
    2.094395102393,4.188790204786,6.28318530718,8.377580409573),
.UNSPECIFIED.) CURVE() GEOMETRIC_REPRESENTATION_ITEM() 
RATIONAL_B_SPLINE_CURVE((1.,0.5,1.,0.5,1.,0.5,1.)) REPRESENTATION_ITEM(
  '') );
#10364 = CARTESIAN_POINT('',(78.325,69.575));
#10365 = CARTESIAN_POINT('',(78.325,70.657531754731));
#10366 = CARTESIAN_POINT('',(79.2625,70.116265877365));
#10367 = CARTESIAN_POINT('',(80.2,69.575));
#10368 = CARTESIAN_POINT('',(79.2625,69.033734122635));
#10369 = CARTESIAN_POINT('',(78.325,68.492468245269));
#10370 = CARTESIAN_POINT('',(78.325,69.575));
#10371 = ( GEOMETRIC_REPRESENTATION_CONTEXT(2) 
PARAMETRIC_REPRESENTATION_CONTEXT() REPRESENTATION_CONTEXT('2D SPACE',''
  ) );
#10372 = ORIENTED_EDGE('',*,*,#10373,.T.);
#10373 = EDGE_CURVE('',#10346,#3864,#10374,.T.);
#10374 = SURFACE_CURVE('',#10375,(#10379,#10386),.PCURVE_S1.);
#10375 = LINE('',#10376,#10377);
#10376 = CARTESIAN_POINT('',(4.375,54.575,5.));
#10377 = VECTOR('',#10378,1.);
#10378 = DIRECTION('',(0.,0.,-1.));
#10379 = PCURVE('',#3884,#10380);
#10380 = DEFINITIONAL_REPRESENTATION('',(#10381),#10385);
#10381 = LINE('',#10382,#10383);
#10382 = CARTESIAN_POINT('',(3.14159265359,-5.));
#10383 = VECTOR('',#10384,1.);
#10384 = DIRECTION('',(-0.,1.));
#10385 = ( GEOMETRIC_REPRESENTATION_CONTEXT(2) 
PARAMETRIC_REPRESENTATION_CONTEXT() REPRESENTATION_CONTEXT('2D SPACE',''
  ) );
#10386 = PCURVE('',#3911,#10387);
#10387 = DEFINITIONAL_REPRESENTATION('',(#10388),#10392);
#10388 = LINE('',#10389,#10390);
#10389 = CARTESIAN_POINT('',(0.,-5.));
#10390 = VECTOR('',#10391,1.);
#10391 = DIRECTION('',(-0.,1.));
#10392 = ( GEOMETRIC_REPRESENTATION_CONTEXT(2) 
PARAMETRIC_REPRESENTATION_CONTEXT() REPRESENTATION_CONTEXT('2D SPACE',''
  ) );
#10393 = ORIENTED_EDGE('',*,*,#3863,.F.);
#10394 = ADVANCED_FACE('',(#10395),#3941,.F.);
#10395 = FACE_BOUND('',#10396,.F.);
#10396 = EDGE_LOOP('',(#10397,#10420,#10446,#10447));
#10397 = ORIENTED_EDGE('',*,*,#10398,.T.);
#10398 = EDGE_CURVE('',#3897,#10399,#10401,.T.);
#10399 = VERTEX_POINT('',#10400);
#10400 = CARTESIAN_POINT('',(4.375,15.825,1.5));
#10401 = SURFACE_CURVE('',#10402,(#10406,#10413),.PCURVE_S1.);
#10402 = LINE('',#10403,#10404);
#10403 = CARTESIAN_POINT('',(4.375,15.825,-5.));
#10404 = VECTOR('',#10405,1.);
#10405 = DIRECTION('',(0.,0.,1.));
#10406 = PCURVE('',#3941,#10407);
#10407 = DEFINITIONAL_REPRESENTATION('',(#10408),#10412);
#10408 = LINE('',#10409,#10410);
#10409 = CARTESIAN_POINT('',(0.,5.));
#10410 = VECTOR('',#10411,1.);
#10411 = DIRECTION('',(0.,-1.));
#10412 = ( GEOMETRIC_REPRESENTATION_CONTEXT(2) 
PARAMETRIC_REPRESENTATION_CONTEXT() REPRESENTATION_CONTEXT('2D SPACE',''
  ) );
#10413 = PCURVE('',#3911,#10414);
#10414 = DEFINITIONAL_REPRESENTATION('',(#10415),#10419);
#10415 = LINE('',#10416,#10417);
#10416 = CARTESIAN_POINT('',(38.75,5.));
#10417 = VECTOR('',#10418,1.);
#10418 = DIRECTION('',(0.,-1.));
#10419 = ( GEOMETRIC_REPRESENTATION_CONTEXT(2) 
PARAMETRIC_REPRESENTATION_CONTEXT() REPRESENTATION_CONTEXT('2D SPACE',''
  ) );
#10420 = ORIENTED_EDGE('',*,*,#10421,.T.);
#10421 = EDGE_CURVE('',#10399,#10276,#10422,.T.);
#10422 = SURFACE_CURVE('',#10423,(#10428,#10435),.PCURVE_S1.);
#10423 = CIRCLE('',#10424,0.625);
#10424 = AXIS2_PLACEMENT_3D('',#10425,#10426,#10427);
#10425 = CARTESIAN_POINT('',(3.75,15.825,1.5));
#10426 = DIRECTION('',(0.,-0.,-1.));
#10427 = DIRECTION('',(1.,-1.110223024625E-16,0.));
#10428 = PCURVE('',#3941,#10429);
#10429 = DEFINITIONAL_REPRESENTATION('',(#10430),#10434);
#10430 = LINE('',#10431,#10432);
#10431 = CARTESIAN_POINT('',(0.,-1.5));
#10432 = VECTOR('',#10433,1.);
#10433 = DIRECTION('',(1.,0.));
#10434 = ( GEOMETRIC_REPRESENTATION_CONTEXT(2) 
PARAMETRIC_REPRESENTATION_CONTEXT() REPRESENTATION_CONTEXT('2D SPACE',''
  ) );
#10435 = PCURVE('',#4464,#10436);
#10436 = DEFINITIONAL_REPRESENTATION('',(#10437),#10445);
#10437 = ( BOUNDED_CURVE() B_SPLINE_CURVE(2,(#10438,#10439,#10440,#10441
    ,#10442,#10443,#10444),.UNSPECIFIED.,.T.,.F.) 
B_SPLINE_CURVE_WITH_KNOTS((1,2,2,2,2,1),(-2.094395102393,0.,
    2.094395102393,4.188790204786,6.28318530718,8.377580409573),
.UNSPECIFIED.) CURVE() GEOMETRIC_REPRESENTATION_ITEM() 
RATIONAL_B_SPLINE_CURVE((1.,0.5,1.,0.5,1.,0.5,1.)) REPRESENTATION_ITEM(
  '') );
#10438 = CARTESIAN_POINT('',(79.575,30.825));
#10439 = CARTESIAN_POINT('',(79.575,29.742468245269));
#10440 = CARTESIAN_POINT('',(78.6375,30.283734122635));
#10441 = CARTESIAN_POINT('',(77.7,30.825));
#10442 = CARTESIAN_POINT('',(78.6375,31.366265877365));
#10443 = CARTESIAN_POINT('',(79.575,31.907531754731));
#10444 = CARTESIAN_POINT('',(79.575,30.825));
#10445 = ( GEOMETRIC_REPRESENTATION_CONTEXT(2) 
PARAMETRIC_REPRESENTATION_CONTEXT() REPRESENTATION_CONTEXT('2D SPACE',''
  ) );
#10446 = ORIENTED_EDGE('',*,*,#10275,.F.);
#10447 = ORIENTED_EDGE('',*,*,#3922,.F.);
#10448 = ADVANCED_FACE('',(#10449),#3911,.F.);
#10449 = FACE_BOUND('',#10450,.F.);
#10450 = EDGE_LOOP('',(#10451,#10452,#10471,#10472));
#10451 = ORIENTED_EDGE('',*,*,#10373,.F.);
#10452 = ORIENTED_EDGE('',*,*,#10453,.F.);
#10453 = EDGE_CURVE('',#10399,#10346,#10454,.T.);
#10454 = SURFACE_CURVE('',#10455,(#10459,#10465),.PCURVE_S1.);
#10455 = LINE('',#10456,#10457);
#10456 = CARTESIAN_POINT('',(4.375,19.7875,1.5));
#10457 = VECTOR('',#10458,1.);
#10458 = DIRECTION('',(1.110223024625E-16,1.,-0.));
#10459 = PCURVE('',#3911,#10460);
#10460 = DEFINITIONAL_REPRESENTATION('',(#10461),#10464);
#10461 = B_SPLINE_CURVE_WITH_KNOTS('',1,(#10462,#10463),.UNSPECIFIED.,
  .F.,.F.,(2,2),(-3.9625,34.7875),.PIECEWISE_BEZIER_KNOTS.);
#10462 = CARTESIAN_POINT('',(38.75,-1.5));
#10463 = CARTESIAN_POINT('',(0.,-1.5));
#10464 = ( GEOMETRIC_REPRESENTATION_CONTEXT(2) 
PARAMETRIC_REPRESENTATION_CONTEXT() REPRESENTATION_CONTEXT('2D SPACE',''
  ) );
#10465 = PCURVE('',#4464,#10466);
#10466 = DEFINITIONAL_REPRESENTATION('',(#10467),#10470);
#10467 = B_SPLINE_CURVE_WITH_KNOTS('',1,(#10468,#10469),.UNSPECIFIED.,
  .F.,.F.,(2,2),(-3.9625,34.7875),.PIECEWISE_BEZIER_KNOTS.);
#10468 = CARTESIAN_POINT('',(79.575,30.825));
#10469 = CARTESIAN_POINT('',(79.575,69.575));
#10470 = ( GEOMETRIC_REPRESENTATION_CONTEXT(2) 
PARAMETRIC_REPRESENTATION_CONTEXT() REPRESENTATION_CONTEXT('2D SPACE',''
  ) );
#10471 = ORIENTED_EDGE('',*,*,#10398,.F.);
#10472 = ORIENTED_EDGE('',*,*,#3896,.T.);
#10473 = ADVANCED_FACE('',(#10474),#3972,.F.);
#10474 = FACE_BOUND('',#10475,.F.);
#10475 = EDGE_LOOP('',(#10476,#10499,#10520,#10541));
#10476 = ORIENTED_EDGE('',*,*,#10477,.T.);
#10477 = EDGE_CURVE('',#3958,#10478,#10480,.T.);
#10478 = VERTEX_POINT('',#10479);
#10479 = CARTESIAN_POINT('',(6.875,15.825,1.5));
#10480 = SURFACE_CURVE('',#10481,(#10485,#10492),.PCURVE_S1.);
#10481 = LINE('',#10482,#10483);
#10482 = CARTESIAN_POINT('',(6.875,15.825,-5.));
#10483 = VECTOR('',#10484,1.);
#10484 = DIRECTION('',(0.,0.,1.));
#10485 = PCURVE('',#3972,#10486);
#10486 = DEFINITIONAL_REPRESENTATION('',(#10487),#10491);
#10487 = LINE('',#10488,#10489);
#10488 = CARTESIAN_POINT('',(0.,5.));
#10489 = VECTOR('',#10490,1.);
#10490 = DIRECTION('',(0.,-1.));
#10491 = ( GEOMETRIC_REPRESENTATION_CONTEXT(2) 
PARAMETRIC_REPRESENTATION_CONTEXT() REPRESENTATION_CONTEXT('2D SPACE',''
  ) );
#10492 = PCURVE('',#4061,#10493);
#10493 = DEFINITIONAL_REPRESENTATION('',(#10494),#10498);
#10494 = LINE('',#10495,#10496);
#10495 = CARTESIAN_POINT('',(3.14159265359,5.));
#10496 = VECTOR('',#10497,1.);
#10497 = DIRECTION('',(0.,-1.));
#10498 = ( GEOMETRIC_REPRESENTATION_CONTEXT(2) 
PARAMETRIC_REPRESENTATION_CONTEXT() REPRESENTATION_CONTEXT('2D SPACE',''
  ) );
#10499 = ORIENTED_EDGE('',*,*,#10500,.F.);
#10500 = EDGE_CURVE('',#10501,#10478,#10503,.T.);
#10501 = VERTEX_POINT('',#10502);
#10502 = CARTESIAN_POINT('',(6.875,54.575,1.5));
#10503 = SURFACE_CURVE('',#10504,(#10508,#10514),.PCURVE_S1.);
#10504 = LINE('',#10505,#10506);
#10505 = CARTESIAN_POINT('',(6.875,0.4125,1.5));
#10506 = VECTOR('',#10507,1.);
#10507 = DIRECTION('',(-1.110223024625E-16,-1.,0.));
#10508 = PCURVE('',#3972,#10509);
#10509 = DEFINITIONAL_REPRESENTATION('',(#10510),#10513);
#10510 = B_SPLINE_CURVE_WITH_KNOTS('',1,(#10511,#10512),.UNSPECIFIED.,
  .F.,.F.,(2,2),(-54.1625,-15.4125),.PIECEWISE_BEZIER_KNOTS.);
#10511 = CARTESIAN_POINT('',(38.75,-1.5));
#10512 = CARTESIAN_POINT('',(0.,-1.5));
#10513 = ( GEOMETRIC_REPRESENTATION_CONTEXT(2) 
PARAMETRIC_REPRESENTATION_CONTEXT() REPRESENTATION_CONTEXT('2D SPACE',''
  ) );
#10514 = PCURVE('',#4464,#10515);
#10515 = DEFINITIONAL_REPRESENTATION('',(#10516),#10519);
#10516 = B_SPLINE_CURVE_WITH_KNOTS('',1,(#10517,#10518),.UNSPECIFIED.,
  .F.,.F.,(2,2),(-54.1625,-15.4125),.PIECEWISE_BEZIER_KNOTS.);
#10517 = CARTESIAN_POINT('',(82.075,69.575));
#10518 = CARTESIAN_POINT('',(82.075,30.825));
#10519 = ( GEOMETRIC_REPRESENTATION_CONTEXT(2) 
PARAMETRIC_REPRESENTATION_CONTEXT() REPRESENTATION_CONTEXT('2D SPACE',''
  ) );
#10520 = ORIENTED_EDGE('',*,*,#10521,.T.);
#10521 = EDGE_CURVE('',#10501,#3956,#10522,.T.);
#10522 = SURFACE_CURVE('',#10523,(#10527,#10534),.PCURVE_S1.);
#10523 = LINE('',#10524,#10525);
#10524 = CARTESIAN_POINT('',(6.875,54.575,5.));
#10525 = VECTOR('',#10526,1.);
#10526 = DIRECTION('',(0.,0.,-1.));
#10527 = PCURVE('',#3972,#10528);
#10528 = DEFINITIONAL_REPRESENTATION('',(#10529),#10533);
#10529 = LINE('',#10530,#10531);
#10530 = CARTESIAN_POINT('',(38.75,-5.));
#10531 = VECTOR('',#10532,1.);
#10532 = DIRECTION('',(0.,1.));
#10533 = ( GEOMETRIC_REPRESENTATION_CONTEXT(2) 
PARAMETRIC_REPRESENTATION_CONTEXT() REPRESENTATION_CONTEXT('2D SPACE',''
  ) );
#10534 = PCURVE('',#4004,#10535);
#10535 = DEFINITIONAL_REPRESENTATION('',(#10536),#10540);
#10536 = LINE('',#10537,#10538);
#10537 = CARTESIAN_POINT('',(0.,-5.));
#10538 = VECTOR('',#10539,1.);
#10539 = DIRECTION('',(-0.,1.));
#10540 = ( GEOMETRIC_REPRESENTATION_CONTEXT(2) 
PARAMETRIC_REPRESENTATION_CONTEXT() REPRESENTATION_CONTEXT('2D SPACE',''
  ) );
#10541 = ORIENTED_EDGE('',*,*,#3955,.T.);
#10542 = ADVANCED_FACE('',(#10543),#4004,.F.);
#10543 = FACE_BOUND('',#10544,.F.);
#10544 = EDGE_LOOP('',(#10545,#10546,#10574,#10595));
#10545 = ORIENTED_EDGE('',*,*,#10521,.F.);
#10546 = ORIENTED_EDGE('',*,*,#10547,.T.);
#10547 = EDGE_CURVE('',#10501,#10548,#10550,.T.);
#10548 = VERTEX_POINT('',#10549);
#10549 = CARTESIAN_POINT('',(8.125,54.575,1.5));
#10550 = SURFACE_CURVE('',#10551,(#10556,#10563),.PCURVE_S1.);
#10551 = CIRCLE('',#10552,0.625);
#10552 = AXIS2_PLACEMENT_3D('',#10553,#10554,#10555);
#10553 = CARTESIAN_POINT('',(7.5,54.575,1.5));
#10554 = DIRECTION('',(0.,0.,-1.));
#10555 = DIRECTION('',(-1.,1.110223024625E-16,0.));
#10556 = PCURVE('',#4004,#10557);
#10557 = DEFINITIONAL_REPRESENTATION('',(#10558),#10562);
#10558 = LINE('',#10559,#10560);
#10559 = CARTESIAN_POINT('',(0.,-1.5));
#10560 = VECTOR('',#10561,1.);
#10561 = DIRECTION('',(1.,0.));
#10562 = ( GEOMETRIC_REPRESENTATION_CONTEXT(2) 
PARAMETRIC_REPRESENTATION_CONTEXT() REPRESENTATION_CONTEXT('2D SPACE',''
  ) );
#10563 = PCURVE('',#4464,#10564);
#10564 = DEFINITIONAL_REPRESENTATION('',(#10565),#10573);
#10565 = ( BOUNDED_CURVE() B_SPLINE_CURVE(2,(#10566,#10567,#10568,#10569
    ,#10570,#10571,#10572),.UNSPECIFIED.,.T.,.F.) 
B_SPLINE_CURVE_WITH_KNOTS((1,2,2,2,2,1),(-2.094395102393,0.,
    2.094395102393,4.188790204786,6.28318530718,8.377580409573),
.UNSPECIFIED.) CURVE() GEOMETRIC_REPRESENTATION_ITEM() 
RATIONAL_B_SPLINE_CURVE((1.,0.5,1.,0.5,1.,0.5,1.)) REPRESENTATION_ITEM(
  '') );
#10566 = CARTESIAN_POINT('',(82.075,69.575));
#10567 = CARTESIAN_POINT('',(82.075,70.657531754731));
#10568 = CARTESIAN_POINT('',(83.0125,70.116265877365));
#10569 = CARTESIAN_POINT('',(83.95,69.575));
#10570 = CARTESIAN_POINT('',(83.0125,69.033734122635));
#10571 = CARTESIAN_POINT('',(82.075,68.492468245269));
#10572 = CARTESIAN_POINT('',(82.075,69.575));
#10573 = ( GEOMETRIC_REPRESENTATION_CONTEXT(2) 
PARAMETRIC_REPRESENTATION_CONTEXT() REPRESENTATION_CONTEXT('2D SPACE',''
  ) );
#10574 = ORIENTED_EDGE('',*,*,#10575,.T.);
#10575 = EDGE_CURVE('',#10548,#3984,#10576,.T.);
#10576 = SURFACE_CURVE('',#10577,(#10581,#10588),.PCURVE_S1.);
#10577 = LINE('',#10578,#10579);
#10578 = CARTESIAN_POINT('',(8.125,54.575,5.));
#10579 = VECTOR('',#10580,1.);
#10580 = DIRECTION('',(0.,0.,-1.));
#10581 = PCURVE('',#4004,#10582);
#10582 = DEFINITIONAL_REPRESENTATION('',(#10583),#10587);
#10583 = LINE('',#10584,#10585);
#10584 = CARTESIAN_POINT('',(3.14159265359,-5.));
#10585 = VECTOR('',#10586,1.);
#10586 = DIRECTION('',(-0.,1.));
#10587 = ( GEOMETRIC_REPRESENTATION_CONTEXT(2) 
PARAMETRIC_REPRESENTATION_CONTEXT() REPRESENTATION_CONTEXT('2D SPACE',''
  ) );
#10588 = PCURVE('',#4031,#10589);
#10589 = DEFINITIONAL_REPRESENTATION('',(#10590),#10594);
#10590 = LINE('',#10591,#10592);
#10591 = CARTESIAN_POINT('',(0.,-5.));
#10592 = VECTOR('',#10593,1.);
#10593 = DIRECTION('',(-0.,1.));
#10594 = ( GEOMETRIC_REPRESENTATION_CONTEXT(2) 
PARAMETRIC_REPRESENTATION_CONTEXT() REPRESENTATION_CONTEXT('2D SPACE',''
  ) );
#10595 = ORIENTED_EDGE('',*,*,#3983,.F.);
#10596 = ADVANCED_FACE('',(#10597),#4061,.F.);
#10597 = FACE_BOUND('',#10598,.F.);
#10598 = EDGE_LOOP('',(#10599,#10622,#10648,#10649));
#10599 = ORIENTED_EDGE('',*,*,#10600,.T.);
#10600 = EDGE_CURVE('',#4017,#10601,#10603,.T.);
#10601 = VERTEX_POINT('',#10602);
#10602 = CARTESIAN_POINT('',(8.125,15.825,1.5));
#10603 = SURFACE_CURVE('',#10604,(#10608,#10615),.PCURVE_S1.);
#10604 = LINE('',#10605,#10606);
#10605 = CARTESIAN_POINT('',(8.125,15.825,-5.));
#10606 = VECTOR('',#10607,1.);
#10607 = DIRECTION('',(0.,0.,1.));
#10608 = PCURVE('',#4061,#10609);
#10609 = DEFINITIONAL_REPRESENTATION('',(#10610),#10614);
#10610 = LINE('',#10611,#10612);
#10611 = CARTESIAN_POINT('',(0.,5.));
#10612 = VECTOR('',#10613,1.);
#10613 = DIRECTION('',(0.,-1.));
#10614 = ( GEOMETRIC_REPRESENTATION_CONTEXT(2) 
PARAMETRIC_REPRESENTATION_CONTEXT() REPRESENTATION_CONTEXT('2D SPACE',''
  ) );
#10615 = PCURVE('',#4031,#10616);
#10616 = DEFINITIONAL_REPRESENTATION('',(#10617),#10621);
#10617 = LINE('',#10618,#10619);
#10618 = CARTESIAN_POINT('',(38.75,5.));
#10619 = VECTOR('',#10620,1.);
#10620 = DIRECTION('',(0.,-1.));
#10621 = ( GEOMETRIC_REPRESENTATION_CONTEXT(2) 
PARAMETRIC_REPRESENTATION_CONTEXT() REPRESENTATION_CONTEXT('2D SPACE',''
  ) );
#10622 = ORIENTED_EDGE('',*,*,#10623,.T.);
#10623 = EDGE_CURVE('',#10601,#10478,#10624,.T.);
#10624 = SURFACE_CURVE('',#10625,(#10630,#10637),.PCURVE_S1.);
#10625 = CIRCLE('',#10626,0.625);
#10626 = AXIS2_PLACEMENT_3D('',#10627,#10628,#10629);
#10627 = CARTESIAN_POINT('',(7.5,15.825,1.5));
#10628 = DIRECTION('',(0.,-0.,-1.));
#10629 = DIRECTION('',(1.,-1.110223024625E-16,0.));
#10630 = PCURVE('',#4061,#10631);
#10631 = DEFINITIONAL_REPRESENTATION('',(#10632),#10636);
#10632 = LINE('',#10633,#10634);
#10633 = CARTESIAN_POINT('',(0.,-1.5));
#10634 = VECTOR('',#10635,1.);
#10635 = DIRECTION('',(1.,0.));
#10636 = ( GEOMETRIC_REPRESENTATION_CONTEXT(2) 
PARAMETRIC_REPRESENTATION_CONTEXT() REPRESENTATION_CONTEXT('2D SPACE',''
  ) );
#10637 = PCURVE('',#4464,#10638);
#10638 = DEFINITIONAL_REPRESENTATION('',(#10639),#10647);
#10639 = ( BOUNDED_CURVE() B_SPLINE_CURVE(2,(#10640,#10641,#10642,#10643
    ,#10644,#10645,#10646),.UNSPECIFIED.,.T.,.F.) 
B_SPLINE_CURVE_WITH_KNOTS((1,2,2,2,2,1),(-2.094395102393,0.,
    2.094395102393,4.188790204786,6.28318530718,8.377580409573),
.UNSPECIFIED.) CURVE() GEOMETRIC_REPRESENTATION_ITEM() 
RATIONAL_B_SPLINE_CURVE((1.,0.5,1.,0.5,1.,0.5,1.)) REPRESENTATION_ITEM(
  '') );
#10640 = CARTESIAN_POINT('',(83.325,30.825));
#10641 = CARTESIAN_POINT('',(83.325,29.742468245269));
#10642 = CARTESIAN_POINT('',(82.3875,30.283734122635));
#10643 = CARTESIAN_POINT('',(81.45,30.825));
#10644 = CARTESIAN_POINT('',(82.3875,31.366265877365));
#10645 = CARTESIAN_POINT('',(83.325,31.907531754731));
#10646 = CARTESIAN_POINT('',(83.325,30.825));
#10647 = ( GEOMETRIC_REPRESENTATION_CONTEXT(2) 
PARAMETRIC_REPRESENTATION_CONTEXT() REPRESENTATION_CONTEXT('2D SPACE',''
  ) );
#10648 = ORIENTED_EDGE('',*,*,#10477,.F.);
#10649 = ORIENTED_EDGE('',*,*,#4042,.F.);
#10650 = ADVANCED_FACE('',(#10651),#4031,.F.);
#10651 = FACE_BOUND('',#10652,.F.);
#10652 = EDGE_LOOP('',(#10653,#10654,#10673,#10674));
#10653 = ORIENTED_EDGE('',*,*,#10575,.F.);
#10654 = ORIENTED_EDGE('',*,*,#10655,.F.);
#10655 = EDGE_CURVE('',#10601,#10548,#10656,.T.);
#10656 = SURFACE_CURVE('',#10657,(#10661,#10667),.PCURVE_S1.);
#10657 = LINE('',#10658,#10659);
#10658 = CARTESIAN_POINT('',(8.125,19.7875,1.5));
#10659 = VECTOR('',#10660,1.);
#10660 = DIRECTION('',(1.110223024625E-16,1.,-0.));
#10661 = PCURVE('',#4031,#10662);
#10662 = DEFINITIONAL_REPRESENTATION('',(#10663),#10666);
#10663 = B_SPLINE_CURVE_WITH_KNOTS('',1,(#10664,#10665),.UNSPECIFIED.,
  .F.,.F.,(2,2),(-3.9625,34.7875),.PIECEWISE_BEZIER_KNOTS.);
#10664 = CARTESIAN_POINT('',(38.75,-1.5));
#10665 = CARTESIAN_POINT('',(0.,-1.5));
#10666 = ( GEOMETRIC_REPRESENTATION_CONTEXT(2) 
PARAMETRIC_REPRESENTATION_CONTEXT() REPRESENTATION_CONTEXT('2D SPACE',''
  ) );
#10667 = PCURVE('',#4464,#10668);
#10668 = DEFINITIONAL_REPRESENTATION('',(#10669),#10672);
#10669 = B_SPLINE_CURVE_WITH_KNOTS('',1,(#10670,#10671),.UNSPECIFIED.,
  .F.,.F.,(2,2),(-3.9625,34.7875),.PIECEWISE_BEZIER_KNOTS.);
#10670 = CARTESIAN_POINT('',(83.325,30.825));
#10671 = CARTESIAN_POINT('',(83.325,69.575));
#10672 = ( GEOMETRIC_REPRESENTATION_CONTEXT(2) 
PARAMETRIC_REPRESENTATION_CONTEXT() REPRESENTATION_CONTEXT('2D SPACE',''
  ) );
#10673 = ORIENTED_EDGE('',*,*,#10600,.F.);
#10674 = ORIENTED_EDGE('',*,*,#4016,.T.);
#10675 = ADVANCED_FACE('',(#10676),#4092,.F.);
#10676 = FACE_BOUND('',#10677,.F.);
#10677 = EDGE_LOOP('',(#10678,#10701,#10722,#10743));
#10678 = ORIENTED_EDGE('',*,*,#10679,.T.);
#10679 = EDGE_CURVE('',#4078,#10680,#10682,.T.);
#10680 = VERTEX_POINT('',#10681);
#10681 = CARTESIAN_POINT('',(10.625,15.825,1.5));
#10682 = SURFACE_CURVE('',#10683,(#10687,#10694),.PCURVE_S1.);
#10683 = LINE('',#10684,#10685);
#10684 = CARTESIAN_POINT('',(10.625,15.825,-5.));
#10685 = VECTOR('',#10686,1.);
#10686 = DIRECTION('',(0.,0.,1.));
#10687 = PCURVE('',#4092,#10688);
#10688 = DEFINITIONAL_REPRESENTATION('',(#10689),#10693);
#10689 = LINE('',#10690,#10691);
#10690 = CARTESIAN_POINT('',(0.,5.));
#10691 = VECTOR('',#10692,1.);
#10692 = DIRECTION('',(0.,-1.));
#10693 = ( GEOMETRIC_REPRESENTATION_CONTEXT(2) 
PARAMETRIC_REPRESENTATION_CONTEXT() REPRESENTATION_CONTEXT('2D SPACE',''
  ) );
#10694 = PCURVE('',#4181,#10695);
#10695 = DEFINITIONAL_REPRESENTATION('',(#10696),#10700);
#10696 = LINE('',#10697,#10698);
#10697 = CARTESIAN_POINT('',(3.14159265359,5.));
#10698 = VECTOR('',#10699,1.);
#10699 = DIRECTION('',(0.,-1.));
#10700 = ( GEOMETRIC_REPRESENTATION_CONTEXT(2) 
PARAMETRIC_REPRESENTATION_CONTEXT() REPRESENTATION_CONTEXT('2D SPACE',''
  ) );
#10701 = ORIENTED_EDGE('',*,*,#10702,.F.);
#10702 = EDGE_CURVE('',#10703,#10680,#10705,.T.);
#10703 = VERTEX_POINT('',#10704);
#10704 = CARTESIAN_POINT('',(10.625,54.575,1.5));
#10705 = SURFACE_CURVE('',#10706,(#10710,#10716),.PCURVE_S1.);
#10706 = LINE('',#10707,#10708);
#10707 = CARTESIAN_POINT('',(10.625,0.4125,1.5));
#10708 = VECTOR('',#10709,1.);
#10709 = DIRECTION('',(-1.110223024625E-16,-1.,0.));
#10710 = PCURVE('',#4092,#10711);
#10711 = DEFINITIONAL_REPRESENTATION('',(#10712),#10715);
#10712 = B_SPLINE_CURVE_WITH_KNOTS('',1,(#10713,#10714),.UNSPECIFIED.,
  .F.,.F.,(2,2),(-54.1625,-15.4125),.PIECEWISE_BEZIER_KNOTS.);
#10713 = CARTESIAN_POINT('',(38.75,-1.5));
#10714 = CARTESIAN_POINT('',(0.,-1.5));
#10715 = ( GEOMETRIC_REPRESENTATION_CONTEXT(2) 
PARAMETRIC_REPRESENTATION_CONTEXT() REPRESENTATION_CONTEXT('2D SPACE',''
  ) );
#10716 = PCURVE('',#4464,#10717);
#10717 = DEFINITIONAL_REPRESENTATION('',(#10718),#10721);
#10718 = B_SPLINE_CURVE_WITH_KNOTS('',1,(#10719,#10720),.UNSPECIFIED.,
  .F.,.F.,(2,2),(-54.1625,-15.4125),.PIECEWISE_BEZIER_KNOTS.);
#10719 = CARTESIAN_POINT('',(85.825,69.575));
#10720 = CARTESIAN_POINT('',(85.825,30.825));
#10721 = ( GEOMETRIC_REPRESENTATION_CONTEXT(2) 
PARAMETRIC_REPRESENTATION_CONTEXT() REPRESENTATION_CONTEXT('2D SPACE',''
  ) );
#10722 = ORIENTED_EDGE('',*,*,#10723,.T.);
#10723 = EDGE_CURVE('',#10703,#4076,#10724,.T.);
#10724 = SURFACE_CURVE('',#10725,(#10729,#10736),.PCURVE_S1.);
#10725 = LINE('',#10726,#10727);
#10726 = CARTESIAN_POINT('',(10.625,54.575,5.));
#10727 = VECTOR('',#10728,1.);
#10728 = DIRECTION('',(0.,0.,-1.));
#10729 = PCURVE('',#4092,#10730);
#10730 = DEFINITIONAL_REPRESENTATION('',(#10731),#10735);
#10731 = LINE('',#10732,#10733);
#10732 = CARTESIAN_POINT('',(38.75,-5.));
#10733 = VECTOR('',#10734,1.);
#10734 = DIRECTION('',(0.,1.));
#10735 = ( GEOMETRIC_REPRESENTATION_CONTEXT(2) 
PARAMETRIC_REPRESENTATION_CONTEXT() REPRESENTATION_CONTEXT('2D SPACE',''
  ) );
#10736 = PCURVE('',#4124,#10737);
#10737 = DEFINITIONAL_REPRESENTATION('',(#10738),#10742);
#10738 = LINE('',#10739,#10740);
#10739 = CARTESIAN_POINT('',(0.,-5.));
#10740 = VECTOR('',#10741,1.);
#10741 = DIRECTION('',(-0.,1.));
#10742 = ( GEOMETRIC_REPRESENTATION_CONTEXT(2) 
PARAMETRIC_REPRESENTATION_CONTEXT() REPRESENTATION_CONTEXT('2D SPACE',''
  ) );
#10743 = ORIENTED_EDGE('',*,*,#4075,.T.);
#10744 = ADVANCED_FACE('',(#10745),#4181,.F.);
#10745 = FACE_BOUND('',#10746,.F.);
#10746 = EDGE_LOOP('',(#10747,#10770,#10796,#10797));
#10747 = ORIENTED_EDGE('',*,*,#10748,.T.);
#10748 = EDGE_CURVE('',#4137,#10749,#10751,.T.);
#10749 = VERTEX_POINT('',#10750);
#10750 = CARTESIAN_POINT('',(11.875,15.825,1.5));
#10751 = SURFACE_CURVE('',#10752,(#10756,#10763),.PCURVE_S1.);
#10752 = LINE('',#10753,#10754);
#10753 = CARTESIAN_POINT('',(11.875,15.825,-5.));
#10754 = VECTOR('',#10755,1.);
#10755 = DIRECTION('',(0.,0.,1.));
#10756 = PCURVE('',#4181,#10757);
#10757 = DEFINITIONAL_REPRESENTATION('',(#10758),#10762);
#10758 = LINE('',#10759,#10760);
#10759 = CARTESIAN_POINT('',(0.,5.));
#10760 = VECTOR('',#10761,1.);
#10761 = DIRECTION('',(0.,-1.));
#10762 = ( GEOMETRIC_REPRESENTATION_CONTEXT(2) 
PARAMETRIC_REPRESENTATION_CONTEXT() REPRESENTATION_CONTEXT('2D SPACE',''
  ) );
#10763 = PCURVE('',#4151,#10764);
#10764 = DEFINITIONAL_REPRESENTATION('',(#10765),#10769);
#10765 = LINE('',#10766,#10767);
#10766 = CARTESIAN_POINT('',(38.75,5.));
#10767 = VECTOR('',#10768,1.);
#10768 = DIRECTION('',(0.,-1.));
#10769 = ( GEOMETRIC_REPRESENTATION_CONTEXT(2) 
PARAMETRIC_REPRESENTATION_CONTEXT() REPRESENTATION_CONTEXT('2D SPACE',''
  ) );
#10770 = ORIENTED_EDGE('',*,*,#10771,.T.);
#10771 = EDGE_CURVE('',#10749,#10680,#10772,.T.);
#10772 = SURFACE_CURVE('',#10773,(#10778,#10785),.PCURVE_S1.);
#10773 = CIRCLE('',#10774,0.625);
#10774 = AXIS2_PLACEMENT_3D('',#10775,#10776,#10777);
#10775 = CARTESIAN_POINT('',(11.25,15.825,1.5));
#10776 = DIRECTION('',(0.,-0.,-1.));
#10777 = DIRECTION('',(1.,-1.110223024625E-16,0.));
#10778 = PCURVE('',#4181,#10779);
#10779 = DEFINITIONAL_REPRESENTATION('',(#10780),#10784);
#10780 = LINE('',#10781,#10782);
#10781 = CARTESIAN_POINT('',(0.,-1.5));
#10782 = VECTOR('',#10783,1.);
#10783 = DIRECTION('',(1.,0.));
#10784 = ( GEOMETRIC_REPRESENTATION_CONTEXT(2) 
PARAMETRIC_REPRESENTATION_CONTEXT() REPRESENTATION_CONTEXT('2D SPACE',''
  ) );
#10785 = PCURVE('',#4464,#10786);
#10786 = DEFINITIONAL_REPRESENTATION('',(#10787),#10795);
#10787 = ( BOUNDED_CURVE() B_SPLINE_CURVE(2,(#10788,#10789,#10790,#10791
    ,#10792,#10793,#10794),.UNSPECIFIED.,.T.,.F.) 
B_SPLINE_CURVE_WITH_KNOTS((1,2,2,2,2,1),(-2.094395102393,0.,
    2.094395102393,4.188790204786,6.28318530718,8.377580409573),
.UNSPECIFIED.) CURVE() GEOMETRIC_REPRESENTATION_ITEM() 
RATIONAL_B_SPLINE_CURVE((1.,0.5,1.,0.5,1.,0.5,1.)) REPRESENTATION_ITEM(
  '') );
#10788 = CARTESIAN_POINT('',(87.075,30.825));
#10789 = CARTESIAN_POINT('',(87.075,29.742468245269));
#10790 = CARTESIAN_POINT('',(86.1375,30.283734122635));
#10791 = CARTESIAN_POINT('',(85.2,30.825));
#10792 = CARTESIAN_POINT('',(86.1375,31.366265877365));
#10793 = CARTESIAN_POINT('',(87.075,31.907531754731));
#10794 = CARTESIAN_POINT('',(87.075,30.825));
#10795 = ( GEOMETRIC_REPRESENTATION_CONTEXT(2) 
PARAMETRIC_REPRESENTATION_CONTEXT() REPRESENTATION_CONTEXT('2D SPACE',''
  ) );
#10796 = ORIENTED_EDGE('',*,*,#10679,.F.);
#10797 = ORIENTED_EDGE('',*,*,#4162,.F.);
#10798 = ADVANCED_FACE('',(#10799),#4151,.F.);
#10799 = FACE_BOUND('',#10800,.F.);
#10800 = EDGE_LOOP('',(#10801,#10824,#10843,#10844));
#10801 = ORIENTED_EDGE('',*,*,#10802,.F.);
#10802 = EDGE_CURVE('',#10803,#4104,#10805,.T.);
#10803 = VERTEX_POINT('',#10804);
#10804 = CARTESIAN_POINT('',(11.875,54.575,1.5));
#10805 = SURFACE_CURVE('',#10806,(#10810,#10817),.PCURVE_S1.);
#10806 = LINE('',#10807,#10808);
#10807 = CARTESIAN_POINT('',(11.875,54.575,5.));
#10808 = VECTOR('',#10809,1.);
#10809 = DIRECTION('',(0.,0.,-1.));
#10810 = PCURVE('',#4151,#10811);
#10811 = DEFINITIONAL_REPRESENTATION('',(#10812),#10816);
#10812 = LINE('',#10813,#10814);
#10813 = CARTESIAN_POINT('',(0.,-5.));
#10814 = VECTOR('',#10815,1.);
#10815 = DIRECTION('',(-0.,1.));
#10816 = ( GEOMETRIC_REPRESENTATION_CONTEXT(2) 
PARAMETRIC_REPRESENTATION_CONTEXT() REPRESENTATION_CONTEXT('2D SPACE',''
  ) );
#10817 = PCURVE('',#4124,#10818);
#10818 = DEFINITIONAL_REPRESENTATION('',(#10819),#10823);
#10819 = LINE('',#10820,#10821);
#10820 = CARTESIAN_POINT('',(3.14159265359,-5.));
#10821 = VECTOR('',#10822,1.);
#10822 = DIRECTION('',(-0.,1.));
#10823 = ( GEOMETRIC_REPRESENTATION_CONTEXT(2) 
PARAMETRIC_REPRESENTATION_CONTEXT() REPRESENTATION_CONTEXT('2D SPACE',''
  ) );
#10824 = ORIENTED_EDGE('',*,*,#10825,.F.);
#10825 = EDGE_CURVE('',#10749,#10803,#10826,.T.);
#10826 = SURFACE_CURVE('',#10827,(#10831,#10837),.PCURVE_S1.);
#10827 = LINE('',#10828,#10829);
#10828 = CARTESIAN_POINT('',(11.875,19.7875,1.5));
#10829 = VECTOR('',#10830,1.);
#10830 = DIRECTION('',(1.110223024625E-16,1.,-0.));
#10831 = PCURVE('',#4151,#10832);
#10832 = DEFINITIONAL_REPRESENTATION('',(#10833),#10836);
#10833 = B_SPLINE_CURVE_WITH_KNOTS('',1,(#10834,#10835),.UNSPECIFIED.,
  .F.,.F.,(2,2),(-3.9625,34.7875),.PIECEWISE_BEZIER_KNOTS.);
#10834 = CARTESIAN_POINT('',(38.75,-1.5));
#10835 = CARTESIAN_POINT('',(0.,-1.5));
#10836 = ( GEOMETRIC_REPRESENTATION_CONTEXT(2) 
PARAMETRIC_REPRESENTATION_CONTEXT() REPRESENTATION_CONTEXT('2D SPACE',''
  ) );
#10837 = PCURVE('',#4464,#10838);
#10838 = DEFINITIONAL_REPRESENTATION('',(#10839),#10842);
#10839 = B_SPLINE_CURVE_WITH_KNOTS('',1,(#10840,#10841),.UNSPECIFIED.,
  .F.,.F.,(2,2),(-3.9625,34.7875),.PIECEWISE_BEZIER_KNOTS.);
#10840 = CARTESIAN_POINT('',(87.075,30.825));
#10841 = CARTESIAN_POINT('',(87.075,69.575));
#10842 = ( GEOMETRIC_REPRESENTATION_CONTEXT(2) 
PARAMETRIC_REPRESENTATION_CONTEXT() REPRESENTATION_CONTEXT('2D SPACE',''
  ) );
#10843 = ORIENTED_EDGE('',*,*,#10748,.F.);
#10844 = ORIENTED_EDGE('',*,*,#4136,.T.);
#10845 = ADVANCED_FACE('',(#10846),#4124,.F.);
#10846 = FACE_BOUND('',#10847,.F.);
#10847 = EDGE_LOOP('',(#10848,#10849,#10875,#10876));
#10848 = ORIENTED_EDGE('',*,*,#10723,.F.);
#10849 = ORIENTED_EDGE('',*,*,#10850,.T.);
#10850 = EDGE_CURVE('',#10703,#10803,#10851,.T.);
#10851 = SURFACE_CURVE('',#10852,(#10857,#10864),.PCURVE_S1.);
#10852 = CIRCLE('',#10853,0.625);
#10853 = AXIS2_PLACEMENT_3D('',#10854,#10855,#10856);
#10854 = CARTESIAN_POINT('',(11.25,54.575,1.5));
#10855 = DIRECTION('',(0.,0.,-1.));
#10856 = DIRECTION('',(-1.,1.110223024625E-16,0.));
#10857 = PCURVE('',#4124,#10858);
#10858 = DEFINITIONAL_REPRESENTATION('',(#10859),#10863);
#10859 = LINE('',#10860,#10861);
#10860 = CARTESIAN_POINT('',(0.,-1.5));
#10861 = VECTOR('',#10862,1.);
#10862 = DIRECTION('',(1.,0.));
#10863 = ( GEOMETRIC_REPRESENTATION_CONTEXT(2) 
PARAMETRIC_REPRESENTATION_CONTEXT() REPRESENTATION_CONTEXT('2D SPACE',''
  ) );
#10864 = PCURVE('',#4464,#10865);
#10865 = DEFINITIONAL_REPRESENTATION('',(#10866),#10874);
#10866 = ( BOUNDED_CURVE() B_SPLINE_CURVE(2,(#10867,#10868,#10869,#10870
    ,#10871,#10872,#10873),.UNSPECIFIED.,.T.,.F.) 
B_SPLINE_CURVE_WITH_KNOTS((1,2,2,2,2,1),(-2.094395102393,0.,
    2.094395102393,4.188790204786,6.28318530718,8.377580409573),
.UNSPECIFIED.) CURVE() GEOMETRIC_REPRESENTATION_ITEM() 
RATIONAL_B_SPLINE_CURVE((1.,0.5,1.,0.5,1.,0.5,1.)) REPRESENTATION_ITEM(
  '') );
#10867 = CARTESIAN_POINT('',(85.825,69.575));
#10868 = CARTESIAN_POINT('',(85.825,70.657531754731));
#10869 = CARTESIAN_POINT('',(86.7625,70.116265877365));
#10870 = CARTESIAN_POINT('',(87.7,69.575));
#10871 = CARTESIAN_POINT('',(86.7625,69.033734122635));
#10872 = CARTESIAN_POINT('',(85.825,68.492468245269));
#10873 = CARTESIAN_POINT('',(85.825,69.575));
#10874 = ( GEOMETRIC_REPRESENTATION_CONTEXT(2) 
PARAMETRIC_REPRESENTATION_CONTEXT() REPRESENTATION_CONTEXT('2D SPACE',''
  ) );
#10875 = ORIENTED_EDGE('',*,*,#10802,.T.);
#10876 = ORIENTED_EDGE('',*,*,#4103,.F.);
#10877 = ADVANCED_FACE('',(#10878),#4262,.F.);
#10878 = FACE_BOUND('',#10879,.T.);
#10879 = EDGE_LOOP('',(#10880,#10881,#10882,#10883));
#10880 = ORIENTED_EDGE('',*,*,#4301,.T.);
#10881 = ORIENTED_EDGE('',*,*,#4339,.T.);
#10882 = ORIENTED_EDGE('',*,*,#4388,.F.);
#10883 = ORIENTED_EDGE('',*,*,#4248,.F.);
#10884 = ADVANCED_FACE('',(#10885,#10903,#10909,#10915,#10921,#10927,
    #10933,#10939,#10945,#10951,#10957,#10963,#10969,#10975,#10981,
    #10987,#10993,#10999,#11005,#11011,#11017,#11023,#11137,#11143,
    #11149,#11155,#11161,#11167,#11173,#11179),#4464,.T.);
#10885 = FACE_BOUND('',#10886,.T.);
#10886 = EDGE_LOOP('',(#10887,#10888,#10889,#10890,#10891,#10892,#10893,
    #10894,#10895,#10896,#10897,#10898,#10899,#10900,#10901,#10902));
#10887 = ORIENTED_EDGE('',*,*,#4448,.F.);
#10888 = ORIENTED_EDGE('',*,*,#4575,.F.);
#10889 = ORIENTED_EDGE('',*,*,#4650,.T.);
#10890 = ORIENTED_EDGE('',*,*,#4746,.T.);
#10891 = ORIENTED_EDGE('',*,*,#4849,.F.);
#10892 = ORIENTED_EDGE('',*,*,#4950,.T.);
#10893 = ORIENTED_EDGE('',*,*,#5046,.T.);
#10894 = ORIENTED_EDGE('',*,*,#5144,.T.);
#10895 = ORIENTED_EDGE('',*,*,#5200,.T.);
#10896 = ORIENTED_EDGE('',*,*,#5120,.T.);
#10897 = ORIENTED_EDGE('',*,*,#4999,.F.);
#10898 = ORIENTED_EDGE('',*,*,#4898,.F.);
#10899 = ORIENTED_EDGE('',*,*,#4800,.T.);
#10900 = ORIENTED_EDGE('',*,*,#4699,.F.);
#10901 = ORIENTED_EDGE('',*,*,#4599,.F.);
#10902 = ORIENTED_EDGE('',*,*,#4500,.F.);
#10903 = FACE_BOUND('',#10904,.T.);
#10904 = EDGE_LOOP('',(#10905,#10906,#10907,#10908));
#10905 = ORIENTED_EDGE('',*,*,#5248,.F.);
#10906 = ORIENTED_EDGE('',*,*,#5295,.T.);
#10907 = ORIENTED_EDGE('',*,*,#5403,.F.);
#10908 = ORIENTED_EDGE('',*,*,#5371,.T.);
#10909 = FACE_BOUND('',#10910,.T.);
#10910 = EDGE_LOOP('',(#10911,#10912,#10913,#10914));
#10911 = ORIENTED_EDGE('',*,*,#5450,.F.);
#10912 = ORIENTED_EDGE('',*,*,#5497,.T.);
#10913 = ORIENTED_EDGE('',*,*,#5605,.F.);
#10914 = ORIENTED_EDGE('',*,*,#5573,.T.);
#10915 = FACE_BOUND('',#10916,.T.);
#10916 = EDGE_LOOP('',(#10917,#10918,#10919,#10920));
#10917 = ORIENTED_EDGE('',*,*,#5652,.F.);
#10918 = ORIENTED_EDGE('',*,*,#5699,.T.);
#10919 = ORIENTED_EDGE('',*,*,#5807,.F.);
#10920 = ORIENTED_EDGE('',*,*,#5775,.T.);
#10921 = FACE_BOUND('',#10922,.T.);
#10922 = EDGE_LOOP('',(#10923,#10924,#10925,#10926));
#10923 = ORIENTED_EDGE('',*,*,#5854,.F.);
#10924 = ORIENTED_EDGE('',*,*,#5901,.T.);
#10925 = ORIENTED_EDGE('',*,*,#6009,.F.);
#10926 = ORIENTED_EDGE('',*,*,#5977,.T.);
#10927 = FACE_BOUND('',#10928,.T.);
#10928 = EDGE_LOOP('',(#10929,#10930,#10931,#10932));
#10929 = ORIENTED_EDGE('',*,*,#6056,.F.);
#10930 = ORIENTED_EDGE('',*,*,#6103,.T.);
#10931 = ORIENTED_EDGE('',*,*,#6211,.F.);
#10932 = ORIENTED_EDGE('',*,*,#6179,.T.);
#10933 = FACE_BOUND('',#10934,.T.);
#10934 = EDGE_LOOP('',(#10935,#10936,#10937,#10938));
#10935 = ORIENTED_EDGE('',*,*,#6258,.F.);
#10936 = ORIENTED_EDGE('',*,*,#6305,.T.);
#10937 = ORIENTED_EDGE('',*,*,#6413,.F.);
#10938 = ORIENTED_EDGE('',*,*,#6381,.T.);
#10939 = FACE_BOUND('',#10940,.T.);
#10940 = EDGE_LOOP('',(#10941,#10942,#10943,#10944));
#10941 = ORIENTED_EDGE('',*,*,#6460,.F.);
#10942 = ORIENTED_EDGE('',*,*,#6507,.T.);
#10943 = ORIENTED_EDGE('',*,*,#6615,.F.);
#10944 = ORIENTED_EDGE('',*,*,#6583,.T.);
#10945 = FACE_BOUND('',#10946,.T.);
#10946 = EDGE_LOOP('',(#10947,#10948,#10949,#10950));
#10947 = ORIENTED_EDGE('',*,*,#6662,.F.);
#10948 = ORIENTED_EDGE('',*,*,#6709,.T.);
#10949 = ORIENTED_EDGE('',*,*,#6817,.F.);
#10950 = ORIENTED_EDGE('',*,*,#6785,.T.);
#10951 = FACE_BOUND('',#10952,.T.);
#10952 = EDGE_LOOP('',(#10953,#10954,#10955,#10956));
#10953 = ORIENTED_EDGE('',*,*,#6864,.F.);
#10954 = ORIENTED_EDGE('',*,*,#6911,.T.);
#10955 = ORIENTED_EDGE('',*,*,#7019,.F.);
#10956 = ORIENTED_EDGE('',*,*,#6987,.T.);
#10957 = FACE_BOUND('',#10958,.T.);
#10958 = EDGE_LOOP('',(#10959,#10960,#10961,#10962));
#10959 = ORIENTED_EDGE('',*,*,#7066,.F.);
#10960 = ORIENTED_EDGE('',*,*,#7113,.T.);
#10961 = ORIENTED_EDGE('',*,*,#7221,.F.);
#10962 = ORIENTED_EDGE('',*,*,#7189,.T.);
#10963 = FACE_BOUND('',#10964,.T.);
#10964 = EDGE_LOOP('',(#10965,#10966,#10967,#10968));
#10965 = ORIENTED_EDGE('',*,*,#7268,.F.);
#10966 = ORIENTED_EDGE('',*,*,#7315,.T.);
#10967 = ORIENTED_EDGE('',*,*,#7423,.F.);
#10968 = ORIENTED_EDGE('',*,*,#7391,.T.);
#10969 = FACE_BOUND('',#10970,.T.);
#10970 = EDGE_LOOP('',(#10971,#10972,#10973,#10974));
#10971 = ORIENTED_EDGE('',*,*,#7470,.F.);
#10972 = ORIENTED_EDGE('',*,*,#7517,.T.);
#10973 = ORIENTED_EDGE('',*,*,#7625,.F.);
#10974 = ORIENTED_EDGE('',*,*,#7593,.T.);
#10975 = FACE_BOUND('',#10976,.T.);
#10976 = EDGE_LOOP('',(#10977,#10978,#10979,#10980));
#10977 = ORIENTED_EDGE('',*,*,#7672,.F.);
#10978 = ORIENTED_EDGE('',*,*,#7719,.T.);
#10979 = ORIENTED_EDGE('',*,*,#7827,.F.);
#10980 = ORIENTED_EDGE('',*,*,#7795,.T.);
#10981 = FACE_BOUND('',#10982,.T.);
#10982 = EDGE_LOOP('',(#10983,#10984,#10985,#10986));
#10983 = ORIENTED_EDGE('',*,*,#7874,.F.);
#10984 = ORIENTED_EDGE('',*,*,#7921,.T.);
#10985 = ORIENTED_EDGE('',*,*,#8029,.F.);
#10986 = ORIENTED_EDGE('',*,*,#7997,.T.);
#10987 = FACE_BOUND('',#10988,.T.);
#10988 = EDGE_LOOP('',(#10989,#10990,#10991,#10992));
#10989 = ORIENTED_EDGE('',*,*,#8076,.F.);
#10990 = ORIENTED_EDGE('',*,*,#8123,.T.);
#10991 = ORIENTED_EDGE('',*,*,#8231,.F.);
#10992 = ORIENTED_EDGE('',*,*,#8199,.T.);
#10993 = FACE_BOUND('',#10994,.T.);
#10994 = EDGE_LOOP('',(#10995,#10996,#10997,#10998));
#10995 = ORIENTED_EDGE('',*,*,#8278,.F.);
#10996 = ORIENTED_EDGE('',*,*,#8325,.T.);
#10997 = ORIENTED_EDGE('',*,*,#8433,.F.);
#10998 = ORIENTED_EDGE('',*,*,#8401,.T.);
#10999 = FACE_BOUND('',#11000,.T.);
#11000 = EDGE_LOOP('',(#11001,#11002,#11003,#11004));
#11001 = ORIENTED_EDGE('',*,*,#8480,.F.);
#11002 = ORIENTED_EDGE('',*,*,#8527,.T.);
#11003 = ORIENTED_EDGE('',*,*,#8635,.F.);
#11004 = ORIENTED_EDGE('',*,*,#8603,.T.);
#11005 = FACE_BOUND('',#11006,.T.);
#11006 = EDGE_LOOP('',(#11007,#11008,#11009,#11010));
#11007 = ORIENTED_EDGE('',*,*,#8682,.F.);
#11008 = ORIENTED_EDGE('',*,*,#8729,.T.);
#11009 = ORIENTED_EDGE('',*,*,#8837,.F.);
#11010 = ORIENTED_EDGE('',*,*,#8805,.T.);
#11011 = FACE_BOUND('',#11012,.T.);
#11012 = EDGE_LOOP('',(#11013,#11014,#11015,#11016));
#11013 = ORIENTED_EDGE('',*,*,#8884,.F.);
#11014 = ORIENTED_EDGE('',*,*,#8931,.T.);
#11015 = ORIENTED_EDGE('',*,*,#9039,.F.);
#11016 = ORIENTED_EDGE('',*,*,#9007,.T.);
#11017 = FACE_BOUND('',#11018,.T.);
#11018 = EDGE_LOOP('',(#11019,#11020,#11021,#11022));
#11019 = ORIENTED_EDGE('',*,*,#9086,.F.);
#11020 = ORIENTED_EDGE('',*,*,#9133,.T.);
#11021 = ORIENTED_EDGE('',*,*,#9241,.F.);
#11022 = ORIENTED_EDGE('',*,*,#9209,.T.);
#11023 = FACE_BOUND('',#11024,.T.);
#11024 = EDGE_LOOP('',(#11025,#11055,#11083,#11111));
#11025 = ORIENTED_EDGE('',*,*,#11026,.T.);
#11026 = EDGE_CURVE('',#11027,#11029,#11031,.T.);
#11027 = VERTEX_POINT('',#11028);
#11028 = CARTESIAN_POINT('',(-15.,-15.,1.5));
#11029 = VERTEX_POINT('',#11030);
#11030 = CARTESIAN_POINT('',(-15.,15.,1.5));
#11031 = SURFACE_CURVE('',#11032,(#11036,#11043),.PCURVE_S1.);
#11032 = LINE('',#11033,#11034);
#11033 = CARTESIAN_POINT('',(-15.,-15.,1.5));
#11034 = VECTOR('',#11035,1.);
#11035 = DIRECTION('',(0.,1.,0.));
#11036 = PCURVE('',#4464,#11037);
#11037 = DEFINITIONAL_REPRESENTATION('',(#11038),#11042);
#11038 = LINE('',#11039,#11040);
#11039 = CARTESIAN_POINT('',(60.2,0.));
#11040 = VECTOR('',#11041,1.);
#11041 = DIRECTION('',(0.,1.));
#11042 = ( GEOMETRIC_REPRESENTATION_CONTEXT(2) 
PARAMETRIC_REPRESENTATION_CONTEXT() REPRESENTATION_CONTEXT('2D SPACE',''
  ) );
#11043 = PCURVE('',#11044,#11049);
#11044 = PLANE('',#11045);
#11045 = AXIS2_PLACEMENT_3D('',#11046,#11047,#11048);
#11046 = CARTESIAN_POINT('',(-15.,-15.,0.75));
#11047 = DIRECTION('',(1.,0.,0.));
#11048 = DIRECTION('',(0.,0.,1.));
#11049 = DEFINITIONAL_REPRESENTATION('',(#11050),#11054);
#11050 = LINE('',#11051,#11052);
#11051 = CARTESIAN_POINT('',(0.75,0.));
#11052 = VECTOR('',#11053,1.);
#11053 = DIRECTION('',(0.,-1.));
#11054 = ( GEOMETRIC_REPRESENTATION_CONTEXT(2) 
PARAMETRIC_REPRESENTATION_CONTEXT() REPRESENTATION_CONTEXT('2D SPACE',''
  ) );
#11055 = ORIENTED_EDGE('',*,*,#11056,.T.);
#11056 = EDGE_CURVE('',#11029,#11057,#11059,.T.);
#11057 = VERTEX_POINT('',#11058);
#11058 = CARTESIAN_POINT('',(15.,15.,1.5));
#11059 = SURFACE_CURVE('',#11060,(#11064,#11071),.PCURVE_S1.);
#11060 = LINE('',#11061,#11062);
#11061 = CARTESIAN_POINT('',(-15.,15.,1.5));
#11062 = VECTOR('',#11063,1.);
#11063 = DIRECTION('',(1.,0.,0.));
#11064 = PCURVE('',#4464,#11065);
#11065 = DEFINITIONAL_REPRESENTATION('',(#11066),#11070);
#11066 = LINE('',#11067,#11068);
#11067 = CARTESIAN_POINT('',(60.2,30.));
#11068 = VECTOR('',#11069,1.);
#11069 = DIRECTION('',(1.,0.));
#11070 = ( GEOMETRIC_REPRESENTATION_CONTEXT(2) 
PARAMETRIC_REPRESENTATION_CONTEXT() REPRESENTATION_CONTEXT('2D SPACE',''
  ) );
#11071 = PCURVE('',#11072,#11077);
#11072 = PLANE('',#11073);
#11073 = AXIS2_PLACEMENT_3D('',#11074,#11075,#11076);
#11074 = CARTESIAN_POINT('',(-15.,15.,0.75));
#11075 = DIRECTION('',(0.,1.,0.));
#11076 = DIRECTION('',(0.,0.,1.));
#11077 = DEFINITIONAL_REPRESENTATION('',(#11078),#11082);
#11078 = LINE('',#11079,#11080);
#11079 = CARTESIAN_POINT('',(0.75,0.));
#11080 = VECTOR('',#11081,1.);
#11081 = DIRECTION('',(0.,1.));
#11082 = ( GEOMETRIC_REPRESENTATION_CONTEXT(2) 
PARAMETRIC_REPRESENTATION_CONTEXT() REPRESENTATION_CONTEXT('2D SPACE',''
  ) );
#11083 = ORIENTED_EDGE('',*,*,#11084,.F.);
#11084 = EDGE_CURVE('',#11085,#11057,#11087,.T.);
#11085 = VERTEX_POINT('',#11086);
#11086 = CARTESIAN_POINT('',(15.,-15.,1.5));
#11087 = SURFACE_CURVE('',#11088,(#11092,#11099),.PCURVE_S1.);
#11088 = LINE('',#11089,#11090);
#11089 = CARTESIAN_POINT('',(15.,-15.,1.5));
#11090 = VECTOR('',#11091,1.);
#11091 = DIRECTION('',(0.,1.,0.));
#11092 = PCURVE('',#4464,#11093);
#11093 = DEFINITIONAL_REPRESENTATION('',(#11094),#11098);
#11094 = LINE('',#11095,#11096);
#11095 = CARTESIAN_POINT('',(90.2,0.));
#11096 = VECTOR('',#11097,1.);
#11097 = DIRECTION('',(0.,1.));
#11098 = ( GEOMETRIC_REPRESENTATION_CONTEXT(2) 
PARAMETRIC_REPRESENTATION_CONTEXT() REPRESENTATION_CONTEXT('2D SPACE',''
  ) );
#11099 = PCURVE('',#11100,#11105);
#11100 = PLANE('',#11101);
#11101 = AXIS2_PLACEMENT_3D('',#11102,#11103,#11104);
#11102 = CARTESIAN_POINT('',(15.,-15.,0.75));
#11103 = DIRECTION('',(1.,0.,0.));
#11104 = DIRECTION('',(0.,0.,1.));
#11105 = DEFINITIONAL_REPRESENTATION('',(#11106),#11110);
#11106 = LINE('',#11107,#11108);
#11107 = CARTESIAN_POINT('',(0.75,0.));
#11108 = VECTOR('',#11109,1.);
#11109 = DIRECTION('',(0.,-1.));
#11110 = ( GEOMETRIC_REPRESENTATION_CONTEXT(2) 
PARAMETRIC_REPRESENTATION_CONTEXT() REPRESENTATION_CONTEXT('2D SPACE',''
  ) );
#11111 = ORIENTED_EDGE('',*,*,#11112,.F.);
#11112 = EDGE_CURVE('',#11027,#11085,#11113,.T.);
#11113 = SURFACE_CURVE('',#11114,(#11118,#11125),.PCURVE_S1.);
#11114 = LINE('',#11115,#11116);
#11115 = CARTESIAN_POINT('',(-15.,-15.,1.5));
#11116 = VECTOR('',#11117,1.);
#11117 = DIRECTION('',(1.,0.,0.));
#11118 = PCURVE('',#4464,#11119);
#11119 = DEFINITIONAL_REPRESENTATION('',(#11120),#11124);
#11120 = LINE('',#11121,#11122);
#11121 = CARTESIAN_POINT('',(60.2,0.));
#11122 = VECTOR('',#11123,1.);
#11123 = DIRECTION('',(1.,0.));
#11124 = ( GEOMETRIC_REPRESENTATION_CONTEXT(2) 
PARAMETRIC_REPRESENTATION_CONTEXT() REPRESENTATION_CONTEXT('2D SPACE',''
  ) );
#11125 = PCURVE('',#11126,#11131);
#11126 = PLANE('',#11127);
#11127 = AXIS2_PLACEMENT_3D('',#11128,#11129,#11130);
#11128 = CARTESIAN_POINT('',(-15.,-15.,0.75));
#11129 = DIRECTION('',(0.,1.,0.));
#11130 = DIRECTION('',(0.,0.,1.));
#11131 = DEFINITIONAL_REPRESENTATION('',(#11132),#11136);
#11132 = LINE('',#11133,#11134);
#11133 = CARTESIAN_POINT('',(0.75,0.));
#11134 = VECTOR('',#11135,1.);
#11135 = DIRECTION('',(0.,1.));
#11136 = ( GEOMETRIC_REPRESENTATION_CONTEXT(2) 
PARAMETRIC_REPRESENTATION_CONTEXT() REPRESENTATION_CONTEXT('2D SPACE',''
  ) );
#11137 = FACE_BOUND('',#11138,.T.);
#11138 = EDGE_LOOP('',(#11139,#11140,#11141,#11142));
#11139 = ORIENTED_EDGE('',*,*,#9288,.F.);
#11140 = ORIENTED_EDGE('',*,*,#9335,.T.);
#11141 = ORIENTED_EDGE('',*,*,#9443,.F.);
#11142 = ORIENTED_EDGE('',*,*,#9411,.T.);
#11143 = FACE_BOUND('',#11144,.T.);
#11144 = EDGE_LOOP('',(#11145,#11146,#11147,#11148));
#11145 = ORIENTED_EDGE('',*,*,#9490,.F.);
#11146 = ORIENTED_EDGE('',*,*,#9537,.T.);
#11147 = ORIENTED_EDGE('',*,*,#9645,.F.);
#11148 = ORIENTED_EDGE('',*,*,#9613,.T.);
#11149 = FACE_BOUND('',#11150,.T.);
#11150 = EDGE_LOOP('',(#11151,#11152,#11153,#11154));
#11151 = ORIENTED_EDGE('',*,*,#9692,.F.);
#11152 = ORIENTED_EDGE('',*,*,#9739,.T.);
#11153 = ORIENTED_EDGE('',*,*,#9847,.F.);
#11154 = ORIENTED_EDGE('',*,*,#9815,.T.);
#11155 = FACE_BOUND('',#11156,.T.);
#11156 = EDGE_LOOP('',(#11157,#11158,#11159,#11160));
#11157 = ORIENTED_EDGE('',*,*,#9894,.F.);
#11158 = ORIENTED_EDGE('',*,*,#9941,.T.);
#11159 = ORIENTED_EDGE('',*,*,#10049,.F.);
#11160 = ORIENTED_EDGE('',*,*,#10017,.T.);
#11161 = FACE_BOUND('',#11162,.T.);
#11162 = EDGE_LOOP('',(#11163,#11164,#11165,#11166));
#11163 = ORIENTED_EDGE('',*,*,#10096,.F.);
#11164 = ORIENTED_EDGE('',*,*,#10143,.T.);
#11165 = ORIENTED_EDGE('',*,*,#10251,.F.);
#11166 = ORIENTED_EDGE('',*,*,#10219,.T.);
#11167 = FACE_BOUND('',#11168,.T.);
#11168 = EDGE_LOOP('',(#11169,#11170,#11171,#11172));
#11169 = ORIENTED_EDGE('',*,*,#10298,.F.);
#11170 = ORIENTED_EDGE('',*,*,#10345,.T.);
#11171 = ORIENTED_EDGE('',*,*,#10453,.F.);
#11172 = ORIENTED_EDGE('',*,*,#10421,.T.);
#11173 = FACE_BOUND('',#11174,.T.);
#11174 = EDGE_LOOP('',(#11175,#11176,#11177,#11178));
#11175 = ORIENTED_EDGE('',*,*,#10500,.F.);
#11176 = ORIENTED_EDGE('',*,*,#10547,.T.);
#11177 = ORIENTED_EDGE('',*,*,#10655,.F.);
#11178 = ORIENTED_EDGE('',*,*,#10623,.T.);
#11179 = FACE_BOUND('',#11180,.T.);
#11180 = EDGE_LOOP('',(#11181,#11182,#11183,#11184));
#11181 = ORIENTED_EDGE('',*,*,#10702,.F.);
#11182 = ORIENTED_EDGE('',*,*,#10850,.T.);
#11183 = ORIENTED_EDGE('',*,*,#10825,.F.);
#11184 = ORIENTED_EDGE('',*,*,#10771,.T.);
#11185 = ADVANCED_FACE('',(#11186),#11044,.T.);
#11186 = FACE_BOUND('',#11187,.T.);
#11187 = EDGE_LOOP('',(#11188,#11211,#11239,#11260));
#11188 = ORIENTED_EDGE('',*,*,#11189,.F.);
#11189 = EDGE_CURVE('',#11190,#11027,#11192,.T.);
#11190 = VERTEX_POINT('',#11191);
#11191 = CARTESIAN_POINT('',(-15.,-15.,1.49625));
#11192 = SURFACE_CURVE('',#11193,(#11197,#11204),.PCURVE_S1.);
#11193 = LINE('',#11194,#11195);
#11194 = CARTESIAN_POINT('',(-15.,-15.,0.75));
#11195 = VECTOR('',#11196,1.);
#11196 = DIRECTION('',(0.,0.,1.));
#11197 = PCURVE('',#11044,#11198);
#11198 = DEFINITIONAL_REPRESENTATION('',(#11199),#11203);
#11199 = LINE('',#11200,#11201);
#11200 = CARTESIAN_POINT('',(0.,0.));
#11201 = VECTOR('',#11202,1.);
#11202 = DIRECTION('',(1.,0.));
#11203 = ( GEOMETRIC_REPRESENTATION_CONTEXT(2) 
PARAMETRIC_REPRESENTATION_CONTEXT() REPRESENTATION_CONTEXT('2D SPACE',''
  ) );
#11204 = PCURVE('',#11126,#11205);
#11205 = DEFINITIONAL_REPRESENTATION('',(#11206),#11210);
#11206 = LINE('',#11207,#11208);
#11207 = CARTESIAN_POINT('',(0.,0.));
#11208 = VECTOR('',#11209,1.);
#11209 = DIRECTION('',(1.,0.));
#11210 = ( GEOMETRIC_REPRESENTATION_CONTEXT(2) 
PARAMETRIC_REPRESENTATION_CONTEXT() REPRESENTATION_CONTEXT('2D SPACE',''
  ) );
#11211 = ORIENTED_EDGE('',*,*,#11212,.T.);
#11212 = EDGE_CURVE('',#11190,#11213,#11215,.T.);
#11213 = VERTEX_POINT('',#11214);
#11214 = CARTESIAN_POINT('',(-15.,15.,1.49625));
#11215 = SURFACE_CURVE('',#11216,(#11220,#11227),.PCURVE_S1.);
#11216 = LINE('',#11217,#11218);
#11217 = CARTESIAN_POINT('',(-15.,-15.,1.49625));
#11218 = VECTOR('',#11219,1.);
#11219 = DIRECTION('',(0.,1.,0.));
#11220 = PCURVE('',#11044,#11221);
#11221 = DEFINITIONAL_REPRESENTATION('',(#11222),#11226);
#11222 = LINE('',#11223,#11224);
#11223 = CARTESIAN_POINT('',(0.74625,0.));
#11224 = VECTOR('',#11225,1.);
#11225 = DIRECTION('',(0.,-1.));
#11226 = ( GEOMETRIC_REPRESENTATION_CONTEXT(2) 
PARAMETRIC_REPRESENTATION_CONTEXT() REPRESENTATION_CONTEXT('2D SPACE',''
  ) );
#11227 = PCURVE('',#11228,#11233);
#11228 = CYLINDRICAL_SURFACE('',#11229,0.74625);
#11229 = AXIS2_PLACEMENT_3D('',#11230,#11231,#11232);
#11230 = CARTESIAN_POINT('',(-14.25375,-15.,1.49625));
#11231 = DIRECTION('',(0.,1.,0.));
#11232 = DIRECTION('',(-1.,0.,0.));
#11233 = DEFINITIONAL_REPRESENTATION('',(#11234),#11238);
#11234 = LINE('',#11235,#11236);
#11235 = CARTESIAN_POINT('',(-0.,0.));
#11236 = VECTOR('',#11237,1.);
#11237 = DIRECTION('',(-0.,1.));
#11238 = ( GEOMETRIC_REPRESENTATION_CONTEXT(2) 
PARAMETRIC_REPRESENTATION_CONTEXT() REPRESENTATION_CONTEXT('2D SPACE',''
  ) );
#11239 = ORIENTED_EDGE('',*,*,#11240,.T.);
#11240 = EDGE_CURVE('',#11213,#11029,#11241,.T.);
#11241 = SURFACE_CURVE('',#11242,(#11246,#11253),.PCURVE_S1.);
#11242 = LINE('',#11243,#11244);
#11243 = CARTESIAN_POINT('',(-15.,15.,0.75));
#11244 = VECTOR('',#11245,1.);
#11245 = DIRECTION('',(0.,0.,1.));
#11246 = PCURVE('',#11044,#11247);
#11247 = DEFINITIONAL_REPRESENTATION('',(#11248),#11252);
#11248 = LINE('',#11249,#11250);
#11249 = CARTESIAN_POINT('',(0.,-30.));
#11250 = VECTOR('',#11251,1.);
#11251 = DIRECTION('',(1.,0.));
#11252 = ( GEOMETRIC_REPRESENTATION_CONTEXT(2) 
PARAMETRIC_REPRESENTATION_CONTEXT() REPRESENTATION_CONTEXT('2D SPACE',''
  ) );
#11253 = PCURVE('',#11072,#11254);
#11254 = DEFINITIONAL_REPRESENTATION('',(#11255),#11259);
#11255 = LINE('',#11256,#11257);
#11256 = CARTESIAN_POINT('',(0.,0.));
#11257 = VECTOR('',#11258,1.);
#11258 = DIRECTION('',(1.,0.));
#11259 = ( GEOMETRIC_REPRESENTATION_CONTEXT(2) 
PARAMETRIC_REPRESENTATION_CONTEXT() REPRESENTATION_CONTEXT('2D SPACE',''
  ) );
#11260 = ORIENTED_EDGE('',*,*,#11026,.F.);
#11261 = ADVANCED_FACE('',(#11262),#11072,.F.);
#11262 = FACE_BOUND('',#11263,.F.);
#11263 = EDGE_LOOP('',(#11264,#11287,#11313,#11314));
#11264 = ORIENTED_EDGE('',*,*,#11265,.F.);
#11265 = EDGE_CURVE('',#11266,#11057,#11268,.T.);
#11266 = VERTEX_POINT('',#11267);
#11267 = CARTESIAN_POINT('',(15.,15.,1.49625));
#11268 = SURFACE_CURVE('',#11269,(#11273,#11280),.PCURVE_S1.);
#11269 = LINE('',#11270,#11271);
#11270 = CARTESIAN_POINT('',(15.,15.,0.75));
#11271 = VECTOR('',#11272,1.);
#11272 = DIRECTION('',(0.,0.,1.));
#11273 = PCURVE('',#11072,#11274);
#11274 = DEFINITIONAL_REPRESENTATION('',(#11275),#11279);
#11275 = LINE('',#11276,#11277);
#11276 = CARTESIAN_POINT('',(0.,30.));
#11277 = VECTOR('',#11278,1.);
#11278 = DIRECTION('',(1.,0.));
#11279 = ( GEOMETRIC_REPRESENTATION_CONTEXT(2) 
PARAMETRIC_REPRESENTATION_CONTEXT() REPRESENTATION_CONTEXT('2D SPACE',''
  ) );
#11280 = PCURVE('',#11100,#11281);
#11281 = DEFINITIONAL_REPRESENTATION('',(#11282),#11286);
#11282 = LINE('',#11283,#11284);
#11283 = CARTESIAN_POINT('',(0.,-30.));
#11284 = VECTOR('',#11285,1.);
#11285 = DIRECTION('',(1.,0.));
#11286 = ( GEOMETRIC_REPRESENTATION_CONTEXT(2) 
PARAMETRIC_REPRESENTATION_CONTEXT() REPRESENTATION_CONTEXT('2D SPACE',''
  ) );
#11287 = ORIENTED_EDGE('',*,*,#11288,.F.);
#11288 = EDGE_CURVE('',#11213,#11266,#11289,.T.);
#11289 = SURFACE_CURVE('',#11290,(#11294,#11301),.PCURVE_S1.);
#11290 = LINE('',#11291,#11292);
#11291 = CARTESIAN_POINT('',(-15.,15.,1.49625));
#11292 = VECTOR('',#11293,1.);
#11293 = DIRECTION('',(1.,0.,0.));
#11294 = PCURVE('',#11072,#11295);
#11295 = DEFINITIONAL_REPRESENTATION('',(#11296),#11300);
#11296 = LINE('',#11297,#11298);
#11297 = CARTESIAN_POINT('',(0.74625,0.));
#11298 = VECTOR('',#11299,1.);
#11299 = DIRECTION('',(0.,1.));
#11300 = ( GEOMETRIC_REPRESENTATION_CONTEXT(2) 
PARAMETRIC_REPRESENTATION_CONTEXT() REPRESENTATION_CONTEXT('2D SPACE',''
  ) );
#11301 = PCURVE('',#11302,#11307);
#11302 = CYLINDRICAL_SURFACE('',#11303,0.74625);
#11303 = AXIS2_PLACEMENT_3D('',#11304,#11305,#11306);
#11304 = CARTESIAN_POINT('',(-15.,14.25375,1.49625));
#11305 = DIRECTION('',(1.,0.,0.));
#11306 = DIRECTION('',(-0.,1.,0.));
#11307 = DEFINITIONAL_REPRESENTATION('',(#11308),#11312);
#11308 = LINE('',#11309,#11310);
#11309 = CARTESIAN_POINT('',(-0.,0.));
#11310 = VECTOR('',#11311,1.);
#11311 = DIRECTION('',(-0.,1.));
#11312 = ( GEOMETRIC_REPRESENTATION_CONTEXT(2) 
PARAMETRIC_REPRESENTATION_CONTEXT() REPRESENTATION_CONTEXT('2D SPACE',''
  ) );
#11313 = ORIENTED_EDGE('',*,*,#11240,.T.);
#11314 = ORIENTED_EDGE('',*,*,#11056,.T.);
#11315 = ADVANCED_FACE('',(#11316),#11126,.T.);
#11316 = FACE_BOUND('',#11317,.T.);
#11317 = EDGE_LOOP('',(#11318,#11341,#11367,#11368));
#11318 = ORIENTED_EDGE('',*,*,#11319,.F.);
#11319 = EDGE_CURVE('',#11320,#11085,#11322,.T.);
#11320 = VERTEX_POINT('',#11321);
#11321 = CARTESIAN_POINT('',(15.,-15.,1.49625));
#11322 = SURFACE_CURVE('',#11323,(#11327,#11334),.PCURVE_S1.);
#11323 = LINE('',#11324,#11325);
#11324 = CARTESIAN_POINT('',(15.,-15.,0.75));
#11325 = VECTOR('',#11326,1.);
#11326 = DIRECTION('',(0.,0.,1.));
#11327 = PCURVE('',#11126,#11328);
#11328 = DEFINITIONAL_REPRESENTATION('',(#11329),#11333);
#11329 = LINE('',#11330,#11331);
#11330 = CARTESIAN_POINT('',(0.,30.));
#11331 = VECTOR('',#11332,1.);
#11332 = DIRECTION('',(1.,0.));
#11333 = ( GEOMETRIC_REPRESENTATION_CONTEXT(2) 
PARAMETRIC_REPRESENTATION_CONTEXT() REPRESENTATION_CONTEXT('2D SPACE',''
  ) );
#11334 = PCURVE('',#11100,#11335);
#11335 = DEFINITIONAL_REPRESENTATION('',(#11336),#11340);
#11336 = LINE('',#11337,#11338);
#11337 = CARTESIAN_POINT('',(0.,0.));
#11338 = VECTOR('',#11339,1.);
#11339 = DIRECTION('',(1.,0.));
#11340 = ( GEOMETRIC_REPRESENTATION_CONTEXT(2) 
PARAMETRIC_REPRESENTATION_CONTEXT() REPRESENTATION_CONTEXT('2D SPACE',''
  ) );
#11341 = ORIENTED_EDGE('',*,*,#11342,.F.);
#11342 = EDGE_CURVE('',#11190,#11320,#11343,.T.);
#11343 = SURFACE_CURVE('',#11344,(#11348,#11355),.PCURVE_S1.);
#11344 = LINE('',#11345,#11346);
#11345 = CARTESIAN_POINT('',(-15.,-15.,1.49625));
#11346 = VECTOR('',#11347,1.);
#11347 = DIRECTION('',(1.,0.,0.));
#11348 = PCURVE('',#11126,#11349);
#11349 = DEFINITIONAL_REPRESENTATION('',(#11350),#11354);
#11350 = LINE('',#11351,#11352);
#11351 = CARTESIAN_POINT('',(0.74625,0.));
#11352 = VECTOR('',#11353,1.);
#11353 = DIRECTION('',(0.,1.));
#11354 = ( GEOMETRIC_REPRESENTATION_CONTEXT(2) 
PARAMETRIC_REPRESENTATION_CONTEXT() REPRESENTATION_CONTEXT('2D SPACE',''
  ) );
#11355 = PCURVE('',#11356,#11361);
#11356 = CYLINDRICAL_SURFACE('',#11357,0.74625);
#11357 = AXIS2_PLACEMENT_3D('',#11358,#11359,#11360);
#11358 = CARTESIAN_POINT('',(-15.,-14.25375,1.49625));
#11359 = DIRECTION('',(1.,0.,0.));
#11360 = DIRECTION('',(0.,-1.,0.));
#11361 = DEFINITIONAL_REPRESENTATION('',(#11362),#11366);
#11362 = LINE('',#11363,#11364);
#11363 = CARTESIAN_POINT('',(0.,0.));
#11364 = VECTOR('',#11365,1.);
#11365 = DIRECTION('',(0.,1.));
#11366 = ( GEOMETRIC_REPRESENTATION_CONTEXT(2) 
PARAMETRIC_REPRESENTATION_CONTEXT() REPRESENTATION_CONTEXT('2D SPACE',''
  ) );
#11367 = ORIENTED_EDGE('',*,*,#11189,.T.);
#11368 = ORIENTED_EDGE('',*,*,#11112,.T.);
#11369 = ADVANCED_FACE('',(#11370),#11100,.F.);
#11370 = FACE_BOUND('',#11371,.F.);
#11371 = EDGE_LOOP('',(#11372,#11373,#11399,#11400));
#11372 = ORIENTED_EDGE('',*,*,#11319,.F.);
#11373 = ORIENTED_EDGE('',*,*,#11374,.T.);
#11374 = EDGE_CURVE('',#11320,#11266,#11375,.T.);
#11375 = SURFACE_CURVE('',#11376,(#11380,#11387),.PCURVE_S1.);
#11376 = LINE('',#11377,#11378);
#11377 = CARTESIAN_POINT('',(15.,-15.,1.49625));
#11378 = VECTOR('',#11379,1.);
#11379 = DIRECTION('',(0.,1.,0.));
#11380 = PCURVE('',#11100,#11381);
#11381 = DEFINITIONAL_REPRESENTATION('',(#11382),#11386);
#11382 = LINE('',#11383,#11384);
#11383 = CARTESIAN_POINT('',(0.74625,0.));
#11384 = VECTOR('',#11385,1.);
#11385 = DIRECTION('',(0.,-1.));
#11386 = ( GEOMETRIC_REPRESENTATION_CONTEXT(2) 
PARAMETRIC_REPRESENTATION_CONTEXT() REPRESENTATION_CONTEXT('2D SPACE',''
  ) );
#11387 = PCURVE('',#11388,#11393);
#11388 = CYLINDRICAL_SURFACE('',#11389,0.74625);
#11389 = AXIS2_PLACEMENT_3D('',#11390,#11391,#11392);
#11390 = CARTESIAN_POINT('',(14.25375,-15.,1.49625));
#11391 = DIRECTION('',(0.,1.,0.));
#11392 = DIRECTION('',(1.,0.,-0.));
#11393 = DEFINITIONAL_REPRESENTATION('',(#11394),#11398);
#11394 = LINE('',#11395,#11396);
#11395 = CARTESIAN_POINT('',(0.,0.));
#11396 = VECTOR('',#11397,1.);
#11397 = DIRECTION('',(0.,1.));
#11398 = ( GEOMETRIC_REPRESENTATION_CONTEXT(2) 
PARAMETRIC_REPRESENTATION_CONTEXT() REPRESENTATION_CONTEXT('2D SPACE',''
  ) );
#11399 = ORIENTED_EDGE('',*,*,#11265,.T.);
#11400 = ORIENTED_EDGE('',*,*,#11084,.F.);
#11401 = ADVANCED_FACE('',(#11402),#11228,.F.);
#11402 = FACE_BOUND('',#11403,.T.);
#11403 = EDGE_LOOP('',(#11404,#11438,#11466,#11498));
#11404 = ORIENTED_EDGE('',*,*,#11405,.T.);
#11405 = EDGE_CURVE('',#11190,#11406,#11408,.T.);
#11406 = VERTEX_POINT('',#11407);
#11407 = CARTESIAN_POINT('',(-14.25375,-14.25375,0.75));
#11408 = SURFACE_CURVE('',#11409,(#11414,#11426),.PCURVE_S1.);
#11409 = ELLIPSE('',#11410,1.055356870921,0.74625);
#11410 = AXIS2_PLACEMENT_3D('',#11411,#11412,#11413);
#11411 = CARTESIAN_POINT('',(-14.25375,-14.25375,1.49625));
#11412 = DIRECTION('',(0.707106781187,-0.707106781187,-0.));
#11413 = DIRECTION('',(0.707106781187,0.707106781187,0.));
#11414 = PCURVE('',#11228,#11415);
#11415 = DEFINITIONAL_REPRESENTATION('',(#11416),#11425);
#11416 = B_SPLINE_CURVE_WITH_KNOTS('',7,(#11417,#11418,#11419,#11420,
    #11421,#11422,#11423,#11424),.UNSPECIFIED.,.F.,.F.,(8,8),(
    3.14159265359,4.712388980385),.PIECEWISE_BEZIER_KNOTS.);
#11417 = CARTESIAN_POINT('',(0.,0.));
#11418 = CARTESIAN_POINT('',(-0.224399475256,2.050770364557E-17));
#11419 = CARTESIAN_POINT('',(-0.448798950513,4.384119693517E-02));
#11420 = CARTESIAN_POINT('',(-0.673198425769,0.131517230924));
#11421 = CARTESIAN_POINT('',(-0.897597901026,0.257645181266));
#11422 = CARTESIAN_POINT('',(-1.121997376282,0.411334463158));
#11423 = CARTESIAN_POINT('',(-1.346396851538,0.57879189159));
#11424 = CARTESIAN_POINT('',(-1.570796326795,0.74625));
#11425 = ( GEOMETRIC_REPRESENTATION_CONTEXT(2) 
PARAMETRIC_REPRESENTATION_CONTEXT() REPRESENTATION_CONTEXT('2D SPACE',''
  ) );
#11426 = PCURVE('',#11356,#11427);
#11427 = DEFINITIONAL_REPRESENTATION('',(#11428),#11437);
#11428 = B_SPLINE_CURVE_WITH_KNOTS('',7,(#11429,#11430,#11431,#11432,
    #11433,#11434,#11435,#11436),.UNSPECIFIED.,.F.,.F.,(8,8),(
    3.14159265359,4.712388980385),.PIECEWISE_BEZIER_KNOTS.);
#11429 = CARTESIAN_POINT('',(0.,0.));
#11430 = CARTESIAN_POINT('',(0.224399475256,2.050770364557E-17));
#11431 = CARTESIAN_POINT('',(0.448798950513,4.384119693517E-02));
#11432 = CARTESIAN_POINT('',(0.673198425769,0.131517230924));
#11433 = CARTESIAN_POINT('',(0.897597901026,0.257645181266));
#11434 = CARTESIAN_POINT('',(1.121997376282,0.411334463158));
#11435 = CARTESIAN_POINT('',(1.346396851538,0.57879189159));
#11436 = CARTESIAN_POINT('',(1.570796326795,0.74625));
#11437 = ( GEOMETRIC_REPRESENTATION_CONTEXT(2) 
PARAMETRIC_REPRESENTATION_CONTEXT() REPRESENTATION_CONTEXT('2D SPACE',''
  ) );
#11438 = ORIENTED_EDGE('',*,*,#11439,.T.);
#11439 = EDGE_CURVE('',#11406,#11440,#11442,.T.);
#11440 = VERTEX_POINT('',#11441);
#11441 = CARTESIAN_POINT('',(-14.25375,14.25375,0.75));
#11442 = SURFACE_CURVE('',#11443,(#11447,#11454),.PCURVE_S1.);
#11443 = LINE('',#11444,#11445);
#11444 = CARTESIAN_POINT('',(-14.25375,-15.,0.75));
#11445 = VECTOR('',#11446,1.);
#11446 = DIRECTION('',(0.,1.,0.));
#11447 = PCURVE('',#11228,#11448);
#11448 = DEFINITIONAL_REPRESENTATION('',(#11449),#11453);
#11449 = LINE('',#11450,#11451);
#11450 = CARTESIAN_POINT('',(-1.570796326795,0.));
#11451 = VECTOR('',#11452,1.);
#11452 = DIRECTION('',(-0.,1.));
#11453 = ( GEOMETRIC_REPRESENTATION_CONTEXT(2) 
PARAMETRIC_REPRESENTATION_CONTEXT() REPRESENTATION_CONTEXT('2D SPACE',''
  ) );
#11454 = PCURVE('',#11455,#11460);
#11455 = PLANE('',#11456);
#11456 = AXIS2_PLACEMENT_3D('',#11457,#11458,#11459);
#11457 = CARTESIAN_POINT('',(-15.,-15.,0.75));
#11458 = DIRECTION('',(0.,0.,1.));
#11459 = DIRECTION('',(1.,0.,0.));
#11460 = DEFINITIONAL_REPRESENTATION('',(#11461),#11465);
#11461 = LINE('',#11462,#11463);
#11462 = CARTESIAN_POINT('',(0.74625,0.));
#11463 = VECTOR('',#11464,1.);
#11464 = DIRECTION('',(0.,1.));
#11465 = ( GEOMETRIC_REPRESENTATION_CONTEXT(2) 
PARAMETRIC_REPRESENTATION_CONTEXT() REPRESENTATION_CONTEXT('2D SPACE',''
  ) );
#11466 = ORIENTED_EDGE('',*,*,#11467,.F.);
#11467 = EDGE_CURVE('',#11213,#11440,#11468,.T.);
#11468 = SURFACE_CURVE('',#11469,(#11474,#11486),.PCURVE_S1.);
#11469 = ELLIPSE('',#11470,1.055356870921,0.74625);
#11470 = AXIS2_PLACEMENT_3D('',#11471,#11472,#11473);
#11471 = CARTESIAN_POINT('',(-14.25375,14.25375,1.49625));
#11472 = DIRECTION('',(-0.707106781187,-0.707106781187,-0.));
#11473 = DIRECTION('',(-0.707106781187,0.707106781187,0.));
#11474 = PCURVE('',#11228,#11475);
#11475 = DEFINITIONAL_REPRESENTATION('',(#11476),#11485);
#11476 = B_SPLINE_CURVE_WITH_KNOTS('',7,(#11477,#11478,#11479,#11480,
    #11481,#11482,#11483,#11484),.UNSPECIFIED.,.F.,.F.,(8,8),(0.,
    1.570796326795),.PIECEWISE_BEZIER_KNOTS.);
#11477 = CARTESIAN_POINT('',(-2.975472092798E-16,30.));
#11478 = CARTESIAN_POINT('',(-0.224399475256,30.));
#11479 = CARTESIAN_POINT('',(-0.448798950513,29.956158803067));
#11480 = CARTESIAN_POINT('',(-0.673198425769,29.868482769074));
#11481 = CARTESIAN_POINT('',(-0.897597901025,29.742354818736));
#11482 = CARTESIAN_POINT('',(-1.121997376282,29.588665536838));
#11483 = CARTESIAN_POINT('',(-1.346396851538,29.42120810841));
#11484 = CARTESIAN_POINT('',(-1.570796326795,29.25375));
#11485 = ( GEOMETRIC_REPRESENTATION_CONTEXT(2) 
PARAMETRIC_REPRESENTATION_CONTEXT() REPRESENTATION_CONTEXT('2D SPACE',''
  ) );
#11486 = PCURVE('',#11302,#11487);
#11487 = DEFINITIONAL_REPRESENTATION('',(#11488),#11497);
#11488 = B_SPLINE_CURVE_WITH_KNOTS('',7,(#11489,#11490,#11491,#11492,
    #11493,#11494,#11495,#11496),.UNSPECIFIED.,.F.,.F.,(8,8),(0.,
    1.570796326795),.PIECEWISE_BEZIER_KNOTS.);
#11489 = CARTESIAN_POINT('',(-2.975472092798E-16,0.));
#11490 = CARTESIAN_POINT('',(-0.224399475256,4.101540729114E-17));
#11491 = CARTESIAN_POINT('',(-0.448798950513,4.384119693517E-02));
#11492 = CARTESIAN_POINT('',(-0.673198425769,0.131517230924));
#11493 = CARTESIAN_POINT('',(-0.897597901025,0.257645181266));
#11494 = CARTESIAN_POINT('',(-1.121997376282,0.411334463158));
#11495 = CARTESIAN_POINT('',(-1.346396851538,0.57879189159));
#11496 = CARTESIAN_POINT('',(-1.570796326795,0.74625));
#11497 = ( GEOMETRIC_REPRESENTATION_CONTEXT(2) 
PARAMETRIC_REPRESENTATION_CONTEXT() REPRESENTATION_CONTEXT('2D SPACE',''
  ) );
#11498 = ORIENTED_EDGE('',*,*,#11212,.F.);
#11499 = ADVANCED_FACE('',(#11500),#11302,.F.);
#11500 = FACE_BOUND('',#11501,.T.);
#11501 = EDGE_LOOP('',(#11502,#11503,#11526,#11558));
#11502 = ORIENTED_EDGE('',*,*,#11467,.T.);
#11503 = ORIENTED_EDGE('',*,*,#11504,.T.);
#11504 = EDGE_CURVE('',#11440,#11505,#11507,.T.);
#11505 = VERTEX_POINT('',#11506);
#11506 = CARTESIAN_POINT('',(14.25375,14.25375,0.75));
#11507 = SURFACE_CURVE('',#11508,(#11512,#11519),.PCURVE_S1.);
#11508 = LINE('',#11509,#11510);
#11509 = CARTESIAN_POINT('',(-15.,14.25375,0.75));
#11510 = VECTOR('',#11511,1.);
#11511 = DIRECTION('',(1.,0.,0.));
#11512 = PCURVE('',#11302,#11513);
#11513 = DEFINITIONAL_REPRESENTATION('',(#11514),#11518);
#11514 = LINE('',#11515,#11516);
#11515 = CARTESIAN_POINT('',(-1.570796326795,0.));
#11516 = VECTOR('',#11517,1.);
#11517 = DIRECTION('',(-0.,1.));
#11518 = ( GEOMETRIC_REPRESENTATION_CONTEXT(2) 
PARAMETRIC_REPRESENTATION_CONTEXT() REPRESENTATION_CONTEXT('2D SPACE',''
  ) );
#11519 = PCURVE('',#11455,#11520);
#11520 = DEFINITIONAL_REPRESENTATION('',(#11521),#11525);
#11521 = LINE('',#11522,#11523);
#11522 = CARTESIAN_POINT('',(0.,29.25375));
#11523 = VECTOR('',#11524,1.);
#11524 = DIRECTION('',(1.,0.));
#11525 = ( GEOMETRIC_REPRESENTATION_CONTEXT(2) 
PARAMETRIC_REPRESENTATION_CONTEXT() REPRESENTATION_CONTEXT('2D SPACE',''
  ) );
#11526 = ORIENTED_EDGE('',*,*,#11527,.F.);
#11527 = EDGE_CURVE('',#11266,#11505,#11528,.T.);
#11528 = SURFACE_CURVE('',#11529,(#11534,#11546),.PCURVE_S1.);
#11529 = ELLIPSE('',#11530,1.055356870921,0.74625);
#11530 = AXIS2_PLACEMENT_3D('',#11531,#11532,#11533);
#11531 = CARTESIAN_POINT('',(14.25375,14.25375,1.49625));
#11532 = DIRECTION('',(-0.707106781187,0.707106781187,0.));
#11533 = DIRECTION('',(0.707106781187,0.707106781187,0.));
#11534 = PCURVE('',#11302,#11535);
#11535 = DEFINITIONAL_REPRESENTATION('',(#11536),#11545);
#11536 = B_SPLINE_CURVE_WITH_KNOTS('',7,(#11537,#11538,#11539,#11540,
    #11541,#11542,#11543,#11544),.UNSPECIFIED.,.F.,.F.,(8,8),(0.,
    1.570796326795),.PIECEWISE_BEZIER_KNOTS.);
#11537 = CARTESIAN_POINT('',(0.,30.));
#11538 = CARTESIAN_POINT('',(-0.224399475256,30.));
#11539 = CARTESIAN_POINT('',(-0.448798950513,29.956158803067));
#11540 = CARTESIAN_POINT('',(-0.673198425769,29.86848276907));
#11541 = CARTESIAN_POINT('',(-0.897597901025,29.742354818736));
#11542 = CARTESIAN_POINT('',(-1.121997376282,29.588665536838));
#11543 = CARTESIAN_POINT('',(-1.346396851538,29.42120810841));
#11544 = CARTESIAN_POINT('',(-1.570796326795,29.25375));
#11545 = ( GEOMETRIC_REPRESENTATION_CONTEXT(2) 
PARAMETRIC_REPRESENTATION_CONTEXT() REPRESENTATION_CONTEXT('2D SPACE',''
  ) );
#11546 = PCURVE('',#11388,#11547);
#11547 = DEFINITIONAL_REPRESENTATION('',(#11548),#11557);
#11548 = B_SPLINE_CURVE_WITH_KNOTS('',7,(#11549,#11550,#11551,#11552,
    #11553,#11554,#11555,#11556),.UNSPECIFIED.,.F.,.F.,(8,8),(0.,
    1.570796326795),.PIECEWISE_BEZIER_KNOTS.);
#11549 = CARTESIAN_POINT('',(0.,30.));
#11550 = CARTESIAN_POINT('',(0.224399475256,30.));
#11551 = CARTESIAN_POINT('',(0.448798950513,29.956158803067));
#11552 = CARTESIAN_POINT('',(0.673198425769,29.86848276907));
#11553 = CARTESIAN_POINT('',(0.897597901025,29.742354818736));
#11554 = CARTESIAN_POINT('',(1.121997376282,29.588665536838));
#11555 = CARTESIAN_POINT('',(1.346396851538,29.42120810841));
#11556 = CARTESIAN_POINT('',(1.570796326795,29.25375));
#11557 = ( GEOMETRIC_REPRESENTATION_CONTEXT(2) 
PARAMETRIC_REPRESENTATION_CONTEXT() REPRESENTATION_CONTEXT('2D SPACE',''
  ) );
#11558 = ORIENTED_EDGE('',*,*,#11288,.F.);
#11559 = ADVANCED_FACE('',(#11560),#11356,.F.);
#11560 = FACE_BOUND('',#11561,.F.);
#11561 = EDGE_LOOP('',(#11562,#11563,#11586,#11618));
#11562 = ORIENTED_EDGE('',*,*,#11405,.T.);
#11563 = ORIENTED_EDGE('',*,*,#11564,.T.);
#11564 = EDGE_CURVE('',#11406,#11565,#11567,.T.);
#11565 = VERTEX_POINT('',#11566);
#11566 = CARTESIAN_POINT('',(14.25375,-14.25375,0.75));
#11567 = SURFACE_CURVE('',#11568,(#11572,#11579),.PCURVE_S1.);
#11568 = LINE('',#11569,#11570);
#11569 = CARTESIAN_POINT('',(-15.,-14.25375,0.75));
#11570 = VECTOR('',#11571,1.);
#11571 = DIRECTION('',(1.,0.,0.));
#11572 = PCURVE('',#11356,#11573);
#11573 = DEFINITIONAL_REPRESENTATION('',(#11574),#11578);
#11574 = LINE('',#11575,#11576);
#11575 = CARTESIAN_POINT('',(1.570796326795,0.));
#11576 = VECTOR('',#11577,1.);
#11577 = DIRECTION('',(0.,1.));
#11578 = ( GEOMETRIC_REPRESENTATION_CONTEXT(2) 
PARAMETRIC_REPRESENTATION_CONTEXT() REPRESENTATION_CONTEXT('2D SPACE',''
  ) );
#11579 = PCURVE('',#11455,#11580);
#11580 = DEFINITIONAL_REPRESENTATION('',(#11581),#11585);
#11581 = LINE('',#11582,#11583);
#11582 = CARTESIAN_POINT('',(0.,0.74625));
#11583 = VECTOR('',#11584,1.);
#11584 = DIRECTION('',(1.,0.));
#11585 = ( GEOMETRIC_REPRESENTATION_CONTEXT(2) 
PARAMETRIC_REPRESENTATION_CONTEXT() REPRESENTATION_CONTEXT('2D SPACE',''
  ) );
#11586 = ORIENTED_EDGE('',*,*,#11587,.F.);
#11587 = EDGE_CURVE('',#11320,#11565,#11588,.T.);
#11588 = SURFACE_CURVE('',#11589,(#11594,#11606),.PCURVE_S1.);
#11589 = ELLIPSE('',#11590,1.055356870921,0.74625);
#11590 = AXIS2_PLACEMENT_3D('',#11591,#11592,#11593);
#11591 = CARTESIAN_POINT('',(14.25375,-14.25375,1.49625));
#11592 = DIRECTION('',(0.707106781187,0.707106781187,0.));
#11593 = DIRECTION('',(0.707106781187,-0.707106781187,0.));
#11594 = PCURVE('',#11356,#11595);
#11595 = DEFINITIONAL_REPRESENTATION('',(#11596),#11605);
#11596 = B_SPLINE_CURVE_WITH_KNOTS('',7,(#11597,#11598,#11599,#11600,
    #11601,#11602,#11603,#11604),.UNSPECIFIED.,.F.,.F.,(8,8),(0.,
    1.570796326795),.PIECEWISE_BEZIER_KNOTS.);
#11597 = CARTESIAN_POINT('',(0.,30.));
#11598 = CARTESIAN_POINT('',(0.224399475256,30.));
#11599 = CARTESIAN_POINT('',(0.448798950513,29.956158803067));
#11600 = CARTESIAN_POINT('',(0.673198425769,29.86848276907));
#11601 = CARTESIAN_POINT('',(0.897597901025,29.742354818736));
#11602 = CARTESIAN_POINT('',(1.121997376282,29.588665536838));
#11603 = CARTESIAN_POINT('',(1.346396851538,29.42120810841));
#11604 = CARTESIAN_POINT('',(1.570796326795,29.25375));
#11605 = ( GEOMETRIC_REPRESENTATION_CONTEXT(2) 
PARAMETRIC_REPRESENTATION_CONTEXT() REPRESENTATION_CONTEXT('2D SPACE',''
  ) );
#11606 = PCURVE('',#11388,#11607);
#11607 = DEFINITIONAL_REPRESENTATION('',(#11608),#11617);
#11608 = B_SPLINE_CURVE_WITH_KNOTS('',7,(#11609,#11610,#11611,#11612,
    #11613,#11614,#11615,#11616),.UNSPECIFIED.,.F.,.F.,(8,8),(0.,
    1.570796326795),.PIECEWISE_BEZIER_KNOTS.);
#11609 = CARTESIAN_POINT('',(0.,0.));
#11610 = CARTESIAN_POINT('',(0.224399475256,0.));
#11611 = CARTESIAN_POINT('',(0.448798950513,4.384119693519E-02));
#11612 = CARTESIAN_POINT('',(0.673198425769,0.131517230924));
#11613 = CARTESIAN_POINT('',(0.897597901025,0.257645181266));
#11614 = CARTESIAN_POINT('',(1.121997376282,0.411334463158));
#11615 = CARTESIAN_POINT('',(1.346396851538,0.57879189159));
#11616 = CARTESIAN_POINT('',(1.570796326795,0.74625));
#11617 = ( GEOMETRIC_REPRESENTATION_CONTEXT(2) 
PARAMETRIC_REPRESENTATION_CONTEXT() REPRESENTATION_CONTEXT('2D SPACE',''
  ) );
#11618 = ORIENTED_EDGE('',*,*,#11342,.F.);
#11619 = ADVANCED_FACE('',(#11620),#11388,.F.);
#11620 = FACE_BOUND('',#11621,.F.);
#11621 = EDGE_LOOP('',(#11622,#11623,#11644,#11645));
#11622 = ORIENTED_EDGE('',*,*,#11587,.T.);
#11623 = ORIENTED_EDGE('',*,*,#11624,.T.);
#11624 = EDGE_CURVE('',#11565,#11505,#11625,.T.);
#11625 = SURFACE_CURVE('',#11626,(#11630,#11637),.PCURVE_S1.);
#11626 = LINE('',#11627,#11628);
#11627 = CARTESIAN_POINT('',(14.25375,-15.,0.75));
#11628 = VECTOR('',#11629,1.);
#11629 = DIRECTION('',(0.,1.,0.));
#11630 = PCURVE('',#11388,#11631);
#11631 = DEFINITIONAL_REPRESENTATION('',(#11632),#11636);
#11632 = LINE('',#11633,#11634);
#11633 = CARTESIAN_POINT('',(1.570796326795,0.));
#11634 = VECTOR('',#11635,1.);
#11635 = DIRECTION('',(0.,1.));
#11636 = ( GEOMETRIC_REPRESENTATION_CONTEXT(2) 
PARAMETRIC_REPRESENTATION_CONTEXT() REPRESENTATION_CONTEXT('2D SPACE',''
  ) );
#11637 = PCURVE('',#11455,#11638);
#11638 = DEFINITIONAL_REPRESENTATION('',(#11639),#11643);
#11639 = LINE('',#11640,#11641);
#11640 = CARTESIAN_POINT('',(29.25375,0.));
#11641 = VECTOR('',#11642,1.);
#11642 = DIRECTION('',(0.,1.));
#11643 = ( GEOMETRIC_REPRESENTATION_CONTEXT(2) 
PARAMETRIC_REPRESENTATION_CONTEXT() REPRESENTATION_CONTEXT('2D SPACE',''
  ) );
#11644 = ORIENTED_EDGE('',*,*,#11527,.F.);
#11645 = ORIENTED_EDGE('',*,*,#11374,.F.);
#11646 = ADVANCED_FACE('',(#11647),#11455,.T.);
#11647 = FACE_BOUND('',#11648,.T.);
#11648 = EDGE_LOOP('',(#11649,#11650,#11651,#11652));
#11649 = ORIENTED_EDGE('',*,*,#11439,.F.);
#11650 = ORIENTED_EDGE('',*,*,#11564,.T.);
#11651 = ORIENTED_EDGE('',*,*,#11624,.T.);
#11652 = ORIENTED_EDGE('',*,*,#11504,.F.);
#11653 = ( GEOMETRIC_REPRESENTATION_CONTEXT(3) 
GLOBAL_UNCERTAINTY_ASSIGNED_CONTEXT((#11657)) 
GLOBAL_UNIT_ASSIGNED_CONTEXT((#11654,#11655,#11656)) 
REPRESENTATION_CONTEXT('Context #1',
  '3D Context with UNIT and UNCERTAINTY') );
#11654 = ( LENGTH_UNIT() NAMED_UNIT(*) SI_UNIT(.MILLI.,.METRE.) );
#11655 = ( NAMED_UNIT(*) PLANE_ANGLE_UNIT() SI_UNIT($,.RADIAN.) );
#11656 = ( NAMED_UNIT(*) SI_UNIT($,.STERADIAN.) SOLID_ANGLE_UNIT() );
#11657 = UNCERTAINTY_MEASURE_WITH_UNIT(LENGTH_MEASURE(1.E-07),#11654,
  'distance_accuracy_value','confusion accuracy');
#11658 = PRODUCT_RELATED_PRODUCT_CATEGORY('part',$,(#7));
ENDSEC;
END-ISO-10303-21;
